Finished Part Code,Finished Old Code,Finished Item Name,Raw Casting Part Code,Raw Casting Old Code,Raw Casting Name,Step No,Process Short Code,Process Name,Estimated Days,Vendors,Vendor Names,Remarks
4005000100,,STATIONARY PLATE TOGGLE - 90 TON (PATTERN),4001000100,11201,STATIONARY PLATE TOGGLE - 90 TON (CASTING),1,MCH,VMC Heavy Face Milling & Edge Truing,2,VEN0000002,Apex Precision VMC Machinists,Rough & finish top/bottom platen face to 0.02mm flat
4005000100,,STATIONARY PLATE TOGGLE - 90 TON (PATTERN),4001000100,11201,STATIONARY PLATE TOGGLE - 90 TON (CASTING),2,BOR,Precision CNC Boring (Tie Bar & Bush Bores),3,VEN0000002,Apex Precision VMC Machinists,Bore 4x Tie bar holes to H7 tolerance
4005000100,,STATIONARY PLATE TOGGLE - 90 TON (PATTERN),4001000100,11201,STATIONARY PLATE TOGGLE - 90 TON (CASTING),3,DRL,CNC Drilling & Tapping (PCD Clamp Holes),1,VEN0000002,Apex Precision VMC Machinists,M16 mould clamp tapped holes as per drawing
4005000100,,STATIONARY PLATE TOGGLE - 90 TON (PATTERN),4001000100,11201,STATIONARY PLATE TOGGLE - 90 TON (CASTING),4,HT,Stress Relieving & Normalizing Heat Treatment,2,VEN0000004,Gujarat Heat Treaters & Nitriding,Normalize thermal stress at 550°C
4005000100,,STATIONARY PLATE TOGGLE - 90 TON (PATTERN),4001000100,11201,STATIONARY PLATE TOGGLE - 90 TON (CASTING),5,GRD,Cylindrical & Precision Surface Grinding,1,VEN0000006,Sardar Cylindrical & Surface Grinding,Precision surface grind & rust preventive oil
4005001200,,MOVING PLATE TOGGLE - 90 TON (PATTERN),4001001200,11202,MOVING PLATE TOGGLE - 90 TON (CASTING),1,MCH,VMC Heavy Face Milling & Edge Truing,2,VEN0000002,Apex Precision VMC Machinists,Rough & finish top/bottom platen face to 0.02mm flat
4005001200,,MOVING PLATE TOGGLE - 90 TON (PATTERN),4001001200,11202,MOVING PLATE TOGGLE - 90 TON (CASTING),2,BOR,Precision CNC Boring (Tie Bar & Bush Bores),3,VEN0000002,Apex Precision VMC Machinists,Bore 4x Tie bar holes to H7 tolerance
4005001200,,MOVING PLATE TOGGLE - 90 TON (PATTERN),4001001200,11202,MOVING PLATE TOGGLE - 90 TON (CASTING),3,DRL,CNC Drilling & Tapping (PCD Clamp Holes),1,VEN0000002,Apex Precision VMC Machinists,M16 mould clamp tapped holes as per drawing
4005001200,,MOVING PLATE TOGGLE - 90 TON (PATTERN),4001001200,11202,MOVING PLATE TOGGLE - 90 TON (CASTING),4,HT,Stress Relieving & Normalizing Heat Treatment,2,VEN0000004,Gujarat Heat Treaters & Nitriding,Normalize thermal stress at 550°C
4005001200,,MOVING PLATE TOGGLE - 90 TON (PATTERN),4001001200,11202,MOVING PLATE TOGGLE - 90 TON (CASTING),5,GRD,Cylindrical & Precision Surface Grinding,1,VEN0000006,Sardar Cylindrical & Surface Grinding,Precision surface grind & rust preventive oil
4005002300,,END PLATE - 90 TON (PATTERN),4001002300,11203,END PLATE - 90 TON (CASTING),1,MCH,VMC Heavy Face Milling & Edge Truing,2,VEN0000002,Apex Precision VMC Machinists,Rough & finish top/bottom platen face to 0.02mm flat
4005002300,,END PLATE - 90 TON (PATTERN),4001002300,11203,END PLATE - 90 TON (CASTING),2,BOR,Precision CNC Boring (Tie Bar & Bush Bores),3,VEN0000002,Apex Precision VMC Machinists,Bore 4x Tie bar holes to H7 tolerance
4005002300,,END PLATE - 90 TON (PATTERN),4001002300,11203,END PLATE - 90 TON (CASTING),3,DRL,CNC Drilling & Tapping (PCD Clamp Holes),1,VEN0000002,Apex Precision VMC Machinists,M16 mould clamp tapped holes as per drawing
4005002300,,END PLATE - 90 TON (PATTERN),4001002300,11203,END PLATE - 90 TON (CASTING),4,HT,Stress Relieving & Normalizing Heat Treatment,2,VEN0000004,Gujarat Heat Treaters & Nitriding,Normalize thermal stress at 550°C
4005002300,,END PLATE - 90 TON (PATTERN),4001002300,11203,END PLATE - 90 TON (CASTING),5,GRD,Cylindrical & Precision Surface Grinding,1,VEN0000006,Sardar Cylindrical & Surface Grinding,Precision surface grind & rust preventive oil
4005004200,,CROSSHEAD LINK - 90 TON (PATTERN),,,CROSSHEAD LINK - 90 TON (PATTERN) (CASTING/RAW MATERIAL),1,MCH,VMC Heavy Face Milling & Edge Truing,2,VEN0000002,Apex Precision VMC Machinists,Rough & finish top/bottom platen face to 0.02mm flat
4005004200,,CROSSHEAD LINK - 90 TON (PATTERN),,,CROSSHEAD LINK - 90 TON (PATTERN) (CASTING/RAW MATERIAL),2,BOR,Precision CNC Boring (Tie Bar & Bush Bores),3,VEN0000002,Apex Precision VMC Machinists,Bore 4x Tie bar holes to H7 tolerance
4005004200,,CROSSHEAD LINK - 90 TON (PATTERN),,,CROSSHEAD LINK - 90 TON (PATTERN) (CASTING/RAW MATERIAL),3,DRL,CNC Drilling & Tapping (PCD Clamp Holes),1,VEN0000002,Apex Precision VMC Machinists,M16 mould clamp tapped holes as per drawing
4005004200,,CROSSHEAD LINK - 90 TON (PATTERN),,,CROSSHEAD LINK - 90 TON (PATTERN) (CASTING/RAW MATERIAL),4,HT,Stress Relieving & Normalizing Heat Treatment,2,VEN0000004,Gujarat Heat Treaters & Nitriding,Normalize thermal stress at 550°C
4005004200,,CROSSHEAD LINK - 90 TON (PATTERN),,,CROSSHEAD LINK - 90 TON (PATTERN) (CASTING/RAW MATERIAL),5,GRD,Cylindrical & Precision Surface Grinding,1,VEN0000006,Sardar Cylindrical & Surface Grinding,Precision surface grind & rust preventive oil
4005004800,,BINARY LINK - 90 TON (PATTERN),4001004800,11205,BINARY LINK - 90 TON (CASTING),1,MCH,VMC Heavy Face Milling & Edge Truing,2,VEN0000002,Apex Precision VMC Machinists,Rough & finish top/bottom platen face to 0.02mm flat
4005004800,,BINARY LINK - 90 TON (PATTERN),4001004800,11205,BINARY LINK - 90 TON (CASTING),2,BOR,Precision CNC Boring (Tie Bar & Bush Bores),3,VEN0000002,Apex Precision VMC Machinists,Bore 4x Tie bar holes to H7 tolerance
4005004800,,BINARY LINK - 90 TON (PATTERN),4001004800,11205,BINARY LINK - 90 TON (CASTING),3,DRL,CNC Drilling & Tapping (PCD Clamp Holes),1,VEN0000002,Apex Precision VMC Machinists,M16 mould clamp tapped holes as per drawing
4005004800,,BINARY LINK - 90 TON (PATTERN),4001004800,11205,BINARY LINK - 90 TON (CASTING),4,HT,Stress Relieving & Normalizing Heat Treatment,2,VEN0000004,Gujarat Heat Treaters & Nitriding,Normalize thermal stress at 550°C
4005004800,,BINARY LINK - 90 TON (PATTERN),4001004800,11205,BINARY LINK - 90 TON (CASTING),5,GRD,Cylindrical & Precision Surface Grinding,1,VEN0000006,Sardar Cylindrical & Surface Grinding,Precision surface grind & rust preventive oil
4005005400,,TERNARY LINK - 90 TON (PATTERN),4001005400,11206,TERNARY LINK - 90 TON (CASTING),1,MCH,VMC Heavy Face Milling & Edge Truing,2,VEN0000002,Apex Precision VMC Machinists,Rough & finish top/bottom platen face to 0.02mm flat
4005005400,,TERNARY LINK - 90 TON (PATTERN),4001005400,11206,TERNARY LINK - 90 TON (CASTING),2,BOR,Precision CNC Boring (Tie Bar & Bush Bores),3,VEN0000002,Apex Precision VMC Machinists,Bore 4x Tie bar holes to H7 tolerance
4005005400,,TERNARY LINK - 90 TON (PATTERN),4001005400,11206,TERNARY LINK - 90 TON (CASTING),3,DRL,CNC Drilling & Tapping (PCD Clamp Holes),1,VEN0000002,Apex Precision VMC Machinists,M16 mould clamp tapped holes as per drawing
4005005400,,TERNARY LINK - 90 TON (PATTERN),4001005400,11206,TERNARY LINK - 90 TON (CASTING),4,HT,Stress Relieving & Normalizing Heat Treatment,2,VEN0000004,Gujarat Heat Treaters & Nitriding,Normalize thermal stress at 550°C
4005005400,,TERNARY LINK - 90 TON (PATTERN),4001005400,11206,TERNARY LINK - 90 TON (CASTING),5,GRD,Cylindrical & Precision Surface Grinding,1,VEN0000006,Sardar Cylindrical & Surface Grinding,Precision surface grind & rust preventive oil
4005007500,,DIE HEIGHT MOTOR MTG BRACKET - 90 TON (PATTERN),4001007500,11209,DIE HEIGHT MOTOR MTG BRACKET - 90 TON (CASTING),1,MCH,VMC Heavy Face Milling & Edge Truing,2,VEN0000002,Apex Precision VMC Machinists,Rough & finish top/bottom platen face to 0.02mm flat
4005007500,,DIE HEIGHT MOTOR MTG BRACKET - 90 TON (PATTERN),4001007500,11209,DIE HEIGHT MOTOR MTG BRACKET - 90 TON (CASTING),2,BOR,Precision CNC Boring (Tie Bar & Bush Bores),3,VEN0000002,Apex Precision VMC Machinists,Bore 4x Tie bar holes to H7 tolerance
4005007500,,DIE HEIGHT MOTOR MTG BRACKET - 90 TON (PATTERN),4001007500,11209,DIE HEIGHT MOTOR MTG BRACKET - 90 TON (CASTING),3,DRL,CNC Drilling & Tapping (PCD Clamp Holes),1,VEN0000002,Apex Precision VMC Machinists,M16 mould clamp tapped holes as per drawing
4005007500,,DIE HEIGHT MOTOR MTG BRACKET - 90 TON (PATTERN),4001007500,11209,DIE HEIGHT MOTOR MTG BRACKET - 90 TON (CASTING),4,HT,Stress Relieving & Normalizing Heat Treatment,2,VEN0000004,Gujarat Heat Treaters & Nitriding,Normalize thermal stress at 550°C
4005007500,,DIE HEIGHT MOTOR MTG BRACKET - 90 TON (PATTERN),4001007500,11209,DIE HEIGHT MOTOR MTG BRACKET - 90 TON (CASTING),5,GRD,Cylindrical & Precision Surface Grinding,1,VEN0000006,Sardar Cylindrical & Surface Grinding,Precision surface grind & rust preventive oil
4005009600,,BARREL PLATE - 280 (STOCK-150) (PATTERN),4001009600,,BARREL PLATE - 280 (STOCK-150) (CASTING),1,MCH,VMC Heavy Face Milling & Edge Truing,2,VEN0000002,Apex Precision VMC Machinists,Rough & finish top/bottom platen face to 0.02mm flat
4005009600,,BARREL PLATE - 280 (STOCK-150) (PATTERN),4001009600,,BARREL PLATE - 280 (STOCK-150) (CASTING),2,BOR,Precision CNC Boring (Tie Bar & Bush Bores),3,VEN0000002,Apex Precision VMC Machinists,Bore 4x Tie bar holes to H7 tolerance
4005009600,,BARREL PLATE - 280 (STOCK-150) (PATTERN),4001009600,,BARREL PLATE - 280 (STOCK-150) (CASTING),3,DRL,CNC Drilling & Tapping (PCD Clamp Holes),1,VEN0000002,Apex Precision VMC Machinists,M16 mould clamp tapped holes as per drawing
4005009600,,BARREL PLATE - 280 (STOCK-150) (PATTERN),4001009600,,BARREL PLATE - 280 (STOCK-150) (CASTING),4,HT,Stress Relieving & Normalizing Heat Treatment,2,VEN0000004,Gujarat Heat Treaters & Nitriding,Normalize thermal stress at 550°C
4005009600,,BARREL PLATE - 280 (STOCK-150) (PATTERN),4001009600,,BARREL PLATE - 280 (STOCK-150) (CASTING),5,GRD,Cylindrical & Precision Surface Grinding,1,VEN0000006,Sardar Cylindrical & Surface Grinding,Precision surface grind & rust preventive oil
4005002900,,EJECTOR PLATE  TOGGLE - 90 TON (PATTERN),4001002900,,EJECTOR PLATE  TOGGLE - 90 TON (CASTING),1,MCH,VMC Heavy Face Milling & Edge Truing,2,VEN0000002,Apex Precision VMC Machinists,Rough & finish top/bottom platen face to 0.02mm flat
4005002900,,EJECTOR PLATE  TOGGLE - 90 TON (PATTERN),4001002900,,EJECTOR PLATE  TOGGLE - 90 TON (CASTING),2,BOR,Precision CNC Boring (Tie Bar & Bush Bores),3,VEN0000002,Apex Precision VMC Machinists,Bore 4x Tie bar holes to H7 tolerance
4005002900,,EJECTOR PLATE  TOGGLE - 90 TON (PATTERN),4001002900,,EJECTOR PLATE  TOGGLE - 90 TON (CASTING),3,DRL,CNC Drilling & Tapping (PCD Clamp Holes),1,VEN0000002,Apex Precision VMC Machinists,M16 mould clamp tapped holes as per drawing
4005002900,,EJECTOR PLATE  TOGGLE - 90 TON (PATTERN),4001002900,,EJECTOR PLATE  TOGGLE - 90 TON (CASTING),4,HT,Stress Relieving & Normalizing Heat Treatment,2,VEN0000004,Gujarat Heat Treaters & Nitriding,Normalize thermal stress at 550°C
4005002900,,EJECTOR PLATE  TOGGLE - 90 TON (PATTERN),4001002900,,EJECTOR PLATE  TOGGLE - 90 TON (CASTING),5,GRD,Cylindrical & Precision Surface Grinding,1,VEN0000006,Sardar Cylindrical & Surface Grinding,Precision surface grind & rust preventive oil
4005000200,,STATIONARY PLATE TOGGLE - 110 TON (PATTERN),4001000100,11201,STATIONARY PLATE TOGGLE - 90 TON (CASTING),1,MCH,VMC Heavy Face Milling & Edge Truing,2,VEN0000002,Apex Precision VMC Machinists,Rough & finish top/bottom platen face to 0.02mm flat
4005000200,,STATIONARY PLATE TOGGLE - 110 TON (PATTERN),4001000100,11201,STATIONARY PLATE TOGGLE - 90 TON (CASTING),2,BOR,Precision CNC Boring (Tie Bar & Bush Bores),3,VEN0000002,Apex Precision VMC Machinists,Bore 4x Tie bar holes to H7 tolerance
4005000200,,STATIONARY PLATE TOGGLE - 110 TON (PATTERN),4001000100,11201,STATIONARY PLATE TOGGLE - 90 TON (CASTING),3,DRL,CNC Drilling & Tapping (PCD Clamp Holes),1,VEN0000002,Apex Precision VMC Machinists,M16 mould clamp tapped holes as per drawing
4005000200,,STATIONARY PLATE TOGGLE - 110 TON (PATTERN),4001000100,11201,STATIONARY PLATE TOGGLE - 90 TON (CASTING),4,HT,Stress Relieving & Normalizing Heat Treatment,2,VEN0000004,Gujarat Heat Treaters & Nitriding,Normalize thermal stress at 550°C
4005000200,,STATIONARY PLATE TOGGLE - 110 TON (PATTERN),4001000100,11201,STATIONARY PLATE TOGGLE - 90 TON (CASTING),5,GRD,Cylindrical & Precision Surface Grinding,1,VEN0000006,Sardar Cylindrical & Surface Grinding,Precision surface grind & rust preventive oil
4005001300,,MOVING PLATE TOGGLE - 110 TON (PATTERN),4001001200,11202,MOVING PLATE TOGGLE - 90 TON (CASTING),1,MCH,VMC Heavy Face Milling & Edge Truing,2,VEN0000002,Apex Precision VMC Machinists,Rough & finish top/bottom platen face to 0.02mm flat
4005001300,,MOVING PLATE TOGGLE - 110 TON (PATTERN),4001001200,11202,MOVING PLATE TOGGLE - 90 TON (CASTING),2,BOR,Precision CNC Boring (Tie Bar & Bush Bores),3,VEN0000002,Apex Precision VMC Machinists,Bore 4x Tie bar holes to H7 tolerance
4005001300,,MOVING PLATE TOGGLE - 110 TON (PATTERN),4001001200,11202,MOVING PLATE TOGGLE - 90 TON (CASTING),3,DRL,CNC Drilling & Tapping (PCD Clamp Holes),1,VEN0000002,Apex Precision VMC Machinists,M16 mould clamp tapped holes as per drawing
4005001300,,MOVING PLATE TOGGLE - 110 TON (PATTERN),4001001200,11202,MOVING PLATE TOGGLE - 90 TON (CASTING),4,HT,Stress Relieving & Normalizing Heat Treatment,2,VEN0000004,Gujarat Heat Treaters & Nitriding,Normalize thermal stress at 550°C
4005001300,,MOVING PLATE TOGGLE - 110 TON (PATTERN),4001001200,11202,MOVING PLATE TOGGLE - 90 TON (CASTING),5,GRD,Cylindrical & Precision Surface Grinding,1,VEN0000006,Sardar Cylindrical & Surface Grinding,Precision surface grind & rust preventive oil
4005002400,,END PLATE - 110 TON (PATTERN),4001002300,11203,END PLATE - 90 TON (CASTING),1,MCH,VMC Heavy Face Milling & Edge Truing,2,VEN0000002,Apex Precision VMC Machinists,Rough & finish top/bottom platen face to 0.02mm flat
4005002400,,END PLATE - 110 TON (PATTERN),4001002300,11203,END PLATE - 90 TON (CASTING),2,BOR,Precision CNC Boring (Tie Bar & Bush Bores),3,VEN0000002,Apex Precision VMC Machinists,Bore 4x Tie bar holes to H7 tolerance
4005002400,,END PLATE - 110 TON (PATTERN),4001002300,11203,END PLATE - 90 TON (CASTING),3,DRL,CNC Drilling & Tapping (PCD Clamp Holes),1,VEN0000002,Apex Precision VMC Machinists,M16 mould clamp tapped holes as per drawing
4005002400,,END PLATE - 110 TON (PATTERN),4001002300,11203,END PLATE - 90 TON (CASTING),4,HT,Stress Relieving & Normalizing Heat Treatment,2,VEN0000004,Gujarat Heat Treaters & Nitriding,Normalize thermal stress at 550°C
4005002400,,END PLATE - 110 TON (PATTERN),4001002300,11203,END PLATE - 90 TON (CASTING),5,GRD,Cylindrical & Precision Surface Grinding,1,VEN0000006,Sardar Cylindrical & Surface Grinding,Precision surface grind & rust preventive oil
4005004300,,CROSSHEAD LINK - 110 TON (PATTERN),,,CROSSHEAD LINK - 110 TON (PATTERN) (CASTING/RAW MATERIAL),1,MCH,VMC Heavy Face Milling & Edge Truing,2,VEN0000002,Apex Precision VMC Machinists,Rough & finish top/bottom platen face to 0.02mm flat
4005004300,,CROSSHEAD LINK - 110 TON (PATTERN),,,CROSSHEAD LINK - 110 TON (PATTERN) (CASTING/RAW MATERIAL),2,BOR,Precision CNC Boring (Tie Bar & Bush Bores),3,VEN0000002,Apex Precision VMC Machinists,Bore 4x Tie bar holes to H7 tolerance
4005004300,,CROSSHEAD LINK - 110 TON (PATTERN),,,CROSSHEAD LINK - 110 TON (PATTERN) (CASTING/RAW MATERIAL),3,DRL,CNC Drilling & Tapping (PCD Clamp Holes),1,VEN0000002,Apex Precision VMC Machinists,M16 mould clamp tapped holes as per drawing
4005004300,,CROSSHEAD LINK - 110 TON (PATTERN),,,CROSSHEAD LINK - 110 TON (PATTERN) (CASTING/RAW MATERIAL),4,HT,Stress Relieving & Normalizing Heat Treatment,2,VEN0000004,Gujarat Heat Treaters & Nitriding,Normalize thermal stress at 550°C
4005004300,,CROSSHEAD LINK - 110 TON (PATTERN),,,CROSSHEAD LINK - 110 TON (PATTERN) (CASTING/RAW MATERIAL),5,GRD,Cylindrical & Precision Surface Grinding,1,VEN0000006,Sardar Cylindrical & Surface Grinding,Precision surface grind & rust preventive oil
4005004900,,BINARY LINK - 110 TON (PATTERN),4001004800,11205,BINARY LINK - 90 TON (CASTING),1,MCH,VMC Heavy Face Milling & Edge Truing,2,VEN0000002,Apex Precision VMC Machinists,Rough & finish top/bottom platen face to 0.02mm flat
4005004900,,BINARY LINK - 110 TON (PATTERN),4001004800,11205,BINARY LINK - 90 TON (CASTING),2,BOR,Precision CNC Boring (Tie Bar & Bush Bores),3,VEN0000002,Apex Precision VMC Machinists,Bore 4x Tie bar holes to H7 tolerance
4005004900,,BINARY LINK - 110 TON (PATTERN),4001004800,11205,BINARY LINK - 90 TON (CASTING),3,DRL,CNC Drilling & Tapping (PCD Clamp Holes),1,VEN0000002,Apex Precision VMC Machinists,M16 mould clamp tapped holes as per drawing
4005004900,,BINARY LINK - 110 TON (PATTERN),4001004800,11205,BINARY LINK - 90 TON (CASTING),4,HT,Stress Relieving & Normalizing Heat Treatment,2,VEN0000004,Gujarat Heat Treaters & Nitriding,Normalize thermal stress at 550°C
4005004900,,BINARY LINK - 110 TON (PATTERN),4001004800,11205,BINARY LINK - 90 TON (CASTING),5,GRD,Cylindrical & Precision Surface Grinding,1,VEN0000006,Sardar Cylindrical & Surface Grinding,Precision surface grind & rust preventive oil
4005005500,,TERNARY LINK - 110 TON (PATTERN),4001005400,11206,TERNARY LINK - 90 TON (CASTING),1,MCH,VMC Heavy Face Milling & Edge Truing,2,VEN0000002,Apex Precision VMC Machinists,Rough & finish top/bottom platen face to 0.02mm flat
4005005500,,TERNARY LINK - 110 TON (PATTERN),4001005400,11206,TERNARY LINK - 90 TON (CASTING),2,BOR,Precision CNC Boring (Tie Bar & Bush Bores),3,VEN0000002,Apex Precision VMC Machinists,Bore 4x Tie bar holes to H7 tolerance
4005005500,,TERNARY LINK - 110 TON (PATTERN),4001005400,11206,TERNARY LINK - 90 TON (CASTING),3,DRL,CNC Drilling & Tapping (PCD Clamp Holes),1,VEN0000002,Apex Precision VMC Machinists,M16 mould clamp tapped holes as per drawing
4005005500,,TERNARY LINK - 110 TON (PATTERN),4001005400,11206,TERNARY LINK - 90 TON (CASTING),4,HT,Stress Relieving & Normalizing Heat Treatment,2,VEN0000004,Gujarat Heat Treaters & Nitriding,Normalize thermal stress at 550°C
4005005500,,TERNARY LINK - 110 TON (PATTERN),4001005400,11206,TERNARY LINK - 90 TON (CASTING),5,GRD,Cylindrical & Precision Surface Grinding,1,VEN0000006,Sardar Cylindrical & Surface Grinding,Precision surface grind & rust preventive oil
4005009800,,BARREL PLATE - 420 (STOCK-175) (PATTERN),4001009600,,BARREL PLATE - 280 (STOCK-150) (CASTING),1,MCH,VMC Heavy Face Milling & Edge Truing,2,VEN0000002,Apex Precision VMC Machinists,Rough & finish top/bottom platen face to 0.02mm flat
4005009800,,BARREL PLATE - 420 (STOCK-175) (PATTERN),4001009600,,BARREL PLATE - 280 (STOCK-150) (CASTING),2,BOR,Precision CNC Boring (Tie Bar & Bush Bores),3,VEN0000002,Apex Precision VMC Machinists,Bore 4x Tie bar holes to H7 tolerance
4005009800,,BARREL PLATE - 420 (STOCK-175) (PATTERN),4001009600,,BARREL PLATE - 280 (STOCK-150) (CASTING),3,DRL,CNC Drilling & Tapping (PCD Clamp Holes),1,VEN0000002,Apex Precision VMC Machinists,M16 mould clamp tapped holes as per drawing
4005009800,,BARREL PLATE - 420 (STOCK-175) (PATTERN),4001009600,,BARREL PLATE - 280 (STOCK-150) (CASTING),4,HT,Stress Relieving & Normalizing Heat Treatment,2,VEN0000004,Gujarat Heat Treaters & Nitriding,Normalize thermal stress at 550°C
4005009800,,BARREL PLATE - 420 (STOCK-175) (PATTERN),4001009600,,BARREL PLATE - 280 (STOCK-150) (CASTING),5,GRD,Cylindrical & Precision Surface Grinding,1,VEN0000006,Sardar Cylindrical & Surface Grinding,Precision surface grind & rust preventive oil
4005000300,,STATIONARY PLATE TOGGLE - 140 TON (PATTERN),4001000100,11201,STATIONARY PLATE TOGGLE - 90 TON (CASTING),1,MCH,VMC Heavy Face Milling & Edge Truing,2,VEN0000002,Apex Precision VMC Machinists,Rough & finish top/bottom platen face to 0.02mm flat
4005000300,,STATIONARY PLATE TOGGLE - 140 TON (PATTERN),4001000100,11201,STATIONARY PLATE TOGGLE - 90 TON (CASTING),2,BOR,Precision CNC Boring (Tie Bar & Bush Bores),3,VEN0000002,Apex Precision VMC Machinists,Bore 4x Tie bar holes to H7 tolerance
4005000300,,STATIONARY PLATE TOGGLE - 140 TON (PATTERN),4001000100,11201,STATIONARY PLATE TOGGLE - 90 TON (CASTING),3,DRL,CNC Drilling & Tapping (PCD Clamp Holes),1,VEN0000002,Apex Precision VMC Machinists,M16 mould clamp tapped holes as per drawing
4005000300,,STATIONARY PLATE TOGGLE - 140 TON (PATTERN),4001000100,11201,STATIONARY PLATE TOGGLE - 90 TON (CASTING),4,HT,Stress Relieving & Normalizing Heat Treatment,2,VEN0000004,Gujarat Heat Treaters & Nitriding,Normalize thermal stress at 550°C
4005000300,,STATIONARY PLATE TOGGLE - 140 TON (PATTERN),4001000100,11201,STATIONARY PLATE TOGGLE - 90 TON (CASTING),5,GRD,Cylindrical & Precision Surface Grinding,1,VEN0000006,Sardar Cylindrical & Surface Grinding,Precision surface grind & rust preventive oil
4005001400,,MOVING PLATE  TOGGLE - 140 TON (PATTERN),4001001400,13202,MOVING PLATE  TOGGLE - 140 TON (CASTING),1,MCH,VMC Heavy Face Milling & Edge Truing,2,VEN0000002,Apex Precision VMC Machinists,Rough & finish top/bottom platen face to 0.02mm flat
4005001400,,MOVING PLATE  TOGGLE - 140 TON (PATTERN),4001001400,13202,MOVING PLATE  TOGGLE - 140 TON (CASTING),2,BOR,Precision CNC Boring (Tie Bar & Bush Bores),3,VEN0000002,Apex Precision VMC Machinists,Bore 4x Tie bar holes to H7 tolerance
4005001400,,MOVING PLATE  TOGGLE - 140 TON (PATTERN),4001001400,13202,MOVING PLATE  TOGGLE - 140 TON (CASTING),3,DRL,CNC Drilling & Tapping (PCD Clamp Holes),1,VEN0000002,Apex Precision VMC Machinists,M16 mould clamp tapped holes as per drawing
4005001400,,MOVING PLATE  TOGGLE - 140 TON (PATTERN),4001001400,13202,MOVING PLATE  TOGGLE - 140 TON (CASTING),4,HT,Stress Relieving & Normalizing Heat Treatment,2,VEN0000004,Gujarat Heat Treaters & Nitriding,Normalize thermal stress at 550°C
4005001400,,MOVING PLATE  TOGGLE - 140 TON (PATTERN),4001001400,13202,MOVING PLATE  TOGGLE - 140 TON (CASTING),5,GRD,Cylindrical & Precision Surface Grinding,1,VEN0000006,Sardar Cylindrical & Surface Grinding,Precision surface grind & rust preventive oil
4005002500,,END PLATE - 140 TON (PATTERN),4001002300,11203,END PLATE - 90 TON (CASTING),1,MCH,VMC Heavy Face Milling & Edge Truing,2,VEN0000002,Apex Precision VMC Machinists,Rough & finish top/bottom platen face to 0.02mm flat
4005002500,,END PLATE - 140 TON (PATTERN),4001002300,11203,END PLATE - 90 TON (CASTING),2,BOR,Precision CNC Boring (Tie Bar & Bush Bores),3,VEN0000002,Apex Precision VMC Machinists,Bore 4x Tie bar holes to H7 tolerance
4005002500,,END PLATE - 140 TON (PATTERN),4001002300,11203,END PLATE - 90 TON (CASTING),3,DRL,CNC Drilling & Tapping (PCD Clamp Holes),1,VEN0000002,Apex Precision VMC Machinists,M16 mould clamp tapped holes as per drawing
4005002500,,END PLATE - 140 TON (PATTERN),4001002300,11203,END PLATE - 90 TON (CASTING),4,HT,Stress Relieving & Normalizing Heat Treatment,2,VEN0000004,Gujarat Heat Treaters & Nitriding,Normalize thermal stress at 550°C
4005002500,,END PLATE - 140 TON (PATTERN),4001002300,11203,END PLATE - 90 TON (CASTING),5,GRD,Cylindrical & Precision Surface Grinding,1,VEN0000006,Sardar Cylindrical & Surface Grinding,Precision surface grind & rust preventive oil
4005004400,,CROSSHEAD LINK - 140 TON (PATTERN),,,CROSSHEAD LINK - 140 TON (PATTERN) (CASTING/RAW MATERIAL),1,MCH,VMC Heavy Face Milling & Edge Truing,2,VEN0000002,Apex Precision VMC Machinists,Rough & finish top/bottom platen face to 0.02mm flat
4005004400,,CROSSHEAD LINK - 140 TON (PATTERN),,,CROSSHEAD LINK - 140 TON (PATTERN) (CASTING/RAW MATERIAL),2,BOR,Precision CNC Boring (Tie Bar & Bush Bores),3,VEN0000002,Apex Precision VMC Machinists,Bore 4x Tie bar holes to H7 tolerance
4005004400,,CROSSHEAD LINK - 140 TON (PATTERN),,,CROSSHEAD LINK - 140 TON (PATTERN) (CASTING/RAW MATERIAL),3,DRL,CNC Drilling & Tapping (PCD Clamp Holes),1,VEN0000002,Apex Precision VMC Machinists,M16 mould clamp tapped holes as per drawing
4005004400,,CROSSHEAD LINK - 140 TON (PATTERN),,,CROSSHEAD LINK - 140 TON (PATTERN) (CASTING/RAW MATERIAL),4,HT,Stress Relieving & Normalizing Heat Treatment,2,VEN0000004,Gujarat Heat Treaters & Nitriding,Normalize thermal stress at 550°C
4005004400,,CROSSHEAD LINK - 140 TON (PATTERN),,,CROSSHEAD LINK - 140 TON (PATTERN) (CASTING/RAW MATERIAL),5,GRD,Cylindrical & Precision Surface Grinding,1,VEN0000006,Sardar Cylindrical & Surface Grinding,Precision surface grind & rust preventive oil
4005005000,,BINARY LINK - 140 TON (PATTERN),4001004800,11205,BINARY LINK - 90 TON (CASTING),1,MCH,VMC Heavy Face Milling & Edge Truing,2,VEN0000002,Apex Precision VMC Machinists,Rough & finish top/bottom platen face to 0.02mm flat
4005005000,,BINARY LINK - 140 TON (PATTERN),4001004800,11205,BINARY LINK - 90 TON (CASTING),2,BOR,Precision CNC Boring (Tie Bar & Bush Bores),3,VEN0000002,Apex Precision VMC Machinists,Bore 4x Tie bar holes to H7 tolerance
4005005000,,BINARY LINK - 140 TON (PATTERN),4001004800,11205,BINARY LINK - 90 TON (CASTING),3,DRL,CNC Drilling & Tapping (PCD Clamp Holes),1,VEN0000002,Apex Precision VMC Machinists,M16 mould clamp tapped holes as per drawing
4005005000,,BINARY LINK - 140 TON (PATTERN),4001004800,11205,BINARY LINK - 90 TON (CASTING),4,HT,Stress Relieving & Normalizing Heat Treatment,2,VEN0000004,Gujarat Heat Treaters & Nitriding,Normalize thermal stress at 550°C
4005005000,,BINARY LINK - 140 TON (PATTERN),4001004800,11205,BINARY LINK - 90 TON (CASTING),5,GRD,Cylindrical & Precision Surface Grinding,1,VEN0000006,Sardar Cylindrical & Surface Grinding,Precision surface grind & rust preventive oil
4005005600,,TERNARY LINK - 140 TON (PATTERN),4001005400,11206,TERNARY LINK - 90 TON (CASTING),1,MCH,VMC Heavy Face Milling & Edge Truing,2,VEN0000002,Apex Precision VMC Machinists,Rough & finish top/bottom platen face to 0.02mm flat
4005005600,,TERNARY LINK - 140 TON (PATTERN),4001005400,11206,TERNARY LINK - 90 TON (CASTING),2,BOR,Precision CNC Boring (Tie Bar & Bush Bores),3,VEN0000002,Apex Precision VMC Machinists,Bore 4x Tie bar holes to H7 tolerance
4005005600,,TERNARY LINK - 140 TON (PATTERN),4001005400,11206,TERNARY LINK - 90 TON (CASTING),3,DRL,CNC Drilling & Tapping (PCD Clamp Holes),1,VEN0000002,Apex Precision VMC Machinists,M16 mould clamp tapped holes as per drawing
4005005600,,TERNARY LINK - 140 TON (PATTERN),4001005400,11206,TERNARY LINK - 90 TON (CASTING),4,HT,Stress Relieving & Normalizing Heat Treatment,2,VEN0000004,Gujarat Heat Treaters & Nitriding,Normalize thermal stress at 550°C
4005005600,,TERNARY LINK - 140 TON (PATTERN),4001005400,11206,TERNARY LINK - 90 TON (CASTING),5,GRD,Cylindrical & Precision Surface Grinding,1,VEN0000006,Sardar Cylindrical & Surface Grinding,Precision surface grind & rust preventive oil
4005010000,,BARREL PLATE - 635 (STOCK-210) (PATTERN),4001009600,,BARREL PLATE - 280 (STOCK-150) (CASTING),1,MCH,VMC Heavy Face Milling & Edge Truing,2,VEN0000002,Apex Precision VMC Machinists,Rough & finish top/bottom platen face to 0.02mm flat
4005010000,,BARREL PLATE - 635 (STOCK-210) (PATTERN),4001009600,,BARREL PLATE - 280 (STOCK-150) (CASTING),2,BOR,Precision CNC Boring (Tie Bar & Bush Bores),3,VEN0000002,Apex Precision VMC Machinists,Bore 4x Tie bar holes to H7 tolerance
4005010000,,BARREL PLATE - 635 (STOCK-210) (PATTERN),4001009600,,BARREL PLATE - 280 (STOCK-150) (CASTING),3,DRL,CNC Drilling & Tapping (PCD Clamp Holes),1,VEN0000002,Apex Precision VMC Machinists,M16 mould clamp tapped holes as per drawing
4005010000,,BARREL PLATE - 635 (STOCK-210) (PATTERN),4001009600,,BARREL PLATE - 280 (STOCK-150) (CASTING),4,HT,Stress Relieving & Normalizing Heat Treatment,2,VEN0000004,Gujarat Heat Treaters & Nitriding,Normalize thermal stress at 550°C
4005010000,,BARREL PLATE - 635 (STOCK-210) (PATTERN),4001009600,,BARREL PLATE - 280 (STOCK-150) (CASTING),5,GRD,Cylindrical & Precision Surface Grinding,1,VEN0000006,Sardar Cylindrical & Surface Grinding,Precision surface grind & rust preventive oil
4005006000,,MOVING PLATE SLIDING BLOCK - 140 TON (PATTERN),4001006000,,MOVING PLATE SLIDING BLOCK - 140 TON (CASTING),1,MCH,VMC Heavy Face Milling & Edge Truing,2,VEN0000002,Apex Precision VMC Machinists,Rough & finish top/bottom platen face to 0.02mm flat
4005006000,,MOVING PLATE SLIDING BLOCK - 140 TON (PATTERN),4001006000,,MOVING PLATE SLIDING BLOCK - 140 TON (CASTING),2,BOR,Precision CNC Boring (Tie Bar & Bush Bores),3,VEN0000002,Apex Precision VMC Machinists,Bore 4x Tie bar holes to H7 tolerance
4005006000,,MOVING PLATE SLIDING BLOCK - 140 TON (PATTERN),4001006000,,MOVING PLATE SLIDING BLOCK - 140 TON (CASTING),3,DRL,CNC Drilling & Tapping (PCD Clamp Holes),1,VEN0000002,Apex Precision VMC Machinists,M16 mould clamp tapped holes as per drawing
4005006000,,MOVING PLATE SLIDING BLOCK - 140 TON (PATTERN),4001006000,,MOVING PLATE SLIDING BLOCK - 140 TON (CASTING),4,HT,Stress Relieving & Normalizing Heat Treatment,2,VEN0000004,Gujarat Heat Treaters & Nitriding,Normalize thermal stress at 550°C
4005006000,,MOVING PLATE SLIDING BLOCK - 140 TON (PATTERN),4001006000,,MOVING PLATE SLIDING BLOCK - 140 TON (CASTING),5,GRD,Cylindrical & Precision Surface Grinding,1,VEN0000006,Sardar Cylindrical & Surface Grinding,Precision surface grind & rust preventive oil
4005000400,,STATIONARY PLATE TOGGLE - 170 TON (PATTERN),4001000100,11201,STATIONARY PLATE TOGGLE - 90 TON (CASTING),1,MCH,VMC Heavy Face Milling & Edge Truing,2,VEN0000002,Apex Precision VMC Machinists,Rough & finish top/bottom platen face to 0.02mm flat
4005000400,,STATIONARY PLATE TOGGLE - 170 TON (PATTERN),4001000100,11201,STATIONARY PLATE TOGGLE - 90 TON (CASTING),2,BOR,Precision CNC Boring (Tie Bar & Bush Bores),3,VEN0000002,Apex Precision VMC Machinists,Bore 4x Tie bar holes to H7 tolerance
4005000400,,STATIONARY PLATE TOGGLE - 170 TON (PATTERN),4001000100,11201,STATIONARY PLATE TOGGLE - 90 TON (CASTING),3,DRL,CNC Drilling & Tapping (PCD Clamp Holes),1,VEN0000002,Apex Precision VMC Machinists,M16 mould clamp tapped holes as per drawing
4005000400,,STATIONARY PLATE TOGGLE - 170 TON (PATTERN),4001000100,11201,STATIONARY PLATE TOGGLE - 90 TON (CASTING),4,HT,Stress Relieving & Normalizing Heat Treatment,2,VEN0000004,Gujarat Heat Treaters & Nitriding,Normalize thermal stress at 550°C
4005000400,,STATIONARY PLATE TOGGLE - 170 TON (PATTERN),4001000100,11201,STATIONARY PLATE TOGGLE - 90 TON (CASTING),5,GRD,Cylindrical & Precision Surface Grinding,1,VEN0000006,Sardar Cylindrical & Surface Grinding,Precision surface grind & rust preventive oil
4005001500,,MOVING PLATE TOGGLE - 170 TON (PATTERN),4001001200,11202,MOVING PLATE TOGGLE - 90 TON (CASTING),1,MCH,VMC Heavy Face Milling & Edge Truing,2,VEN0000002,Apex Precision VMC Machinists,Rough & finish top/bottom platen face to 0.02mm flat
4005001500,,MOVING PLATE TOGGLE - 170 TON (PATTERN),4001001200,11202,MOVING PLATE TOGGLE - 90 TON (CASTING),2,BOR,Precision CNC Boring (Tie Bar & Bush Bores),3,VEN0000002,Apex Precision VMC Machinists,Bore 4x Tie bar holes to H7 tolerance
4005001500,,MOVING PLATE TOGGLE - 170 TON (PATTERN),4001001200,11202,MOVING PLATE TOGGLE - 90 TON (CASTING),3,DRL,CNC Drilling & Tapping (PCD Clamp Holes),1,VEN0000002,Apex Precision VMC Machinists,M16 mould clamp tapped holes as per drawing
4005001500,,MOVING PLATE TOGGLE - 170 TON (PATTERN),4001001200,11202,MOVING PLATE TOGGLE - 90 TON (CASTING),4,HT,Stress Relieving & Normalizing Heat Treatment,2,VEN0000004,Gujarat Heat Treaters & Nitriding,Normalize thermal stress at 550°C
4005001500,,MOVING PLATE TOGGLE - 170 TON (PATTERN),4001001200,11202,MOVING PLATE TOGGLE - 90 TON (CASTING),5,GRD,Cylindrical & Precision Surface Grinding,1,VEN0000006,Sardar Cylindrical & Surface Grinding,Precision surface grind & rust preventive oil
4005002600,,END PLATE - 170 TON (PATTERN),4001002300,11203,END PLATE - 90 TON (CASTING),1,MCH,VMC Heavy Face Milling & Edge Truing,2,VEN0000002,Apex Precision VMC Machinists,Rough & finish top/bottom platen face to 0.02mm flat
4005002600,,END PLATE - 170 TON (PATTERN),4001002300,11203,END PLATE - 90 TON (CASTING),2,BOR,Precision CNC Boring (Tie Bar & Bush Bores),3,VEN0000002,Apex Precision VMC Machinists,Bore 4x Tie bar holes to H7 tolerance
4005002600,,END PLATE - 170 TON (PATTERN),4001002300,11203,END PLATE - 90 TON (CASTING),3,DRL,CNC Drilling & Tapping (PCD Clamp Holes),1,VEN0000002,Apex Precision VMC Machinists,M16 mould clamp tapped holes as per drawing
4005002600,,END PLATE - 170 TON (PATTERN),4001002300,11203,END PLATE - 90 TON (CASTING),4,HT,Stress Relieving & Normalizing Heat Treatment,2,VEN0000004,Gujarat Heat Treaters & Nitriding,Normalize thermal stress at 550°C
4005002600,,END PLATE - 170 TON (PATTERN),4001002300,11203,END PLATE - 90 TON (CASTING),5,GRD,Cylindrical & Precision Surface Grinding,1,VEN0000006,Sardar Cylindrical & Surface Grinding,Precision surface grind & rust preventive oil
4005004500,,CROSSHEAD LINK - 170 TON (PATTERN),,,CROSSHEAD LINK - 170 TON (PATTERN) (CASTING/RAW MATERIAL),1,MCH,VMC Heavy Face Milling & Edge Truing,2,VEN0000002,Apex Precision VMC Machinists,Rough & finish top/bottom platen face to 0.02mm flat
4005004500,,CROSSHEAD LINK - 170 TON (PATTERN),,,CROSSHEAD LINK - 170 TON (PATTERN) (CASTING/RAW MATERIAL),2,BOR,Precision CNC Boring (Tie Bar & Bush Bores),3,VEN0000002,Apex Precision VMC Machinists,Bore 4x Tie bar holes to H7 tolerance
4005004500,,CROSSHEAD LINK - 170 TON (PATTERN),,,CROSSHEAD LINK - 170 TON (PATTERN) (CASTING/RAW MATERIAL),3,DRL,CNC Drilling & Tapping (PCD Clamp Holes),1,VEN0000002,Apex Precision VMC Machinists,M16 mould clamp tapped holes as per drawing
4005004500,,CROSSHEAD LINK - 170 TON (PATTERN),,,CROSSHEAD LINK - 170 TON (PATTERN) (CASTING/RAW MATERIAL),4,HT,Stress Relieving & Normalizing Heat Treatment,2,VEN0000004,Gujarat Heat Treaters & Nitriding,Normalize thermal stress at 550°C
4005004500,,CROSSHEAD LINK - 170 TON (PATTERN),,,CROSSHEAD LINK - 170 TON (PATTERN) (CASTING/RAW MATERIAL),5,GRD,Cylindrical & Precision Surface Grinding,1,VEN0000006,Sardar Cylindrical & Surface Grinding,Precision surface grind & rust preventive oil
4005005100,,BINARY LINK - 170 TON (PATTERN),4001004800,11205,BINARY LINK - 90 TON (CASTING),1,MCH,VMC Heavy Face Milling & Edge Truing,2,VEN0000002,Apex Precision VMC Machinists,Rough & finish top/bottom platen face to 0.02mm flat
4005005100,,BINARY LINK - 170 TON (PATTERN),4001004800,11205,BINARY LINK - 90 TON (CASTING),2,BOR,Precision CNC Boring (Tie Bar & Bush Bores),3,VEN0000002,Apex Precision VMC Machinists,Bore 4x Tie bar holes to H7 tolerance
4005005100,,BINARY LINK - 170 TON (PATTERN),4001004800,11205,BINARY LINK - 90 TON (CASTING),3,DRL,CNC Drilling & Tapping (PCD Clamp Holes),1,VEN0000002,Apex Precision VMC Machinists,M16 mould clamp tapped holes as per drawing
4005005100,,BINARY LINK - 170 TON (PATTERN),4001004800,11205,BINARY LINK - 90 TON (CASTING),4,HT,Stress Relieving & Normalizing Heat Treatment,2,VEN0000004,Gujarat Heat Treaters & Nitriding,Normalize thermal stress at 550°C
4005005100,,BINARY LINK - 170 TON (PATTERN),4001004800,11205,BINARY LINK - 90 TON (CASTING),5,GRD,Cylindrical & Precision Surface Grinding,1,VEN0000006,Sardar Cylindrical & Surface Grinding,Precision surface grind & rust preventive oil
4005005700,,TERNARY LINK - 170 TON (PATTERN),4001005400,11206,TERNARY LINK - 90 TON (CASTING),1,MCH,VMC Heavy Face Milling & Edge Truing,2,VEN0000002,Apex Precision VMC Machinists,Rough & finish top/bottom platen face to 0.02mm flat
4005005700,,TERNARY LINK - 170 TON (PATTERN),4001005400,11206,TERNARY LINK - 90 TON (CASTING),2,BOR,Precision CNC Boring (Tie Bar & Bush Bores),3,VEN0000002,Apex Precision VMC Machinists,Bore 4x Tie bar holes to H7 tolerance
4005005700,,TERNARY LINK - 170 TON (PATTERN),4001005400,11206,TERNARY LINK - 90 TON (CASTING),3,DRL,CNC Drilling & Tapping (PCD Clamp Holes),1,VEN0000002,Apex Precision VMC Machinists,M16 mould clamp tapped holes as per drawing
4005005700,,TERNARY LINK - 170 TON (PATTERN),4001005400,11206,TERNARY LINK - 90 TON (CASTING),4,HT,Stress Relieving & Normalizing Heat Treatment,2,VEN0000004,Gujarat Heat Treaters & Nitriding,Normalize thermal stress at 550°C
4005005700,,TERNARY LINK - 170 TON (PATTERN),4001005400,11206,TERNARY LINK - 90 TON (CASTING),5,GRD,Cylindrical & Precision Surface Grinding,1,VEN0000006,Sardar Cylindrical & Surface Grinding,Precision surface grind & rust preventive oil
4005010200,,BARREL PLATE - 905 (STOCK-245) (PATTERN),4001009600,,BARREL PLATE - 280 (STOCK-150) (CASTING),1,MCH,VMC Heavy Face Milling & Edge Truing,2,VEN0000002,Apex Precision VMC Machinists,Rough & finish top/bottom platen face to 0.02mm flat
4005010200,,BARREL PLATE - 905 (STOCK-245) (PATTERN),4001009600,,BARREL PLATE - 280 (STOCK-150) (CASTING),2,BOR,Precision CNC Boring (Tie Bar & Bush Bores),3,VEN0000002,Apex Precision VMC Machinists,Bore 4x Tie bar holes to H7 tolerance
4005010200,,BARREL PLATE - 905 (STOCK-245) (PATTERN),4001009600,,BARREL PLATE - 280 (STOCK-150) (CASTING),3,DRL,CNC Drilling & Tapping (PCD Clamp Holes),1,VEN0000002,Apex Precision VMC Machinists,M16 mould clamp tapped holes as per drawing
4005010200,,BARREL PLATE - 905 (STOCK-245) (PATTERN),4001009600,,BARREL PLATE - 280 (STOCK-150) (CASTING),4,HT,Stress Relieving & Normalizing Heat Treatment,2,VEN0000004,Gujarat Heat Treaters & Nitriding,Normalize thermal stress at 550°C
4005010200,,BARREL PLATE - 905 (STOCK-245) (PATTERN),4001009600,,BARREL PLATE - 280 (STOCK-150) (CASTING),5,GRD,Cylindrical & Precision Surface Grinding,1,VEN0000006,Sardar Cylindrical & Surface Grinding,Precision surface grind & rust preventive oil
4005000500,,STATIONARY PLATE TOGGLE - 200 TON (PATTERN),4001000100,11201,STATIONARY PLATE TOGGLE - 90 TON (CASTING),1,MCH,VMC Heavy Face Milling & Edge Truing,2,VEN0000002,Apex Precision VMC Machinists,Rough & finish top/bottom platen face to 0.02mm flat
4005000500,,STATIONARY PLATE TOGGLE - 200 TON (PATTERN),4001000100,11201,STATIONARY PLATE TOGGLE - 90 TON (CASTING),2,BOR,Precision CNC Boring (Tie Bar & Bush Bores),3,VEN0000002,Apex Precision VMC Machinists,Bore 4x Tie bar holes to H7 tolerance
4005000500,,STATIONARY PLATE TOGGLE - 200 TON (PATTERN),4001000100,11201,STATIONARY PLATE TOGGLE - 90 TON (CASTING),3,DRL,CNC Drilling & Tapping (PCD Clamp Holes),1,VEN0000002,Apex Precision VMC Machinists,M16 mould clamp tapped holes as per drawing
4005000500,,STATIONARY PLATE TOGGLE - 200 TON (PATTERN),4001000100,11201,STATIONARY PLATE TOGGLE - 90 TON (CASTING),4,HT,Stress Relieving & Normalizing Heat Treatment,2,VEN0000004,Gujarat Heat Treaters & Nitriding,Normalize thermal stress at 550°C
4005000500,,STATIONARY PLATE TOGGLE - 200 TON (PATTERN),4001000100,11201,STATIONARY PLATE TOGGLE - 90 TON (CASTING),5,GRD,Cylindrical & Precision Surface Grinding,1,VEN0000006,Sardar Cylindrical & Surface Grinding,Precision surface grind & rust preventive oil
4005001600,,MOVING PLATE TOGGLE - 200 TON (PATTERN),4001001200,11202,MOVING PLATE TOGGLE - 90 TON (CASTING),1,MCH,VMC Heavy Face Milling & Edge Truing,2,VEN0000002,Apex Precision VMC Machinists,Rough & finish top/bottom platen face to 0.02mm flat
4005001600,,MOVING PLATE TOGGLE - 200 TON (PATTERN),4001001200,11202,MOVING PLATE TOGGLE - 90 TON (CASTING),2,BOR,Precision CNC Boring (Tie Bar & Bush Bores),3,VEN0000002,Apex Precision VMC Machinists,Bore 4x Tie bar holes to H7 tolerance
4005001600,,MOVING PLATE TOGGLE - 200 TON (PATTERN),4001001200,11202,MOVING PLATE TOGGLE - 90 TON (CASTING),3,DRL,CNC Drilling & Tapping (PCD Clamp Holes),1,VEN0000002,Apex Precision VMC Machinists,M16 mould clamp tapped holes as per drawing
4005001600,,MOVING PLATE TOGGLE - 200 TON (PATTERN),4001001200,11202,MOVING PLATE TOGGLE - 90 TON (CASTING),4,HT,Stress Relieving & Normalizing Heat Treatment,2,VEN0000004,Gujarat Heat Treaters & Nitriding,Normalize thermal stress at 550°C
4005001600,,MOVING PLATE TOGGLE - 200 TON (PATTERN),4001001200,11202,MOVING PLATE TOGGLE - 90 TON (CASTING),5,GRD,Cylindrical & Precision Surface Grinding,1,VEN0000006,Sardar Cylindrical & Surface Grinding,Precision surface grind & rust preventive oil
4005002700,,END PLATE - 200 TON (PATTERN),4001002300,11203,END PLATE - 90 TON (CASTING),1,MCH,VMC Heavy Face Milling & Edge Truing,2,VEN0000002,Apex Precision VMC Machinists,Rough & finish top/bottom platen face to 0.02mm flat
4005002700,,END PLATE - 200 TON (PATTERN),4001002300,11203,END PLATE - 90 TON (CASTING),2,BOR,Precision CNC Boring (Tie Bar & Bush Bores),3,VEN0000002,Apex Precision VMC Machinists,Bore 4x Tie bar holes to H7 tolerance
4005002700,,END PLATE - 200 TON (PATTERN),4001002300,11203,END PLATE - 90 TON (CASTING),3,DRL,CNC Drilling & Tapping (PCD Clamp Holes),1,VEN0000002,Apex Precision VMC Machinists,M16 mould clamp tapped holes as per drawing
4005002700,,END PLATE - 200 TON (PATTERN),4001002300,11203,END PLATE - 90 TON (CASTING),4,HT,Stress Relieving & Normalizing Heat Treatment,2,VEN0000004,Gujarat Heat Treaters & Nitriding,Normalize thermal stress at 550°C
4005002700,,END PLATE - 200 TON (PATTERN),4001002300,11203,END PLATE - 90 TON (CASTING),5,GRD,Cylindrical & Precision Surface Grinding,1,VEN0000006,Sardar Cylindrical & Surface Grinding,Precision surface grind & rust preventive oil
4005004600,,CROSSHEAD LINK - 200 TON (PATTERN),,,CROSSHEAD LINK - 200 TON (PATTERN) (CASTING/RAW MATERIAL),1,MCH,VMC Heavy Face Milling & Edge Truing,2,VEN0000002,Apex Precision VMC Machinists,Rough & finish top/bottom platen face to 0.02mm flat
4005004600,,CROSSHEAD LINK - 200 TON (PATTERN),,,CROSSHEAD LINK - 200 TON (PATTERN) (CASTING/RAW MATERIAL),2,BOR,Precision CNC Boring (Tie Bar & Bush Bores),3,VEN0000002,Apex Precision VMC Machinists,Bore 4x Tie bar holes to H7 tolerance
4005004600,,CROSSHEAD LINK - 200 TON (PATTERN),,,CROSSHEAD LINK - 200 TON (PATTERN) (CASTING/RAW MATERIAL),3,DRL,CNC Drilling & Tapping (PCD Clamp Holes),1,VEN0000002,Apex Precision VMC Machinists,M16 mould clamp tapped holes as per drawing
4005004600,,CROSSHEAD LINK - 200 TON (PATTERN),,,CROSSHEAD LINK - 200 TON (PATTERN) (CASTING/RAW MATERIAL),4,HT,Stress Relieving & Normalizing Heat Treatment,2,VEN0000004,Gujarat Heat Treaters & Nitriding,Normalize thermal stress at 550°C
4005004600,,CROSSHEAD LINK - 200 TON (PATTERN),,,CROSSHEAD LINK - 200 TON (PATTERN) (CASTING/RAW MATERIAL),5,GRD,Cylindrical & Precision Surface Grinding,1,VEN0000006,Sardar Cylindrical & Surface Grinding,Precision surface grind & rust preventive oil
4005005200,,BINARY LINK - 200 TO (PATTERN),4001004800,11205,BINARY LINK - 90 TON (CASTING),1,MCH,VMC Heavy Face Milling & Edge Truing,2,VEN0000002,Apex Precision VMC Machinists,Rough & finish top/bottom platen face to 0.02mm flat
4005005200,,BINARY LINK - 200 TO (PATTERN),4001004800,11205,BINARY LINK - 90 TON (CASTING),2,BOR,Precision CNC Boring (Tie Bar & Bush Bores),3,VEN0000002,Apex Precision VMC Machinists,Bore 4x Tie bar holes to H7 tolerance
4005005200,,BINARY LINK - 200 TO (PATTERN),4001004800,11205,BINARY LINK - 90 TON (CASTING),3,DRL,CNC Drilling & Tapping (PCD Clamp Holes),1,VEN0000002,Apex Precision VMC Machinists,M16 mould clamp tapped holes as per drawing
4005005200,,BINARY LINK - 200 TO (PATTERN),4001004800,11205,BINARY LINK - 90 TON (CASTING),4,HT,Stress Relieving & Normalizing Heat Treatment,2,VEN0000004,Gujarat Heat Treaters & Nitriding,Normalize thermal stress at 550°C
4005005200,,BINARY LINK - 200 TO (PATTERN),4001004800,11205,BINARY LINK - 90 TON (CASTING),5,GRD,Cylindrical & Precision Surface Grinding,1,VEN0000006,Sardar Cylindrical & Surface Grinding,Precision surface grind & rust preventive oil
4005005800,,TERNARY LINK - 200 TON (PATTERN),4001005400,11206,TERNARY LINK - 90 TON (CASTING),1,MCH,VMC Heavy Face Milling & Edge Truing,2,VEN0000002,Apex Precision VMC Machinists,Rough & finish top/bottom platen face to 0.02mm flat
4005005800,,TERNARY LINK - 200 TON (PATTERN),4001005400,11206,TERNARY LINK - 90 TON (CASTING),2,BOR,Precision CNC Boring (Tie Bar & Bush Bores),3,VEN0000002,Apex Precision VMC Machinists,Bore 4x Tie bar holes to H7 tolerance
4005005800,,TERNARY LINK - 200 TON (PATTERN),4001005400,11206,TERNARY LINK - 90 TON (CASTING),3,DRL,CNC Drilling & Tapping (PCD Clamp Holes),1,VEN0000002,Apex Precision VMC Machinists,M16 mould clamp tapped holes as per drawing
4005005800,,TERNARY LINK - 200 TON (PATTERN),4001005400,11206,TERNARY LINK - 90 TON (CASTING),4,HT,Stress Relieving & Normalizing Heat Treatment,2,VEN0000004,Gujarat Heat Treaters & Nitriding,Normalize thermal stress at 550°C
4005005800,,TERNARY LINK - 200 TON (PATTERN),4001005400,11206,TERNARY LINK - 90 TON (CASTING),5,GRD,Cylindrical & Precision Surface Grinding,1,VEN0000006,Sardar Cylindrical & Surface Grinding,Precision surface grind & rust preventive oil
4005010400,,BARREL PLATE - 1520 (STOCK-280) (PATTERN),4001009600,,BARREL PLATE - 280 (STOCK-150) (CASTING),1,MCH,VMC Heavy Face Milling & Edge Truing,2,VEN0000002,Apex Precision VMC Machinists,Rough & finish top/bottom platen face to 0.02mm flat
4005010400,,BARREL PLATE - 1520 (STOCK-280) (PATTERN),4001009600,,BARREL PLATE - 280 (STOCK-150) (CASTING),2,BOR,Precision CNC Boring (Tie Bar & Bush Bores),3,VEN0000002,Apex Precision VMC Machinists,Bore 4x Tie bar holes to H7 tolerance
4005010400,,BARREL PLATE - 1520 (STOCK-280) (PATTERN),4001009600,,BARREL PLATE - 280 (STOCK-150) (CASTING),3,DRL,CNC Drilling & Tapping (PCD Clamp Holes),1,VEN0000002,Apex Precision VMC Machinists,M16 mould clamp tapped holes as per drawing
4005010400,,BARREL PLATE - 1520 (STOCK-280) (PATTERN),4001009600,,BARREL PLATE - 280 (STOCK-150) (CASTING),4,HT,Stress Relieving & Normalizing Heat Treatment,2,VEN0000004,Gujarat Heat Treaters & Nitriding,Normalize thermal stress at 550°C
4005010400,,BARREL PLATE - 1520 (STOCK-280) (PATTERN),4001009600,,BARREL PLATE - 280 (STOCK-150) (CASTING),5,GRD,Cylindrical & Precision Surface Grinding,1,VEN0000006,Sardar Cylindrical & Surface Grinding,Precision surface grind & rust preventive oil
4005006100,,MOVING PLATE SLIDING BLOCK - 200 TON (PATTERN),4001006000,,MOVING PLATE SLIDING BLOCK - 140 TON (CASTING),1,MCH,VMC Heavy Face Milling & Edge Truing,2,VEN0000002,Apex Precision VMC Machinists,Rough & finish top/bottom platen face to 0.02mm flat
4005006100,,MOVING PLATE SLIDING BLOCK - 200 TON (PATTERN),4001006000,,MOVING PLATE SLIDING BLOCK - 140 TON (CASTING),2,BOR,Precision CNC Boring (Tie Bar & Bush Bores),3,VEN0000002,Apex Precision VMC Machinists,Bore 4x Tie bar holes to H7 tolerance
4005006100,,MOVING PLATE SLIDING BLOCK - 200 TON (PATTERN),4001006000,,MOVING PLATE SLIDING BLOCK - 140 TON (CASTING),3,DRL,CNC Drilling & Tapping (PCD Clamp Holes),1,VEN0000002,Apex Precision VMC Machinists,M16 mould clamp tapped holes as per drawing
4005006100,,MOVING PLATE SLIDING BLOCK - 200 TON (PATTERN),4001006000,,MOVING PLATE SLIDING BLOCK - 140 TON (CASTING),4,HT,Stress Relieving & Normalizing Heat Treatment,2,VEN0000004,Gujarat Heat Treaters & Nitriding,Normalize thermal stress at 550°C
4005006100,,MOVING PLATE SLIDING BLOCK - 200 TON (PATTERN),4001006000,,MOVING PLATE SLIDING BLOCK - 140 TON (CASTING),5,GRD,Cylindrical & Precision Surface Grinding,1,VEN0000006,Sardar Cylindrical & Surface Grinding,Precision surface grind & rust preventive oil
4005010600,,BARREL PLATE - 2350 (STOCK-315) (PATTERN),4001009600,,BARREL PLATE - 280 (STOCK-150) (CASTING),1,MCH,VMC Heavy Face Milling & Edge Truing,2,VEN0000002,Apex Precision VMC Machinists,Rough & finish top/bottom platen face to 0.02mm flat
4005010600,,BARREL PLATE - 2350 (STOCK-315) (PATTERN),4001009600,,BARREL PLATE - 280 (STOCK-150) (CASTING),2,BOR,Precision CNC Boring (Tie Bar & Bush Bores),3,VEN0000002,Apex Precision VMC Machinists,Bore 4x Tie bar holes to H7 tolerance
4005010600,,BARREL PLATE - 2350 (STOCK-315) (PATTERN),4001009600,,BARREL PLATE - 280 (STOCK-150) (CASTING),3,DRL,CNC Drilling & Tapping (PCD Clamp Holes),1,VEN0000002,Apex Precision VMC Machinists,M16 mould clamp tapped holes as per drawing
4005010600,,BARREL PLATE - 2350 (STOCK-315) (PATTERN),4001009600,,BARREL PLATE - 280 (STOCK-150) (CASTING),4,HT,Stress Relieving & Normalizing Heat Treatment,2,VEN0000004,Gujarat Heat Treaters & Nitriding,Normalize thermal stress at 550°C
4005010600,,BARREL PLATE - 2350 (STOCK-315) (PATTERN),4001009600,,BARREL PLATE - 280 (STOCK-150) (CASTING),5,GRD,Cylindrical & Precision Surface Grinding,1,VEN0000006,Sardar Cylindrical & Surface Grinding,Precision surface grind & rust preventive oil
4001000100,11201,STATIONARY PLATE TOGGLE - 90 TON (CASTING),4001000100,11201,STATIONARY PLATE TOGGLE - 90 TON (CASTING),1,MCH,VMC Heavy Face Milling & Edge Truing,2,VEN0000002,Apex Precision VMC Machinists,Rough & finish top/bottom platen face to 0.02mm flat
4001000100,11201,STATIONARY PLATE TOGGLE - 90 TON (CASTING),4001000100,11201,STATIONARY PLATE TOGGLE - 90 TON (CASTING),2,BOR,Precision CNC Boring (Tie Bar & Bush Bores),3,VEN0000002,Apex Precision VMC Machinists,Bore 4x Tie bar holes to H7 tolerance
4001000100,11201,STATIONARY PLATE TOGGLE - 90 TON (CASTING),4001000100,11201,STATIONARY PLATE TOGGLE - 90 TON (CASTING),3,DRL,CNC Drilling & Tapping (PCD Clamp Holes),1,VEN0000002,Apex Precision VMC Machinists,M16 mould clamp tapped holes as per drawing
4001000100,11201,STATIONARY PLATE TOGGLE - 90 TON (CASTING),4001000100,11201,STATIONARY PLATE TOGGLE - 90 TON (CASTING),4,HT,Stress Relieving & Normalizing Heat Treatment,2,VEN0000004,Gujarat Heat Treaters & Nitriding,Normalize thermal stress at 550°C
4001000100,11201,STATIONARY PLATE TOGGLE - 90 TON (CASTING),4001000100,11201,STATIONARY PLATE TOGGLE - 90 TON (CASTING),5,GRD,Cylindrical & Precision Surface Grinding,1,VEN0000006,Sardar Cylindrical & Surface Grinding,Precision surface grind & rust preventive oil
4001001200,11202,MOVING PLATE TOGGLE - 90 TON (CASTING),4001001200,11202,MOVING PLATE TOGGLE - 90 TON (CASTING),1,MCH,VMC Heavy Face Milling & Edge Truing,2,VEN0000002,Apex Precision VMC Machinists,Rough & finish top/bottom platen face to 0.02mm flat
4001001200,11202,MOVING PLATE TOGGLE - 90 TON (CASTING),4001001200,11202,MOVING PLATE TOGGLE - 90 TON (CASTING),2,BOR,Precision CNC Boring (Tie Bar & Bush Bores),3,VEN0000002,Apex Precision VMC Machinists,Bore 4x Tie bar holes to H7 tolerance
4001001200,11202,MOVING PLATE TOGGLE - 90 TON (CASTING),4001001200,11202,MOVING PLATE TOGGLE - 90 TON (CASTING),3,DRL,CNC Drilling & Tapping (PCD Clamp Holes),1,VEN0000002,Apex Precision VMC Machinists,M16 mould clamp tapped holes as per drawing
4001001200,11202,MOVING PLATE TOGGLE - 90 TON (CASTING),4001001200,11202,MOVING PLATE TOGGLE - 90 TON (CASTING),4,HT,Stress Relieving & Normalizing Heat Treatment,2,VEN0000004,Gujarat Heat Treaters & Nitriding,Normalize thermal stress at 550°C
4001001200,11202,MOVING PLATE TOGGLE - 90 TON (CASTING),4001001200,11202,MOVING PLATE TOGGLE - 90 TON (CASTING),5,GRD,Cylindrical & Precision Surface Grinding,1,VEN0000006,Sardar Cylindrical & Surface Grinding,Precision surface grind & rust preventive oil
4001002300,11203,END PLATE - 90 TON (CASTING),4001002300,11203,END PLATE - 90 TON (CASTING),1,MCH,VMC Heavy Face Milling & Edge Truing,2,VEN0000002,Apex Precision VMC Machinists,Rough & finish top/bottom platen face to 0.02mm flat
4001002300,11203,END PLATE - 90 TON (CASTING),4001002300,11203,END PLATE - 90 TON (CASTING),2,BOR,Precision CNC Boring (Tie Bar & Bush Bores),3,VEN0000002,Apex Precision VMC Machinists,Bore 4x Tie bar holes to H7 tolerance
4001002300,11203,END PLATE - 90 TON (CASTING),4001002300,11203,END PLATE - 90 TON (CASTING),3,DRL,CNC Drilling & Tapping (PCD Clamp Holes),1,VEN0000002,Apex Precision VMC Machinists,M16 mould clamp tapped holes as per drawing
4001002300,11203,END PLATE - 90 TON (CASTING),4001002300,11203,END PLATE - 90 TON (CASTING),4,HT,Stress Relieving & Normalizing Heat Treatment,2,VEN0000004,Gujarat Heat Treaters & Nitriding,Normalize thermal stress at 550°C
4001002300,11203,END PLATE - 90 TON (CASTING),4001002300,11203,END PLATE - 90 TON (CASTING),5,GRD,Cylindrical & Precision Surface Grinding,1,VEN0000006,Sardar Cylindrical & Surface Grinding,Precision surface grind & rust preventive oil
4001003600,11204,CROSS HEAD - 90 TON (CASTING),4001003600,11204,CROSS HEAD - 90 TON (CASTING),1,MCH,VMC Heavy Face Milling & Edge Truing,2,VEN0000002,Apex Precision VMC Machinists,Rough & finish top/bottom platen face to 0.02mm flat
4001003600,11204,CROSS HEAD - 90 TON (CASTING),4001003600,11204,CROSS HEAD - 90 TON (CASTING),2,BOR,Precision CNC Boring (Tie Bar & Bush Bores),3,VEN0000002,Apex Precision VMC Machinists,Bore 4x Tie bar holes to H7 tolerance
4001003600,11204,CROSS HEAD - 90 TON (CASTING),4001003600,11204,CROSS HEAD - 90 TON (CASTING),3,DRL,CNC Drilling & Tapping (PCD Clamp Holes),1,VEN0000002,Apex Precision VMC Machinists,M16 mould clamp tapped holes as per drawing
4001003600,11204,CROSS HEAD - 90 TON (CASTING),4001003600,11204,CROSS HEAD - 90 TON (CASTING),4,HT,Stress Relieving & Normalizing Heat Treatment,2,VEN0000004,Gujarat Heat Treaters & Nitriding,Normalize thermal stress at 550°C
4001003600,11204,CROSS HEAD - 90 TON (CASTING),4001003600,11204,CROSS HEAD - 90 TON (CASTING),5,GRD,Cylindrical & Precision Surface Grinding,1,VEN0000006,Sardar Cylindrical & Surface Grinding,Precision surface grind & rust preventive oil
4001004200,11207,CROSS HEAD LINK - 90 TON (CASTING),4001004200,11207,CROSS HEAD LINK - 90 TON (CASTING),1,MCH,VMC Heavy Face Milling & Edge Truing,2,VEN0000002,Apex Precision VMC Machinists,Rough & finish top/bottom platen face to 0.02mm flat
4001004200,11207,CROSS HEAD LINK - 90 TON (CASTING),4001004200,11207,CROSS HEAD LINK - 90 TON (CASTING),2,BOR,Precision CNC Boring (Tie Bar & Bush Bores),3,VEN0000002,Apex Precision VMC Machinists,Bore 4x Tie bar holes to H7 tolerance
4001004200,11207,CROSS HEAD LINK - 90 TON (CASTING),4001004200,11207,CROSS HEAD LINK - 90 TON (CASTING),3,DRL,CNC Drilling & Tapping (PCD Clamp Holes),1,VEN0000002,Apex Precision VMC Machinists,M16 mould clamp tapped holes as per drawing
4001004200,11207,CROSS HEAD LINK - 90 TON (CASTING),4001004200,11207,CROSS HEAD LINK - 90 TON (CASTING),4,HT,Stress Relieving & Normalizing Heat Treatment,2,VEN0000004,Gujarat Heat Treaters & Nitriding,Normalize thermal stress at 550°C
4001004200,11207,CROSS HEAD LINK - 90 TON (CASTING),4001004200,11207,CROSS HEAD LINK - 90 TON (CASTING),5,GRD,Cylindrical & Precision Surface Grinding,1,VEN0000006,Sardar Cylindrical & Surface Grinding,Precision surface grind & rust preventive oil
4001004800,11205,BINARY LINK - 90 TON (CASTING),4001004800,11205,BINARY LINK - 90 TON (CASTING),1,MCH,VMC Heavy Face Milling & Edge Truing,2,VEN0000002,Apex Precision VMC Machinists,Rough & finish top/bottom platen face to 0.02mm flat
4001004800,11205,BINARY LINK - 90 TON (CASTING),4001004800,11205,BINARY LINK - 90 TON (CASTING),2,BOR,Precision CNC Boring (Tie Bar & Bush Bores),3,VEN0000002,Apex Precision VMC Machinists,Bore 4x Tie bar holes to H7 tolerance
4001004800,11205,BINARY LINK - 90 TON (CASTING),4001004800,11205,BINARY LINK - 90 TON (CASTING),3,DRL,CNC Drilling & Tapping (PCD Clamp Holes),1,VEN0000002,Apex Precision VMC Machinists,M16 mould clamp tapped holes as per drawing
4001004800,11205,BINARY LINK - 90 TON (CASTING),4001004800,11205,BINARY LINK - 90 TON (CASTING),4,HT,Stress Relieving & Normalizing Heat Treatment,2,VEN0000004,Gujarat Heat Treaters & Nitriding,Normalize thermal stress at 550°C
4001004800,11205,BINARY LINK - 90 TON (CASTING),4001004800,11205,BINARY LINK - 90 TON (CASTING),5,GRD,Cylindrical & Precision Surface Grinding,1,VEN0000006,Sardar Cylindrical & Surface Grinding,Precision surface grind & rust preventive oil
4001005400,11206,TERNARY LINK - 90 TON (CASTING),4001005400,11206,TERNARY LINK - 90 TON (CASTING),1,MCH,VMC Heavy Face Milling & Edge Truing,2,VEN0000002,Apex Precision VMC Machinists,Rough & finish top/bottom platen face to 0.02mm flat
4001005400,11206,TERNARY LINK - 90 TON (CASTING),4001005400,11206,TERNARY LINK - 90 TON (CASTING),2,BOR,Precision CNC Boring (Tie Bar & Bush Bores),3,VEN0000002,Apex Precision VMC Machinists,Bore 4x Tie bar holes to H7 tolerance
4001005400,11206,TERNARY LINK - 90 TON (CASTING),4001005400,11206,TERNARY LINK - 90 TON (CASTING),3,DRL,CNC Drilling & Tapping (PCD Clamp Holes),1,VEN0000002,Apex Precision VMC Machinists,M16 mould clamp tapped holes as per drawing
4001005400,11206,TERNARY LINK - 90 TON (CASTING),4001005400,11206,TERNARY LINK - 90 TON (CASTING),4,HT,Stress Relieving & Normalizing Heat Treatment,2,VEN0000004,Gujarat Heat Treaters & Nitriding,Normalize thermal stress at 550°C
4001005400,11206,TERNARY LINK - 90 TON (CASTING),4001005400,11206,TERNARY LINK - 90 TON (CASTING),5,GRD,Cylindrical & Precision Surface Grinding,1,VEN0000006,Sardar Cylindrical & Surface Grinding,Precision surface grind & rust preventive oil
4001007500,11209,DIE HEIGHT MOTOR MTG BRACKET - 90 TON (CASTING),4001007500,11209,DIE HEIGHT MOTOR MTG BRACKET - 90 TON (CASTING),1,MCH,VMC Heavy Face Milling & Edge Truing,2,VEN0000002,Apex Precision VMC Machinists,Rough & finish top/bottom platen face to 0.02mm flat
4001007500,11209,DIE HEIGHT MOTOR MTG BRACKET - 90 TON (CASTING),4001007500,11209,DIE HEIGHT MOTOR MTG BRACKET - 90 TON (CASTING),2,BOR,Precision CNC Boring (Tie Bar & Bush Bores),3,VEN0000002,Apex Precision VMC Machinists,Bore 4x Tie bar holes to H7 tolerance
4001007500,11209,DIE HEIGHT MOTOR MTG BRACKET - 90 TON (CASTING),4001007500,11209,DIE HEIGHT MOTOR MTG BRACKET - 90 TON (CASTING),3,DRL,CNC Drilling & Tapping (PCD Clamp Holes),1,VEN0000002,Apex Precision VMC Machinists,M16 mould clamp tapped holes as per drawing
4001007500,11209,DIE HEIGHT MOTOR MTG BRACKET - 90 TON (CASTING),4001007500,11209,DIE HEIGHT MOTOR MTG BRACKET - 90 TON (CASTING),4,HT,Stress Relieving & Normalizing Heat Treatment,2,VEN0000004,Gujarat Heat Treaters & Nitriding,Normalize thermal stress at 550°C
4001007500,11209,DIE HEIGHT MOTOR MTG BRACKET - 90 TON (CASTING),4001007500,11209,DIE HEIGHT MOTOR MTG BRACKET - 90 TON (CASTING),5,GRD,Cylindrical & Precision Surface Grinding,1,VEN0000006,Sardar Cylindrical & Surface Grinding,Precision surface grind & rust preventive oil
4001009600,,BARREL PLATE - 280 (STOCK-150) (CASTING),4001009600,,BARREL PLATE - 280 (STOCK-150) (CASTING),1,MCH,VMC Heavy Face Milling & Edge Truing,2,VEN0000002,Apex Precision VMC Machinists,Rough & finish top/bottom platen face to 0.02mm flat
4001009600,,BARREL PLATE - 280 (STOCK-150) (CASTING),4001009600,,BARREL PLATE - 280 (STOCK-150) (CASTING),2,BOR,Precision CNC Boring (Tie Bar & Bush Bores),3,VEN0000002,Apex Precision VMC Machinists,Bore 4x Tie bar holes to H7 tolerance
4001009600,,BARREL PLATE - 280 (STOCK-150) (CASTING),4001009600,,BARREL PLATE - 280 (STOCK-150) (CASTING),3,DRL,CNC Drilling & Tapping (PCD Clamp Holes),1,VEN0000002,Apex Precision VMC Machinists,M16 mould clamp tapped holes as per drawing
4001009600,,BARREL PLATE - 280 (STOCK-150) (CASTING),4001009600,,BARREL PLATE - 280 (STOCK-150) (CASTING),4,HT,Stress Relieving & Normalizing Heat Treatment,2,VEN0000004,Gujarat Heat Treaters & Nitriding,Normalize thermal stress at 550°C
4001009600,,BARREL PLATE - 280 (STOCK-150) (CASTING),4001009600,,BARREL PLATE - 280 (STOCK-150) (CASTING),5,GRD,Cylindrical & Precision Surface Grinding,1,VEN0000006,Sardar Cylindrical & Surface Grinding,Precision surface grind & rust preventive oil
4001002900,,EJECTOR PLATE  TOGGLE - 90 TON (CASTING),4001002900,,EJECTOR PLATE  TOGGLE - 90 TON (CASTING),1,MCH,VMC Heavy Face Milling & Edge Truing,2,VEN0000002,Apex Precision VMC Machinists,Rough & finish top/bottom platen face to 0.02mm flat
4001002900,,EJECTOR PLATE  TOGGLE - 90 TON (CASTING),4001002900,,EJECTOR PLATE  TOGGLE - 90 TON (CASTING),2,BOR,Precision CNC Boring (Tie Bar & Bush Bores),3,VEN0000002,Apex Precision VMC Machinists,Bore 4x Tie bar holes to H7 tolerance
4001002900,,EJECTOR PLATE  TOGGLE - 90 TON (CASTING),4001002900,,EJECTOR PLATE  TOGGLE - 90 TON (CASTING),3,DRL,CNC Drilling & Tapping (PCD Clamp Holes),1,VEN0000002,Apex Precision VMC Machinists,M16 mould clamp tapped holes as per drawing
4001002900,,EJECTOR PLATE  TOGGLE - 90 TON (CASTING),4001002900,,EJECTOR PLATE  TOGGLE - 90 TON (CASTING),4,HT,Stress Relieving & Normalizing Heat Treatment,2,VEN0000004,Gujarat Heat Treaters & Nitriding,Normalize thermal stress at 550°C
4001002900,,EJECTOR PLATE  TOGGLE - 90 TON (CASTING),4001002900,,EJECTOR PLATE  TOGGLE - 90 TON (CASTING),5,GRD,Cylindrical & Precision Surface Grinding,1,VEN0000006,Sardar Cylindrical & Surface Grinding,Precision surface grind & rust preventive oil
4001000200,12201,STATIONARY PLATE TOGGLE - 110 TON (CASTING),4001000100,11201,STATIONARY PLATE TOGGLE - 90 TON (CASTING),1,MCH,VMC Heavy Face Milling & Edge Truing,2,VEN0000002,Apex Precision VMC Machinists,Rough & finish top/bottom platen face to 0.02mm flat
4001000200,12201,STATIONARY PLATE TOGGLE - 110 TON (CASTING),4001000100,11201,STATIONARY PLATE TOGGLE - 90 TON (CASTING),2,BOR,Precision CNC Boring (Tie Bar & Bush Bores),3,VEN0000002,Apex Precision VMC Machinists,Bore 4x Tie bar holes to H7 tolerance
4001000200,12201,STATIONARY PLATE TOGGLE - 110 TON (CASTING),4001000100,11201,STATIONARY PLATE TOGGLE - 90 TON (CASTING),3,DRL,CNC Drilling & Tapping (PCD Clamp Holes),1,VEN0000002,Apex Precision VMC Machinists,M16 mould clamp tapped holes as per drawing
4001000200,12201,STATIONARY PLATE TOGGLE - 110 TON (CASTING),4001000100,11201,STATIONARY PLATE TOGGLE - 90 TON (CASTING),4,HT,Stress Relieving & Normalizing Heat Treatment,2,VEN0000004,Gujarat Heat Treaters & Nitriding,Normalize thermal stress at 550°C
4001000200,12201,STATIONARY PLATE TOGGLE - 110 TON (CASTING),4001000100,11201,STATIONARY PLATE TOGGLE - 90 TON (CASTING),5,GRD,Cylindrical & Precision Surface Grinding,1,VEN0000006,Sardar Cylindrical & Surface Grinding,Precision surface grind & rust preventive oil
4001001300,12202,MOVING PLATE TOGGLE - 110 TON (CASTING),4001001200,11202,MOVING PLATE TOGGLE - 90 TON (CASTING),1,MCH,VMC Heavy Face Milling & Edge Truing,2,VEN0000002,Apex Precision VMC Machinists,Rough & finish top/bottom platen face to 0.02mm flat
4001001300,12202,MOVING PLATE TOGGLE - 110 TON (CASTING),4001001200,11202,MOVING PLATE TOGGLE - 90 TON (CASTING),2,BOR,Precision CNC Boring (Tie Bar & Bush Bores),3,VEN0000002,Apex Precision VMC Machinists,Bore 4x Tie bar holes to H7 tolerance
4001001300,12202,MOVING PLATE TOGGLE - 110 TON (CASTING),4001001200,11202,MOVING PLATE TOGGLE - 90 TON (CASTING),3,DRL,CNC Drilling & Tapping (PCD Clamp Holes),1,VEN0000002,Apex Precision VMC Machinists,M16 mould clamp tapped holes as per drawing
4001001300,12202,MOVING PLATE TOGGLE - 110 TON (CASTING),4001001200,11202,MOVING PLATE TOGGLE - 90 TON (CASTING),4,HT,Stress Relieving & Normalizing Heat Treatment,2,VEN0000004,Gujarat Heat Treaters & Nitriding,Normalize thermal stress at 550°C
4001001300,12202,MOVING PLATE TOGGLE - 110 TON (CASTING),4001001200,11202,MOVING PLATE TOGGLE - 90 TON (CASTING),5,GRD,Cylindrical & Precision Surface Grinding,1,VEN0000006,Sardar Cylindrical & Surface Grinding,Precision surface grind & rust preventive oil
4001002400,12203,END PLATE - 110 TON (CASTING),4001002300,11203,END PLATE - 90 TON (CASTING),1,MCH,VMC Heavy Face Milling & Edge Truing,2,VEN0000002,Apex Precision VMC Machinists,Rough & finish top/bottom platen face to 0.02mm flat
4001002400,12203,END PLATE - 110 TON (CASTING),4001002300,11203,END PLATE - 90 TON (CASTING),2,BOR,Precision CNC Boring (Tie Bar & Bush Bores),3,VEN0000002,Apex Precision VMC Machinists,Bore 4x Tie bar holes to H7 tolerance
4001002400,12203,END PLATE - 110 TON (CASTING),4001002300,11203,END PLATE - 90 TON (CASTING),3,DRL,CNC Drilling & Tapping (PCD Clamp Holes),1,VEN0000002,Apex Precision VMC Machinists,M16 mould clamp tapped holes as per drawing
4001002400,12203,END PLATE - 110 TON (CASTING),4001002300,11203,END PLATE - 90 TON (CASTING),4,HT,Stress Relieving & Normalizing Heat Treatment,2,VEN0000004,Gujarat Heat Treaters & Nitriding,Normalize thermal stress at 550°C
4001002400,12203,END PLATE - 110 TON (CASTING),4001002300,11203,END PLATE - 90 TON (CASTING),5,GRD,Cylindrical & Precision Surface Grinding,1,VEN0000006,Sardar Cylindrical & Surface Grinding,Precision surface grind & rust preventive oil
4001003700,12204,CROSS HEAD - 110 TON (CASTING),4001003600,11204,CROSS HEAD - 90 TON (CASTING),1,MCH,VMC Heavy Face Milling & Edge Truing,2,VEN0000002,Apex Precision VMC Machinists,Rough & finish top/bottom platen face to 0.02mm flat
4001003700,12204,CROSS HEAD - 110 TON (CASTING),4001003600,11204,CROSS HEAD - 90 TON (CASTING),2,BOR,Precision CNC Boring (Tie Bar & Bush Bores),3,VEN0000002,Apex Precision VMC Machinists,Bore 4x Tie bar holes to H7 tolerance
4001003700,12204,CROSS HEAD - 110 TON (CASTING),4001003600,11204,CROSS HEAD - 90 TON (CASTING),3,DRL,CNC Drilling & Tapping (PCD Clamp Holes),1,VEN0000002,Apex Precision VMC Machinists,M16 mould clamp tapped holes as per drawing
4001003700,12204,CROSS HEAD - 110 TON (CASTING),4001003600,11204,CROSS HEAD - 90 TON (CASTING),4,HT,Stress Relieving & Normalizing Heat Treatment,2,VEN0000004,Gujarat Heat Treaters & Nitriding,Normalize thermal stress at 550°C
4001003700,12204,CROSS HEAD - 110 TON (CASTING),4001003600,11204,CROSS HEAD - 90 TON (CASTING),5,GRD,Cylindrical & Precision Surface Grinding,1,VEN0000006,Sardar Cylindrical & Surface Grinding,Precision surface grind & rust preventive oil
4001004300,12207,CROSS HEAD LINK - 110 TON (CASTING),4001004200,11207,CROSS HEAD LINK - 90 TON (CASTING),1,MCH,VMC Heavy Face Milling & Edge Truing,2,VEN0000002,Apex Precision VMC Machinists,Rough & finish top/bottom platen face to 0.02mm flat
4001004300,12207,CROSS HEAD LINK - 110 TON (CASTING),4001004200,11207,CROSS HEAD LINK - 90 TON (CASTING),2,BOR,Precision CNC Boring (Tie Bar & Bush Bores),3,VEN0000002,Apex Precision VMC Machinists,Bore 4x Tie bar holes to H7 tolerance
4001004300,12207,CROSS HEAD LINK - 110 TON (CASTING),4001004200,11207,CROSS HEAD LINK - 90 TON (CASTING),3,DRL,CNC Drilling & Tapping (PCD Clamp Holes),1,VEN0000002,Apex Precision VMC Machinists,M16 mould clamp tapped holes as per drawing
4001004300,12207,CROSS HEAD LINK - 110 TON (CASTING),4001004200,11207,CROSS HEAD LINK - 90 TON (CASTING),4,HT,Stress Relieving & Normalizing Heat Treatment,2,VEN0000004,Gujarat Heat Treaters & Nitriding,Normalize thermal stress at 550°C
4001004300,12207,CROSS HEAD LINK - 110 TON (CASTING),4001004200,11207,CROSS HEAD LINK - 90 TON (CASTING),5,GRD,Cylindrical & Precision Surface Grinding,1,VEN0000006,Sardar Cylindrical & Surface Grinding,Precision surface grind & rust preventive oil
4001004900,12205,BINARY LINK - 110 TON (CASTING),4001004800,11205,BINARY LINK - 90 TON (CASTING),1,MCH,VMC Heavy Face Milling & Edge Truing,2,VEN0000002,Apex Precision VMC Machinists,Rough & finish top/bottom platen face to 0.02mm flat
4001004900,12205,BINARY LINK - 110 TON (CASTING),4001004800,11205,BINARY LINK - 90 TON (CASTING),2,BOR,Precision CNC Boring (Tie Bar & Bush Bores),3,VEN0000002,Apex Precision VMC Machinists,Bore 4x Tie bar holes to H7 tolerance
4001004900,12205,BINARY LINK - 110 TON (CASTING),4001004800,11205,BINARY LINK - 90 TON (CASTING),3,DRL,CNC Drilling & Tapping (PCD Clamp Holes),1,VEN0000002,Apex Precision VMC Machinists,M16 mould clamp tapped holes as per drawing
4001004900,12205,BINARY LINK - 110 TON (CASTING),4001004800,11205,BINARY LINK - 90 TON (CASTING),4,HT,Stress Relieving & Normalizing Heat Treatment,2,VEN0000004,Gujarat Heat Treaters & Nitriding,Normalize thermal stress at 550°C
4001004900,12205,BINARY LINK - 110 TON (CASTING),4001004800,11205,BINARY LINK - 90 TON (CASTING),5,GRD,Cylindrical & Precision Surface Grinding,1,VEN0000006,Sardar Cylindrical & Surface Grinding,Precision surface grind & rust preventive oil
4001005500,12206,TERNARY LINK - 110 TON (CASTING),4001005400,11206,TERNARY LINK - 90 TON (CASTING),1,MCH,VMC Heavy Face Milling & Edge Truing,2,VEN0000002,Apex Precision VMC Machinists,Rough & finish top/bottom platen face to 0.02mm flat
4001005500,12206,TERNARY LINK - 110 TON (CASTING),4001005400,11206,TERNARY LINK - 90 TON (CASTING),2,BOR,Precision CNC Boring (Tie Bar & Bush Bores),3,VEN0000002,Apex Precision VMC Machinists,Bore 4x Tie bar holes to H7 tolerance
4001005500,12206,TERNARY LINK - 110 TON (CASTING),4001005400,11206,TERNARY LINK - 90 TON (CASTING),3,DRL,CNC Drilling & Tapping (PCD Clamp Holes),1,VEN0000002,Apex Precision VMC Machinists,M16 mould clamp tapped holes as per drawing
4001005500,12206,TERNARY LINK - 110 TON (CASTING),4001005400,11206,TERNARY LINK - 90 TON (CASTING),4,HT,Stress Relieving & Normalizing Heat Treatment,2,VEN0000004,Gujarat Heat Treaters & Nitriding,Normalize thermal stress at 550°C
4001005500,12206,TERNARY LINK - 110 TON (CASTING),4001005400,11206,TERNARY LINK - 90 TON (CASTING),5,GRD,Cylindrical & Precision Surface Grinding,1,VEN0000006,Sardar Cylindrical & Surface Grinding,Precision surface grind & rust preventive oil
4001009800,,BARREL PLATE - 420 (STOCK-175) (CASTING),4001009600,,BARREL PLATE - 280 (STOCK-150) (CASTING),1,MCH,VMC Heavy Face Milling & Edge Truing,2,VEN0000002,Apex Precision VMC Machinists,Rough & finish top/bottom platen face to 0.02mm flat
4001009800,,BARREL PLATE - 420 (STOCK-175) (CASTING),4001009600,,BARREL PLATE - 280 (STOCK-150) (CASTING),2,BOR,Precision CNC Boring (Tie Bar & Bush Bores),3,VEN0000002,Apex Precision VMC Machinists,Bore 4x Tie bar holes to H7 tolerance
4001009800,,BARREL PLATE - 420 (STOCK-175) (CASTING),4001009600,,BARREL PLATE - 280 (STOCK-150) (CASTING),3,DRL,CNC Drilling & Tapping (PCD Clamp Holes),1,VEN0000002,Apex Precision VMC Machinists,M16 mould clamp tapped holes as per drawing
4001009800,,BARREL PLATE - 420 (STOCK-175) (CASTING),4001009600,,BARREL PLATE - 280 (STOCK-150) (CASTING),4,HT,Stress Relieving & Normalizing Heat Treatment,2,VEN0000004,Gujarat Heat Treaters & Nitriding,Normalize thermal stress at 550°C
4001009800,,BARREL PLATE - 420 (STOCK-175) (CASTING),4001009600,,BARREL PLATE - 280 (STOCK-150) (CASTING),5,GRD,Cylindrical & Precision Surface Grinding,1,VEN0000006,Sardar Cylindrical & Surface Grinding,Precision surface grind & rust preventive oil
4001000300,13201,STATIONARY PLATE TOGGLE - 140 TON (CASTING),4001000100,11201,STATIONARY PLATE TOGGLE - 90 TON (CASTING),1,MCH,VMC Heavy Face Milling & Edge Truing,2,VEN0000002,Apex Precision VMC Machinists,Rough & finish top/bottom platen face to 0.02mm flat
4001000300,13201,STATIONARY PLATE TOGGLE - 140 TON (CASTING),4001000100,11201,STATIONARY PLATE TOGGLE - 90 TON (CASTING),2,BOR,Precision CNC Boring (Tie Bar & Bush Bores),3,VEN0000002,Apex Precision VMC Machinists,Bore 4x Tie bar holes to H7 tolerance
4001000300,13201,STATIONARY PLATE TOGGLE - 140 TON (CASTING),4001000100,11201,STATIONARY PLATE TOGGLE - 90 TON (CASTING),3,DRL,CNC Drilling & Tapping (PCD Clamp Holes),1,VEN0000002,Apex Precision VMC Machinists,M16 mould clamp tapped holes as per drawing
4001000300,13201,STATIONARY PLATE TOGGLE - 140 TON (CASTING),4001000100,11201,STATIONARY PLATE TOGGLE - 90 TON (CASTING),4,HT,Stress Relieving & Normalizing Heat Treatment,2,VEN0000004,Gujarat Heat Treaters & Nitriding,Normalize thermal stress at 550°C
4001000300,13201,STATIONARY PLATE TOGGLE - 140 TON (CASTING),4001000100,11201,STATIONARY PLATE TOGGLE - 90 TON (CASTING),5,GRD,Cylindrical & Precision Surface Grinding,1,VEN0000006,Sardar Cylindrical & Surface Grinding,Precision surface grind & rust preventive oil
4001001400,13202,MOVING PLATE  TOGGLE - 140 TON (CASTING),4001001200,11202,MOVING PLATE TOGGLE - 90 TON (CASTING),1,MCH,VMC Heavy Face Milling & Edge Truing,2,VEN0000002,Apex Precision VMC Machinists,Rough & finish top/bottom platen face to 0.02mm flat
4001001400,13202,MOVING PLATE  TOGGLE - 140 TON (CASTING),4001001200,11202,MOVING PLATE TOGGLE - 90 TON (CASTING),2,BOR,Precision CNC Boring (Tie Bar & Bush Bores),3,VEN0000002,Apex Precision VMC Machinists,Bore 4x Tie bar holes to H7 tolerance
4001001400,13202,MOVING PLATE  TOGGLE - 140 TON (CASTING),4001001200,11202,MOVING PLATE TOGGLE - 90 TON (CASTING),3,DRL,CNC Drilling & Tapping (PCD Clamp Holes),1,VEN0000002,Apex Precision VMC Machinists,M16 mould clamp tapped holes as per drawing
4001001400,13202,MOVING PLATE  TOGGLE - 140 TON (CASTING),4001001200,11202,MOVING PLATE TOGGLE - 90 TON (CASTING),4,HT,Stress Relieving & Normalizing Heat Treatment,2,VEN0000004,Gujarat Heat Treaters & Nitriding,Normalize thermal stress at 550°C
4001001400,13202,MOVING PLATE  TOGGLE - 140 TON (CASTING),4001001200,11202,MOVING PLATE TOGGLE - 90 TON (CASTING),5,GRD,Cylindrical & Precision Surface Grinding,1,VEN0000006,Sardar Cylindrical & Surface Grinding,Precision surface grind & rust preventive oil
4001002500,13203,END PLATE - 140 TON (CASTING),4001002300,11203,END PLATE - 90 TON (CASTING),1,MCH,VMC Heavy Face Milling & Edge Truing,2,VEN0000002,Apex Precision VMC Machinists,Rough & finish top/bottom platen face to 0.02mm flat
4001002500,13203,END PLATE - 140 TON (CASTING),4001002300,11203,END PLATE - 90 TON (CASTING),2,BOR,Precision CNC Boring (Tie Bar & Bush Bores),3,VEN0000002,Apex Precision VMC Machinists,Bore 4x Tie bar holes to H7 tolerance
4001002500,13203,END PLATE - 140 TON (CASTING),4001002300,11203,END PLATE - 90 TON (CASTING),3,DRL,CNC Drilling & Tapping (PCD Clamp Holes),1,VEN0000002,Apex Precision VMC Machinists,M16 mould clamp tapped holes as per drawing
4001002500,13203,END PLATE - 140 TON (CASTING),4001002300,11203,END PLATE - 90 TON (CASTING),4,HT,Stress Relieving & Normalizing Heat Treatment,2,VEN0000004,Gujarat Heat Treaters & Nitriding,Normalize thermal stress at 550°C
4001002500,13203,END PLATE - 140 TON (CASTING),4001002300,11203,END PLATE - 90 TON (CASTING),5,GRD,Cylindrical & Precision Surface Grinding,1,VEN0000006,Sardar Cylindrical & Surface Grinding,Precision surface grind & rust preventive oil
4001003800,13204,CROSS HEAD - 140 TON (CASTING),4001003600,11204,CROSS HEAD - 90 TON (CASTING),1,MCH,VMC Heavy Face Milling & Edge Truing,2,VEN0000002,Apex Precision VMC Machinists,Rough & finish top/bottom platen face to 0.02mm flat
4001003800,13204,CROSS HEAD - 140 TON (CASTING),4001003600,11204,CROSS HEAD - 90 TON (CASTING),2,BOR,Precision CNC Boring (Tie Bar & Bush Bores),3,VEN0000002,Apex Precision VMC Machinists,Bore 4x Tie bar holes to H7 tolerance
4001003800,13204,CROSS HEAD - 140 TON (CASTING),4001003600,11204,CROSS HEAD - 90 TON (CASTING),3,DRL,CNC Drilling & Tapping (PCD Clamp Holes),1,VEN0000002,Apex Precision VMC Machinists,M16 mould clamp tapped holes as per drawing
4001003800,13204,CROSS HEAD - 140 TON (CASTING),4001003600,11204,CROSS HEAD - 90 TON (CASTING),4,HT,Stress Relieving & Normalizing Heat Treatment,2,VEN0000004,Gujarat Heat Treaters & Nitriding,Normalize thermal stress at 550°C
4001003800,13204,CROSS HEAD - 140 TON (CASTING),4001003600,11204,CROSS HEAD - 90 TON (CASTING),5,GRD,Cylindrical & Precision Surface Grinding,1,VEN0000006,Sardar Cylindrical & Surface Grinding,Precision surface grind & rust preventive oil
4001004400,13207,CROSS HEAD LINK - 140 TON (CASTING),4001004200,11207,CROSS HEAD LINK - 90 TON (CASTING),1,MCH,VMC Heavy Face Milling & Edge Truing,2,VEN0000002,Apex Precision VMC Machinists,Rough & finish top/bottom platen face to 0.02mm flat
4001004400,13207,CROSS HEAD LINK - 140 TON (CASTING),4001004200,11207,CROSS HEAD LINK - 90 TON (CASTING),2,BOR,Precision CNC Boring (Tie Bar & Bush Bores),3,VEN0000002,Apex Precision VMC Machinists,Bore 4x Tie bar holes to H7 tolerance
4001004400,13207,CROSS HEAD LINK - 140 TON (CASTING),4001004200,11207,CROSS HEAD LINK - 90 TON (CASTING),3,DRL,CNC Drilling & Tapping (PCD Clamp Holes),1,VEN0000002,Apex Precision VMC Machinists,M16 mould clamp tapped holes as per drawing
4001004400,13207,CROSS HEAD LINK - 140 TON (CASTING),4001004200,11207,CROSS HEAD LINK - 90 TON (CASTING),4,HT,Stress Relieving & Normalizing Heat Treatment,2,VEN0000004,Gujarat Heat Treaters & Nitriding,Normalize thermal stress at 550°C
4001004400,13207,CROSS HEAD LINK - 140 TON (CASTING),4001004200,11207,CROSS HEAD LINK - 90 TON (CASTING),5,GRD,Cylindrical & Precision Surface Grinding,1,VEN0000006,Sardar Cylindrical & Surface Grinding,Precision surface grind & rust preventive oil
4001005000,13205,BINARY LINK - 140 TON (CASTING),4001004800,11205,BINARY LINK - 90 TON (CASTING),1,MCH,VMC Heavy Face Milling & Edge Truing,2,VEN0000002,Apex Precision VMC Machinists,Rough & finish top/bottom platen face to 0.02mm flat
4001005000,13205,BINARY LINK - 140 TON (CASTING),4001004800,11205,BINARY LINK - 90 TON (CASTING),2,BOR,Precision CNC Boring (Tie Bar & Bush Bores),3,VEN0000002,Apex Precision VMC Machinists,Bore 4x Tie bar holes to H7 tolerance
4001005000,13205,BINARY LINK - 140 TON (CASTING),4001004800,11205,BINARY LINK - 90 TON (CASTING),3,DRL,CNC Drilling & Tapping (PCD Clamp Holes),1,VEN0000002,Apex Precision VMC Machinists,M16 mould clamp tapped holes as per drawing
4001005000,13205,BINARY LINK - 140 TON (CASTING),4001004800,11205,BINARY LINK - 90 TON (CASTING),4,HT,Stress Relieving & Normalizing Heat Treatment,2,VEN0000004,Gujarat Heat Treaters & Nitriding,Normalize thermal stress at 550°C
4001005000,13205,BINARY LINK - 140 TON (CASTING),4001004800,11205,BINARY LINK - 90 TON (CASTING),5,GRD,Cylindrical & Precision Surface Grinding,1,VEN0000006,Sardar Cylindrical & Surface Grinding,Precision surface grind & rust preventive oil
4001005600,13206,TERNARY LINK - 140 TON (CASTING),4001005400,11206,TERNARY LINK - 90 TON (CASTING),1,MCH,VMC Heavy Face Milling & Edge Truing,2,VEN0000002,Apex Precision VMC Machinists,Rough & finish top/bottom platen face to 0.02mm flat
4001005600,13206,TERNARY LINK - 140 TON (CASTING),4001005400,11206,TERNARY LINK - 90 TON (CASTING),2,BOR,Precision CNC Boring (Tie Bar & Bush Bores),3,VEN0000002,Apex Precision VMC Machinists,Bore 4x Tie bar holes to H7 tolerance
4001005600,13206,TERNARY LINK - 140 TON (CASTING),4001005400,11206,TERNARY LINK - 90 TON (CASTING),3,DRL,CNC Drilling & Tapping (PCD Clamp Holes),1,VEN0000002,Apex Precision VMC Machinists,M16 mould clamp tapped holes as per drawing
4001005600,13206,TERNARY LINK - 140 TON (CASTING),4001005400,11206,TERNARY LINK - 90 TON (CASTING),4,HT,Stress Relieving & Normalizing Heat Treatment,2,VEN0000004,Gujarat Heat Treaters & Nitriding,Normalize thermal stress at 550°C
4001005600,13206,TERNARY LINK - 140 TON (CASTING),4001005400,11206,TERNARY LINK - 90 TON (CASTING),5,GRD,Cylindrical & Precision Surface Grinding,1,VEN0000006,Sardar Cylindrical & Surface Grinding,Precision surface grind & rust preventive oil
4001010000,,BARREL PLATE - 635 (STOCK-210) (CASTING),4001009600,,BARREL PLATE - 280 (STOCK-150) (CASTING),1,MCH,VMC Heavy Face Milling & Edge Truing,2,VEN0000002,Apex Precision VMC Machinists,Rough & finish top/bottom platen face to 0.02mm flat
4001010000,,BARREL PLATE - 635 (STOCK-210) (CASTING),4001009600,,BARREL PLATE - 280 (STOCK-150) (CASTING),2,BOR,Precision CNC Boring (Tie Bar & Bush Bores),3,VEN0000002,Apex Precision VMC Machinists,Bore 4x Tie bar holes to H7 tolerance
4001010000,,BARREL PLATE - 635 (STOCK-210) (CASTING),4001009600,,BARREL PLATE - 280 (STOCK-150) (CASTING),3,DRL,CNC Drilling & Tapping (PCD Clamp Holes),1,VEN0000002,Apex Precision VMC Machinists,M16 mould clamp tapped holes as per drawing
4001010000,,BARREL PLATE - 635 (STOCK-210) (CASTING),4001009600,,BARREL PLATE - 280 (STOCK-150) (CASTING),4,HT,Stress Relieving & Normalizing Heat Treatment,2,VEN0000004,Gujarat Heat Treaters & Nitriding,Normalize thermal stress at 550°C
4001010000,,BARREL PLATE - 635 (STOCK-210) (CASTING),4001009600,,BARREL PLATE - 280 (STOCK-150) (CASTING),5,GRD,Cylindrical & Precision Surface Grinding,1,VEN0000006,Sardar Cylindrical & Surface Grinding,Precision surface grind & rust preventive oil
4001006000,,MOVING PLATE SLIDING BLOCK - 140 TON (CASTING),4001006000,,MOVING PLATE SLIDING BLOCK - 140 TON (CASTING),1,MCH,VMC Heavy Face Milling & Edge Truing,2,VEN0000002,Apex Precision VMC Machinists,Rough & finish top/bottom platen face to 0.02mm flat
4001006000,,MOVING PLATE SLIDING BLOCK - 140 TON (CASTING),4001006000,,MOVING PLATE SLIDING BLOCK - 140 TON (CASTING),2,BOR,Precision CNC Boring (Tie Bar & Bush Bores),3,VEN0000002,Apex Precision VMC Machinists,Bore 4x Tie bar holes to H7 tolerance
4001006000,,MOVING PLATE SLIDING BLOCK - 140 TON (CASTING),4001006000,,MOVING PLATE SLIDING BLOCK - 140 TON (CASTING),3,DRL,CNC Drilling & Tapping (PCD Clamp Holes),1,VEN0000002,Apex Precision VMC Machinists,M16 mould clamp tapped holes as per drawing
4001006000,,MOVING PLATE SLIDING BLOCK - 140 TON (CASTING),4001006000,,MOVING PLATE SLIDING BLOCK - 140 TON (CASTING),4,HT,Stress Relieving & Normalizing Heat Treatment,2,VEN0000004,Gujarat Heat Treaters & Nitriding,Normalize thermal stress at 550°C
4001006000,,MOVING PLATE SLIDING BLOCK - 140 TON (CASTING),4001006000,,MOVING PLATE SLIDING BLOCK - 140 TON (CASTING),5,GRD,Cylindrical & Precision Surface Grinding,1,VEN0000006,Sardar Cylindrical & Surface Grinding,Precision surface grind & rust preventive oil
4001000400,14201,STATIONARY PLATE TOGGLE - 170 TON (CASTING),4001000100,11201,STATIONARY PLATE TOGGLE - 90 TON (CASTING),1,MCH,VMC Heavy Face Milling & Edge Truing,2,VEN0000002,Apex Precision VMC Machinists,Rough & finish top/bottom platen face to 0.02mm flat
4001000400,14201,STATIONARY PLATE TOGGLE - 170 TON (CASTING),4001000100,11201,STATIONARY PLATE TOGGLE - 90 TON (CASTING),2,BOR,Precision CNC Boring (Tie Bar & Bush Bores),3,VEN0000002,Apex Precision VMC Machinists,Bore 4x Tie bar holes to H7 tolerance
4001000400,14201,STATIONARY PLATE TOGGLE - 170 TON (CASTING),4001000100,11201,STATIONARY PLATE TOGGLE - 90 TON (CASTING),3,DRL,CNC Drilling & Tapping (PCD Clamp Holes),1,VEN0000002,Apex Precision VMC Machinists,M16 mould clamp tapped holes as per drawing
4001000400,14201,STATIONARY PLATE TOGGLE - 170 TON (CASTING),4001000100,11201,STATIONARY PLATE TOGGLE - 90 TON (CASTING),4,HT,Stress Relieving & Normalizing Heat Treatment,2,VEN0000004,Gujarat Heat Treaters & Nitriding,Normalize thermal stress at 550°C
4001000400,14201,STATIONARY PLATE TOGGLE - 170 TON (CASTING),4001000100,11201,STATIONARY PLATE TOGGLE - 90 TON (CASTING),5,GRD,Cylindrical & Precision Surface Grinding,1,VEN0000006,Sardar Cylindrical & Surface Grinding,Precision surface grind & rust preventive oil
4001001500,14202,MOVING PLATE TOGGLE - 170 TON (CASTING),4001001200,11202,MOVING PLATE TOGGLE - 90 TON (CASTING),1,MCH,VMC Heavy Face Milling & Edge Truing,2,VEN0000002,Apex Precision VMC Machinists,Rough & finish top/bottom platen face to 0.02mm flat
4001001500,14202,MOVING PLATE TOGGLE - 170 TON (CASTING),4001001200,11202,MOVING PLATE TOGGLE - 90 TON (CASTING),2,BOR,Precision CNC Boring (Tie Bar & Bush Bores),3,VEN0000002,Apex Precision VMC Machinists,Bore 4x Tie bar holes to H7 tolerance
4001001500,14202,MOVING PLATE TOGGLE - 170 TON (CASTING),4001001200,11202,MOVING PLATE TOGGLE - 90 TON (CASTING),3,DRL,CNC Drilling & Tapping (PCD Clamp Holes),1,VEN0000002,Apex Precision VMC Machinists,M16 mould clamp tapped holes as per drawing
4001001500,14202,MOVING PLATE TOGGLE - 170 TON (CASTING),4001001200,11202,MOVING PLATE TOGGLE - 90 TON (CASTING),4,HT,Stress Relieving & Normalizing Heat Treatment,2,VEN0000004,Gujarat Heat Treaters & Nitriding,Normalize thermal stress at 550°C
4001001500,14202,MOVING PLATE TOGGLE - 170 TON (CASTING),4001001200,11202,MOVING PLATE TOGGLE - 90 TON (CASTING),5,GRD,Cylindrical & Precision Surface Grinding,1,VEN0000006,Sardar Cylindrical & Surface Grinding,Precision surface grind & rust preventive oil
4001002600,14203,END PLATE - 170 TON (CASTING),4001002300,11203,END PLATE - 90 TON (CASTING),1,MCH,VMC Heavy Face Milling & Edge Truing,2,VEN0000002,Apex Precision VMC Machinists,Rough & finish top/bottom platen face to 0.02mm flat
4001002600,14203,END PLATE - 170 TON (CASTING),4001002300,11203,END PLATE - 90 TON (CASTING),2,BOR,Precision CNC Boring (Tie Bar & Bush Bores),3,VEN0000002,Apex Precision VMC Machinists,Bore 4x Tie bar holes to H7 tolerance
4001002600,14203,END PLATE - 170 TON (CASTING),4001002300,11203,END PLATE - 90 TON (CASTING),3,DRL,CNC Drilling & Tapping (PCD Clamp Holes),1,VEN0000002,Apex Precision VMC Machinists,M16 mould clamp tapped holes as per drawing
4001002600,14203,END PLATE - 170 TON (CASTING),4001002300,11203,END PLATE - 90 TON (CASTING),4,HT,Stress Relieving & Normalizing Heat Treatment,2,VEN0000004,Gujarat Heat Treaters & Nitriding,Normalize thermal stress at 550°C
4001002600,14203,END PLATE - 170 TON (CASTING),4001002300,11203,END PLATE - 90 TON (CASTING),5,GRD,Cylindrical & Precision Surface Grinding,1,VEN0000006,Sardar Cylindrical & Surface Grinding,Precision surface grind & rust preventive oil
4001003900,14204,CROSS HEAD - 170 TON (CASTING),4001003600,11204,CROSS HEAD - 90 TON (CASTING),1,MCH,VMC Heavy Face Milling & Edge Truing,2,VEN0000002,Apex Precision VMC Machinists,Rough & finish top/bottom platen face to 0.02mm flat
4001003900,14204,CROSS HEAD - 170 TON (CASTING),4001003600,11204,CROSS HEAD - 90 TON (CASTING),2,BOR,Precision CNC Boring (Tie Bar & Bush Bores),3,VEN0000002,Apex Precision VMC Machinists,Bore 4x Tie bar holes to H7 tolerance
4001003900,14204,CROSS HEAD - 170 TON (CASTING),4001003600,11204,CROSS HEAD - 90 TON (CASTING),3,DRL,CNC Drilling & Tapping (PCD Clamp Holes),1,VEN0000002,Apex Precision VMC Machinists,M16 mould clamp tapped holes as per drawing
4001003900,14204,CROSS HEAD - 170 TON (CASTING),4001003600,11204,CROSS HEAD - 90 TON (CASTING),4,HT,Stress Relieving & Normalizing Heat Treatment,2,VEN0000004,Gujarat Heat Treaters & Nitriding,Normalize thermal stress at 550°C
4001003900,14204,CROSS HEAD - 170 TON (CASTING),4001003600,11204,CROSS HEAD - 90 TON (CASTING),5,GRD,Cylindrical & Precision Surface Grinding,1,VEN0000006,Sardar Cylindrical & Surface Grinding,Precision surface grind & rust preventive oil
4001004500,14207,CROSS HEAD LINK - 170 TON (CASTING),4001004200,11207,CROSS HEAD LINK - 90 TON (CASTING),1,MCH,VMC Heavy Face Milling & Edge Truing,2,VEN0000002,Apex Precision VMC Machinists,Rough & finish top/bottom platen face to 0.02mm flat
4001004500,14207,CROSS HEAD LINK - 170 TON (CASTING),4001004200,11207,CROSS HEAD LINK - 90 TON (CASTING),2,BOR,Precision CNC Boring (Tie Bar & Bush Bores),3,VEN0000002,Apex Precision VMC Machinists,Bore 4x Tie bar holes to H7 tolerance
4001004500,14207,CROSS HEAD LINK - 170 TON (CASTING),4001004200,11207,CROSS HEAD LINK - 90 TON (CASTING),3,DRL,CNC Drilling & Tapping (PCD Clamp Holes),1,VEN0000002,Apex Precision VMC Machinists,M16 mould clamp tapped holes as per drawing
4001004500,14207,CROSS HEAD LINK - 170 TON (CASTING),4001004200,11207,CROSS HEAD LINK - 90 TON (CASTING),4,HT,Stress Relieving & Normalizing Heat Treatment,2,VEN0000004,Gujarat Heat Treaters & Nitriding,Normalize thermal stress at 550°C
4001004500,14207,CROSS HEAD LINK - 170 TON (CASTING),4001004200,11207,CROSS HEAD LINK - 90 TON (CASTING),5,GRD,Cylindrical & Precision Surface Grinding,1,VEN0000006,Sardar Cylindrical & Surface Grinding,Precision surface grind & rust preventive oil
4001005100,14205,BINARY LINK - 170 TON (CASTING),4001004800,11205,BINARY LINK - 90 TON (CASTING),1,MCH,VMC Heavy Face Milling & Edge Truing,2,VEN0000002,Apex Precision VMC Machinists,Rough & finish top/bottom platen face to 0.02mm flat
4001005100,14205,BINARY LINK - 170 TON (CASTING),4001004800,11205,BINARY LINK - 90 TON (CASTING),2,BOR,Precision CNC Boring (Tie Bar & Bush Bores),3,VEN0000002,Apex Precision VMC Machinists,Bore 4x Tie bar holes to H7 tolerance
4001005100,14205,BINARY LINK - 170 TON (CASTING),4001004800,11205,BINARY LINK - 90 TON (CASTING),3,DRL,CNC Drilling & Tapping (PCD Clamp Holes),1,VEN0000002,Apex Precision VMC Machinists,M16 mould clamp tapped holes as per drawing
4001005100,14205,BINARY LINK - 170 TON (CASTING),4001004800,11205,BINARY LINK - 90 TON (CASTING),4,HT,Stress Relieving & Normalizing Heat Treatment,2,VEN0000004,Gujarat Heat Treaters & Nitriding,Normalize thermal stress at 550°C
4001005100,14205,BINARY LINK - 170 TON (CASTING),4001004800,11205,BINARY LINK - 90 TON (CASTING),5,GRD,Cylindrical & Precision Surface Grinding,1,VEN0000006,Sardar Cylindrical & Surface Grinding,Precision surface grind & rust preventive oil
4001010200,,BARREL PLATE - 905 (STOCK-245) (CASTING),4001009600,,BARREL PLATE - 280 (STOCK-150) (CASTING),1,MCH,VMC Heavy Face Milling & Edge Truing,2,VEN0000002,Apex Precision VMC Machinists,Rough & finish top/bottom platen face to 0.02mm flat
4001010200,,BARREL PLATE - 905 (STOCK-245) (CASTING),4001009600,,BARREL PLATE - 280 (STOCK-150) (CASTING),2,BOR,Precision CNC Boring (Tie Bar & Bush Bores),3,VEN0000002,Apex Precision VMC Machinists,Bore 4x Tie bar holes to H7 tolerance
4001010200,,BARREL PLATE - 905 (STOCK-245) (CASTING),4001009600,,BARREL PLATE - 280 (STOCK-150) (CASTING),3,DRL,CNC Drilling & Tapping (PCD Clamp Holes),1,VEN0000002,Apex Precision VMC Machinists,M16 mould clamp tapped holes as per drawing
4001010200,,BARREL PLATE - 905 (STOCK-245) (CASTING),4001009600,,BARREL PLATE - 280 (STOCK-150) (CASTING),4,HT,Stress Relieving & Normalizing Heat Treatment,2,VEN0000004,Gujarat Heat Treaters & Nitriding,Normalize thermal stress at 550°C
4001010200,,BARREL PLATE - 905 (STOCK-245) (CASTING),4001009600,,BARREL PLATE - 280 (STOCK-150) (CASTING),5,GRD,Cylindrical & Precision Surface Grinding,1,VEN0000006,Sardar Cylindrical & Surface Grinding,Precision surface grind & rust preventive oil
4001000500,15201,STATIONARY PLATE TOGGLE - 200 TON (CASTING),4001000100,11201,STATIONARY PLATE TOGGLE - 90 TON (CASTING),1,MCH,VMC Heavy Face Milling & Edge Truing,2,VEN0000002,Apex Precision VMC Machinists,Rough & finish top/bottom platen face to 0.02mm flat
4001000500,15201,STATIONARY PLATE TOGGLE - 200 TON (CASTING),4001000100,11201,STATIONARY PLATE TOGGLE - 90 TON (CASTING),2,BOR,Precision CNC Boring (Tie Bar & Bush Bores),3,VEN0000002,Apex Precision VMC Machinists,Bore 4x Tie bar holes to H7 tolerance
4001000500,15201,STATIONARY PLATE TOGGLE - 200 TON (CASTING),4001000100,11201,STATIONARY PLATE TOGGLE - 90 TON (CASTING),3,DRL,CNC Drilling & Tapping (PCD Clamp Holes),1,VEN0000002,Apex Precision VMC Machinists,M16 mould clamp tapped holes as per drawing
4001000500,15201,STATIONARY PLATE TOGGLE - 200 TON (CASTING),4001000100,11201,STATIONARY PLATE TOGGLE - 90 TON (CASTING),4,HT,Stress Relieving & Normalizing Heat Treatment,2,VEN0000004,Gujarat Heat Treaters & Nitriding,Normalize thermal stress at 550°C
4001000500,15201,STATIONARY PLATE TOGGLE - 200 TON (CASTING),4001000100,11201,STATIONARY PLATE TOGGLE - 90 TON (CASTING),5,GRD,Cylindrical & Precision Surface Grinding,1,VEN0000006,Sardar Cylindrical & Surface Grinding,Precision surface grind & rust preventive oil
4001001600,15202,MOVING PLATE TOGGLE - 200 TON (CASTING),4001001200,11202,MOVING PLATE TOGGLE - 90 TON (CASTING),1,MCH,VMC Heavy Face Milling & Edge Truing,2,VEN0000002,Apex Precision VMC Machinists,Rough & finish top/bottom platen face to 0.02mm flat
4001001600,15202,MOVING PLATE TOGGLE - 200 TON (CASTING),4001001200,11202,MOVING PLATE TOGGLE - 90 TON (CASTING),2,BOR,Precision CNC Boring (Tie Bar & Bush Bores),3,VEN0000002,Apex Precision VMC Machinists,Bore 4x Tie bar holes to H7 tolerance
4001001600,15202,MOVING PLATE TOGGLE - 200 TON (CASTING),4001001200,11202,MOVING PLATE TOGGLE - 90 TON (CASTING),3,DRL,CNC Drilling & Tapping (PCD Clamp Holes),1,VEN0000002,Apex Precision VMC Machinists,M16 mould clamp tapped holes as per drawing
4001001600,15202,MOVING PLATE TOGGLE - 200 TON (CASTING),4001001200,11202,MOVING PLATE TOGGLE - 90 TON (CASTING),4,HT,Stress Relieving & Normalizing Heat Treatment,2,VEN0000004,Gujarat Heat Treaters & Nitriding,Normalize thermal stress at 550°C
4001001600,15202,MOVING PLATE TOGGLE - 200 TON (CASTING),4001001200,11202,MOVING PLATE TOGGLE - 90 TON (CASTING),5,GRD,Cylindrical & Precision Surface Grinding,1,VEN0000006,Sardar Cylindrical & Surface Grinding,Precision surface grind & rust preventive oil
4001002700,15203,END PLATE - 200 TON (CASTING),4001002300,11203,END PLATE - 90 TON (CASTING),1,MCH,VMC Heavy Face Milling & Edge Truing,2,VEN0000002,Apex Precision VMC Machinists,Rough & finish top/bottom platen face to 0.02mm flat
4001002700,15203,END PLATE - 200 TON (CASTING),4001002300,11203,END PLATE - 90 TON (CASTING),2,BOR,Precision CNC Boring (Tie Bar & Bush Bores),3,VEN0000002,Apex Precision VMC Machinists,Bore 4x Tie bar holes to H7 tolerance
4001002700,15203,END PLATE - 200 TON (CASTING),4001002300,11203,END PLATE - 90 TON (CASTING),3,DRL,CNC Drilling & Tapping (PCD Clamp Holes),1,VEN0000002,Apex Precision VMC Machinists,M16 mould clamp tapped holes as per drawing
4001002700,15203,END PLATE - 200 TON (CASTING),4001002300,11203,END PLATE - 90 TON (CASTING),4,HT,Stress Relieving & Normalizing Heat Treatment,2,VEN0000004,Gujarat Heat Treaters & Nitriding,Normalize thermal stress at 550°C
4001002700,15203,END PLATE - 200 TON (CASTING),4001002300,11203,END PLATE - 90 TON (CASTING),5,GRD,Cylindrical & Precision Surface Grinding,1,VEN0000006,Sardar Cylindrical & Surface Grinding,Precision surface grind & rust preventive oil
4001004000,15204,CROSS HEAD - 200 TON (CASTING),4001003600,11204,CROSS HEAD - 90 TON (CASTING),1,MCH,VMC Heavy Face Milling & Edge Truing,2,VEN0000002,Apex Precision VMC Machinists,Rough & finish top/bottom platen face to 0.02mm flat
4001004000,15204,CROSS HEAD - 200 TON (CASTING),4001003600,11204,CROSS HEAD - 90 TON (CASTING),2,BOR,Precision CNC Boring (Tie Bar & Bush Bores),3,VEN0000002,Apex Precision VMC Machinists,Bore 4x Tie bar holes to H7 tolerance
4001004000,15204,CROSS HEAD - 200 TON (CASTING),4001003600,11204,CROSS HEAD - 90 TON (CASTING),3,DRL,CNC Drilling & Tapping (PCD Clamp Holes),1,VEN0000002,Apex Precision VMC Machinists,M16 mould clamp tapped holes as per drawing
4001004000,15204,CROSS HEAD - 200 TON (CASTING),4001003600,11204,CROSS HEAD - 90 TON (CASTING),4,HT,Stress Relieving & Normalizing Heat Treatment,2,VEN0000004,Gujarat Heat Treaters & Nitriding,Normalize thermal stress at 550°C
4001004000,15204,CROSS HEAD - 200 TON (CASTING),4001003600,11204,CROSS HEAD - 90 TON (CASTING),5,GRD,Cylindrical & Precision Surface Grinding,1,VEN0000006,Sardar Cylindrical & Surface Grinding,Precision surface grind & rust preventive oil
4001004600,15207,CROSS HEAD LINK - 200 TON (CASTING),4001004200,11207,CROSS HEAD LINK - 90 TON (CASTING),1,MCH,VMC Heavy Face Milling & Edge Truing,2,VEN0000002,Apex Precision VMC Machinists,Rough & finish top/bottom platen face to 0.02mm flat
4001004600,15207,CROSS HEAD LINK - 200 TON (CASTING),4001004200,11207,CROSS HEAD LINK - 90 TON (CASTING),2,BOR,Precision CNC Boring (Tie Bar & Bush Bores),3,VEN0000002,Apex Precision VMC Machinists,Bore 4x Tie bar holes to H7 tolerance
4001004600,15207,CROSS HEAD LINK - 200 TON (CASTING),4001004200,11207,CROSS HEAD LINK - 90 TON (CASTING),3,DRL,CNC Drilling & Tapping (PCD Clamp Holes),1,VEN0000002,Apex Precision VMC Machinists,M16 mould clamp tapped holes as per drawing
4001004600,15207,CROSS HEAD LINK - 200 TON (CASTING),4001004200,11207,CROSS HEAD LINK - 90 TON (CASTING),4,HT,Stress Relieving & Normalizing Heat Treatment,2,VEN0000004,Gujarat Heat Treaters & Nitriding,Normalize thermal stress at 550°C
4001004600,15207,CROSS HEAD LINK - 200 TON (CASTING),4001004200,11207,CROSS HEAD LINK - 90 TON (CASTING),5,GRD,Cylindrical & Precision Surface Grinding,1,VEN0000006,Sardar Cylindrical & Surface Grinding,Precision surface grind & rust preventive oil
4001005200,15205,BINARY LINK - 200 TON (CASTING),4001004800,11205,BINARY LINK - 90 TON (CASTING),1,MCH,VMC Heavy Face Milling & Edge Truing,2,VEN0000002,Apex Precision VMC Machinists,Rough & finish top/bottom platen face to 0.02mm flat
4001005200,15205,BINARY LINK - 200 TON (CASTING),4001004800,11205,BINARY LINK - 90 TON (CASTING),2,BOR,Precision CNC Boring (Tie Bar & Bush Bores),3,VEN0000002,Apex Precision VMC Machinists,Bore 4x Tie bar holes to H7 tolerance
4001005200,15205,BINARY LINK - 200 TON (CASTING),4001004800,11205,BINARY LINK - 90 TON (CASTING),3,DRL,CNC Drilling & Tapping (PCD Clamp Holes),1,VEN0000002,Apex Precision VMC Machinists,M16 mould clamp tapped holes as per drawing
4001005200,15205,BINARY LINK - 200 TON (CASTING),4001004800,11205,BINARY LINK - 90 TON (CASTING),4,HT,Stress Relieving & Normalizing Heat Treatment,2,VEN0000004,Gujarat Heat Treaters & Nitriding,Normalize thermal stress at 550°C
4001005200,15205,BINARY LINK - 200 TON (CASTING),4001004800,11205,BINARY LINK - 90 TON (CASTING),5,GRD,Cylindrical & Precision Surface Grinding,1,VEN0000006,Sardar Cylindrical & Surface Grinding,Precision surface grind & rust preventive oil
4001005800,15206,TERNARY LINK - 200 TON (CASTING),4001005400,11206,TERNARY LINK - 90 TON (CASTING),1,MCH,VMC Heavy Face Milling & Edge Truing,2,VEN0000002,Apex Precision VMC Machinists,Rough & finish top/bottom platen face to 0.02mm flat
4001005800,15206,TERNARY LINK - 200 TON (CASTING),4001005400,11206,TERNARY LINK - 90 TON (CASTING),2,BOR,Precision CNC Boring (Tie Bar & Bush Bores),3,VEN0000002,Apex Precision VMC Machinists,Bore 4x Tie bar holes to H7 tolerance
4001005800,15206,TERNARY LINK - 200 TON (CASTING),4001005400,11206,TERNARY LINK - 90 TON (CASTING),3,DRL,CNC Drilling & Tapping (PCD Clamp Holes),1,VEN0000002,Apex Precision VMC Machinists,M16 mould clamp tapped holes as per drawing
4001005800,15206,TERNARY LINK - 200 TON (CASTING),4001005400,11206,TERNARY LINK - 90 TON (CASTING),4,HT,Stress Relieving & Normalizing Heat Treatment,2,VEN0000004,Gujarat Heat Treaters & Nitriding,Normalize thermal stress at 550°C
4001005800,15206,TERNARY LINK - 200 TON (CASTING),4001005400,11206,TERNARY LINK - 90 TON (CASTING),5,GRD,Cylindrical & Precision Surface Grinding,1,VEN0000006,Sardar Cylindrical & Surface Grinding,Precision surface grind & rust preventive oil
4001010400,,BARREL PLATE - 1520 (STOCK-280) (CASTING),4001009600,,BARREL PLATE - 280 (STOCK-150) (CASTING),1,MCH,VMC Heavy Face Milling & Edge Truing,2,VEN0000002,Apex Precision VMC Machinists,Rough & finish top/bottom platen face to 0.02mm flat
4001010400,,BARREL PLATE - 1520 (STOCK-280) (CASTING),4001009600,,BARREL PLATE - 280 (STOCK-150) (CASTING),2,BOR,Precision CNC Boring (Tie Bar & Bush Bores),3,VEN0000002,Apex Precision VMC Machinists,Bore 4x Tie bar holes to H7 tolerance
4001010400,,BARREL PLATE - 1520 (STOCK-280) (CASTING),4001009600,,BARREL PLATE - 280 (STOCK-150) (CASTING),3,DRL,CNC Drilling & Tapping (PCD Clamp Holes),1,VEN0000002,Apex Precision VMC Machinists,M16 mould clamp tapped holes as per drawing
4001010400,,BARREL PLATE - 1520 (STOCK-280) (CASTING),4001009600,,BARREL PLATE - 280 (STOCK-150) (CASTING),4,HT,Stress Relieving & Normalizing Heat Treatment,2,VEN0000004,Gujarat Heat Treaters & Nitriding,Normalize thermal stress at 550°C
4001010400,,BARREL PLATE - 1520 (STOCK-280) (CASTING),4001009600,,BARREL PLATE - 280 (STOCK-150) (CASTING),5,GRD,Cylindrical & Precision Surface Grinding,1,VEN0000006,Sardar Cylindrical & Surface Grinding,Precision surface grind & rust preventive oil
4001006100,,MOVING PLATE SLIDING BLOCK - 200 TON (CASTING),4001006000,,MOVING PLATE SLIDING BLOCK - 140 TON (CASTING),1,MCH,VMC Heavy Face Milling & Edge Truing,2,VEN0000002,Apex Precision VMC Machinists,Rough & finish top/bottom platen face to 0.02mm flat
4001006100,,MOVING PLATE SLIDING BLOCK - 200 TON (CASTING),4001006000,,MOVING PLATE SLIDING BLOCK - 140 TON (CASTING),2,BOR,Precision CNC Boring (Tie Bar & Bush Bores),3,VEN0000002,Apex Precision VMC Machinists,Bore 4x Tie bar holes to H7 tolerance
4001006100,,MOVING PLATE SLIDING BLOCK - 200 TON (CASTING),4001006000,,MOVING PLATE SLIDING BLOCK - 140 TON (CASTING),3,DRL,CNC Drilling & Tapping (PCD Clamp Holes),1,VEN0000002,Apex Precision VMC Machinists,M16 mould clamp tapped holes as per drawing
4001006100,,MOVING PLATE SLIDING BLOCK - 200 TON (CASTING),4001006000,,MOVING PLATE SLIDING BLOCK - 140 TON (CASTING),4,HT,Stress Relieving & Normalizing Heat Treatment,2,VEN0000004,Gujarat Heat Treaters & Nitriding,Normalize thermal stress at 550°C
4001006100,,MOVING PLATE SLIDING BLOCK - 200 TON (CASTING),4001006000,,MOVING PLATE SLIDING BLOCK - 140 TON (CASTING),5,GRD,Cylindrical & Precision Surface Grinding,1,VEN0000006,Sardar Cylindrical & Surface Grinding,Precision surface grind & rust preventive oil
4001010600,,BARREL PLATE - 2350 (STOCK-315) (CASTING),4001009600,,BARREL PLATE - 280 (STOCK-150) (CASTING),1,MCH,VMC Heavy Face Milling & Edge Truing,2,VEN0000002,Apex Precision VMC Machinists,Rough & finish top/bottom platen face to 0.02mm flat
4001010600,,BARREL PLATE - 2350 (STOCK-315) (CASTING),4001009600,,BARREL PLATE - 280 (STOCK-150) (CASTING),2,BOR,Precision CNC Boring (Tie Bar & Bush Bores),3,VEN0000002,Apex Precision VMC Machinists,Bore 4x Tie bar holes to H7 tolerance
4001010600,,BARREL PLATE - 2350 (STOCK-315) (CASTING),4001009600,,BARREL PLATE - 280 (STOCK-150) (CASTING),3,DRL,CNC Drilling & Tapping (PCD Clamp Holes),1,VEN0000002,Apex Precision VMC Machinists,M16 mould clamp tapped holes as per drawing
4001010600,,BARREL PLATE - 2350 (STOCK-315) (CASTING),4001009600,,BARREL PLATE - 280 (STOCK-150) (CASTING),4,HT,Stress Relieving & Normalizing Heat Treatment,2,VEN0000004,Gujarat Heat Treaters & Nitriding,Normalize thermal stress at 550°C
4001010600,,BARREL PLATE - 2350 (STOCK-315) (CASTING),4001009600,,BARREL PLATE - 280 (STOCK-150) (CASTING),5,GRD,Cylindrical & Precision Surface Grinding,1,VEN0000006,Sardar Cylindrical & Surface Grinding,Precision surface grind & rust preventive oil
2000300300,B-10003,SCREW BARREL ASSY - 40-280,,,SCREW BARREL ASSY - 40-280 (CASTING/RAW MATERIAL),1,MCH,VMC Heavy Face Milling & Edge Truing,2,VEN0000002,Apex Precision VMC Machinists,Rough & finish top/bottom platen face to 0.02mm flat
2000300300,B-10003,SCREW BARREL ASSY - 40-280,,,SCREW BARREL ASSY - 40-280 (CASTING/RAW MATERIAL),2,BOR,Precision CNC Boring (Tie Bar & Bush Bores),3,VEN0000002,Apex Precision VMC Machinists,Bore 4x Tie bar holes to H7 tolerance
2000300300,B-10003,SCREW BARREL ASSY - 40-280,,,SCREW BARREL ASSY - 40-280 (CASTING/RAW MATERIAL),3,DRL,CNC Drilling & Tapping (PCD Clamp Holes),1,VEN0000002,Apex Precision VMC Machinists,M16 mould clamp tapped holes as per drawing
2000300300,B-10003,SCREW BARREL ASSY - 40-280,,,SCREW BARREL ASSY - 40-280 (CASTING/RAW MATERIAL),4,HT,Stress Relieving & Normalizing Heat Treatment,2,VEN0000004,Gujarat Heat Treaters & Nitriding,Normalize thermal stress at 550°C
2000300300,B-10003,SCREW BARREL ASSY - 40-280,,,SCREW BARREL ASSY - 40-280 (CASTING/RAW MATERIAL),5,GRD,Cylindrical & Precision Surface Grinding,1,VEN0000006,Sardar Cylindrical & Surface Grinding,Precision surface grind & rust preventive oil
3000001000,A-10347,LOCKING UNIT LINEAR MTG BRACKET - 90 TON,,,LOCKING UNIT LINEAR MTG BRACKET - 90 TON (CASTING/RAW MATERIAL),1,MCH,VMC Heavy Face Milling & Edge Truing,2,VEN0000002,Apex Precision VMC Machinists,Rough & finish top/bottom platen face to 0.02mm flat
3000001000,A-10347,LOCKING UNIT LINEAR MTG BRACKET - 90 TON,,,LOCKING UNIT LINEAR MTG BRACKET - 90 TON (CASTING/RAW MATERIAL),2,BOR,Precision CNC Boring (Tie Bar & Bush Bores),3,VEN0000002,Apex Precision VMC Machinists,Bore 4x Tie bar holes to H7 tolerance
3000001000,A-10347,LOCKING UNIT LINEAR MTG BRACKET - 90 TON,,,LOCKING UNIT LINEAR MTG BRACKET - 90 TON (CASTING/RAW MATERIAL),3,DRL,CNC Drilling & Tapping (PCD Clamp Holes),1,VEN0000002,Apex Precision VMC Machinists,M16 mould clamp tapped holes as per drawing
3000001000,A-10347,LOCKING UNIT LINEAR MTG BRACKET - 90 TON,,,LOCKING UNIT LINEAR MTG BRACKET - 90 TON (CASTING/RAW MATERIAL),4,HT,Stress Relieving & Normalizing Heat Treatment,2,VEN0000004,Gujarat Heat Treaters & Nitriding,Normalize thermal stress at 550°C
3000001000,A-10347,LOCKING UNIT LINEAR MTG BRACKET - 90 TON,,,LOCKING UNIT LINEAR MTG BRACKET - 90 TON (CASTING/RAW MATERIAL),5,GRD,Cylindrical & Precision Surface Grinding,1,VEN0000006,Sardar Cylindrical & Surface Grinding,Precision surface grind & rust preventive oil
4110006300,A-10352,INJECTION MANIFOLD - NG10,,,INJECTION MANIFOLD - NG10 (CASTING/RAW MATERIAL),1,MCH,VMC Heavy Face Milling & Edge Truing,2,VEN0000002,Apex Precision VMC Machinists,Rough & finish top/bottom platen face to 0.02mm flat
4110006300,A-10352,INJECTION MANIFOLD - NG10,,,INJECTION MANIFOLD - NG10 (CASTING/RAW MATERIAL),2,BOR,Precision CNC Boring (Tie Bar & Bush Bores),3,VEN0000002,Apex Precision VMC Machinists,Bore 4x Tie bar holes to H7 tolerance
4110006300,A-10352,INJECTION MANIFOLD - NG10,,,INJECTION MANIFOLD - NG10 (CASTING/RAW MATERIAL),3,DRL,CNC Drilling & Tapping (PCD Clamp Holes),1,VEN0000002,Apex Precision VMC Machinists,M16 mould clamp tapped holes as per drawing
4110006300,A-10352,INJECTION MANIFOLD - NG10,,,INJECTION MANIFOLD - NG10 (CASTING/RAW MATERIAL),4,HT,Stress Relieving & Normalizing Heat Treatment,2,VEN0000004,Gujarat Heat Treaters & Nitriding,Normalize thermal stress at 550°C
4110006300,A-10352,INJECTION MANIFOLD - NG10,,,INJECTION MANIFOLD - NG10 (CASTING/RAW MATERIAL),5,GRD,Cylindrical & Precision Surface Grinding,1,VEN0000006,Sardar Cylindrical & Surface Grinding,Precision surface grind & rust preventive oil
4110006400,A-11197,LOCKING MANIFOLD NG10-NG6-NG6,,,LOCKING MANIFOLD NG10-NG6-NG6 (CASTING/RAW MATERIAL),1,MCH,VMC Heavy Face Milling & Edge Truing,2,VEN0000002,Apex Precision VMC Machinists,Rough & finish top/bottom platen face to 0.02mm flat
4110006400,A-11197,LOCKING MANIFOLD NG10-NG6-NG6,,,LOCKING MANIFOLD NG10-NG6-NG6 (CASTING/RAW MATERIAL),2,BOR,Precision CNC Boring (Tie Bar & Bush Bores),3,VEN0000002,Apex Precision VMC Machinists,Bore 4x Tie bar holes to H7 tolerance
4110006400,A-11197,LOCKING MANIFOLD NG10-NG6-NG6,,,LOCKING MANIFOLD NG10-NG6-NG6 (CASTING/RAW MATERIAL),3,DRL,CNC Drilling & Tapping (PCD Clamp Holes),1,VEN0000002,Apex Precision VMC Machinists,M16 mould clamp tapped holes as per drawing
4110006400,A-11197,LOCKING MANIFOLD NG10-NG6-NG6,,,LOCKING MANIFOLD NG10-NG6-NG6 (CASTING/RAW MATERIAL),4,HT,Stress Relieving & Normalizing Heat Treatment,2,VEN0000004,Gujarat Heat Treaters & Nitriding,Normalize thermal stress at 550°C
4110006400,A-11197,LOCKING MANIFOLD NG10-NG6-NG6,,,LOCKING MANIFOLD NG10-NG6-NG6 (CASTING/RAW MATERIAL),5,GRD,Cylindrical & Precision Surface Grinding,1,VEN0000006,Sardar Cylindrical & Surface Grinding,Precision surface grind & rust preventive oil
4110006500,A-10355,EJECTOR MANIFOLD NG6,,,EJECTOR MANIFOLD NG6 (CASTING/RAW MATERIAL),1,MCH,VMC Heavy Face Milling & Edge Truing,2,VEN0000002,Apex Precision VMC Machinists,Rough & finish top/bottom platen face to 0.02mm flat
4110006500,A-10355,EJECTOR MANIFOLD NG6,,,EJECTOR MANIFOLD NG6 (CASTING/RAW MATERIAL),2,BOR,Precision CNC Boring (Tie Bar & Bush Bores),3,VEN0000002,Apex Precision VMC Machinists,Bore 4x Tie bar holes to H7 tolerance
4110006500,A-10355,EJECTOR MANIFOLD NG6,,,EJECTOR MANIFOLD NG6 (CASTING/RAW MATERIAL),3,DRL,CNC Drilling & Tapping (PCD Clamp Holes),1,VEN0000002,Apex Precision VMC Machinists,M16 mould clamp tapped holes as per drawing
4110006500,A-10355,EJECTOR MANIFOLD NG6,,,EJECTOR MANIFOLD NG6 (CASTING/RAW MATERIAL),4,HT,Stress Relieving & Normalizing Heat Treatment,2,VEN0000004,Gujarat Heat Treaters & Nitriding,Normalize thermal stress at 550°C
4110006500,A-10355,EJECTOR MANIFOLD NG6,,,EJECTOR MANIFOLD NG6 (CASTING/RAW MATERIAL),5,GRD,Cylindrical & Precision Surface Grinding,1,VEN0000006,Sardar Cylindrical & Surface Grinding,Precision surface grind & rust preventive oil
4110006600,A-10351,PRESSURE MANIFOLD BG06,,,PRESSURE MANIFOLD BG06 (CASTING/RAW MATERIAL),1,MCH,VMC Heavy Face Milling & Edge Truing,2,VEN0000002,Apex Precision VMC Machinists,Rough & finish top/bottom platen face to 0.02mm flat
4110006600,A-10351,PRESSURE MANIFOLD BG06,,,PRESSURE MANIFOLD BG06 (CASTING/RAW MATERIAL),2,BOR,Precision CNC Boring (Tie Bar & Bush Bores),3,VEN0000002,Apex Precision VMC Machinists,Bore 4x Tie bar holes to H7 tolerance
4110006600,A-10351,PRESSURE MANIFOLD BG06,,,PRESSURE MANIFOLD BG06 (CASTING/RAW MATERIAL),3,DRL,CNC Drilling & Tapping (PCD Clamp Holes),1,VEN0000002,Apex Precision VMC Machinists,M16 mould clamp tapped holes as per drawing
4110006600,A-10351,PRESSURE MANIFOLD BG06,,,PRESSURE MANIFOLD BG06 (CASTING/RAW MATERIAL),4,HT,Stress Relieving & Normalizing Heat Treatment,2,VEN0000004,Gujarat Heat Treaters & Nitriding,Normalize thermal stress at 550°C
4110006600,A-10351,PRESSURE MANIFOLD BG06,,,PRESSURE MANIFOLD BG06 (CASTING/RAW MATERIAL),5,GRD,Cylindrical & Precision Surface Grinding,1,VEN0000006,Sardar Cylindrical & Surface Grinding,Precision surface grind & rust preventive oil
4110006700,A-10795,EJECTOR ROD - 90 TON,,,EJECTOR ROD - 90 TON (CASTING/RAW MATERIAL),1,MCH,VMC Heavy Face Milling & Edge Truing,2,VEN0000002,Apex Precision VMC Machinists,Rough & finish top/bottom platen face to 0.02mm flat
4110006700,A-10795,EJECTOR ROD - 90 TON,,,EJECTOR ROD - 90 TON (CASTING/RAW MATERIAL),2,BOR,Precision CNC Boring (Tie Bar & Bush Bores),3,VEN0000002,Apex Precision VMC Machinists,Bore 4x Tie bar holes to H7 tolerance
4110006700,A-10795,EJECTOR ROD - 90 TON,,,EJECTOR ROD - 90 TON (CASTING/RAW MATERIAL),3,DRL,CNC Drilling & Tapping (PCD Clamp Holes),1,VEN0000002,Apex Precision VMC Machinists,M16 mould clamp tapped holes as per drawing
4110006700,A-10795,EJECTOR ROD - 90 TON,,,EJECTOR ROD - 90 TON (CASTING/RAW MATERIAL),4,HT,Stress Relieving & Normalizing Heat Treatment,2,VEN0000004,Gujarat Heat Treaters & Nitriding,Normalize thermal stress at 550°C
4110006700,A-10795,EJECTOR ROD - 90 TON,,,EJECTOR ROD - 90 TON (CASTING/RAW MATERIAL),5,GRD,Cylindrical & Precision Surface Grinding,1,VEN0000006,Sardar Cylindrical & Surface Grinding,Precision surface grind & rust preventive oil
4110006800,A-10118,NOZZLE CYLINDER EXTENSION ROD 90-280,,,NOZZLE CYLINDER EXTENSION ROD 90-280 (CASTING/RAW MATERIAL),1,MCH,VMC Heavy Face Milling & Edge Truing,2,VEN0000002,Apex Precision VMC Machinists,Rough & finish top/bottom platen face to 0.02mm flat
4110006800,A-10118,NOZZLE CYLINDER EXTENSION ROD 90-280,,,NOZZLE CYLINDER EXTENSION ROD 90-280 (CASTING/RAW MATERIAL),2,BOR,Precision CNC Boring (Tie Bar & Bush Bores),3,VEN0000002,Apex Precision VMC Machinists,Bore 4x Tie bar holes to H7 tolerance
4110006800,A-10118,NOZZLE CYLINDER EXTENSION ROD 90-280,,,NOZZLE CYLINDER EXTENSION ROD 90-280 (CASTING/RAW MATERIAL),3,DRL,CNC Drilling & Tapping (PCD Clamp Holes),1,VEN0000002,Apex Precision VMC Machinists,M16 mould clamp tapped holes as per drawing
4110006800,A-10118,NOZZLE CYLINDER EXTENSION ROD 90-280,,,NOZZLE CYLINDER EXTENSION ROD 90-280 (CASTING/RAW MATERIAL),4,HT,Stress Relieving & Normalizing Heat Treatment,2,VEN0000004,Gujarat Heat Treaters & Nitriding,Normalize thermal stress at 550°C
4110006800,A-10118,NOZZLE CYLINDER EXTENSION ROD 90-280,,,NOZZLE CYLINDER EXTENSION ROD 90-280 (CASTING/RAW MATERIAL),5,GRD,Cylindrical & Precision Surface Grinding,1,VEN0000006,Sardar Cylindrical & Surface Grinding,Precision surface grind & rust preventive oil
4110006900,A-10115,NOZZLE CYLINDER EXTENSION ROD MTG,,,NOZZLE CYLINDER EXTENSION ROD MTG (CASTING/RAW MATERIAL),1,MCH,VMC Heavy Face Milling & Edge Truing,2,VEN0000002,Apex Precision VMC Machinists,Rough & finish top/bottom platen face to 0.02mm flat
4110006900,A-10115,NOZZLE CYLINDER EXTENSION ROD MTG,,,NOZZLE CYLINDER EXTENSION ROD MTG (CASTING/RAW MATERIAL),2,BOR,Precision CNC Boring (Tie Bar & Bush Bores),3,VEN0000002,Apex Precision VMC Machinists,Bore 4x Tie bar holes to H7 tolerance
4110006900,A-10115,NOZZLE CYLINDER EXTENSION ROD MTG,,,NOZZLE CYLINDER EXTENSION ROD MTG (CASTING/RAW MATERIAL),3,DRL,CNC Drilling & Tapping (PCD Clamp Holes),1,VEN0000002,Apex Precision VMC Machinists,M16 mould clamp tapped holes as per drawing
4110006900,A-10115,NOZZLE CYLINDER EXTENSION ROD MTG,,,NOZZLE CYLINDER EXTENSION ROD MTG (CASTING/RAW MATERIAL),4,HT,Stress Relieving & Normalizing Heat Treatment,2,VEN0000004,Gujarat Heat Treaters & Nitriding,Normalize thermal stress at 550°C
4110006900,A-10115,NOZZLE CYLINDER EXTENSION ROD MTG,,,NOZZLE CYLINDER EXTENSION ROD MTG (CASTING/RAW MATERIAL),5,GRD,Cylindrical & Precision Surface Grinding,1,VEN0000006,Sardar Cylindrical & Surface Grinding,Precision surface grind & rust preventive oil
4110007000,A-10116,NOZZLE CYLINDER EXTENSION ROD MTG BUSH,,,NOZZLE CYLINDER EXTENSION ROD MTG BUSH (CASTING/RAW MATERIAL),1,MCH,VMC Heavy Face Milling & Edge Truing,2,VEN0000002,Apex Precision VMC Machinists,Rough & finish top/bottom platen face to 0.02mm flat
4110007000,A-10116,NOZZLE CYLINDER EXTENSION ROD MTG BUSH,,,NOZZLE CYLINDER EXTENSION ROD MTG BUSH (CASTING/RAW MATERIAL),2,BOR,Precision CNC Boring (Tie Bar & Bush Bores),3,VEN0000002,Apex Precision VMC Machinists,Bore 4x Tie bar holes to H7 tolerance
4110007000,A-10116,NOZZLE CYLINDER EXTENSION ROD MTG BUSH,,,NOZZLE CYLINDER EXTENSION ROD MTG BUSH (CASTING/RAW MATERIAL),3,DRL,CNC Drilling & Tapping (PCD Clamp Holes),1,VEN0000002,Apex Precision VMC Machinists,M16 mould clamp tapped holes as per drawing
4110007000,A-10116,NOZZLE CYLINDER EXTENSION ROD MTG BUSH,,,NOZZLE CYLINDER EXTENSION ROD MTG BUSH (CASTING/RAW MATERIAL),4,HT,Stress Relieving & Normalizing Heat Treatment,2,VEN0000004,Gujarat Heat Treaters & Nitriding,Normalize thermal stress at 550°C
4110007000,A-10116,NOZZLE CYLINDER EXTENSION ROD MTG BUSH,,,NOZZLE CYLINDER EXTENSION ROD MTG BUSH (CASTING/RAW MATERIAL),5,GRD,Cylindrical & Precision Surface Grinding,1,VEN0000006,Sardar Cylindrical & Surface Grinding,Precision surface grind & rust preventive oil
4110007100,A-10348,NOZZLE CYLINDER STOP LIMIT SWITCH OPERATING PIN,,,NOZZLE CYLINDER STOP LIMIT SWITCH OPERATING PIN (CASTING/RAW MATERIAL),1,MCH,VMC Heavy Face Milling & Edge Truing,2,VEN0000002,Apex Precision VMC Machinists,Rough & finish top/bottom platen face to 0.02mm flat
4110007100,A-10348,NOZZLE CYLINDER STOP LIMIT SWITCH OPERATING PIN,,,NOZZLE CYLINDER STOP LIMIT SWITCH OPERATING PIN (CASTING/RAW MATERIAL),2,BOR,Precision CNC Boring (Tie Bar & Bush Bores),3,VEN0000002,Apex Precision VMC Machinists,Bore 4x Tie bar holes to H7 tolerance
4110007100,A-10348,NOZZLE CYLINDER STOP LIMIT SWITCH OPERATING PIN,,,NOZZLE CYLINDER STOP LIMIT SWITCH OPERATING PIN (CASTING/RAW MATERIAL),3,DRL,CNC Drilling & Tapping (PCD Clamp Holes),1,VEN0000002,Apex Precision VMC Machinists,M16 mould clamp tapped holes as per drawing
4110007100,A-10348,NOZZLE CYLINDER STOP LIMIT SWITCH OPERATING PIN,,,NOZZLE CYLINDER STOP LIMIT SWITCH OPERATING PIN (CASTING/RAW MATERIAL),4,HT,Stress Relieving & Normalizing Heat Treatment,2,VEN0000004,Gujarat Heat Treaters & Nitriding,Normalize thermal stress at 550°C
4110007100,A-10348,NOZZLE CYLINDER STOP LIMIT SWITCH OPERATING PIN,,,NOZZLE CYLINDER STOP LIMIT SWITCH OPERATING PIN (CASTING/RAW MATERIAL),5,GRD,Cylindrical & Precision Surface Grinding,1,VEN0000006,Sardar Cylindrical & Surface Grinding,Precision surface grind & rust preventive oil
4110007200,A-10349,NOZZLE CYLINDER STOP SLIDER,,,NOZZLE CYLINDER STOP SLIDER (CASTING/RAW MATERIAL),1,MCH,VMC Heavy Face Milling & Edge Truing,2,VEN0000002,Apex Precision VMC Machinists,Rough & finish top/bottom platen face to 0.02mm flat
4110007200,A-10349,NOZZLE CYLINDER STOP SLIDER,,,NOZZLE CYLINDER STOP SLIDER (CASTING/RAW MATERIAL),2,BOR,Precision CNC Boring (Tie Bar & Bush Bores),3,VEN0000002,Apex Precision VMC Machinists,Bore 4x Tie bar holes to H7 tolerance
4110007200,A-10349,NOZZLE CYLINDER STOP SLIDER,,,NOZZLE CYLINDER STOP SLIDER (CASTING/RAW MATERIAL),3,DRL,CNC Drilling & Tapping (PCD Clamp Holes),1,VEN0000002,Apex Precision VMC Machinists,M16 mould clamp tapped holes as per drawing
4110007200,A-10349,NOZZLE CYLINDER STOP SLIDER,,,NOZZLE CYLINDER STOP SLIDER (CASTING/RAW MATERIAL),4,HT,Stress Relieving & Normalizing Heat Treatment,2,VEN0000004,Gujarat Heat Treaters & Nitriding,Normalize thermal stress at 550°C
4110007200,A-10349,NOZZLE CYLINDER STOP SLIDER,,,NOZZLE CYLINDER STOP SLIDER (CASTING/RAW MATERIAL),5,GRD,Cylindrical & Precision Surface Grinding,1,VEN0000006,Sardar Cylindrical & Surface Grinding,Precision surface grind & rust preventive oil
4110007300,A-12014,INJECTION UNIT SETTING BLOCK,,,INJECTION UNIT SETTING BLOCK (CASTING/RAW MATERIAL),1,MCH,VMC Heavy Face Milling & Edge Truing,2,VEN0000002,Apex Precision VMC Machinists,Rough & finish top/bottom platen face to 0.02mm flat
4110007300,A-12014,INJECTION UNIT SETTING BLOCK,,,INJECTION UNIT SETTING BLOCK (CASTING/RAW MATERIAL),2,BOR,Precision CNC Boring (Tie Bar & Bush Bores),3,VEN0000002,Apex Precision VMC Machinists,Bore 4x Tie bar holes to H7 tolerance
4110007300,A-12014,INJECTION UNIT SETTING BLOCK,,,INJECTION UNIT SETTING BLOCK (CASTING/RAW MATERIAL),3,DRL,CNC Drilling & Tapping (PCD Clamp Holes),1,VEN0000002,Apex Precision VMC Machinists,M16 mould clamp tapped holes as per drawing
4110007300,A-12014,INJECTION UNIT SETTING BLOCK,,,INJECTION UNIT SETTING BLOCK (CASTING/RAW MATERIAL),4,HT,Stress Relieving & Normalizing Heat Treatment,2,VEN0000004,Gujarat Heat Treaters & Nitriding,Normalize thermal stress at 550°C
4110007300,A-12014,INJECTION UNIT SETTING BLOCK,,,INJECTION UNIT SETTING BLOCK (CASTING/RAW MATERIAL),5,GRD,Cylindrical & Precision Surface Grinding,1,VEN0000006,Sardar Cylindrical & Surface Grinding,Precision surface grind & rust preventive oil
4110007400,A-10011,INJECTION FRAME MTG BOLT M27 X 35LG,,,INJECTION FRAME MTG BOLT M27 X 35LG (CASTING/RAW MATERIAL),1,MCH,VMC Heavy Face Milling & Edge Truing,2,VEN0000002,Apex Precision VMC Machinists,Rough & finish top/bottom platen face to 0.02mm flat
4110007400,A-10011,INJECTION FRAME MTG BOLT M27 X 35LG,,,INJECTION FRAME MTG BOLT M27 X 35LG (CASTING/RAW MATERIAL),2,BOR,Precision CNC Boring (Tie Bar & Bush Bores),3,VEN0000002,Apex Precision VMC Machinists,Bore 4x Tie bar holes to H7 tolerance
4110007400,A-10011,INJECTION FRAME MTG BOLT M27 X 35LG,,,INJECTION FRAME MTG BOLT M27 X 35LG (CASTING/RAW MATERIAL),3,DRL,CNC Drilling & Tapping (PCD Clamp Holes),1,VEN0000002,Apex Precision VMC Machinists,M16 mould clamp tapped holes as per drawing
4110007400,A-10011,INJECTION FRAME MTG BOLT M27 X 35LG,,,INJECTION FRAME MTG BOLT M27 X 35LG (CASTING/RAW MATERIAL),4,HT,Stress Relieving & Normalizing Heat Treatment,2,VEN0000004,Gujarat Heat Treaters & Nitriding,Normalize thermal stress at 550°C
4110007400,A-10011,INJECTION FRAME MTG BOLT M27 X 35LG,,,INJECTION FRAME MTG BOLT M27 X 35LG (CASTING/RAW MATERIAL),5,GRD,Cylindrical & Precision Surface Grinding,1,VEN0000006,Sardar Cylindrical & Surface Grinding,Precision surface grind & rust preventive oil
4110007500,A-10588,INJECTION GUARD MTG STUD,,,INJECTION GUARD MTG STUD (CASTING/RAW MATERIAL),1,MCH,VMC Heavy Face Milling & Edge Truing,2,VEN0000002,Apex Precision VMC Machinists,Rough & finish top/bottom platen face to 0.02mm flat
4110007500,A-10588,INJECTION GUARD MTG STUD,,,INJECTION GUARD MTG STUD (CASTING/RAW MATERIAL),2,BOR,Precision CNC Boring (Tie Bar & Bush Bores),3,VEN0000002,Apex Precision VMC Machinists,Bore 4x Tie bar holes to H7 tolerance
4110007500,A-10588,INJECTION GUARD MTG STUD,,,INJECTION GUARD MTG STUD (CASTING/RAW MATERIAL),3,DRL,CNC Drilling & Tapping (PCD Clamp Holes),1,VEN0000002,Apex Precision VMC Machinists,M16 mould clamp tapped holes as per drawing
4110007500,A-10588,INJECTION GUARD MTG STUD,,,INJECTION GUARD MTG STUD (CASTING/RAW MATERIAL),4,HT,Stress Relieving & Normalizing Heat Treatment,2,VEN0000004,Gujarat Heat Treaters & Nitriding,Normalize thermal stress at 550°C
4110007500,A-10588,INJECTION GUARD MTG STUD,,,INJECTION GUARD MTG STUD (CASTING/RAW MATERIAL),5,GRD,Cylindrical & Precision Surface Grinding,1,VEN0000006,Sardar Cylindrical & Surface Grinding,Precision surface grind & rust preventive oil
4110007600,A-10800,CROSS HEAD LIMIT SWITCH OPERATING PIN-90,,,CROSS HEAD LIMIT SWITCH OPERATING PIN-90 (CASTING/RAW MATERIAL),1,MCH,VMC Heavy Face Milling & Edge Truing,2,VEN0000002,Apex Precision VMC Machinists,Rough & finish top/bottom platen face to 0.02mm flat
4110007600,A-10800,CROSS HEAD LIMIT SWITCH OPERATING PIN-90,,,CROSS HEAD LIMIT SWITCH OPERATING PIN-90 (CASTING/RAW MATERIAL),2,BOR,Precision CNC Boring (Tie Bar & Bush Bores),3,VEN0000002,Apex Precision VMC Machinists,Bore 4x Tie bar holes to H7 tolerance
4110007600,A-10800,CROSS HEAD LIMIT SWITCH OPERATING PIN-90,,,CROSS HEAD LIMIT SWITCH OPERATING PIN-90 (CASTING/RAW MATERIAL),3,DRL,CNC Drilling & Tapping (PCD Clamp Holes),1,VEN0000002,Apex Precision VMC Machinists,M16 mould clamp tapped holes as per drawing
4110007600,A-10800,CROSS HEAD LIMIT SWITCH OPERATING PIN-90,,,CROSS HEAD LIMIT SWITCH OPERATING PIN-90 (CASTING/RAW MATERIAL),4,HT,Stress Relieving & Normalizing Heat Treatment,2,VEN0000004,Gujarat Heat Treaters & Nitriding,Normalize thermal stress at 550°C
4110007600,A-10800,CROSS HEAD LIMIT SWITCH OPERATING PIN-90,,,CROSS HEAD LIMIT SWITCH OPERATING PIN-90 (CASTING/RAW MATERIAL),5,GRD,Cylindrical & Precision Surface Grinding,1,VEN0000006,Sardar Cylindrical & Surface Grinding,Precision surface grind & rust preventive oil
4110007700,A-10350,MOLD HEIGHT STOP LIMIT SWITCH OPERATING PIN-90 TON,,,MOLD HEIGHT STOP LIMIT SWITCH OPERATING PIN-90 TON (CASTING/RAW MATERIAL),1,MCH,VMC Heavy Face Milling & Edge Truing,2,VEN0000002,Apex Precision VMC Machinists,Rough & finish top/bottom platen face to 0.02mm flat
4110007700,A-10350,MOLD HEIGHT STOP LIMIT SWITCH OPERATING PIN-90 TON,,,MOLD HEIGHT STOP LIMIT SWITCH OPERATING PIN-90 TON (CASTING/RAW MATERIAL),2,BOR,Precision CNC Boring (Tie Bar & Bush Bores),3,VEN0000002,Apex Precision VMC Machinists,Bore 4x Tie bar holes to H7 tolerance
4110007700,A-10350,MOLD HEIGHT STOP LIMIT SWITCH OPERATING PIN-90 TON,,,MOLD HEIGHT STOP LIMIT SWITCH OPERATING PIN-90 TON (CASTING/RAW MATERIAL),3,DRL,CNC Drilling & Tapping (PCD Clamp Holes),1,VEN0000002,Apex Precision VMC Machinists,M16 mould clamp tapped holes as per drawing
4110007700,A-10350,MOLD HEIGHT STOP LIMIT SWITCH OPERATING PIN-90 TON,,,MOLD HEIGHT STOP LIMIT SWITCH OPERATING PIN-90 TON (CASTING/RAW MATERIAL),4,HT,Stress Relieving & Normalizing Heat Treatment,2,VEN0000004,Gujarat Heat Treaters & Nitriding,Normalize thermal stress at 550°C
4110007700,A-10350,MOLD HEIGHT STOP LIMIT SWITCH OPERATING PIN-90 TON,,,MOLD HEIGHT STOP LIMIT SWITCH OPERATING PIN-90 TON (CASTING/RAW MATERIAL),5,GRD,Cylindrical & Precision Surface Grinding,1,VEN0000006,Sardar Cylindrical & Surface Grinding,Precision surface grind & rust preventive oil
4110007800,A-10385,INJECTION MANIFOLD MTG PLATE - 280,,,INJECTION MANIFOLD MTG PLATE - 280 (CASTING/RAW MATERIAL),1,MCH,VMC Heavy Face Milling & Edge Truing,2,VEN0000002,Apex Precision VMC Machinists,Rough & finish top/bottom platen face to 0.02mm flat
4110007800,A-10385,INJECTION MANIFOLD MTG PLATE - 280,,,INJECTION MANIFOLD MTG PLATE - 280 (CASTING/RAW MATERIAL),2,BOR,Precision CNC Boring (Tie Bar & Bush Bores),3,VEN0000002,Apex Precision VMC Machinists,Bore 4x Tie bar holes to H7 tolerance
4110007800,A-10385,INJECTION MANIFOLD MTG PLATE - 280,,,INJECTION MANIFOLD MTG PLATE - 280 (CASTING/RAW MATERIAL),3,DRL,CNC Drilling & Tapping (PCD Clamp Holes),1,VEN0000002,Apex Precision VMC Machinists,M16 mould clamp tapped holes as per drawing
4110007800,A-10385,INJECTION MANIFOLD MTG PLATE - 280,,,INJECTION MANIFOLD MTG PLATE - 280 (CASTING/RAW MATERIAL),4,HT,Stress Relieving & Normalizing Heat Treatment,2,VEN0000004,Gujarat Heat Treaters & Nitriding,Normalize thermal stress at 550°C
4110007800,A-10385,INJECTION MANIFOLD MTG PLATE - 280,,,INJECTION MANIFOLD MTG PLATE - 280 (CASTING/RAW MATERIAL),5,GRD,Cylindrical & Precision Surface Grinding,1,VEN0000006,Sardar Cylindrical & Surface Grinding,Precision surface grind & rust preventive oil
4110007900,A-10386,INJECTION MANIFOLD MTG STRIP - 280,,,INJECTION MANIFOLD MTG STRIP - 280 (CASTING/RAW MATERIAL),1,MCH,VMC Heavy Face Milling & Edge Truing,2,VEN0000002,Apex Precision VMC Machinists,Rough & finish top/bottom platen face to 0.02mm flat
4110007900,A-10386,INJECTION MANIFOLD MTG STRIP - 280,,,INJECTION MANIFOLD MTG STRIP - 280 (CASTING/RAW MATERIAL),2,BOR,Precision CNC Boring (Tie Bar & Bush Bores),3,VEN0000002,Apex Precision VMC Machinists,Bore 4x Tie bar holes to H7 tolerance
4110007900,A-10386,INJECTION MANIFOLD MTG STRIP - 280,,,INJECTION MANIFOLD MTG STRIP - 280 (CASTING/RAW MATERIAL),3,DRL,CNC Drilling & Tapping (PCD Clamp Holes),1,VEN0000002,Apex Precision VMC Machinists,M16 mould clamp tapped holes as per drawing
4110007900,A-10386,INJECTION MANIFOLD MTG STRIP - 280,,,INJECTION MANIFOLD MTG STRIP - 280 (CASTING/RAW MATERIAL),4,HT,Stress Relieving & Normalizing Heat Treatment,2,VEN0000004,Gujarat Heat Treaters & Nitriding,Normalize thermal stress at 550°C
4110007900,A-10386,INJECTION MANIFOLD MTG STRIP - 280,,,INJECTION MANIFOLD MTG STRIP - 280 (CASTING/RAW MATERIAL),5,GRD,Cylindrical & Precision Surface Grinding,1,VEN0000006,Sardar Cylindrical & Surface Grinding,Precision surface grind & rust preventive oil
4110008000,A-12035,GREASE PUMP MOUNTING PLATE,,,GREASE PUMP MOUNTING PLATE (CASTING/RAW MATERIAL),1,MCH,VMC Heavy Face Milling & Edge Truing,2,VEN0000002,Apex Precision VMC Machinists,Rough & finish top/bottom platen face to 0.02mm flat
4110008000,A-12035,GREASE PUMP MOUNTING PLATE,,,GREASE PUMP MOUNTING PLATE (CASTING/RAW MATERIAL),2,BOR,Precision CNC Boring (Tie Bar & Bush Bores),3,VEN0000002,Apex Precision VMC Machinists,Bore 4x Tie bar holes to H7 tolerance
4110008000,A-12035,GREASE PUMP MOUNTING PLATE,,,GREASE PUMP MOUNTING PLATE (CASTING/RAW MATERIAL),3,DRL,CNC Drilling & Tapping (PCD Clamp Holes),1,VEN0000002,Apex Precision VMC Machinists,M16 mould clamp tapped holes as per drawing
4110008000,A-12035,GREASE PUMP MOUNTING PLATE,,,GREASE PUMP MOUNTING PLATE (CASTING/RAW MATERIAL),4,HT,Stress Relieving & Normalizing Heat Treatment,2,VEN0000004,Gujarat Heat Treaters & Nitriding,Normalize thermal stress at 550°C
4110008000,A-12035,GREASE PUMP MOUNTING PLATE,,,GREASE PUMP MOUNTING PLATE (CASTING/RAW MATERIAL),5,GRD,Cylindrical & Precision Surface Grinding,1,VEN0000006,Sardar Cylindrical & Surface Grinding,Precision surface grind & rust preventive oil
3131100100,A-10585,PLC BOX  MTG TOP BRACKET,,,PLC BOX  MTG TOP BRACKET (CASTING/RAW MATERIAL),1,MCH,VMC Heavy Face Milling & Edge Truing,2,VEN0000002,Apex Precision VMC Machinists,Rough & finish top/bottom platen face to 0.02mm flat
3131100100,A-10585,PLC BOX  MTG TOP BRACKET,,,PLC BOX  MTG TOP BRACKET (CASTING/RAW MATERIAL),2,BOR,Precision CNC Boring (Tie Bar & Bush Bores),3,VEN0000002,Apex Precision VMC Machinists,Bore 4x Tie bar holes to H7 tolerance
3131100100,A-10585,PLC BOX  MTG TOP BRACKET,,,PLC BOX  MTG TOP BRACKET (CASTING/RAW MATERIAL),3,DRL,CNC Drilling & Tapping (PCD Clamp Holes),1,VEN0000002,Apex Precision VMC Machinists,M16 mould clamp tapped holes as per drawing
3131100100,A-10585,PLC BOX  MTG TOP BRACKET,,,PLC BOX  MTG TOP BRACKET (CASTING/RAW MATERIAL),4,HT,Stress Relieving & Normalizing Heat Treatment,2,VEN0000004,Gujarat Heat Treaters & Nitriding,Normalize thermal stress at 550°C
3131100100,A-10585,PLC BOX  MTG TOP BRACKET,,,PLC BOX  MTG TOP BRACKET (CASTING/RAW MATERIAL),5,GRD,Cylindrical & Precision Surface Grinding,1,VEN0000006,Sardar Cylindrical & Surface Grinding,Precision surface grind & rust preventive oil
3131100200,A-10586,PLC BOX MTG BOTTOM BRACKET,,,PLC BOX MTG BOTTOM BRACKET (CASTING/RAW MATERIAL),1,MCH,VMC Heavy Face Milling & Edge Truing,2,VEN0000002,Apex Precision VMC Machinists,Rough & finish top/bottom platen face to 0.02mm flat
3131100200,A-10586,PLC BOX MTG BOTTOM BRACKET,,,PLC BOX MTG BOTTOM BRACKET (CASTING/RAW MATERIAL),2,BOR,Precision CNC Boring (Tie Bar & Bush Bores),3,VEN0000002,Apex Precision VMC Machinists,Bore 4x Tie bar holes to H7 tolerance
3131100200,A-10586,PLC BOX MTG BOTTOM BRACKET,,,PLC BOX MTG BOTTOM BRACKET (CASTING/RAW MATERIAL),3,DRL,CNC Drilling & Tapping (PCD Clamp Holes),1,VEN0000002,Apex Precision VMC Machinists,M16 mould clamp tapped holes as per drawing
3131100200,A-10586,PLC BOX MTG BOTTOM BRACKET,,,PLC BOX MTG BOTTOM BRACKET (CASTING/RAW MATERIAL),4,HT,Stress Relieving & Normalizing Heat Treatment,2,VEN0000004,Gujarat Heat Treaters & Nitriding,Normalize thermal stress at 550°C
3131100200,A-10586,PLC BOX MTG BOTTOM BRACKET,,,PLC BOX MTG BOTTOM BRACKET (CASTING/RAW MATERIAL),5,GRD,Cylindrical & Precision Surface Grinding,1,VEN0000006,Sardar Cylindrical & Surface Grinding,Precision surface grind & rust preventive oil
3131100300,A-10131,"MOLD HEIGHT STOP LIMIT SWITCH 
OPERATING PIN MTG BRACKET",,,"MOLD HEIGHT STOP LIMIT SWITCH 
OPERATING PIN MTG BRACKET (CASTING/RAW MATERIAL)",1,MCH,VMC Heavy Face Milling & Edge Truing,2,VEN0000002,Apex Precision VMC Machinists,Rough & finish top/bottom platen face to 0.02mm flat
3131100300,A-10131,"MOLD HEIGHT STOP LIMIT SWITCH 
OPERATING PIN MTG BRACKET",,,"MOLD HEIGHT STOP LIMIT SWITCH 
OPERATING PIN MTG BRACKET (CASTING/RAW MATERIAL)",2,BOR,Precision CNC Boring (Tie Bar & Bush Bores),3,VEN0000002,Apex Precision VMC Machinists,Bore 4x Tie bar holes to H7 tolerance
3131100300,A-10131,"MOLD HEIGHT STOP LIMIT SWITCH 
OPERATING PIN MTG BRACKET",,,"MOLD HEIGHT STOP LIMIT SWITCH 
OPERATING PIN MTG BRACKET (CASTING/RAW MATERIAL)",3,DRL,CNC Drilling & Tapping (PCD Clamp Holes),1,VEN0000002,Apex Precision VMC Machinists,M16 mould clamp tapped holes as per drawing
3131100300,A-10131,"MOLD HEIGHT STOP LIMIT SWITCH 
OPERATING PIN MTG BRACKET",,,"MOLD HEIGHT STOP LIMIT SWITCH 
OPERATING PIN MTG BRACKET (CASTING/RAW MATERIAL)",4,HT,Stress Relieving & Normalizing Heat Treatment,2,VEN0000004,Gujarat Heat Treaters & Nitriding,Normalize thermal stress at 550°C
3131100300,A-10131,"MOLD HEIGHT STOP LIMIT SWITCH 
OPERATING PIN MTG BRACKET",,,"MOLD HEIGHT STOP LIMIT SWITCH 
OPERATING PIN MTG BRACKET (CASTING/RAW MATERIAL)",5,GRD,Cylindrical & Precision Surface Grinding,1,VEN0000006,Sardar Cylindrical & Surface Grinding,Precision surface grind & rust preventive oil
3131100400,A-10132,MOLD HEIGHT STOP LIMIT SWITCH MTG BRACKET,,,MOLD HEIGHT STOP LIMIT SWITCH MTG BRACKET (CASTING/RAW MATERIAL),1,MCH,VMC Heavy Face Milling & Edge Truing,2,VEN0000002,Apex Precision VMC Machinists,Rough & finish top/bottom platen face to 0.02mm flat
3131100400,A-10132,MOLD HEIGHT STOP LIMIT SWITCH MTG BRACKET,,,MOLD HEIGHT STOP LIMIT SWITCH MTG BRACKET (CASTING/RAW MATERIAL),2,BOR,Precision CNC Boring (Tie Bar & Bush Bores),3,VEN0000002,Apex Precision VMC Machinists,Bore 4x Tie bar holes to H7 tolerance
3131100400,A-10132,MOLD HEIGHT STOP LIMIT SWITCH MTG BRACKET,,,MOLD HEIGHT STOP LIMIT SWITCH MTG BRACKET (CASTING/RAW MATERIAL),3,DRL,CNC Drilling & Tapping (PCD Clamp Holes),1,VEN0000002,Apex Precision VMC Machinists,M16 mould clamp tapped holes as per drawing
3131100400,A-10132,MOLD HEIGHT STOP LIMIT SWITCH MTG BRACKET,,,MOLD HEIGHT STOP LIMIT SWITCH MTG BRACKET (CASTING/RAW MATERIAL),4,HT,Stress Relieving & Normalizing Heat Treatment,2,VEN0000004,Gujarat Heat Treaters & Nitriding,Normalize thermal stress at 550°C
3131100400,A-10132,MOLD HEIGHT STOP LIMIT SWITCH MTG BRACKET,,,MOLD HEIGHT STOP LIMIT SWITCH MTG BRACKET (CASTING/RAW MATERIAL),5,GRD,Cylindrical & Precision Surface Grinding,1,VEN0000006,Sardar Cylindrical & Surface Grinding,Precision surface grind & rust preventive oil
3131100500,A-10068,CROSS HEAD LOCKING LIMIT STOP PIN MTG BRACKET,,,CROSS HEAD LOCKING LIMIT STOP PIN MTG BRACKET (CASTING/RAW MATERIAL),1,MCH,VMC Heavy Face Milling & Edge Truing,2,VEN0000002,Apex Precision VMC Machinists,Rough & finish top/bottom platen face to 0.02mm flat
3131100500,A-10068,CROSS HEAD LOCKING LIMIT STOP PIN MTG BRACKET,,,CROSS HEAD LOCKING LIMIT STOP PIN MTG BRACKET (CASTING/RAW MATERIAL),2,BOR,Precision CNC Boring (Tie Bar & Bush Bores),3,VEN0000002,Apex Precision VMC Machinists,Bore 4x Tie bar holes to H7 tolerance
3131100500,A-10068,CROSS HEAD LOCKING LIMIT STOP PIN MTG BRACKET,,,CROSS HEAD LOCKING LIMIT STOP PIN MTG BRACKET (CASTING/RAW MATERIAL),3,DRL,CNC Drilling & Tapping (PCD Clamp Holes),1,VEN0000002,Apex Precision VMC Machinists,M16 mould clamp tapped holes as per drawing
3131100500,A-10068,CROSS HEAD LOCKING LIMIT STOP PIN MTG BRACKET,,,CROSS HEAD LOCKING LIMIT STOP PIN MTG BRACKET (CASTING/RAW MATERIAL),4,HT,Stress Relieving & Normalizing Heat Treatment,2,VEN0000004,Gujarat Heat Treaters & Nitriding,Normalize thermal stress at 550°C
3131100500,A-10068,CROSS HEAD LOCKING LIMIT STOP PIN MTG BRACKET,,,CROSS HEAD LOCKING LIMIT STOP PIN MTG BRACKET (CASTING/RAW MATERIAL),5,GRD,Cylindrical & Precision Surface Grinding,1,VEN0000006,Sardar Cylindrical & Surface Grinding,Precision surface grind & rust preventive oil
3131100600,A-10072,TOGGLE LIMIT SWITCH MTG BRACKET,,,TOGGLE LIMIT SWITCH MTG BRACKET (CASTING/RAW MATERIAL),1,MCH,VMC Heavy Face Milling & Edge Truing,2,VEN0000002,Apex Precision VMC Machinists,Rough & finish top/bottom platen face to 0.02mm flat
3131100600,A-10072,TOGGLE LIMIT SWITCH MTG BRACKET,,,TOGGLE LIMIT SWITCH MTG BRACKET (CASTING/RAW MATERIAL),2,BOR,Precision CNC Boring (Tie Bar & Bush Bores),3,VEN0000002,Apex Precision VMC Machinists,Bore 4x Tie bar holes to H7 tolerance
3131100600,A-10072,TOGGLE LIMIT SWITCH MTG BRACKET,,,TOGGLE LIMIT SWITCH MTG BRACKET (CASTING/RAW MATERIAL),3,DRL,CNC Drilling & Tapping (PCD Clamp Holes),1,VEN0000002,Apex Precision VMC Machinists,M16 mould clamp tapped holes as per drawing
3131100600,A-10072,TOGGLE LIMIT SWITCH MTG BRACKET,,,TOGGLE LIMIT SWITCH MTG BRACKET (CASTING/RAW MATERIAL),4,HT,Stress Relieving & Normalizing Heat Treatment,2,VEN0000004,Gujarat Heat Treaters & Nitriding,Normalize thermal stress at 550°C
3131100600,A-10072,TOGGLE LIMIT SWITCH MTG BRACKET,,,TOGGLE LIMIT SWITCH MTG BRACKET (CASTING/RAW MATERIAL),5,GRD,Cylindrical & Precision Surface Grinding,1,VEN0000006,Sardar Cylindrical & Surface Grinding,Precision surface grind & rust preventive oil
3131100700,A-10345,EJECTOR LINEAR MTG BRACKET,,,EJECTOR LINEAR MTG BRACKET (CASTING/RAW MATERIAL),1,MCH,VMC Heavy Face Milling & Edge Truing,2,VEN0000002,Apex Precision VMC Machinists,Rough & finish top/bottom platen face to 0.02mm flat
3131100700,A-10345,EJECTOR LINEAR MTG BRACKET,,,EJECTOR LINEAR MTG BRACKET (CASTING/RAW MATERIAL),2,BOR,Precision CNC Boring (Tie Bar & Bush Bores),3,VEN0000002,Apex Precision VMC Machinists,Bore 4x Tie bar holes to H7 tolerance
3131100700,A-10345,EJECTOR LINEAR MTG BRACKET,,,EJECTOR LINEAR MTG BRACKET (CASTING/RAW MATERIAL),3,DRL,CNC Drilling & Tapping (PCD Clamp Holes),1,VEN0000002,Apex Precision VMC Machinists,M16 mould clamp tapped holes as per drawing
3131100700,A-10345,EJECTOR LINEAR MTG BRACKET,,,EJECTOR LINEAR MTG BRACKET (CASTING/RAW MATERIAL),4,HT,Stress Relieving & Normalizing Heat Treatment,2,VEN0000004,Gujarat Heat Treaters & Nitriding,Normalize thermal stress at 550°C
3131100700,A-10345,EJECTOR LINEAR MTG BRACKET,,,EJECTOR LINEAR MTG BRACKET (CASTING/RAW MATERIAL),5,GRD,Cylindrical & Precision Surface Grinding,1,VEN0000006,Sardar Cylindrical & Surface Grinding,Precision surface grind & rust preventive oil
3131100800,A-10587,HEATER WIRE JUNCTION BOX MTG BRACKET,,,HEATER WIRE JUNCTION BOX MTG BRACKET (CASTING/RAW MATERIAL),1,MCH,VMC Heavy Face Milling & Edge Truing,2,VEN0000002,Apex Precision VMC Machinists,Rough & finish top/bottom platen face to 0.02mm flat
3131100800,A-10587,HEATER WIRE JUNCTION BOX MTG BRACKET,,,HEATER WIRE JUNCTION BOX MTG BRACKET (CASTING/RAW MATERIAL),2,BOR,Precision CNC Boring (Tie Bar & Bush Bores),3,VEN0000002,Apex Precision VMC Machinists,Bore 4x Tie bar holes to H7 tolerance
3131100800,A-10587,HEATER WIRE JUNCTION BOX MTG BRACKET,,,HEATER WIRE JUNCTION BOX MTG BRACKET (CASTING/RAW MATERIAL),3,DRL,CNC Drilling & Tapping (PCD Clamp Holes),1,VEN0000002,Apex Precision VMC Machinists,M16 mould clamp tapped holes as per drawing
3131100800,A-10587,HEATER WIRE JUNCTION BOX MTG BRACKET,,,HEATER WIRE JUNCTION BOX MTG BRACKET (CASTING/RAW MATERIAL),4,HT,Stress Relieving & Normalizing Heat Treatment,2,VEN0000004,Gujarat Heat Treaters & Nitriding,Normalize thermal stress at 550°C
3131100800,A-10587,HEATER WIRE JUNCTION BOX MTG BRACKET,,,HEATER WIRE JUNCTION BOX MTG BRACKET (CASTING/RAW MATERIAL),5,GRD,Cylindrical & Precision Surface Grinding,1,VEN0000006,Sardar Cylindrical & Surface Grinding,Precision surface grind & rust preventive oil
3131100900,A-10123,HYD MOTOR RPM PROXY SENSOR MTG BRACKET,,,HYD MOTOR RPM PROXY SENSOR MTG BRACKET (CASTING/RAW MATERIAL),1,MCH,VMC Heavy Face Milling & Edge Truing,2,VEN0000002,Apex Precision VMC Machinists,Rough & finish top/bottom platen face to 0.02mm flat
3131100900,A-10123,HYD MOTOR RPM PROXY SENSOR MTG BRACKET,,,HYD MOTOR RPM PROXY SENSOR MTG BRACKET (CASTING/RAW MATERIAL),2,BOR,Precision CNC Boring (Tie Bar & Bush Bores),3,VEN0000002,Apex Precision VMC Machinists,Bore 4x Tie bar holes to H7 tolerance
3131100900,A-10123,HYD MOTOR RPM PROXY SENSOR MTG BRACKET,,,HYD MOTOR RPM PROXY SENSOR MTG BRACKET (CASTING/RAW MATERIAL),3,DRL,CNC Drilling & Tapping (PCD Clamp Holes),1,VEN0000002,Apex Precision VMC Machinists,M16 mould clamp tapped holes as per drawing
3131100900,A-10123,HYD MOTOR RPM PROXY SENSOR MTG BRACKET,,,HYD MOTOR RPM PROXY SENSOR MTG BRACKET (CASTING/RAW MATERIAL),4,HT,Stress Relieving & Normalizing Heat Treatment,2,VEN0000004,Gujarat Heat Treaters & Nitriding,Normalize thermal stress at 550°C
3131100900,A-10123,HYD MOTOR RPM PROXY SENSOR MTG BRACKET,,,HYD MOTOR RPM PROXY SENSOR MTG BRACKET (CASTING/RAW MATERIAL),5,GRD,Cylindrical & Precision Surface Grinding,1,VEN0000006,Sardar Cylindrical & Surface Grinding,Precision surface grind & rust preventive oil
3131101000,A-10055,INJECTION LINEAR MOUNTING BRACKET - 280,,,INJECTION LINEAR MOUNTING BRACKET - 280 (CASTING/RAW MATERIAL),1,MCH,VMC Heavy Face Milling & Edge Truing,2,VEN0000002,Apex Precision VMC Machinists,Rough & finish top/bottom platen face to 0.02mm flat
3131101000,A-10055,INJECTION LINEAR MOUNTING BRACKET - 280,,,INJECTION LINEAR MOUNTING BRACKET - 280 (CASTING/RAW MATERIAL),2,BOR,Precision CNC Boring (Tie Bar & Bush Bores),3,VEN0000002,Apex Precision VMC Machinists,Bore 4x Tie bar holes to H7 tolerance
3131101000,A-10055,INJECTION LINEAR MOUNTING BRACKET - 280,,,INJECTION LINEAR MOUNTING BRACKET - 280 (CASTING/RAW MATERIAL),3,DRL,CNC Drilling & Tapping (PCD Clamp Holes),1,VEN0000002,Apex Precision VMC Machinists,M16 mould clamp tapped holes as per drawing
3131101000,A-10055,INJECTION LINEAR MOUNTING BRACKET - 280,,,INJECTION LINEAR MOUNTING BRACKET - 280 (CASTING/RAW MATERIAL),4,HT,Stress Relieving & Normalizing Heat Treatment,2,VEN0000004,Gujarat Heat Treaters & Nitriding,Normalize thermal stress at 550°C
3131101000,A-10055,INJECTION LINEAR MOUNTING BRACKET - 280,,,INJECTION LINEAR MOUNTING BRACKET - 280 (CASTING/RAW MATERIAL),5,GRD,Cylindrical & Precision Surface Grinding,1,VEN0000006,Sardar Cylindrical & Surface Grinding,Precision surface grind & rust preventive oil
3131101100,A-10069,INJECTION LINEAR SHAFT MTG BRACKET - 280,,,INJECTION LINEAR SHAFT MTG BRACKET - 280 (CASTING/RAW MATERIAL),1,MCH,VMC Heavy Face Milling & Edge Truing,2,VEN0000002,Apex Precision VMC Machinists,Rough & finish top/bottom platen face to 0.02mm flat
3131101100,A-10069,INJECTION LINEAR SHAFT MTG BRACKET - 280,,,INJECTION LINEAR SHAFT MTG BRACKET - 280 (CASTING/RAW MATERIAL),2,BOR,Precision CNC Boring (Tie Bar & Bush Bores),3,VEN0000002,Apex Precision VMC Machinists,Bore 4x Tie bar holes to H7 tolerance
3131101100,A-10069,INJECTION LINEAR SHAFT MTG BRACKET - 280,,,INJECTION LINEAR SHAFT MTG BRACKET - 280 (CASTING/RAW MATERIAL),3,DRL,CNC Drilling & Tapping (PCD Clamp Holes),1,VEN0000002,Apex Precision VMC Machinists,M16 mould clamp tapped holes as per drawing
3131101100,A-10069,INJECTION LINEAR SHAFT MTG BRACKET - 280,,,INJECTION LINEAR SHAFT MTG BRACKET - 280 (CASTING/RAW MATERIAL),4,HT,Stress Relieving & Normalizing Heat Treatment,2,VEN0000004,Gujarat Heat Treaters & Nitriding,Normalize thermal stress at 550°C
3131101100,A-10069,INJECTION LINEAR SHAFT MTG BRACKET - 280,,,INJECTION LINEAR SHAFT MTG BRACKET - 280 (CASTING/RAW MATERIAL),5,GRD,Cylindrical & Precision Surface Grinding,1,VEN0000006,Sardar Cylindrical & Surface Grinding,Precision surface grind & rust preventive oil
3131101200,A-10074,NOZZLE CYLINDER LIMIT SWITCH PIN MTG BRACKET,,,NOZZLE CYLINDER LIMIT SWITCH PIN MTG BRACKET (CASTING/RAW MATERIAL),1,MCH,VMC Heavy Face Milling & Edge Truing,2,VEN0000002,Apex Precision VMC Machinists,Rough & finish top/bottom platen face to 0.02mm flat
3131101200,A-10074,NOZZLE CYLINDER LIMIT SWITCH PIN MTG BRACKET,,,NOZZLE CYLINDER LIMIT SWITCH PIN MTG BRACKET (CASTING/RAW MATERIAL),2,BOR,Precision CNC Boring (Tie Bar & Bush Bores),3,VEN0000002,Apex Precision VMC Machinists,Bore 4x Tie bar holes to H7 tolerance
3131101200,A-10074,NOZZLE CYLINDER LIMIT SWITCH PIN MTG BRACKET,,,NOZZLE CYLINDER LIMIT SWITCH PIN MTG BRACKET (CASTING/RAW MATERIAL),3,DRL,CNC Drilling & Tapping (PCD Clamp Holes),1,VEN0000002,Apex Precision VMC Machinists,M16 mould clamp tapped holes as per drawing
3131101200,A-10074,NOZZLE CYLINDER LIMIT SWITCH PIN MTG BRACKET,,,NOZZLE CYLINDER LIMIT SWITCH PIN MTG BRACKET (CASTING/RAW MATERIAL),4,HT,Stress Relieving & Normalizing Heat Treatment,2,VEN0000004,Gujarat Heat Treaters & Nitriding,Normalize thermal stress at 550°C
3131101200,A-10074,NOZZLE CYLINDER LIMIT SWITCH PIN MTG BRACKET,,,NOZZLE CYLINDER LIMIT SWITCH PIN MTG BRACKET (CASTING/RAW MATERIAL),5,GRD,Cylindrical & Precision Surface Grinding,1,VEN0000006,Sardar Cylindrical & Surface Grinding,Precision surface grind & rust preventive oil
3131101300,A-10344,NOZZLE CYLINDER STOP LIMIT SWITCH MTG BRACKET,,,NOZZLE CYLINDER STOP LIMIT SWITCH MTG BRACKET (CASTING/RAW MATERIAL),1,MCH,VMC Heavy Face Milling & Edge Truing,2,VEN0000002,Apex Precision VMC Machinists,Rough & finish top/bottom platen face to 0.02mm flat
3131101300,A-10344,NOZZLE CYLINDER STOP LIMIT SWITCH MTG BRACKET,,,NOZZLE CYLINDER STOP LIMIT SWITCH MTG BRACKET (CASTING/RAW MATERIAL),2,BOR,Precision CNC Boring (Tie Bar & Bush Bores),3,VEN0000002,Apex Precision VMC Machinists,Bore 4x Tie bar holes to H7 tolerance
3131101300,A-10344,NOZZLE CYLINDER STOP LIMIT SWITCH MTG BRACKET,,,NOZZLE CYLINDER STOP LIMIT SWITCH MTG BRACKET (CASTING/RAW MATERIAL),3,DRL,CNC Drilling & Tapping (PCD Clamp Holes),1,VEN0000002,Apex Precision VMC Machinists,M16 mould clamp tapped holes as per drawing
3131101300,A-10344,NOZZLE CYLINDER STOP LIMIT SWITCH MTG BRACKET,,,NOZZLE CYLINDER STOP LIMIT SWITCH MTG BRACKET (CASTING/RAW MATERIAL),4,HT,Stress Relieving & Normalizing Heat Treatment,2,VEN0000004,Gujarat Heat Treaters & Nitriding,Normalize thermal stress at 550°C
3131101300,A-10344,NOZZLE CYLINDER STOP LIMIT SWITCH MTG BRACKET,,,NOZZLE CYLINDER STOP LIMIT SWITCH MTG BRACKET (CASTING/RAW MATERIAL),5,GRD,Cylindrical & Precision Surface Grinding,1,VEN0000006,Sardar Cylindrical & Surface Grinding,Precision surface grind & rust preventive oil
3131300100,A-10497,INJECTION GUARD SUPPORT BRACKET - 280,,,INJECTION GUARD SUPPORT BRACKET - 280 (CASTING/RAW MATERIAL),1,MCH,VMC Heavy Face Milling & Edge Truing,2,VEN0000002,Apex Precision VMC Machinists,Rough & finish top/bottom platen face to 0.02mm flat
3131300100,A-10497,INJECTION GUARD SUPPORT BRACKET - 280,,,INJECTION GUARD SUPPORT BRACKET - 280 (CASTING/RAW MATERIAL),2,BOR,Precision CNC Boring (Tie Bar & Bush Bores),3,VEN0000002,Apex Precision VMC Machinists,Bore 4x Tie bar holes to H7 tolerance
3131300100,A-10497,INJECTION GUARD SUPPORT BRACKET - 280,,,INJECTION GUARD SUPPORT BRACKET - 280 (CASTING/RAW MATERIAL),3,DRL,CNC Drilling & Tapping (PCD Clamp Holes),1,VEN0000002,Apex Precision VMC Machinists,M16 mould clamp tapped holes as per drawing
3131300100,A-10497,INJECTION GUARD SUPPORT BRACKET - 280,,,INJECTION GUARD SUPPORT BRACKET - 280 (CASTING/RAW MATERIAL),4,HT,Stress Relieving & Normalizing Heat Treatment,2,VEN0000004,Gujarat Heat Treaters & Nitriding,Normalize thermal stress at 550°C
3131300100,A-10497,INJECTION GUARD SUPPORT BRACKET - 280,,,INJECTION GUARD SUPPORT BRACKET - 280 (CASTING/RAW MATERIAL),5,GRD,Cylindrical & Precision Surface Grinding,1,VEN0000006,Sardar Cylindrical & Surface Grinding,Precision surface grind & rust preventive oil
6240100100,D-10201,"PRESSURE GAUG 0-420 BAR BACK CONNECTION (2-1/2"")",4001000100,11201,STATIONARY PLATE TOGGLE - 90 TON (CASTING),1,MCH,VMC Heavy Face Milling & Edge Truing,2,VEN0000002,Apex Precision VMC Machinists,Rough & finish top/bottom platen face to 0.02mm flat
6240100100,D-10201,"PRESSURE GAUG 0-420 BAR BACK CONNECTION (2-1/2"")",4001000100,11201,STATIONARY PLATE TOGGLE - 90 TON (CASTING),2,BOR,Precision CNC Boring (Tie Bar & Bush Bores),3,VEN0000002,Apex Precision VMC Machinists,Bore 4x Tie bar holes to H7 tolerance
6240100100,D-10201,"PRESSURE GAUG 0-420 BAR BACK CONNECTION (2-1/2"")",4001000100,11201,STATIONARY PLATE TOGGLE - 90 TON (CASTING),3,DRL,CNC Drilling & Tapping (PCD Clamp Holes),1,VEN0000002,Apex Precision VMC Machinists,M16 mould clamp tapped holes as per drawing
6240100100,D-10201,"PRESSURE GAUG 0-420 BAR BACK CONNECTION (2-1/2"")",4001000100,11201,STATIONARY PLATE TOGGLE - 90 TON (CASTING),4,HT,Stress Relieving & Normalizing Heat Treatment,2,VEN0000004,Gujarat Heat Treaters & Nitriding,Normalize thermal stress at 550°C
6240100100,D-10201,"PRESSURE GAUG 0-420 BAR BACK CONNECTION (2-1/2"")",4001000100,11201,STATIONARY PLATE TOGGLE - 90 TON (CASTING),5,GRD,Cylindrical & Precision Surface Grinding,1,VEN0000006,Sardar Cylindrical & Surface Grinding,Precision surface grind & rust preventive oil
2000301100,B-10005,SCREW BARREL ASSY - 40-420,,,SCREW BARREL ASSY - 40-420 (CASTING/RAW MATERIAL),1,MCH,VMC Heavy Face Milling & Edge Truing,2,VEN0000002,Apex Precision VMC Machinists,Rough & finish top/bottom platen face to 0.02mm flat
2000301100,B-10005,SCREW BARREL ASSY - 40-420,,,SCREW BARREL ASSY - 40-420 (CASTING/RAW MATERIAL),2,BOR,Precision CNC Boring (Tie Bar & Bush Bores),3,VEN0000002,Apex Precision VMC Machinists,Bore 4x Tie bar holes to H7 tolerance
2000301100,B-10005,SCREW BARREL ASSY - 40-420,,,SCREW BARREL ASSY - 40-420 (CASTING/RAW MATERIAL),3,DRL,CNC Drilling & Tapping (PCD Clamp Holes),1,VEN0000002,Apex Precision VMC Machinists,M16 mould clamp tapped holes as per drawing
2000301100,B-10005,SCREW BARREL ASSY - 40-420,,,SCREW BARREL ASSY - 40-420 (CASTING/RAW MATERIAL),4,HT,Stress Relieving & Normalizing Heat Treatment,2,VEN0000004,Gujarat Heat Treaters & Nitriding,Normalize thermal stress at 550°C
2000301100,B-10005,SCREW BARREL ASSY - 40-420,,,SCREW BARREL ASSY - 40-420 (CASTING/RAW MATERIAL),5,GRD,Cylindrical & Precision Surface Grinding,1,VEN0000006,Sardar Cylindrical & Surface Grinding,Precision surface grind & rust preventive oil
3000002400,A-10236,LOCKING UNIT LINEAR MTG BRACKET - 110 TON,,,LOCKING UNIT LINEAR MTG BRACKET - 110 TON (CASTING/RAW MATERIAL),1,MCH,VMC Heavy Face Milling & Edge Truing,2,VEN0000002,Apex Precision VMC Machinists,Rough & finish top/bottom platen face to 0.02mm flat
3000002400,A-10236,LOCKING UNIT LINEAR MTG BRACKET - 110 TON,,,LOCKING UNIT LINEAR MTG BRACKET - 110 TON (CASTING/RAW MATERIAL),2,BOR,Precision CNC Boring (Tie Bar & Bush Bores),3,VEN0000002,Apex Precision VMC Machinists,Bore 4x Tie bar holes to H7 tolerance
3000002400,A-10236,LOCKING UNIT LINEAR MTG BRACKET - 110 TON,,,LOCKING UNIT LINEAR MTG BRACKET - 110 TON (CASTING/RAW MATERIAL),3,DRL,CNC Drilling & Tapping (PCD Clamp Holes),1,VEN0000002,Apex Precision VMC Machinists,M16 mould clamp tapped holes as per drawing
3000002400,A-10236,LOCKING UNIT LINEAR MTG BRACKET - 110 TON,,,LOCKING UNIT LINEAR MTG BRACKET - 110 TON (CASTING/RAW MATERIAL),4,HT,Stress Relieving & Normalizing Heat Treatment,2,VEN0000004,Gujarat Heat Treaters & Nitriding,Normalize thermal stress at 550°C
3000002400,A-10236,LOCKING UNIT LINEAR MTG BRACKET - 110 TON,,,LOCKING UNIT LINEAR MTG BRACKET - 110 TON (CASTING/RAW MATERIAL),5,GRD,Cylindrical & Precision Surface Grinding,1,VEN0000006,Sardar Cylindrical & Surface Grinding,Precision surface grind & rust preventive oil
4110012300,A-10796,EJECTOR ROD - 110 TON,,,EJECTOR ROD - 110 TON (CASTING/RAW MATERIAL),1,MCH,VMC Heavy Face Milling & Edge Truing,2,VEN0000002,Apex Precision VMC Machinists,Rough & finish top/bottom platen face to 0.02mm flat
4110012300,A-10796,EJECTOR ROD - 110 TON,,,EJECTOR ROD - 110 TON (CASTING/RAW MATERIAL),2,BOR,Precision CNC Boring (Tie Bar & Bush Bores),3,VEN0000002,Apex Precision VMC Machinists,Bore 4x Tie bar holes to H7 tolerance
4110012300,A-10796,EJECTOR ROD - 110 TON,,,EJECTOR ROD - 110 TON (CASTING/RAW MATERIAL),3,DRL,CNC Drilling & Tapping (PCD Clamp Holes),1,VEN0000002,Apex Precision VMC Machinists,M16 mould clamp tapped holes as per drawing
4110012300,A-10796,EJECTOR ROD - 110 TON,,,EJECTOR ROD - 110 TON (CASTING/RAW MATERIAL),4,HT,Stress Relieving & Normalizing Heat Treatment,2,VEN0000004,Gujarat Heat Treaters & Nitriding,Normalize thermal stress at 550°C
4110012300,A-10796,EJECTOR ROD - 110 TON,,,EJECTOR ROD - 110 TON (CASTING/RAW MATERIAL),5,GRD,Cylindrical & Precision Surface Grinding,1,VEN0000006,Sardar Cylindrical & Surface Grinding,Precision surface grind & rust preventive oil
4110012400,A-10392,NOZZLE CYLINDER EXTENSION ROD 110-420,,,NOZZLE CYLINDER EXTENSION ROD 110-420 (CASTING/RAW MATERIAL),1,MCH,VMC Heavy Face Milling & Edge Truing,2,VEN0000002,Apex Precision VMC Machinists,Rough & finish top/bottom platen face to 0.02mm flat
4110012400,A-10392,NOZZLE CYLINDER EXTENSION ROD 110-420,,,NOZZLE CYLINDER EXTENSION ROD 110-420 (CASTING/RAW MATERIAL),2,BOR,Precision CNC Boring (Tie Bar & Bush Bores),3,VEN0000002,Apex Precision VMC Machinists,Bore 4x Tie bar holes to H7 tolerance
4110012400,A-10392,NOZZLE CYLINDER EXTENSION ROD 110-420,,,NOZZLE CYLINDER EXTENSION ROD 110-420 (CASTING/RAW MATERIAL),3,DRL,CNC Drilling & Tapping (PCD Clamp Holes),1,VEN0000002,Apex Precision VMC Machinists,M16 mould clamp tapped holes as per drawing
4110012400,A-10392,NOZZLE CYLINDER EXTENSION ROD 110-420,,,NOZZLE CYLINDER EXTENSION ROD 110-420 (CASTING/RAW MATERIAL),4,HT,Stress Relieving & Normalizing Heat Treatment,2,VEN0000004,Gujarat Heat Treaters & Nitriding,Normalize thermal stress at 550°C
4110012400,A-10392,NOZZLE CYLINDER EXTENSION ROD 110-420,,,NOZZLE CYLINDER EXTENSION ROD 110-420 (CASTING/RAW MATERIAL),5,GRD,Cylindrical & Precision Surface Grinding,1,VEN0000006,Sardar Cylindrical & Surface Grinding,Precision surface grind & rust preventive oil
4110012600,A-10387,INJECTION MANIFOLD MTG PLATE - 420,,,INJECTION MANIFOLD MTG PLATE - 420 (CASTING/RAW MATERIAL),1,MCH,VMC Heavy Face Milling & Edge Truing,2,VEN0000002,Apex Precision VMC Machinists,Rough & finish top/bottom platen face to 0.02mm flat
4110012600,A-10387,INJECTION MANIFOLD MTG PLATE - 420,,,INJECTION MANIFOLD MTG PLATE - 420 (CASTING/RAW MATERIAL),2,BOR,Precision CNC Boring (Tie Bar & Bush Bores),3,VEN0000002,Apex Precision VMC Machinists,Bore 4x Tie bar holes to H7 tolerance
4110012600,A-10387,INJECTION MANIFOLD MTG PLATE - 420,,,INJECTION MANIFOLD MTG PLATE - 420 (CASTING/RAW MATERIAL),3,DRL,CNC Drilling & Tapping (PCD Clamp Holes),1,VEN0000002,Apex Precision VMC Machinists,M16 mould clamp tapped holes as per drawing
4110012600,A-10387,INJECTION MANIFOLD MTG PLATE - 420,,,INJECTION MANIFOLD MTG PLATE - 420 (CASTING/RAW MATERIAL),4,HT,Stress Relieving & Normalizing Heat Treatment,2,VEN0000004,Gujarat Heat Treaters & Nitriding,Normalize thermal stress at 550°C
4110012600,A-10387,INJECTION MANIFOLD MTG PLATE - 420,,,INJECTION MANIFOLD MTG PLATE - 420 (CASTING/RAW MATERIAL),5,GRD,Cylindrical & Precision Surface Grinding,1,VEN0000006,Sardar Cylindrical & Surface Grinding,Precision surface grind & rust preventive oil
4110012700,A-10491,INJECTION MANIFOLD MTG STRIP - 420,,,INJECTION MANIFOLD MTG STRIP - 420 (CASTING/RAW MATERIAL),1,MCH,VMC Heavy Face Milling & Edge Truing,2,VEN0000002,Apex Precision VMC Machinists,Rough & finish top/bottom platen face to 0.02mm flat
4110012700,A-10491,INJECTION MANIFOLD MTG STRIP - 420,,,INJECTION MANIFOLD MTG STRIP - 420 (CASTING/RAW MATERIAL),2,BOR,Precision CNC Boring (Tie Bar & Bush Bores),3,VEN0000002,Apex Precision VMC Machinists,Bore 4x Tie bar holes to H7 tolerance
4110012700,A-10491,INJECTION MANIFOLD MTG STRIP - 420,,,INJECTION MANIFOLD MTG STRIP - 420 (CASTING/RAW MATERIAL),3,DRL,CNC Drilling & Tapping (PCD Clamp Holes),1,VEN0000002,Apex Precision VMC Machinists,M16 mould clamp tapped holes as per drawing
4110012700,A-10491,INJECTION MANIFOLD MTG STRIP - 420,,,INJECTION MANIFOLD MTG STRIP - 420 (CASTING/RAW MATERIAL),4,HT,Stress Relieving & Normalizing Heat Treatment,2,VEN0000004,Gujarat Heat Treaters & Nitriding,Normalize thermal stress at 550°C
4110012700,A-10491,INJECTION MANIFOLD MTG STRIP - 420,,,INJECTION MANIFOLD MTG STRIP - 420 (CASTING/RAW MATERIAL),5,GRD,Cylindrical & Precision Surface Grinding,1,VEN0000006,Sardar Cylindrical & Surface Grinding,Precision surface grind & rust preventive oil
3131101400,A-10056,INJECTION LINEAR MOUNTING BRACKET - 420,,,INJECTION LINEAR MOUNTING BRACKET - 420 (CASTING/RAW MATERIAL),1,MCH,VMC Heavy Face Milling & Edge Truing,2,VEN0000002,Apex Precision VMC Machinists,Rough & finish top/bottom platen face to 0.02mm flat
3131101400,A-10056,INJECTION LINEAR MOUNTING BRACKET - 420,,,INJECTION LINEAR MOUNTING BRACKET - 420 (CASTING/RAW MATERIAL),2,BOR,Precision CNC Boring (Tie Bar & Bush Bores),3,VEN0000002,Apex Precision VMC Machinists,Bore 4x Tie bar holes to H7 tolerance
3131101400,A-10056,INJECTION LINEAR MOUNTING BRACKET - 420,,,INJECTION LINEAR MOUNTING BRACKET - 420 (CASTING/RAW MATERIAL),3,DRL,CNC Drilling & Tapping (PCD Clamp Holes),1,VEN0000002,Apex Precision VMC Machinists,M16 mould clamp tapped holes as per drawing
3131101400,A-10056,INJECTION LINEAR MOUNTING BRACKET - 420,,,INJECTION LINEAR MOUNTING BRACKET - 420 (CASTING/RAW MATERIAL),4,HT,Stress Relieving & Normalizing Heat Treatment,2,VEN0000004,Gujarat Heat Treaters & Nitriding,Normalize thermal stress at 550°C
3131101400,A-10056,INJECTION LINEAR MOUNTING BRACKET - 420,,,INJECTION LINEAR MOUNTING BRACKET - 420 (CASTING/RAW MATERIAL),5,GRD,Cylindrical & Precision Surface Grinding,1,VEN0000006,Sardar Cylindrical & Surface Grinding,Precision surface grind & rust preventive oil
3131300200,A-10496,INJECTION GUARD SUPPORT BRACKET - 420,,,INJECTION GUARD SUPPORT BRACKET - 420 (CASTING/RAW MATERIAL),1,MCH,VMC Heavy Face Milling & Edge Truing,2,VEN0000002,Apex Precision VMC Machinists,Rough & finish top/bottom platen face to 0.02mm flat
3131300200,A-10496,INJECTION GUARD SUPPORT BRACKET - 420,,,INJECTION GUARD SUPPORT BRACKET - 420 (CASTING/RAW MATERIAL),2,BOR,Precision CNC Boring (Tie Bar & Bush Bores),3,VEN0000002,Apex Precision VMC Machinists,Bore 4x Tie bar holes to H7 tolerance
3131300200,A-10496,INJECTION GUARD SUPPORT BRACKET - 420,,,INJECTION GUARD SUPPORT BRACKET - 420 (CASTING/RAW MATERIAL),3,DRL,CNC Drilling & Tapping (PCD Clamp Holes),1,VEN0000002,Apex Precision VMC Machinists,M16 mould clamp tapped holes as per drawing
3131300200,A-10496,INJECTION GUARD SUPPORT BRACKET - 420,,,INJECTION GUARD SUPPORT BRACKET - 420 (CASTING/RAW MATERIAL),4,HT,Stress Relieving & Normalizing Heat Treatment,2,VEN0000004,Gujarat Heat Treaters & Nitriding,Normalize thermal stress at 550°C
3131300200,A-10496,INJECTION GUARD SUPPORT BRACKET - 420,,,INJECTION GUARD SUPPORT BRACKET - 420 (CASTING/RAW MATERIAL),5,GRD,Cylindrical & Precision Surface Grinding,1,VEN0000006,Sardar Cylindrical & Surface Grinding,Precision surface grind & rust preventive oil
6150300200,I-10122,Ø55x50 MICA HEATER SIDE CUT,,,Ø55x50 MICA HEATER SIDE CUT (CASTING/RAW MATERIAL),1,MCH,VMC Heavy Face Milling & Edge Truing,2,VEN0000002,Apex Precision VMC Machinists,Rough & finish top/bottom platen face to 0.02mm flat
6150300200,I-10122,Ø55x50 MICA HEATER SIDE CUT,,,Ø55x50 MICA HEATER SIDE CUT (CASTING/RAW MATERIAL),2,BOR,Precision CNC Boring (Tie Bar & Bush Bores),3,VEN0000002,Apex Precision VMC Machinists,Bore 4x Tie bar holes to H7 tolerance
6150300200,I-10122,Ø55x50 MICA HEATER SIDE CUT,,,Ø55x50 MICA HEATER SIDE CUT (CASTING/RAW MATERIAL),3,DRL,CNC Drilling & Tapping (PCD Clamp Holes),1,VEN0000002,Apex Precision VMC Machinists,M16 mould clamp tapped holes as per drawing
6150300200,I-10122,Ø55x50 MICA HEATER SIDE CUT,,,Ø55x50 MICA HEATER SIDE CUT (CASTING/RAW MATERIAL),4,HT,Stress Relieving & Normalizing Heat Treatment,2,VEN0000004,Gujarat Heat Treaters & Nitriding,Normalize thermal stress at 550°C
6150300200,I-10122,Ø55x50 MICA HEATER SIDE CUT,,,Ø55x50 MICA HEATER SIDE CUT (CASTING/RAW MATERIAL),5,GRD,Cylindrical & Precision Surface Grinding,1,VEN0000006,Sardar Cylindrical & Surface Grinding,Precision surface grind & rust preventive oil
2000301800,B-10008,SCREW BARREL ASSY - 45-635,,,SCREW BARREL ASSY - 45-635 (CASTING/RAW MATERIAL),1,MCH,VMC Heavy Face Milling & Edge Truing,2,VEN0000002,Apex Precision VMC Machinists,Rough & finish top/bottom platen face to 0.02mm flat
2000301800,B-10008,SCREW BARREL ASSY - 45-635,,,SCREW BARREL ASSY - 45-635 (CASTING/RAW MATERIAL),2,BOR,Precision CNC Boring (Tie Bar & Bush Bores),3,VEN0000002,Apex Precision VMC Machinists,Bore 4x Tie bar holes to H7 tolerance
2000301800,B-10008,SCREW BARREL ASSY - 45-635,,,SCREW BARREL ASSY - 45-635 (CASTING/RAW MATERIAL),3,DRL,CNC Drilling & Tapping (PCD Clamp Holes),1,VEN0000002,Apex Precision VMC Machinists,M16 mould clamp tapped holes as per drawing
2000301800,B-10008,SCREW BARREL ASSY - 45-635,,,SCREW BARREL ASSY - 45-635 (CASTING/RAW MATERIAL),4,HT,Stress Relieving & Normalizing Heat Treatment,2,VEN0000004,Gujarat Heat Treaters & Nitriding,Normalize thermal stress at 550°C
2000301800,B-10008,SCREW BARREL ASSY - 45-635,,,SCREW BARREL ASSY - 45-635 (CASTING/RAW MATERIAL),5,GRD,Cylindrical & Precision Surface Grinding,1,VEN0000006,Sardar Cylindrical & Surface Grinding,Precision surface grind & rust preventive oil
3000003400,A-10237,LOCKING UNIT LINEAR MTG BRACKET - 140 TON,,,LOCKING UNIT LINEAR MTG BRACKET - 140 TON (CASTING/RAW MATERIAL),1,MCH,VMC Heavy Face Milling & Edge Truing,2,VEN0000002,Apex Precision VMC Machinists,Rough & finish top/bottom platen face to 0.02mm flat
3000003400,A-10237,LOCKING UNIT LINEAR MTG BRACKET - 140 TON,,,LOCKING UNIT LINEAR MTG BRACKET - 140 TON (CASTING/RAW MATERIAL),2,BOR,Precision CNC Boring (Tie Bar & Bush Bores),3,VEN0000002,Apex Precision VMC Machinists,Bore 4x Tie bar holes to H7 tolerance
3000003400,A-10237,LOCKING UNIT LINEAR MTG BRACKET - 140 TON,,,LOCKING UNIT LINEAR MTG BRACKET - 140 TON (CASTING/RAW MATERIAL),3,DRL,CNC Drilling & Tapping (PCD Clamp Holes),1,VEN0000002,Apex Precision VMC Machinists,M16 mould clamp tapped holes as per drawing
3000003400,A-10237,LOCKING UNIT LINEAR MTG BRACKET - 140 TON,,,LOCKING UNIT LINEAR MTG BRACKET - 140 TON (CASTING/RAW MATERIAL),4,HT,Stress Relieving & Normalizing Heat Treatment,2,VEN0000004,Gujarat Heat Treaters & Nitriding,Normalize thermal stress at 550°C
3000003400,A-10237,LOCKING UNIT LINEAR MTG BRACKET - 140 TON,,,LOCKING UNIT LINEAR MTG BRACKET - 140 TON (CASTING/RAW MATERIAL),5,GRD,Cylindrical & Precision Surface Grinding,1,VEN0000006,Sardar Cylindrical & Surface Grinding,Precision surface grind & rust preventive oil
4110017400,A-10353,INJECTION MANIFOLD - NG16,,,INJECTION MANIFOLD - NG16 (CASTING/RAW MATERIAL),1,MCH,VMC Heavy Face Milling & Edge Truing,2,VEN0000002,Apex Precision VMC Machinists,Rough & finish top/bottom platen face to 0.02mm flat
4110017400,A-10353,INJECTION MANIFOLD - NG16,,,INJECTION MANIFOLD - NG16 (CASTING/RAW MATERIAL),2,BOR,Precision CNC Boring (Tie Bar & Bush Bores),3,VEN0000002,Apex Precision VMC Machinists,Bore 4x Tie bar holes to H7 tolerance
4110017400,A-10353,INJECTION MANIFOLD - NG16,,,INJECTION MANIFOLD - NG16 (CASTING/RAW MATERIAL),3,DRL,CNC Drilling & Tapping (PCD Clamp Holes),1,VEN0000002,Apex Precision VMC Machinists,M16 mould clamp tapped holes as per drawing
4110017400,A-10353,INJECTION MANIFOLD - NG16,,,INJECTION MANIFOLD - NG16 (CASTING/RAW MATERIAL),4,HT,Stress Relieving & Normalizing Heat Treatment,2,VEN0000004,Gujarat Heat Treaters & Nitriding,Normalize thermal stress at 550°C
4110017400,A-10353,INJECTION MANIFOLD - NG16,,,INJECTION MANIFOLD - NG16 (CASTING/RAW MATERIAL),5,GRD,Cylindrical & Precision Surface Grinding,1,VEN0000006,Sardar Cylindrical & Surface Grinding,Precision surface grind & rust preventive oil
4110017500,A-11196,LOCKING MANIFOLD NG16-NG6-NG6,,,LOCKING MANIFOLD NG16-NG6-NG6 (CASTING/RAW MATERIAL),1,MCH,VMC Heavy Face Milling & Edge Truing,2,VEN0000002,Apex Precision VMC Machinists,Rough & finish top/bottom platen face to 0.02mm flat
4110017500,A-11196,LOCKING MANIFOLD NG16-NG6-NG6,,,LOCKING MANIFOLD NG16-NG6-NG6 (CASTING/RAW MATERIAL),2,BOR,Precision CNC Boring (Tie Bar & Bush Bores),3,VEN0000002,Apex Precision VMC Machinists,Bore 4x Tie bar holes to H7 tolerance
4110017500,A-11196,LOCKING MANIFOLD NG16-NG6-NG6,,,LOCKING MANIFOLD NG16-NG6-NG6 (CASTING/RAW MATERIAL),3,DRL,CNC Drilling & Tapping (PCD Clamp Holes),1,VEN0000002,Apex Precision VMC Machinists,M16 mould clamp tapped holes as per drawing
4110017500,A-11196,LOCKING MANIFOLD NG16-NG6-NG6,,,LOCKING MANIFOLD NG16-NG6-NG6 (CASTING/RAW MATERIAL),4,HT,Stress Relieving & Normalizing Heat Treatment,2,VEN0000004,Gujarat Heat Treaters & Nitriding,Normalize thermal stress at 550°C
4110017500,A-11196,LOCKING MANIFOLD NG16-NG6-NG6,,,LOCKING MANIFOLD NG16-NG6-NG6 (CASTING/RAW MATERIAL),5,GRD,Cylindrical & Precision Surface Grinding,1,VEN0000006,Sardar Cylindrical & Surface Grinding,Precision surface grind & rust preventive oil
4110017600,A-10354,EJECTOR MANIFOLD NG10,,,EJECTOR MANIFOLD NG10 (CASTING/RAW MATERIAL),1,MCH,VMC Heavy Face Milling & Edge Truing,2,VEN0000002,Apex Precision VMC Machinists,Rough & finish top/bottom platen face to 0.02mm flat
4110017600,A-10354,EJECTOR MANIFOLD NG10,,,EJECTOR MANIFOLD NG10 (CASTING/RAW MATERIAL),2,BOR,Precision CNC Boring (Tie Bar & Bush Bores),3,VEN0000002,Apex Precision VMC Machinists,Bore 4x Tie bar holes to H7 tolerance
4110017600,A-10354,EJECTOR MANIFOLD NG10,,,EJECTOR MANIFOLD NG10 (CASTING/RAW MATERIAL),3,DRL,CNC Drilling & Tapping (PCD Clamp Holes),1,VEN0000002,Apex Precision VMC Machinists,M16 mould clamp tapped holes as per drawing
4110017600,A-10354,EJECTOR MANIFOLD NG10,,,EJECTOR MANIFOLD NG10 (CASTING/RAW MATERIAL),4,HT,Stress Relieving & Normalizing Heat Treatment,2,VEN0000004,Gujarat Heat Treaters & Nitriding,Normalize thermal stress at 550°C
4110017600,A-10354,EJECTOR MANIFOLD NG10,,,EJECTOR MANIFOLD NG10 (CASTING/RAW MATERIAL),5,GRD,Cylindrical & Precision Surface Grinding,1,VEN0000006,Sardar Cylindrical & Surface Grinding,Precision surface grind & rust preventive oil
4110017700,A-10797,EJECTOR ROD - 140 TON,,,EJECTOR ROD - 140 TON (CASTING/RAW MATERIAL),1,MCH,VMC Heavy Face Milling & Edge Truing,2,VEN0000002,Apex Precision VMC Machinists,Rough & finish top/bottom platen face to 0.02mm flat
4110017700,A-10797,EJECTOR ROD - 140 TON,,,EJECTOR ROD - 140 TON (CASTING/RAW MATERIAL),2,BOR,Precision CNC Boring (Tie Bar & Bush Bores),3,VEN0000002,Apex Precision VMC Machinists,Bore 4x Tie bar holes to H7 tolerance
4110017700,A-10797,EJECTOR ROD - 140 TON,,,EJECTOR ROD - 140 TON (CASTING/RAW MATERIAL),3,DRL,CNC Drilling & Tapping (PCD Clamp Holes),1,VEN0000002,Apex Precision VMC Machinists,M16 mould clamp tapped holes as per drawing
4110017700,A-10797,EJECTOR ROD - 140 TON,,,EJECTOR ROD - 140 TON (CASTING/RAW MATERIAL),4,HT,Stress Relieving & Normalizing Heat Treatment,2,VEN0000004,Gujarat Heat Treaters & Nitriding,Normalize thermal stress at 550°C
4110017700,A-10797,EJECTOR ROD - 140 TON,,,EJECTOR ROD - 140 TON (CASTING/RAW MATERIAL),5,GRD,Cylindrical & Precision Surface Grinding,1,VEN0000006,Sardar Cylindrical & Surface Grinding,Precision surface grind & rust preventive oil
4110017800,A-10393,NOZZLE CYLINDER EXTENSION ROD 140-635,,,NOZZLE CYLINDER EXTENSION ROD 140-635 (CASTING/RAW MATERIAL),1,MCH,VMC Heavy Face Milling & Edge Truing,2,VEN0000002,Apex Precision VMC Machinists,Rough & finish top/bottom platen face to 0.02mm flat
4110017800,A-10393,NOZZLE CYLINDER EXTENSION ROD 140-635,,,NOZZLE CYLINDER EXTENSION ROD 140-635 (CASTING/RAW MATERIAL),2,BOR,Precision CNC Boring (Tie Bar & Bush Bores),3,VEN0000002,Apex Precision VMC Machinists,Bore 4x Tie bar holes to H7 tolerance
4110017800,A-10393,NOZZLE CYLINDER EXTENSION ROD 140-635,,,NOZZLE CYLINDER EXTENSION ROD 140-635 (CASTING/RAW MATERIAL),3,DRL,CNC Drilling & Tapping (PCD Clamp Holes),1,VEN0000002,Apex Precision VMC Machinists,M16 mould clamp tapped holes as per drawing
4110017800,A-10393,NOZZLE CYLINDER EXTENSION ROD 140-635,,,NOZZLE CYLINDER EXTENSION ROD 140-635 (CASTING/RAW MATERIAL),4,HT,Stress Relieving & Normalizing Heat Treatment,2,VEN0000004,Gujarat Heat Treaters & Nitriding,Normalize thermal stress at 550°C
4110017800,A-10393,NOZZLE CYLINDER EXTENSION ROD 140-635,,,NOZZLE CYLINDER EXTENSION ROD 140-635 (CASTING/RAW MATERIAL),5,GRD,Cylindrical & Precision Surface Grinding,1,VEN0000006,Sardar Cylindrical & Surface Grinding,Precision surface grind & rust preventive oil
4110017900,A-12052,CROSS HEAD LIMIT SWITCH OPERATING PIN-140,,,CROSS HEAD LIMIT SWITCH OPERATING PIN-140 (CASTING/RAW MATERIAL),1,MCH,VMC Heavy Face Milling & Edge Truing,2,VEN0000002,Apex Precision VMC Machinists,Rough & finish top/bottom platen face to 0.02mm flat
4110017900,A-12052,CROSS HEAD LIMIT SWITCH OPERATING PIN-140,,,CROSS HEAD LIMIT SWITCH OPERATING PIN-140 (CASTING/RAW MATERIAL),2,BOR,Precision CNC Boring (Tie Bar & Bush Bores),3,VEN0000002,Apex Precision VMC Machinists,Bore 4x Tie bar holes to H7 tolerance
4110017900,A-12052,CROSS HEAD LIMIT SWITCH OPERATING PIN-140,,,CROSS HEAD LIMIT SWITCH OPERATING PIN-140 (CASTING/RAW MATERIAL),3,DRL,CNC Drilling & Tapping (PCD Clamp Holes),1,VEN0000002,Apex Precision VMC Machinists,M16 mould clamp tapped holes as per drawing
4110017900,A-12052,CROSS HEAD LIMIT SWITCH OPERATING PIN-140,,,CROSS HEAD LIMIT SWITCH OPERATING PIN-140 (CASTING/RAW MATERIAL),4,HT,Stress Relieving & Normalizing Heat Treatment,2,VEN0000004,Gujarat Heat Treaters & Nitriding,Normalize thermal stress at 550°C
4110017900,A-12052,CROSS HEAD LIMIT SWITCH OPERATING PIN-140,,,CROSS HEAD LIMIT SWITCH OPERATING PIN-140 (CASTING/RAW MATERIAL),5,GRD,Cylindrical & Precision Surface Grinding,1,VEN0000006,Sardar Cylindrical & Surface Grinding,Precision surface grind & rust preventive oil
4110018000,A-10703,MOLD HEIGHT STOP LIMIT SWITCH OPERATING PIN-140 TON,,,MOLD HEIGHT STOP LIMIT SWITCH OPERATING PIN-140 TON (CASTING/RAW MATERIAL),1,MCH,VMC Heavy Face Milling & Edge Truing,2,VEN0000002,Apex Precision VMC Machinists,Rough & finish top/bottom platen face to 0.02mm flat
4110018000,A-10703,MOLD HEIGHT STOP LIMIT SWITCH OPERATING PIN-140 TON,,,MOLD HEIGHT STOP LIMIT SWITCH OPERATING PIN-140 TON (CASTING/RAW MATERIAL),2,BOR,Precision CNC Boring (Tie Bar & Bush Bores),3,VEN0000002,Apex Precision VMC Machinists,Bore 4x Tie bar holes to H7 tolerance
4110018000,A-10703,MOLD HEIGHT STOP LIMIT SWITCH OPERATING PIN-140 TON,,,MOLD HEIGHT STOP LIMIT SWITCH OPERATING PIN-140 TON (CASTING/RAW MATERIAL),3,DRL,CNC Drilling & Tapping (PCD Clamp Holes),1,VEN0000002,Apex Precision VMC Machinists,M16 mould clamp tapped holes as per drawing
4110018000,A-10703,MOLD HEIGHT STOP LIMIT SWITCH OPERATING PIN-140 TON,,,MOLD HEIGHT STOP LIMIT SWITCH OPERATING PIN-140 TON (CASTING/RAW MATERIAL),4,HT,Stress Relieving & Normalizing Heat Treatment,2,VEN0000004,Gujarat Heat Treaters & Nitriding,Normalize thermal stress at 550°C
4110018000,A-10703,MOLD HEIGHT STOP LIMIT SWITCH OPERATING PIN-140 TON,,,MOLD HEIGHT STOP LIMIT SWITCH OPERATING PIN-140 TON (CASTING/RAW MATERIAL),5,GRD,Cylindrical & Precision Surface Grinding,1,VEN0000006,Sardar Cylindrical & Surface Grinding,Precision surface grind & rust preventive oil
4110018100,A-10388,INJECTION MANIFOLD MTG PLATE - 635,,,INJECTION MANIFOLD MTG PLATE - 635 (CASTING/RAW MATERIAL),1,MCH,VMC Heavy Face Milling & Edge Truing,2,VEN0000002,Apex Precision VMC Machinists,Rough & finish top/bottom platen face to 0.02mm flat
4110018100,A-10388,INJECTION MANIFOLD MTG PLATE - 635,,,INJECTION MANIFOLD MTG PLATE - 635 (CASTING/RAW MATERIAL),2,BOR,Precision CNC Boring (Tie Bar & Bush Bores),3,VEN0000002,Apex Precision VMC Machinists,Bore 4x Tie bar holes to H7 tolerance
4110018100,A-10388,INJECTION MANIFOLD MTG PLATE - 635,,,INJECTION MANIFOLD MTG PLATE - 635 (CASTING/RAW MATERIAL),3,DRL,CNC Drilling & Tapping (PCD Clamp Holes),1,VEN0000002,Apex Precision VMC Machinists,M16 mould clamp tapped holes as per drawing
4110018100,A-10388,INJECTION MANIFOLD MTG PLATE - 635,,,INJECTION MANIFOLD MTG PLATE - 635 (CASTING/RAW MATERIAL),4,HT,Stress Relieving & Normalizing Heat Treatment,2,VEN0000004,Gujarat Heat Treaters & Nitriding,Normalize thermal stress at 550°C
4110018100,A-10388,INJECTION MANIFOLD MTG PLATE - 635,,,INJECTION MANIFOLD MTG PLATE - 635 (CASTING/RAW MATERIAL),5,GRD,Cylindrical & Precision Surface Grinding,1,VEN0000006,Sardar Cylindrical & Surface Grinding,Precision surface grind & rust preventive oil
4110018200,A-10490,INJECTION MANIFOLD MTG STRIP - 635,,,INJECTION MANIFOLD MTG STRIP - 635 (CASTING/RAW MATERIAL),1,MCH,VMC Heavy Face Milling & Edge Truing,2,VEN0000002,Apex Precision VMC Machinists,Rough & finish top/bottom platen face to 0.02mm flat
4110018200,A-10490,INJECTION MANIFOLD MTG STRIP - 635,,,INJECTION MANIFOLD MTG STRIP - 635 (CASTING/RAW MATERIAL),2,BOR,Precision CNC Boring (Tie Bar & Bush Bores),3,VEN0000002,Apex Precision VMC Machinists,Bore 4x Tie bar holes to H7 tolerance
4110018200,A-10490,INJECTION MANIFOLD MTG STRIP - 635,,,INJECTION MANIFOLD MTG STRIP - 635 (CASTING/RAW MATERIAL),3,DRL,CNC Drilling & Tapping (PCD Clamp Holes),1,VEN0000002,Apex Precision VMC Machinists,M16 mould clamp tapped holes as per drawing
4110018200,A-10490,INJECTION MANIFOLD MTG STRIP - 635,,,INJECTION MANIFOLD MTG STRIP - 635 (CASTING/RAW MATERIAL),4,HT,Stress Relieving & Normalizing Heat Treatment,2,VEN0000004,Gujarat Heat Treaters & Nitriding,Normalize thermal stress at 550°C
4110018200,A-10490,INJECTION MANIFOLD MTG STRIP - 635,,,INJECTION MANIFOLD MTG STRIP - 635 (CASTING/RAW MATERIAL),5,GRD,Cylindrical & Precision Surface Grinding,1,VEN0000006,Sardar Cylindrical & Surface Grinding,Precision surface grind & rust preventive oil
3131101500,A-10058,INJECTION LINEAR MOUNTING BRACKET - 635,,,INJECTION LINEAR MOUNTING BRACKET - 635 (CASTING/RAW MATERIAL),1,MCH,VMC Heavy Face Milling & Edge Truing,2,VEN0000002,Apex Precision VMC Machinists,Rough & finish top/bottom platen face to 0.02mm flat
3131101500,A-10058,INJECTION LINEAR MOUNTING BRACKET - 635,,,INJECTION LINEAR MOUNTING BRACKET - 635 (CASTING/RAW MATERIAL),2,BOR,Precision CNC Boring (Tie Bar & Bush Bores),3,VEN0000002,Apex Precision VMC Machinists,Bore 4x Tie bar holes to H7 tolerance
3131101500,A-10058,INJECTION LINEAR MOUNTING BRACKET - 635,,,INJECTION LINEAR MOUNTING BRACKET - 635 (CASTING/RAW MATERIAL),3,DRL,CNC Drilling & Tapping (PCD Clamp Holes),1,VEN0000002,Apex Precision VMC Machinists,M16 mould clamp tapped holes as per drawing
3131101500,A-10058,INJECTION LINEAR MOUNTING BRACKET - 635,,,INJECTION LINEAR MOUNTING BRACKET - 635 (CASTING/RAW MATERIAL),4,HT,Stress Relieving & Normalizing Heat Treatment,2,VEN0000004,Gujarat Heat Treaters & Nitriding,Normalize thermal stress at 550°C
3131101500,A-10058,INJECTION LINEAR MOUNTING BRACKET - 635,,,INJECTION LINEAR MOUNTING BRACKET - 635 (CASTING/RAW MATERIAL),5,GRD,Cylindrical & Precision Surface Grinding,1,VEN0000006,Sardar Cylindrical & Surface Grinding,Precision surface grind & rust preventive oil
3131300300,A-10600,INJECTION GUARD SUPPORT BRACKET - 635,,,INJECTION GUARD SUPPORT BRACKET - 635 (CASTING/RAW MATERIAL),1,MCH,VMC Heavy Face Milling & Edge Truing,2,VEN0000002,Apex Precision VMC Machinists,Rough & finish top/bottom platen face to 0.02mm flat
3131300300,A-10600,INJECTION GUARD SUPPORT BRACKET - 635,,,INJECTION GUARD SUPPORT BRACKET - 635 (CASTING/RAW MATERIAL),2,BOR,Precision CNC Boring (Tie Bar & Bush Bores),3,VEN0000002,Apex Precision VMC Machinists,Bore 4x Tie bar holes to H7 tolerance
3131300300,A-10600,INJECTION GUARD SUPPORT BRACKET - 635,,,INJECTION GUARD SUPPORT BRACKET - 635 (CASTING/RAW MATERIAL),3,DRL,CNC Drilling & Tapping (PCD Clamp Holes),1,VEN0000002,Apex Precision VMC Machinists,M16 mould clamp tapped holes as per drawing
3131300300,A-10600,INJECTION GUARD SUPPORT BRACKET - 635,,,INJECTION GUARD SUPPORT BRACKET - 635 (CASTING/RAW MATERIAL),4,HT,Stress Relieving & Normalizing Heat Treatment,2,VEN0000004,Gujarat Heat Treaters & Nitriding,Normalize thermal stress at 550°C
3131300300,A-10600,INJECTION GUARD SUPPORT BRACKET - 635,,,INJECTION GUARD SUPPORT BRACKET - 635 (CASTING/RAW MATERIAL),5,GRD,Cylindrical & Precision Surface Grinding,1,VEN0000006,Sardar Cylindrical & Surface Grinding,Precision surface grind & rust preventive oil
6160100500,,DSG-03-3C4-D24 (YUKEN),,,DSG-03-3C4-D24 (YUKEN) (CASTING/RAW MATERIAL),1,MCH,VMC Heavy Face Milling & Edge Truing,2,VEN0000002,Apex Precision VMC Machinists,Rough & finish top/bottom platen face to 0.02mm flat
6160100500,,DSG-03-3C4-D24 (YUKEN),,,DSG-03-3C4-D24 (YUKEN) (CASTING/RAW MATERIAL),2,BOR,Precision CNC Boring (Tie Bar & Bush Bores),3,VEN0000002,Apex Precision VMC Machinists,Bore 4x Tie bar holes to H7 tolerance
6160100500,,DSG-03-3C4-D24 (YUKEN),,,DSG-03-3C4-D24 (YUKEN) (CASTING/RAW MATERIAL),3,DRL,CNC Drilling & Tapping (PCD Clamp Holes),1,VEN0000002,Apex Precision VMC Machinists,M16 mould clamp tapped holes as per drawing
6160100500,,DSG-03-3C4-D24 (YUKEN),,,DSG-03-3C4-D24 (YUKEN) (CASTING/RAW MATERIAL),4,HT,Stress Relieving & Normalizing Heat Treatment,2,VEN0000004,Gujarat Heat Treaters & Nitriding,Normalize thermal stress at 550°C
6160100500,,DSG-03-3C4-D24 (YUKEN),,,DSG-03-3C4-D24 (YUKEN) (CASTING/RAW MATERIAL),5,GRD,Cylindrical & Precision Surface Grinding,1,VEN0000006,Sardar Cylindrical & Surface Grinding,Precision surface grind & rust preventive oil
6180100200,,PILOT OPERATED CHECK VALVE - MPA-03-4-20H01 (YUKEN),,,PILOT OPERATED CHECK VALVE - MPA-03-4-20H01 (YUKEN) (CASTING/RAW MATERIAL),1,MCH,VMC Heavy Face Milling & Edge Truing,2,VEN0000002,Apex Precision VMC Machinists,Rough & finish top/bottom platen face to 0.02mm flat
6180100200,,PILOT OPERATED CHECK VALVE - MPA-03-4-20H01 (YUKEN),,,PILOT OPERATED CHECK VALVE - MPA-03-4-20H01 (YUKEN) (CASTING/RAW MATERIAL),2,BOR,Precision CNC Boring (Tie Bar & Bush Bores),3,VEN0000002,Apex Precision VMC Machinists,Bore 4x Tie bar holes to H7 tolerance
6180100200,,PILOT OPERATED CHECK VALVE - MPA-03-4-20H01 (YUKEN),,,PILOT OPERATED CHECK VALVE - MPA-03-4-20H01 (YUKEN) (CASTING/RAW MATERIAL),3,DRL,CNC Drilling & Tapping (PCD Clamp Holes),1,VEN0000002,Apex Precision VMC Machinists,M16 mould clamp tapped holes as per drawing
6180100200,,PILOT OPERATED CHECK VALVE - MPA-03-4-20H01 (YUKEN),,,PILOT OPERATED CHECK VALVE - MPA-03-4-20H01 (YUKEN) (CASTING/RAW MATERIAL),4,HT,Stress Relieving & Normalizing Heat Treatment,2,VEN0000004,Gujarat Heat Treaters & Nitriding,Normalize thermal stress at 550°C
6180100200,,PILOT OPERATED CHECK VALVE - MPA-03-4-20H01 (YUKEN),,,PILOT OPERATED CHECK VALVE - MPA-03-4-20H01 (YUKEN) (CASTING/RAW MATERIAL),5,GRD,Cylindrical & Precision Surface Grinding,1,VEN0000006,Sardar Cylindrical & Surface Grinding,Precision surface grind & rust preventive oil
2000302500,B-10011,SCREW BARREL ASSY - 50-905,,,SCREW BARREL ASSY - 50-905 (CASTING/RAW MATERIAL),1,MCH,VMC Heavy Face Milling & Edge Truing,2,VEN0000002,Apex Precision VMC Machinists,Rough & finish top/bottom platen face to 0.02mm flat
2000302500,B-10011,SCREW BARREL ASSY - 50-905,,,SCREW BARREL ASSY - 50-905 (CASTING/RAW MATERIAL),2,BOR,Precision CNC Boring (Tie Bar & Bush Bores),3,VEN0000002,Apex Precision VMC Machinists,Bore 4x Tie bar holes to H7 tolerance
2000302500,B-10011,SCREW BARREL ASSY - 50-905,,,SCREW BARREL ASSY - 50-905 (CASTING/RAW MATERIAL),3,DRL,CNC Drilling & Tapping (PCD Clamp Holes),1,VEN0000002,Apex Precision VMC Machinists,M16 mould clamp tapped holes as per drawing
2000302500,B-10011,SCREW BARREL ASSY - 50-905,,,SCREW BARREL ASSY - 50-905 (CASTING/RAW MATERIAL),4,HT,Stress Relieving & Normalizing Heat Treatment,2,VEN0000004,Gujarat Heat Treaters & Nitriding,Normalize thermal stress at 550°C
2000302500,B-10011,SCREW BARREL ASSY - 50-905,,,SCREW BARREL ASSY - 50-905 (CASTING/RAW MATERIAL),5,GRD,Cylindrical & Precision Surface Grinding,1,VEN0000006,Sardar Cylindrical & Surface Grinding,Precision surface grind & rust preventive oil
3000004500,A-10238,LOCKING UNIT LINEAR MTG BRACKET - 170 TON,,,LOCKING UNIT LINEAR MTG BRACKET - 170 TON (CASTING/RAW MATERIAL),1,MCH,VMC Heavy Face Milling & Edge Truing,2,VEN0000002,Apex Precision VMC Machinists,Rough & finish top/bottom platen face to 0.02mm flat
3000004500,A-10238,LOCKING UNIT LINEAR MTG BRACKET - 170 TON,,,LOCKING UNIT LINEAR MTG BRACKET - 170 TON (CASTING/RAW MATERIAL),2,BOR,Precision CNC Boring (Tie Bar & Bush Bores),3,VEN0000002,Apex Precision VMC Machinists,Bore 4x Tie bar holes to H7 tolerance
3000004500,A-10238,LOCKING UNIT LINEAR MTG BRACKET - 170 TON,,,LOCKING UNIT LINEAR MTG BRACKET - 170 TON (CASTING/RAW MATERIAL),3,DRL,CNC Drilling & Tapping (PCD Clamp Holes),1,VEN0000002,Apex Precision VMC Machinists,M16 mould clamp tapped holes as per drawing
3000004500,A-10238,LOCKING UNIT LINEAR MTG BRACKET - 170 TON,,,LOCKING UNIT LINEAR MTG BRACKET - 170 TON (CASTING/RAW MATERIAL),4,HT,Stress Relieving & Normalizing Heat Treatment,2,VEN0000004,Gujarat Heat Treaters & Nitriding,Normalize thermal stress at 550°C
3000004500,A-10238,LOCKING UNIT LINEAR MTG BRACKET - 170 TON,,,LOCKING UNIT LINEAR MTG BRACKET - 170 TON (CASTING/RAW MATERIAL),5,GRD,Cylindrical & Precision Surface Grinding,1,VEN0000006,Sardar Cylindrical & Surface Grinding,Precision surface grind & rust preventive oil
4110023100,A-10798,EJECTOR ROD - 170 TON,,,EJECTOR ROD - 170 TON (CASTING/RAW MATERIAL),1,MCH,VMC Heavy Face Milling & Edge Truing,2,VEN0000002,Apex Precision VMC Machinists,Rough & finish top/bottom platen face to 0.02mm flat
4110023100,A-10798,EJECTOR ROD - 170 TON,,,EJECTOR ROD - 170 TON (CASTING/RAW MATERIAL),2,BOR,Precision CNC Boring (Tie Bar & Bush Bores),3,VEN0000002,Apex Precision VMC Machinists,Bore 4x Tie bar holes to H7 tolerance
4110023100,A-10798,EJECTOR ROD - 170 TON,,,EJECTOR ROD - 170 TON (CASTING/RAW MATERIAL),3,DRL,CNC Drilling & Tapping (PCD Clamp Holes),1,VEN0000002,Apex Precision VMC Machinists,M16 mould clamp tapped holes as per drawing
4110023100,A-10798,EJECTOR ROD - 170 TON,,,EJECTOR ROD - 170 TON (CASTING/RAW MATERIAL),4,HT,Stress Relieving & Normalizing Heat Treatment,2,VEN0000004,Gujarat Heat Treaters & Nitriding,Normalize thermal stress at 550°C
4110023100,A-10798,EJECTOR ROD - 170 TON,,,EJECTOR ROD - 170 TON (CASTING/RAW MATERIAL),5,GRD,Cylindrical & Precision Surface Grinding,1,VEN0000006,Sardar Cylindrical & Surface Grinding,Precision surface grind & rust preventive oil
4110023200,A-10394,NOZZLE CYLINDER EXTENSION ROD 170-905,,,NOZZLE CYLINDER EXTENSION ROD 170-905 (CASTING/RAW MATERIAL),1,MCH,VMC Heavy Face Milling & Edge Truing,2,VEN0000002,Apex Precision VMC Machinists,Rough & finish top/bottom platen face to 0.02mm flat
4110023200,A-10394,NOZZLE CYLINDER EXTENSION ROD 170-905,,,NOZZLE CYLINDER EXTENSION ROD 170-905 (CASTING/RAW MATERIAL),2,BOR,Precision CNC Boring (Tie Bar & Bush Bores),3,VEN0000002,Apex Precision VMC Machinists,Bore 4x Tie bar holes to H7 tolerance
4110023200,A-10394,NOZZLE CYLINDER EXTENSION ROD 170-905,,,NOZZLE CYLINDER EXTENSION ROD 170-905 (CASTING/RAW MATERIAL),3,DRL,CNC Drilling & Tapping (PCD Clamp Holes),1,VEN0000002,Apex Precision VMC Machinists,M16 mould clamp tapped holes as per drawing
4110023200,A-10394,NOZZLE CYLINDER EXTENSION ROD 170-905,,,NOZZLE CYLINDER EXTENSION ROD 170-905 (CASTING/RAW MATERIAL),4,HT,Stress Relieving & Normalizing Heat Treatment,2,VEN0000004,Gujarat Heat Treaters & Nitriding,Normalize thermal stress at 550°C
4110023200,A-10394,NOZZLE CYLINDER EXTENSION ROD 170-905,,,NOZZLE CYLINDER EXTENSION ROD 170-905 (CASTING/RAW MATERIAL),5,GRD,Cylindrical & Precision Surface Grinding,1,VEN0000006,Sardar Cylindrical & Surface Grinding,Precision surface grind & rust preventive oil
4110023300,A-10927,CROSS HEAD LIMIT SWITCH OPERATING PIN-170,,,CROSS HEAD LIMIT SWITCH OPERATING PIN-170 (CASTING/RAW MATERIAL),1,MCH,VMC Heavy Face Milling & Edge Truing,2,VEN0000002,Apex Precision VMC Machinists,Rough & finish top/bottom platen face to 0.02mm flat
4110023300,A-10927,CROSS HEAD LIMIT SWITCH OPERATING PIN-170,,,CROSS HEAD LIMIT SWITCH OPERATING PIN-170 (CASTING/RAW MATERIAL),2,BOR,Precision CNC Boring (Tie Bar & Bush Bores),3,VEN0000002,Apex Precision VMC Machinists,Bore 4x Tie bar holes to H7 tolerance
4110023300,A-10927,CROSS HEAD LIMIT SWITCH OPERATING PIN-170,,,CROSS HEAD LIMIT SWITCH OPERATING PIN-170 (CASTING/RAW MATERIAL),3,DRL,CNC Drilling & Tapping (PCD Clamp Holes),1,VEN0000002,Apex Precision VMC Machinists,M16 mould clamp tapped holes as per drawing
4110023300,A-10927,CROSS HEAD LIMIT SWITCH OPERATING PIN-170,,,CROSS HEAD LIMIT SWITCH OPERATING PIN-170 (CASTING/RAW MATERIAL),4,HT,Stress Relieving & Normalizing Heat Treatment,2,VEN0000004,Gujarat Heat Treaters & Nitriding,Normalize thermal stress at 550°C
4110023300,A-10927,CROSS HEAD LIMIT SWITCH OPERATING PIN-170,,,CROSS HEAD LIMIT SWITCH OPERATING PIN-170 (CASTING/RAW MATERIAL),5,GRD,Cylindrical & Precision Surface Grinding,1,VEN0000006,Sardar Cylindrical & Surface Grinding,Precision surface grind & rust preventive oil
4110023400,A-10389,INJECTION MANIFOLD MTG PLATE - 905,,,INJECTION MANIFOLD MTG PLATE - 905 (CASTING/RAW MATERIAL),1,MCH,VMC Heavy Face Milling & Edge Truing,2,VEN0000002,Apex Precision VMC Machinists,Rough & finish top/bottom platen face to 0.02mm flat
4110023400,A-10389,INJECTION MANIFOLD MTG PLATE - 905,,,INJECTION MANIFOLD MTG PLATE - 905 (CASTING/RAW MATERIAL),2,BOR,Precision CNC Boring (Tie Bar & Bush Bores),3,VEN0000002,Apex Precision VMC Machinists,Bore 4x Tie bar holes to H7 tolerance
4110023400,A-10389,INJECTION MANIFOLD MTG PLATE - 905,,,INJECTION MANIFOLD MTG PLATE - 905 (CASTING/RAW MATERIAL),3,DRL,CNC Drilling & Tapping (PCD Clamp Holes),1,VEN0000002,Apex Precision VMC Machinists,M16 mould clamp tapped holes as per drawing
4110023400,A-10389,INJECTION MANIFOLD MTG PLATE - 905,,,INJECTION MANIFOLD MTG PLATE - 905 (CASTING/RAW MATERIAL),4,HT,Stress Relieving & Normalizing Heat Treatment,2,VEN0000004,Gujarat Heat Treaters & Nitriding,Normalize thermal stress at 550°C
4110023400,A-10389,INJECTION MANIFOLD MTG PLATE - 905,,,INJECTION MANIFOLD MTG PLATE - 905 (CASTING/RAW MATERIAL),5,GRD,Cylindrical & Precision Surface Grinding,1,VEN0000006,Sardar Cylindrical & Surface Grinding,Precision surface grind & rust preventive oil
3131101600,A-10059,INJECTION LINEAR MOUNTING BRACKET - 905,,,INJECTION LINEAR MOUNTING BRACKET - 905 (CASTING/RAW MATERIAL),1,MCH,VMC Heavy Face Milling & Edge Truing,2,VEN0000002,Apex Precision VMC Machinists,Rough & finish top/bottom platen face to 0.02mm flat
3131101600,A-10059,INJECTION LINEAR MOUNTING BRACKET - 905,,,INJECTION LINEAR MOUNTING BRACKET - 905 (CASTING/RAW MATERIAL),2,BOR,Precision CNC Boring (Tie Bar & Bush Bores),3,VEN0000002,Apex Precision VMC Machinists,Bore 4x Tie bar holes to H7 tolerance
3131101600,A-10059,INJECTION LINEAR MOUNTING BRACKET - 905,,,INJECTION LINEAR MOUNTING BRACKET - 905 (CASTING/RAW MATERIAL),3,DRL,CNC Drilling & Tapping (PCD Clamp Holes),1,VEN0000002,Apex Precision VMC Machinists,M16 mould clamp tapped holes as per drawing
3131101600,A-10059,INJECTION LINEAR MOUNTING BRACKET - 905,,,INJECTION LINEAR MOUNTING BRACKET - 905 (CASTING/RAW MATERIAL),4,HT,Stress Relieving & Normalizing Heat Treatment,2,VEN0000004,Gujarat Heat Treaters & Nitriding,Normalize thermal stress at 550°C
3131101600,A-10059,INJECTION LINEAR MOUNTING BRACKET - 905,,,INJECTION LINEAR MOUNTING BRACKET - 905 (CASTING/RAW MATERIAL),5,GRD,Cylindrical & Precision Surface Grinding,1,VEN0000006,Sardar Cylindrical & Surface Grinding,Precision surface grind & rust preventive oil
3131300400,A-10601,INJECTION GUARD SUPPORT BRACKET - 905,,,INJECTION GUARD SUPPORT BRACKET - 905 (CASTING/RAW MATERIAL),1,MCH,VMC Heavy Face Milling & Edge Truing,2,VEN0000002,Apex Precision VMC Machinists,Rough & finish top/bottom platen face to 0.02mm flat
3131300400,A-10601,INJECTION GUARD SUPPORT BRACKET - 905,,,INJECTION GUARD SUPPORT BRACKET - 905 (CASTING/RAW MATERIAL),2,BOR,Precision CNC Boring (Tie Bar & Bush Bores),3,VEN0000002,Apex Precision VMC Machinists,Bore 4x Tie bar holes to H7 tolerance
3131300400,A-10601,INJECTION GUARD SUPPORT BRACKET - 905,,,INJECTION GUARD SUPPORT BRACKET - 905 (CASTING/RAW MATERIAL),3,DRL,CNC Drilling & Tapping (PCD Clamp Holes),1,VEN0000002,Apex Precision VMC Machinists,M16 mould clamp tapped holes as per drawing
3131300400,A-10601,INJECTION GUARD SUPPORT BRACKET - 905,,,INJECTION GUARD SUPPORT BRACKET - 905 (CASTING/RAW MATERIAL),4,HT,Stress Relieving & Normalizing Heat Treatment,2,VEN0000004,Gujarat Heat Treaters & Nitriding,Normalize thermal stress at 550°C
3131300400,A-10601,INJECTION GUARD SUPPORT BRACKET - 905,,,INJECTION GUARD SUPPORT BRACKET - 905 (CASTING/RAW MATERIAL),5,GRD,Cylindrical & Precision Surface Grinding,1,VEN0000006,Sardar Cylindrical & Surface Grinding,Precision surface grind & rust preventive oil
2000303400,B-10015,SCREW BARREL ASSY - 60-1520,,,SCREW BARREL ASSY - 60-1520 (CASTING/RAW MATERIAL),1,MCH,VMC Heavy Face Milling & Edge Truing,2,VEN0000002,Apex Precision VMC Machinists,Rough & finish top/bottom platen face to 0.02mm flat
2000303400,B-10015,SCREW BARREL ASSY - 60-1520,,,SCREW BARREL ASSY - 60-1520 (CASTING/RAW MATERIAL),2,BOR,Precision CNC Boring (Tie Bar & Bush Bores),3,VEN0000002,Apex Precision VMC Machinists,Bore 4x Tie bar holes to H7 tolerance
2000303400,B-10015,SCREW BARREL ASSY - 60-1520,,,SCREW BARREL ASSY - 60-1520 (CASTING/RAW MATERIAL),3,DRL,CNC Drilling & Tapping (PCD Clamp Holes),1,VEN0000002,Apex Precision VMC Machinists,M16 mould clamp tapped holes as per drawing
2000303400,B-10015,SCREW BARREL ASSY - 60-1520,,,SCREW BARREL ASSY - 60-1520 (CASTING/RAW MATERIAL),4,HT,Stress Relieving & Normalizing Heat Treatment,2,VEN0000004,Gujarat Heat Treaters & Nitriding,Normalize thermal stress at 550°C
2000303400,B-10015,SCREW BARREL ASSY - 60-1520,,,SCREW BARREL ASSY - 60-1520 (CASTING/RAW MATERIAL),5,GRD,Cylindrical & Precision Surface Grinding,1,VEN0000006,Sardar Cylindrical & Surface Grinding,Precision surface grind & rust preventive oil
3000005800,A-10239,LOCKING UNIT LINEAR MTG BRACKET - 200 TON,,,LOCKING UNIT LINEAR MTG BRACKET - 200 TON (CASTING/RAW MATERIAL),1,MCH,VMC Heavy Face Milling & Edge Truing,2,VEN0000002,Apex Precision VMC Machinists,Rough & finish top/bottom platen face to 0.02mm flat
3000005800,A-10239,LOCKING UNIT LINEAR MTG BRACKET - 200 TON,,,LOCKING UNIT LINEAR MTG BRACKET - 200 TON (CASTING/RAW MATERIAL),2,BOR,Precision CNC Boring (Tie Bar & Bush Bores),3,VEN0000002,Apex Precision VMC Machinists,Bore 4x Tie bar holes to H7 tolerance
3000005800,A-10239,LOCKING UNIT LINEAR MTG BRACKET - 200 TON,,,LOCKING UNIT LINEAR MTG BRACKET - 200 TON (CASTING/RAW MATERIAL),3,DRL,CNC Drilling & Tapping (PCD Clamp Holes),1,VEN0000002,Apex Precision VMC Machinists,M16 mould clamp tapped holes as per drawing
3000005800,A-10239,LOCKING UNIT LINEAR MTG BRACKET - 200 TON,,,LOCKING UNIT LINEAR MTG BRACKET - 200 TON (CASTING/RAW MATERIAL),4,HT,Stress Relieving & Normalizing Heat Treatment,2,VEN0000004,Gujarat Heat Treaters & Nitriding,Normalize thermal stress at 550°C
3000005800,A-10239,LOCKING UNIT LINEAR MTG BRACKET - 200 TON,,,LOCKING UNIT LINEAR MTG BRACKET - 200 TON (CASTING/RAW MATERIAL),5,GRD,Cylindrical & Precision Surface Grinding,1,VEN0000006,Sardar Cylindrical & Surface Grinding,Precision surface grind & rust preventive oil
4110028100,A-10799,EJECTOR ROD - 200 TON,,,EJECTOR ROD - 200 TON (CASTING/RAW MATERIAL),1,MCH,VMC Heavy Face Milling & Edge Truing,2,VEN0000002,Apex Precision VMC Machinists,Rough & finish top/bottom platen face to 0.02mm flat
4110028100,A-10799,EJECTOR ROD - 200 TON,,,EJECTOR ROD - 200 TON (CASTING/RAW MATERIAL),2,BOR,Precision CNC Boring (Tie Bar & Bush Bores),3,VEN0000002,Apex Precision VMC Machinists,Bore 4x Tie bar holes to H7 tolerance
4110028100,A-10799,EJECTOR ROD - 200 TON,,,EJECTOR ROD - 200 TON (CASTING/RAW MATERIAL),3,DRL,CNC Drilling & Tapping (PCD Clamp Holes),1,VEN0000002,Apex Precision VMC Machinists,M16 mould clamp tapped holes as per drawing
4110028100,A-10799,EJECTOR ROD - 200 TON,,,EJECTOR ROD - 200 TON (CASTING/RAW MATERIAL),4,HT,Stress Relieving & Normalizing Heat Treatment,2,VEN0000004,Gujarat Heat Treaters & Nitriding,Normalize thermal stress at 550°C
4110028100,A-10799,EJECTOR ROD - 200 TON,,,EJECTOR ROD - 200 TON (CASTING/RAW MATERIAL),5,GRD,Cylindrical & Precision Surface Grinding,1,VEN0000006,Sardar Cylindrical & Surface Grinding,Precision surface grind & rust preventive oil
4110028200,A-10396,NOZZLE CYLINDER EXTENSION ROD 200-1520,,,NOZZLE CYLINDER EXTENSION ROD 200-1520 (CASTING/RAW MATERIAL),1,MCH,VMC Heavy Face Milling & Edge Truing,2,VEN0000002,Apex Precision VMC Machinists,Rough & finish top/bottom platen face to 0.02mm flat
4110028200,A-10396,NOZZLE CYLINDER EXTENSION ROD 200-1520,,,NOZZLE CYLINDER EXTENSION ROD 200-1520 (CASTING/RAW MATERIAL),2,BOR,Precision CNC Boring (Tie Bar & Bush Bores),3,VEN0000002,Apex Precision VMC Machinists,Bore 4x Tie bar holes to H7 tolerance
4110028200,A-10396,NOZZLE CYLINDER EXTENSION ROD 200-1520,,,NOZZLE CYLINDER EXTENSION ROD 200-1520 (CASTING/RAW MATERIAL),3,DRL,CNC Drilling & Tapping (PCD Clamp Holes),1,VEN0000002,Apex Precision VMC Machinists,M16 mould clamp tapped holes as per drawing
4110028200,A-10396,NOZZLE CYLINDER EXTENSION ROD 200-1520,,,NOZZLE CYLINDER EXTENSION ROD 200-1520 (CASTING/RAW MATERIAL),4,HT,Stress Relieving & Normalizing Heat Treatment,2,VEN0000004,Gujarat Heat Treaters & Nitriding,Normalize thermal stress at 550°C
4110028200,A-10396,NOZZLE CYLINDER EXTENSION ROD 200-1520,,,NOZZLE CYLINDER EXTENSION ROD 200-1520 (CASTING/RAW MATERIAL),5,GRD,Cylindrical & Precision Surface Grinding,1,VEN0000006,Sardar Cylindrical & Surface Grinding,Precision surface grind & rust preventive oil
4110028300,A-12028,CROSS HEAD LIMIT SWITCH OPERATING PIN-200,,,CROSS HEAD LIMIT SWITCH OPERATING PIN-200 (CASTING/RAW MATERIAL),1,MCH,VMC Heavy Face Milling & Edge Truing,2,VEN0000002,Apex Precision VMC Machinists,Rough & finish top/bottom platen face to 0.02mm flat
4110028300,A-12028,CROSS HEAD LIMIT SWITCH OPERATING PIN-200,,,CROSS HEAD LIMIT SWITCH OPERATING PIN-200 (CASTING/RAW MATERIAL),2,BOR,Precision CNC Boring (Tie Bar & Bush Bores),3,VEN0000002,Apex Precision VMC Machinists,Bore 4x Tie bar holes to H7 tolerance
4110028300,A-12028,CROSS HEAD LIMIT SWITCH OPERATING PIN-200,,,CROSS HEAD LIMIT SWITCH OPERATING PIN-200 (CASTING/RAW MATERIAL),3,DRL,CNC Drilling & Tapping (PCD Clamp Holes),1,VEN0000002,Apex Precision VMC Machinists,M16 mould clamp tapped holes as per drawing
4110028300,A-12028,CROSS HEAD LIMIT SWITCH OPERATING PIN-200,,,CROSS HEAD LIMIT SWITCH OPERATING PIN-200 (CASTING/RAW MATERIAL),4,HT,Stress Relieving & Normalizing Heat Treatment,2,VEN0000004,Gujarat Heat Treaters & Nitriding,Normalize thermal stress at 550°C
4110028300,A-12028,CROSS HEAD LIMIT SWITCH OPERATING PIN-200,,,CROSS HEAD LIMIT SWITCH OPERATING PIN-200 (CASTING/RAW MATERIAL),5,GRD,Cylindrical & Precision Surface Grinding,1,VEN0000006,Sardar Cylindrical & Surface Grinding,Precision surface grind & rust preventive oil
4110028400,A-10390,INJECTION MANIFOLD MTG PLATE - 1520,,,INJECTION MANIFOLD MTG PLATE - 1520 (CASTING/RAW MATERIAL),1,MCH,VMC Heavy Face Milling & Edge Truing,2,VEN0000002,Apex Precision VMC Machinists,Rough & finish top/bottom platen face to 0.02mm flat
4110028400,A-10390,INJECTION MANIFOLD MTG PLATE - 1520,,,INJECTION MANIFOLD MTG PLATE - 1520 (CASTING/RAW MATERIAL),2,BOR,Precision CNC Boring (Tie Bar & Bush Bores),3,VEN0000002,Apex Precision VMC Machinists,Bore 4x Tie bar holes to H7 tolerance
4110028400,A-10390,INJECTION MANIFOLD MTG PLATE - 1520,,,INJECTION MANIFOLD MTG PLATE - 1520 (CASTING/RAW MATERIAL),3,DRL,CNC Drilling & Tapping (PCD Clamp Holes),1,VEN0000002,Apex Precision VMC Machinists,M16 mould clamp tapped holes as per drawing
4110028400,A-10390,INJECTION MANIFOLD MTG PLATE - 1520,,,INJECTION MANIFOLD MTG PLATE - 1520 (CASTING/RAW MATERIAL),4,HT,Stress Relieving & Normalizing Heat Treatment,2,VEN0000004,Gujarat Heat Treaters & Nitriding,Normalize thermal stress at 550°C
4110028400,A-10390,INJECTION MANIFOLD MTG PLATE - 1520,,,INJECTION MANIFOLD MTG PLATE - 1520 (CASTING/RAW MATERIAL),5,GRD,Cylindrical & Precision Surface Grinding,1,VEN0000006,Sardar Cylindrical & Surface Grinding,Precision surface grind & rust preventive oil
3131101700,A-10062,INJECTION LINEAR MOUNTING BRACKET - 1520,,,INJECTION LINEAR MOUNTING BRACKET - 1520 (CASTING/RAW MATERIAL),1,MCH,VMC Heavy Face Milling & Edge Truing,2,VEN0000002,Apex Precision VMC Machinists,Rough & finish top/bottom platen face to 0.02mm flat
3131101700,A-10062,INJECTION LINEAR MOUNTING BRACKET - 1520,,,INJECTION LINEAR MOUNTING BRACKET - 1520 (CASTING/RAW MATERIAL),2,BOR,Precision CNC Boring (Tie Bar & Bush Bores),3,VEN0000002,Apex Precision VMC Machinists,Bore 4x Tie bar holes to H7 tolerance
3131101700,A-10062,INJECTION LINEAR MOUNTING BRACKET - 1520,,,INJECTION LINEAR MOUNTING BRACKET - 1520 (CASTING/RAW MATERIAL),3,DRL,CNC Drilling & Tapping (PCD Clamp Holes),1,VEN0000002,Apex Precision VMC Machinists,M16 mould clamp tapped holes as per drawing
3131101700,A-10062,INJECTION LINEAR MOUNTING BRACKET - 1520,,,INJECTION LINEAR MOUNTING BRACKET - 1520 (CASTING/RAW MATERIAL),4,HT,Stress Relieving & Normalizing Heat Treatment,2,VEN0000004,Gujarat Heat Treaters & Nitriding,Normalize thermal stress at 550°C
3131101700,A-10062,INJECTION LINEAR MOUNTING BRACKET - 1520,,,INJECTION LINEAR MOUNTING BRACKET - 1520 (CASTING/RAW MATERIAL),5,GRD,Cylindrical & Precision Surface Grinding,1,VEN0000006,Sardar Cylindrical & Surface Grinding,Precision surface grind & rust preventive oil
3131101800,A-10071,INJECTION LINEAR SHAFT MTG BRACKET - 1520,,,INJECTION LINEAR SHAFT MTG BRACKET - 1520 (CASTING/RAW MATERIAL),1,MCH,VMC Heavy Face Milling & Edge Truing,2,VEN0000002,Apex Precision VMC Machinists,Rough & finish top/bottom platen face to 0.02mm flat
3131101800,A-10071,INJECTION LINEAR SHAFT MTG BRACKET - 1520,,,INJECTION LINEAR SHAFT MTG BRACKET - 1520 (CASTING/RAW MATERIAL),2,BOR,Precision CNC Boring (Tie Bar & Bush Bores),3,VEN0000002,Apex Precision VMC Machinists,Bore 4x Tie bar holes to H7 tolerance
3131101800,A-10071,INJECTION LINEAR SHAFT MTG BRACKET - 1520,,,INJECTION LINEAR SHAFT MTG BRACKET - 1520 (CASTING/RAW MATERIAL),3,DRL,CNC Drilling & Tapping (PCD Clamp Holes),1,VEN0000002,Apex Precision VMC Machinists,M16 mould clamp tapped holes as per drawing
3131101800,A-10071,INJECTION LINEAR SHAFT MTG BRACKET - 1520,,,INJECTION LINEAR SHAFT MTG BRACKET - 1520 (CASTING/RAW MATERIAL),4,HT,Stress Relieving & Normalizing Heat Treatment,2,VEN0000004,Gujarat Heat Treaters & Nitriding,Normalize thermal stress at 550°C
3131101800,A-10071,INJECTION LINEAR SHAFT MTG BRACKET - 1520,,,INJECTION LINEAR SHAFT MTG BRACKET - 1520 (CASTING/RAW MATERIAL),5,GRD,Cylindrical & Precision Surface Grinding,1,VEN0000006,Sardar Cylindrical & Surface Grinding,Precision surface grind & rust preventive oil
3131300500,A-10602,INJECTION GUARD SUPPORT BRACKET - 1520,,,INJECTION GUARD SUPPORT BRACKET - 1520 (CASTING/RAW MATERIAL),1,MCH,VMC Heavy Face Milling & Edge Truing,2,VEN0000002,Apex Precision VMC Machinists,Rough & finish top/bottom platen face to 0.02mm flat
3131300500,A-10602,INJECTION GUARD SUPPORT BRACKET - 1520,,,INJECTION GUARD SUPPORT BRACKET - 1520 (CASTING/RAW MATERIAL),2,BOR,Precision CNC Boring (Tie Bar & Bush Bores),3,VEN0000002,Apex Precision VMC Machinists,Bore 4x Tie bar holes to H7 tolerance
3131300500,A-10602,INJECTION GUARD SUPPORT BRACKET - 1520,,,INJECTION GUARD SUPPORT BRACKET - 1520 (CASTING/RAW MATERIAL),3,DRL,CNC Drilling & Tapping (PCD Clamp Holes),1,VEN0000002,Apex Precision VMC Machinists,M16 mould clamp tapped holes as per drawing
3131300500,A-10602,INJECTION GUARD SUPPORT BRACKET - 1520,,,INJECTION GUARD SUPPORT BRACKET - 1520 (CASTING/RAW MATERIAL),4,HT,Stress Relieving & Normalizing Heat Treatment,2,VEN0000004,Gujarat Heat Treaters & Nitriding,Normalize thermal stress at 550°C
3131300500,A-10602,INJECTION GUARD SUPPORT BRACKET - 1520,,,INJECTION GUARD SUPPORT BRACKET - 1520 (CASTING/RAW MATERIAL),5,GRD,Cylindrical & Precision Surface Grinding,1,VEN0000006,Sardar Cylindrical & Surface Grinding,Precision surface grind & rust preventive oil
4110000100,A-10145,STATIONARY PLATE TOGGLE - 90 TON,4001000100,11201,STATIONARY PLATE TOGGLE - 90 TON (CASTING),1,MCH,VMC Heavy Face Milling & Edge Truing,2,VEN0000002,Apex Precision VMC Machinists,Rough & finish top/bottom platen face to 0.02mm flat
4110000100,A-10145,STATIONARY PLATE TOGGLE - 90 TON,4001000100,11201,STATIONARY PLATE TOGGLE - 90 TON (CASTING),2,BOR,Precision CNC Boring (Tie Bar & Bush Bores),3,VEN0000002,Apex Precision VMC Machinists,Bore 4x Tie bar holes to H7 tolerance
4110000100,A-10145,STATIONARY PLATE TOGGLE - 90 TON,4001000100,11201,STATIONARY PLATE TOGGLE - 90 TON (CASTING),3,DRL,CNC Drilling & Tapping (PCD Clamp Holes),1,VEN0000002,Apex Precision VMC Machinists,M16 mould clamp tapped holes as per drawing
4110000100,A-10145,STATIONARY PLATE TOGGLE - 90 TON,4001000100,11201,STATIONARY PLATE TOGGLE - 90 TON (CASTING),4,HT,Stress Relieving & Normalizing Heat Treatment,2,VEN0000004,Gujarat Heat Treaters & Nitriding,Normalize thermal stress at 550°C
4110000100,A-10145,STATIONARY PLATE TOGGLE - 90 TON,4001000100,11201,STATIONARY PLATE TOGGLE - 90 TON (CASTING),5,GRD,Cylindrical & Precision Surface Grinding,1,VEN0000006,Sardar Cylindrical & Surface Grinding,Precision surface grind & rust preventive oil
4110000200,A-10150,MOVING PLATE TOGGLE - 90 TON,4001001200,11202,MOVING PLATE TOGGLE - 90 TON (CASTING),1,MCH,VMC Heavy Face Milling & Edge Truing,2,VEN0000002,Apex Precision VMC Machinists,Rough & finish top/bottom platen face to 0.02mm flat
4110000200,A-10150,MOVING PLATE TOGGLE - 90 TON,4001001200,11202,MOVING PLATE TOGGLE - 90 TON (CASTING),2,BOR,Precision CNC Boring (Tie Bar & Bush Bores),3,VEN0000002,Apex Precision VMC Machinists,Bore 4x Tie bar holes to H7 tolerance
4110000200,A-10150,MOVING PLATE TOGGLE - 90 TON,4001001200,11202,MOVING PLATE TOGGLE - 90 TON (CASTING),3,DRL,CNC Drilling & Tapping (PCD Clamp Holes),1,VEN0000002,Apex Precision VMC Machinists,M16 mould clamp tapped holes as per drawing
4110000200,A-10150,MOVING PLATE TOGGLE - 90 TON,4001001200,11202,MOVING PLATE TOGGLE - 90 TON (CASTING),4,HT,Stress Relieving & Normalizing Heat Treatment,2,VEN0000004,Gujarat Heat Treaters & Nitriding,Normalize thermal stress at 550°C
4110000200,A-10150,MOVING PLATE TOGGLE - 90 TON,4001001200,11202,MOVING PLATE TOGGLE - 90 TON (CASTING),5,GRD,Cylindrical & Precision Surface Grinding,1,VEN0000006,Sardar Cylindrical & Surface Grinding,Precision surface grind & rust preventive oil
4110000300,A-10185,END PLATE - 90 TON,4001002300,11203,END PLATE - 90 TON (CASTING),1,MCH,VMC Heavy Face Milling & Edge Truing,2,VEN0000002,Apex Precision VMC Machinists,Rough & finish top/bottom platen face to 0.02mm flat
4110000300,A-10185,END PLATE - 90 TON,4001002300,11203,END PLATE - 90 TON (CASTING),2,BOR,Precision CNC Boring (Tie Bar & Bush Bores),3,VEN0000002,Apex Precision VMC Machinists,Bore 4x Tie bar holes to H7 tolerance
4110000300,A-10185,END PLATE - 90 TON,4001002300,11203,END PLATE - 90 TON (CASTING),3,DRL,CNC Drilling & Tapping (PCD Clamp Holes),1,VEN0000002,Apex Precision VMC Machinists,M16 mould clamp tapped holes as per drawing
4110000300,A-10185,END PLATE - 90 TON,4001002300,11203,END PLATE - 90 TON (CASTING),4,HT,Stress Relieving & Normalizing Heat Treatment,2,VEN0000004,Gujarat Heat Treaters & Nitriding,Normalize thermal stress at 550°C
4110000300,A-10185,END PLATE - 90 TON,4001002300,11203,END PLATE - 90 TON (CASTING),5,GRD,Cylindrical & Precision Surface Grinding,1,VEN0000006,Sardar Cylindrical & Surface Grinding,Precision surface grind & rust preventive oil
4110000400,A-10223,EJECTOR PLATE - 90 TON,4001002900,,EJECTOR PLATE  TOGGLE - 90 TON (CASTING),1,MCH,VMC Heavy Face Milling & Edge Truing,2,VEN0000002,Apex Precision VMC Machinists,Rough & finish top/bottom platen face to 0.02mm flat
4110000400,A-10223,EJECTOR PLATE - 90 TON,4001002900,,EJECTOR PLATE  TOGGLE - 90 TON (CASTING),2,BOR,Precision CNC Boring (Tie Bar & Bush Bores),3,VEN0000002,Apex Precision VMC Machinists,Bore 4x Tie bar holes to H7 tolerance
4110000400,A-10223,EJECTOR PLATE - 90 TON,4001002900,,EJECTOR PLATE  TOGGLE - 90 TON (CASTING),3,DRL,CNC Drilling & Tapping (PCD Clamp Holes),1,VEN0000002,Apex Precision VMC Machinists,M16 mould clamp tapped holes as per drawing
4110000400,A-10223,EJECTOR PLATE - 90 TON,4001002900,,EJECTOR PLATE  TOGGLE - 90 TON (CASTING),4,HT,Stress Relieving & Normalizing Heat Treatment,2,VEN0000004,Gujarat Heat Treaters & Nitriding,Normalize thermal stress at 550°C
4110000400,A-10223,EJECTOR PLATE - 90 TON,4001002900,,EJECTOR PLATE  TOGGLE - 90 TON (CASTING),5,GRD,Cylindrical & Precision Surface Grinding,1,VEN0000006,Sardar Cylindrical & Surface Grinding,Precision surface grind & rust preventive oil
4110000500,A-10180,CROSS HEAD - 90 TON,4001003600,11204,CROSS HEAD - 90 TON (CASTING),1,MCH,VMC Heavy Face Milling & Edge Truing,2,VEN0000002,Apex Precision VMC Machinists,Rough & finish top/bottom platen face to 0.02mm flat
4110000500,A-10180,CROSS HEAD - 90 TON,4001003600,11204,CROSS HEAD - 90 TON (CASTING),2,BOR,Precision CNC Boring (Tie Bar & Bush Bores),3,VEN0000002,Apex Precision VMC Machinists,Bore 4x Tie bar holes to H7 tolerance
4110000500,A-10180,CROSS HEAD - 90 TON,4001003600,11204,CROSS HEAD - 90 TON (CASTING),3,DRL,CNC Drilling & Tapping (PCD Clamp Holes),1,VEN0000002,Apex Precision VMC Machinists,M16 mould clamp tapped holes as per drawing
4110000500,A-10180,CROSS HEAD - 90 TON,4001003600,11204,CROSS HEAD - 90 TON (CASTING),4,HT,Stress Relieving & Normalizing Heat Treatment,2,VEN0000004,Gujarat Heat Treaters & Nitriding,Normalize thermal stress at 550°C
4110000500,A-10180,CROSS HEAD - 90 TON,4001003600,11204,CROSS HEAD - 90 TON (CASTING),5,GRD,Cylindrical & Precision Surface Grinding,1,VEN0000006,Sardar Cylindrical & Surface Grinding,Precision surface grind & rust preventive oil
4110000600,A-10175,CROSS HEAD LINK - 90 TON,4001004200,11207,CROSS HEAD LINK - 90 TON (CASTING),1,MCH,VMC Heavy Face Milling & Edge Truing,2,VEN0000002,Apex Precision VMC Machinists,Rough & finish top/bottom platen face to 0.02mm flat
4110000600,A-10175,CROSS HEAD LINK - 90 TON,4001004200,11207,CROSS HEAD LINK - 90 TON (CASTING),2,BOR,Precision CNC Boring (Tie Bar & Bush Bores),3,VEN0000002,Apex Precision VMC Machinists,Bore 4x Tie bar holes to H7 tolerance
4110000600,A-10175,CROSS HEAD LINK - 90 TON,4001004200,11207,CROSS HEAD LINK - 90 TON (CASTING),3,DRL,CNC Drilling & Tapping (PCD Clamp Holes),1,VEN0000002,Apex Precision VMC Machinists,M16 mould clamp tapped holes as per drawing
4110000600,A-10175,CROSS HEAD LINK - 90 TON,4001004200,11207,CROSS HEAD LINK - 90 TON (CASTING),4,HT,Stress Relieving & Normalizing Heat Treatment,2,VEN0000004,Gujarat Heat Treaters & Nitriding,Normalize thermal stress at 550°C
4110000600,A-10175,CROSS HEAD LINK - 90 TON,4001004200,11207,CROSS HEAD LINK - 90 TON (CASTING),5,GRD,Cylindrical & Precision Surface Grinding,1,VEN0000006,Sardar Cylindrical & Surface Grinding,Precision surface grind & rust preventive oil
4110000700,A-10155,BINARY LINK - 90 TON,4001004800,11205,BINARY LINK - 90 TON (CASTING),1,MCH,VMC Heavy Face Milling & Edge Truing,2,VEN0000002,Apex Precision VMC Machinists,Rough & finish top/bottom platen face to 0.02mm flat
4110000700,A-10155,BINARY LINK - 90 TON,4001004800,11205,BINARY LINK - 90 TON (CASTING),2,BOR,Precision CNC Boring (Tie Bar & Bush Bores),3,VEN0000002,Apex Precision VMC Machinists,Bore 4x Tie bar holes to H7 tolerance
4110000700,A-10155,BINARY LINK - 90 TON,4001004800,11205,BINARY LINK - 90 TON (CASTING),3,DRL,CNC Drilling & Tapping (PCD Clamp Holes),1,VEN0000002,Apex Precision VMC Machinists,M16 mould clamp tapped holes as per drawing
4110000700,A-10155,BINARY LINK - 90 TON,4001004800,11205,BINARY LINK - 90 TON (CASTING),4,HT,Stress Relieving & Normalizing Heat Treatment,2,VEN0000004,Gujarat Heat Treaters & Nitriding,Normalize thermal stress at 550°C
4110000700,A-10155,BINARY LINK - 90 TON,4001004800,11205,BINARY LINK - 90 TON (CASTING),5,GRD,Cylindrical & Precision Surface Grinding,1,VEN0000006,Sardar Cylindrical & Surface Grinding,Precision surface grind & rust preventive oil
4110000800,A-10170,TERNARY LINK - 90 TON,4001005400,11206,TERNARY LINK - 90 TON (CASTING),1,MCH,VMC Heavy Face Milling & Edge Truing,2,VEN0000002,Apex Precision VMC Machinists,Rough & finish top/bottom platen face to 0.02mm flat
4110000800,A-10170,TERNARY LINK - 90 TON,4001005400,11206,TERNARY LINK - 90 TON (CASTING),2,BOR,Precision CNC Boring (Tie Bar & Bush Bores),3,VEN0000002,Apex Precision VMC Machinists,Bore 4x Tie bar holes to H7 tolerance
4110000800,A-10170,TERNARY LINK - 90 TON,4001005400,11206,TERNARY LINK - 90 TON (CASTING),3,DRL,CNC Drilling & Tapping (PCD Clamp Holes),1,VEN0000002,Apex Precision VMC Machinists,M16 mould clamp tapped holes as per drawing
4110000800,A-10170,TERNARY LINK - 90 TON,4001005400,11206,TERNARY LINK - 90 TON (CASTING),4,HT,Stress Relieving & Normalizing Heat Treatment,2,VEN0000004,Gujarat Heat Treaters & Nitriding,Normalize thermal stress at 550°C
4110000800,A-10170,TERNARY LINK - 90 TON,4001005400,11206,TERNARY LINK - 90 TON (CASTING),5,GRD,Cylindrical & Precision Surface Grinding,1,VEN0000006,Sardar Cylindrical & Surface Grinding,Precision surface grind & rust preventive oil
4110000900,A-10168,TERNARY LINK RH - 90 TON,,,TERNARY LINK RH - 90 TON (CASTING/RAW MATERIAL),1,MCH,VMC Heavy Face Milling & Edge Truing,2,VEN0000002,Apex Precision VMC Machinists,Rough & finish top/bottom platen face to 0.02mm flat
4110000900,A-10168,TERNARY LINK RH - 90 TON,,,TERNARY LINK RH - 90 TON (CASTING/RAW MATERIAL),2,BOR,Precision CNC Boring (Tie Bar & Bush Bores),3,VEN0000002,Apex Precision VMC Machinists,Bore 4x Tie bar holes to H7 tolerance
4110000900,A-10168,TERNARY LINK RH - 90 TON,,,TERNARY LINK RH - 90 TON (CASTING/RAW MATERIAL),3,DRL,CNC Drilling & Tapping (PCD Clamp Holes),1,VEN0000002,Apex Precision VMC Machinists,M16 mould clamp tapped holes as per drawing
4110000900,A-10168,TERNARY LINK RH - 90 TON,,,TERNARY LINK RH - 90 TON (CASTING/RAW MATERIAL),4,HT,Stress Relieving & Normalizing Heat Treatment,2,VEN0000004,Gujarat Heat Treaters & Nitriding,Normalize thermal stress at 550°C
4110000900,A-10168,TERNARY LINK RH - 90 TON,,,TERNARY LINK RH - 90 TON (CASTING/RAW MATERIAL),5,GRD,Cylindrical & Precision Surface Grinding,1,VEN0000006,Sardar Cylindrical & Surface Grinding,Precision surface grind & rust preventive oil
4110001000,A-10169,TERNARY LINK LH - 90 TON,,,TERNARY LINK LH - 90 TON (CASTING/RAW MATERIAL),1,MCH,VMC Heavy Face Milling & Edge Truing,2,VEN0000002,Apex Precision VMC Machinists,Rough & finish top/bottom platen face to 0.02mm flat
4110001000,A-10169,TERNARY LINK LH - 90 TON,,,TERNARY LINK LH - 90 TON (CASTING/RAW MATERIAL),2,BOR,Precision CNC Boring (Tie Bar & Bush Bores),3,VEN0000002,Apex Precision VMC Machinists,Bore 4x Tie bar holes to H7 tolerance
4110001000,A-10169,TERNARY LINK LH - 90 TON,,,TERNARY LINK LH - 90 TON (CASTING/RAW MATERIAL),3,DRL,CNC Drilling & Tapping (PCD Clamp Holes),1,VEN0000002,Apex Precision VMC Machinists,M16 mould clamp tapped holes as per drawing
4110001000,A-10169,TERNARY LINK LH - 90 TON,,,TERNARY LINK LH - 90 TON (CASTING/RAW MATERIAL),4,HT,Stress Relieving & Normalizing Heat Treatment,2,VEN0000004,Gujarat Heat Treaters & Nitriding,Normalize thermal stress at 550°C
4110001000,A-10169,TERNARY LINK LH - 90 TON,,,TERNARY LINK LH - 90 TON (CASTING/RAW MATERIAL),5,GRD,Cylindrical & Precision Surface Grinding,1,VEN0000006,Sardar Cylindrical & Surface Grinding,Precision surface grind & rust preventive oil
4110001100,A-10255,GEAR NUT RETAINER - 90 TON,4001006900,11210,GEAR NUT RETAINER - 90 TON (CASTING),1,MCH,VMC Heavy Face Milling & Edge Truing,2,VEN0000002,Apex Precision VMC Machinists,Rough & finish top/bottom platen face to 0.02mm flat
4110001100,A-10255,GEAR NUT RETAINER - 90 TON,4001006900,11210,GEAR NUT RETAINER - 90 TON (CASTING),2,BOR,Precision CNC Boring (Tie Bar & Bush Bores),3,VEN0000002,Apex Precision VMC Machinists,Bore 4x Tie bar holes to H7 tolerance
4110001100,A-10255,GEAR NUT RETAINER - 90 TON,4001006900,11210,GEAR NUT RETAINER - 90 TON (CASTING),3,DRL,CNC Drilling & Tapping (PCD Clamp Holes),1,VEN0000002,Apex Precision VMC Machinists,M16 mould clamp tapped holes as per drawing
4110001100,A-10255,GEAR NUT RETAINER - 90 TON,4001006900,11210,GEAR NUT RETAINER - 90 TON (CASTING),4,HT,Stress Relieving & Normalizing Heat Treatment,2,VEN0000004,Gujarat Heat Treaters & Nitriding,Normalize thermal stress at 550°C
4110001100,A-10255,GEAR NUT RETAINER - 90 TON,4001006900,11210,GEAR NUT RETAINER - 90 TON (CASTING),5,GRD,Cylindrical & Precision Surface Grinding,1,VEN0000006,Sardar Cylindrical & Surface Grinding,Precision surface grind & rust preventive oil
4110001200,A-10263,DIE HEIGHT MOTOR MTG BRACKET - 90 TON,4001007500,11209,DIE HEIGHT MOTOR MTG BRACKET - 90 TON (CASTING),1,MCH,VMC Heavy Face Milling & Edge Truing,2,VEN0000002,Apex Precision VMC Machinists,Rough & finish top/bottom platen face to 0.02mm flat
4110001200,A-10263,DIE HEIGHT MOTOR MTG BRACKET - 90 TON,4001007500,11209,DIE HEIGHT MOTOR MTG BRACKET - 90 TON (CASTING),2,BOR,Precision CNC Boring (Tie Bar & Bush Bores),3,VEN0000002,Apex Precision VMC Machinists,Bore 4x Tie bar holes to H7 tolerance
4110001200,A-10263,DIE HEIGHT MOTOR MTG BRACKET - 90 TON,4001007500,11209,DIE HEIGHT MOTOR MTG BRACKET - 90 TON (CASTING),3,DRL,CNC Drilling & Tapping (PCD Clamp Holes),1,VEN0000002,Apex Precision VMC Machinists,M16 mould clamp tapped holes as per drawing
4110001200,A-10263,DIE HEIGHT MOTOR MTG BRACKET - 90 TON,4001007500,11209,DIE HEIGHT MOTOR MTG BRACKET - 90 TON (CASTING),4,HT,Stress Relieving & Normalizing Heat Treatment,2,VEN0000004,Gujarat Heat Treaters & Nitriding,Normalize thermal stress at 550°C
4110001200,A-10263,DIE HEIGHT MOTOR MTG BRACKET - 90 TON,4001007500,11209,DIE HEIGHT MOTOR MTG BRACKET - 90 TON (CASTING),5,GRD,Cylindrical & Precision Surface Grinding,1,VEN0000006,Sardar Cylindrical & Surface Grinding,Precision surface grind & rust preventive oil
4110001300,A-10136,TIE BAR Ø65 - 90 TON TOGGLE,,,TIE BAR Ø65 - 90 TON TOGGLE (CASTING/RAW MATERIAL),1,MCH,VMC Heavy Face Milling & Edge Truing,2,VEN0000002,Apex Precision VMC Machinists,Rough & finish top/bottom platen face to 0.02mm flat
4110001300,A-10136,TIE BAR Ø65 - 90 TON TOGGLE,,,TIE BAR Ø65 - 90 TON TOGGLE (CASTING/RAW MATERIAL),2,BOR,Precision CNC Boring (Tie Bar & Bush Bores),3,VEN0000002,Apex Precision VMC Machinists,Bore 4x Tie bar holes to H7 tolerance
4110001300,A-10136,TIE BAR Ø65 - 90 TON TOGGLE,,,TIE BAR Ø65 - 90 TON TOGGLE (CASTING/RAW MATERIAL),3,DRL,CNC Drilling & Tapping (PCD Clamp Holes),1,VEN0000002,Apex Precision VMC Machinists,M16 mould clamp tapped holes as per drawing
4110001300,A-10136,TIE BAR Ø65 - 90 TON TOGGLE,,,TIE BAR Ø65 - 90 TON TOGGLE (CASTING/RAW MATERIAL),4,HT,Stress Relieving & Normalizing Heat Treatment,2,VEN0000004,Gujarat Heat Treaters & Nitriding,Normalize thermal stress at 550°C
4110001300,A-10136,TIE BAR Ø65 - 90 TON TOGGLE,,,TIE BAR Ø65 - 90 TON TOGGLE (CASTING/RAW MATERIAL),5,GRD,Cylindrical & Precision Surface Grinding,1,VEN0000006,Sardar Cylindrical & Surface Grinding,Precision surface grind & rust preventive oil
4110001400,A-10126,TIE BAR LOCATING PLATE - 90 TON,,,TIE BAR LOCATING PLATE - 90 TON (CASTING/RAW MATERIAL),1,MCH,VMC Heavy Face Milling & Edge Truing,2,VEN0000002,Apex Precision VMC Machinists,Rough & finish top/bottom platen face to 0.02mm flat
4110001400,A-10126,TIE BAR LOCATING PLATE - 90 TON,,,TIE BAR LOCATING PLATE - 90 TON (CASTING/RAW MATERIAL),2,BOR,Precision CNC Boring (Tie Bar & Bush Bores),3,VEN0000002,Apex Precision VMC Machinists,Bore 4x Tie bar holes to H7 tolerance
4110001400,A-10126,TIE BAR LOCATING PLATE - 90 TON,,,TIE BAR LOCATING PLATE - 90 TON (CASTING/RAW MATERIAL),3,DRL,CNC Drilling & Tapping (PCD Clamp Holes),1,VEN0000002,Apex Precision VMC Machinists,M16 mould clamp tapped holes as per drawing
4110001400,A-10126,TIE BAR LOCATING PLATE - 90 TON,,,TIE BAR LOCATING PLATE - 90 TON (CASTING/RAW MATERIAL),4,HT,Stress Relieving & Normalizing Heat Treatment,2,VEN0000004,Gujarat Heat Treaters & Nitriding,Normalize thermal stress at 550°C
4110001400,A-10126,TIE BAR LOCATING PLATE - 90 TON,,,TIE BAR LOCATING PLATE - 90 TON (CASTING/RAW MATERIAL),5,GRD,Cylindrical & Precision Surface Grinding,1,VEN0000006,Sardar Cylindrical & Surface Grinding,Precision surface grind & rust preventive oil
4110001500,A-10334,TOGGLE SMALL PIN Ø30 - 90 TON,,,TOGGLE SMALL PIN Ø30 - 90 TON (CASTING/RAW MATERIAL),1,MCH,VMC Heavy Face Milling & Edge Truing,2,VEN0000002,Apex Precision VMC Machinists,Rough & finish top/bottom platen face to 0.02mm flat
4110001500,A-10334,TOGGLE SMALL PIN Ø30 - 90 TON,,,TOGGLE SMALL PIN Ø30 - 90 TON (CASTING/RAW MATERIAL),2,BOR,Precision CNC Boring (Tie Bar & Bush Bores),3,VEN0000002,Apex Precision VMC Machinists,Bore 4x Tie bar holes to H7 tolerance
4110001500,A-10334,TOGGLE SMALL PIN Ø30 - 90 TON,,,TOGGLE SMALL PIN Ø30 - 90 TON (CASTING/RAW MATERIAL),3,DRL,CNC Drilling & Tapping (PCD Clamp Holes),1,VEN0000002,Apex Precision VMC Machinists,M16 mould clamp tapped holes as per drawing
4110001500,A-10334,TOGGLE SMALL PIN Ø30 - 90 TON,,,TOGGLE SMALL PIN Ø30 - 90 TON (CASTING/RAW MATERIAL),4,HT,Stress Relieving & Normalizing Heat Treatment,2,VEN0000004,Gujarat Heat Treaters & Nitriding,Normalize thermal stress at 550°C
4110001500,A-10334,TOGGLE SMALL PIN Ø30 - 90 TON,,,TOGGLE SMALL PIN Ø30 - 90 TON (CASTING/RAW MATERIAL),5,GRD,Cylindrical & Precision Surface Grinding,1,VEN0000006,Sardar Cylindrical & Surface Grinding,Precision surface grind & rust preventive oil
4110001600,A-10186,TOGGLE SMALL PIN LOCKING STRIP – 90 TON,,,TOGGLE SMALL PIN LOCKING STRIP – 90 TON (CASTING/RAW MATERIAL),1,MCH,VMC Heavy Face Milling & Edge Truing,2,VEN0000002,Apex Precision VMC Machinists,Rough & finish top/bottom platen face to 0.02mm flat
4110001600,A-10186,TOGGLE SMALL PIN LOCKING STRIP – 90 TON,,,TOGGLE SMALL PIN LOCKING STRIP – 90 TON (CASTING/RAW MATERIAL),2,BOR,Precision CNC Boring (Tie Bar & Bush Bores),3,VEN0000002,Apex Precision VMC Machinists,Bore 4x Tie bar holes to H7 tolerance
4110001600,A-10186,TOGGLE SMALL PIN LOCKING STRIP – 90 TON,,,TOGGLE SMALL PIN LOCKING STRIP – 90 TON (CASTING/RAW MATERIAL),3,DRL,CNC Drilling & Tapping (PCD Clamp Holes),1,VEN0000002,Apex Precision VMC Machinists,M16 mould clamp tapped holes as per drawing
4110001600,A-10186,TOGGLE SMALL PIN LOCKING STRIP – 90 TON,,,TOGGLE SMALL PIN LOCKING STRIP – 90 TON (CASTING/RAW MATERIAL),4,HT,Stress Relieving & Normalizing Heat Treatment,2,VEN0000004,Gujarat Heat Treaters & Nitriding,Normalize thermal stress at 550°C
4110001600,A-10186,TOGGLE SMALL PIN LOCKING STRIP – 90 TON,,,TOGGLE SMALL PIN LOCKING STRIP – 90 TON (CASTING/RAW MATERIAL),5,GRD,Cylindrical & Precision Surface Grinding,1,VEN0000006,Sardar Cylindrical & Surface Grinding,Precision surface grind & rust preventive oil
4110001700,A-10329,TOGGLE BIG PIN Ø55 - 90 TON,,,TOGGLE BIG PIN Ø55 - 90 TON (CASTING/RAW MATERIAL),1,MCH,VMC Heavy Face Milling & Edge Truing,2,VEN0000002,Apex Precision VMC Machinists,Rough & finish top/bottom platen face to 0.02mm flat
4110001700,A-10329,TOGGLE BIG PIN Ø55 - 90 TON,,,TOGGLE BIG PIN Ø55 - 90 TON (CASTING/RAW MATERIAL),2,BOR,Precision CNC Boring (Tie Bar & Bush Bores),3,VEN0000002,Apex Precision VMC Machinists,Bore 4x Tie bar holes to H7 tolerance
4110001700,A-10329,TOGGLE BIG PIN Ø55 - 90 TON,,,TOGGLE BIG PIN Ø55 - 90 TON (CASTING/RAW MATERIAL),3,DRL,CNC Drilling & Tapping (PCD Clamp Holes),1,VEN0000002,Apex Precision VMC Machinists,M16 mould clamp tapped holes as per drawing
4110001700,A-10329,TOGGLE BIG PIN Ø55 - 90 TON,,,TOGGLE BIG PIN Ø55 - 90 TON (CASTING/RAW MATERIAL),4,HT,Stress Relieving & Normalizing Heat Treatment,2,VEN0000004,Gujarat Heat Treaters & Nitriding,Normalize thermal stress at 550°C
4110001700,A-10329,TOGGLE BIG PIN Ø55 - 90 TON,,,TOGGLE BIG PIN Ø55 - 90 TON (CASTING/RAW MATERIAL),5,GRD,Cylindrical & Precision Surface Grinding,1,VEN0000006,Sardar Cylindrical & Surface Grinding,Precision surface grind & rust preventive oil
4110001800,A-10215,CROSS HEAD GUIDE ROD Ø45 - 90 TON,,,CROSS HEAD GUIDE ROD Ø45 - 90 TON (CASTING/RAW MATERIAL),1,MCH,VMC Heavy Face Milling & Edge Truing,2,VEN0000002,Apex Precision VMC Machinists,Rough & finish top/bottom platen face to 0.02mm flat
4110001800,A-10215,CROSS HEAD GUIDE ROD Ø45 - 90 TON,,,CROSS HEAD GUIDE ROD Ø45 - 90 TON (CASTING/RAW MATERIAL),2,BOR,Precision CNC Boring (Tie Bar & Bush Bores),3,VEN0000002,Apex Precision VMC Machinists,Bore 4x Tie bar holes to H7 tolerance
4110001800,A-10215,CROSS HEAD GUIDE ROD Ø45 - 90 TON,,,CROSS HEAD GUIDE ROD Ø45 - 90 TON (CASTING/RAW MATERIAL),3,DRL,CNC Drilling & Tapping (PCD Clamp Holes),1,VEN0000002,Apex Precision VMC Machinists,M16 mould clamp tapped holes as per drawing
4110001800,A-10215,CROSS HEAD GUIDE ROD Ø45 - 90 TON,,,CROSS HEAD GUIDE ROD Ø45 - 90 TON (CASTING/RAW MATERIAL),4,HT,Stress Relieving & Normalizing Heat Treatment,2,VEN0000004,Gujarat Heat Treaters & Nitriding,Normalize thermal stress at 550°C
4110001800,A-10215,CROSS HEAD GUIDE ROD Ø45 - 90 TON,,,CROSS HEAD GUIDE ROD Ø45 - 90 TON (CASTING/RAW MATERIAL),5,GRD,Cylindrical & Precision Surface Grinding,1,VEN0000006,Sardar Cylindrical & Surface Grinding,Precision surface grind & rust preventive oil
4110001900,A-10220,CROSS HEAD GUIDE ROD LOCATING PLATE - 90 TON,,,CROSS HEAD GUIDE ROD LOCATING PLATE - 90 TON (CASTING/RAW MATERIAL),1,MCH,VMC Heavy Face Milling & Edge Truing,2,VEN0000002,Apex Precision VMC Machinists,Rough & finish top/bottom platen face to 0.02mm flat
4110001900,A-10220,CROSS HEAD GUIDE ROD LOCATING PLATE - 90 TON,,,CROSS HEAD GUIDE ROD LOCATING PLATE - 90 TON (CASTING/RAW MATERIAL),2,BOR,Precision CNC Boring (Tie Bar & Bush Bores),3,VEN0000002,Apex Precision VMC Machinists,Bore 4x Tie bar holes to H7 tolerance
4110001900,A-10220,CROSS HEAD GUIDE ROD LOCATING PLATE - 90 TON,,,CROSS HEAD GUIDE ROD LOCATING PLATE - 90 TON (CASTING/RAW MATERIAL),3,DRL,CNC Drilling & Tapping (PCD Clamp Holes),1,VEN0000002,Apex Precision VMC Machinists,M16 mould clamp tapped holes as per drawing
4110001900,A-10220,CROSS HEAD GUIDE ROD LOCATING PLATE - 90 TON,,,CROSS HEAD GUIDE ROD LOCATING PLATE - 90 TON (CASTING/RAW MATERIAL),4,HT,Stress Relieving & Normalizing Heat Treatment,2,VEN0000004,Gujarat Heat Treaters & Nitriding,Normalize thermal stress at 550°C
4110001900,A-10220,CROSS HEAD GUIDE ROD LOCATING PLATE - 90 TON,,,CROSS HEAD GUIDE ROD LOCATING PLATE - 90 TON (CASTING/RAW MATERIAL),5,GRD,Cylindrical & Precision Surface Grinding,1,VEN0000006,Sardar Cylindrical & Surface Grinding,Precision surface grind & rust preventive oil
4110002000,A-10205,MOVING PLATE WIPER RETAINER - 90 TON,4001004800,11205,BINARY LINK - 90 TON (CASTING),1,MCH,VMC Heavy Face Milling & Edge Truing,2,VEN0000002,Apex Precision VMC Machinists,Rough & finish top/bottom platen face to 0.02mm flat
4110002000,A-10205,MOVING PLATE WIPER RETAINER - 90 TON,4001004800,11205,BINARY LINK - 90 TON (CASTING),2,BOR,Precision CNC Boring (Tie Bar & Bush Bores),3,VEN0000002,Apex Precision VMC Machinists,Bore 4x Tie bar holes to H7 tolerance
4110002000,A-10205,MOVING PLATE WIPER RETAINER - 90 TON,4001004800,11205,BINARY LINK - 90 TON (CASTING),3,DRL,CNC Drilling & Tapping (PCD Clamp Holes),1,VEN0000002,Apex Precision VMC Machinists,M16 mould clamp tapped holes as per drawing
4110002000,A-10205,MOVING PLATE WIPER RETAINER - 90 TON,4001004800,11205,BINARY LINK - 90 TON (CASTING),4,HT,Stress Relieving & Normalizing Heat Treatment,2,VEN0000004,Gujarat Heat Treaters & Nitriding,Normalize thermal stress at 550°C
4110002000,A-10205,MOVING PLATE WIPER RETAINER - 90 TON,4001004800,11205,BINARY LINK - 90 TON (CASTING),5,GRD,Cylindrical & Precision Surface Grinding,1,VEN0000006,Sardar Cylindrical & Surface Grinding,Precision surface grind & rust preventive oil
4110002100,A-10463,NOZZLE TIP LOCATING RING Ø160 - 90 TON,,,NOZZLE TIP LOCATING RING Ø160 - 90 TON (CASTING/RAW MATERIAL),1,MCH,VMC Heavy Face Milling & Edge Truing,2,VEN0000002,Apex Precision VMC Machinists,Rough & finish top/bottom platen face to 0.02mm flat
4110002100,A-10463,NOZZLE TIP LOCATING RING Ø160 - 90 TON,,,NOZZLE TIP LOCATING RING Ø160 - 90 TON (CASTING/RAW MATERIAL),2,BOR,Precision CNC Boring (Tie Bar & Bush Bores),3,VEN0000002,Apex Precision VMC Machinists,Bore 4x Tie bar holes to H7 tolerance
4110002100,A-10463,NOZZLE TIP LOCATING RING Ø160 - 90 TON,,,NOZZLE TIP LOCATING RING Ø160 - 90 TON (CASTING/RAW MATERIAL),3,DRL,CNC Drilling & Tapping (PCD Clamp Holes),1,VEN0000002,Apex Precision VMC Machinists,M16 mould clamp tapped holes as per drawing
4110002100,A-10463,NOZZLE TIP LOCATING RING Ø160 - 90 TON,,,NOZZLE TIP LOCATING RING Ø160 - 90 TON (CASTING/RAW MATERIAL),4,HT,Stress Relieving & Normalizing Heat Treatment,2,VEN0000004,Gujarat Heat Treaters & Nitriding,Normalize thermal stress at 550°C
4110002100,A-10463,NOZZLE TIP LOCATING RING Ø160 - 90 TON,,,NOZZLE TIP LOCATING RING Ø160 - 90 TON (CASTING/RAW MATERIAL),5,GRD,Cylindrical & Precision Surface Grinding,1,VEN0000006,Sardar Cylindrical & Surface Grinding,Precision surface grind & rust preventive oil
4110002200,A-10221,EJECTOR CYLINDER MTG PLATE - 90 TON,,,EJECTOR CYLINDER MTG PLATE - 90 TON (CASTING/RAW MATERIAL),1,MCH,VMC Heavy Face Milling & Edge Truing,2,VEN0000002,Apex Precision VMC Machinists,Rough & finish top/bottom platen face to 0.02mm flat
4110002200,A-10221,EJECTOR CYLINDER MTG PLATE - 90 TON,,,EJECTOR CYLINDER MTG PLATE - 90 TON (CASTING/RAW MATERIAL),2,BOR,Precision CNC Boring (Tie Bar & Bush Bores),3,VEN0000002,Apex Precision VMC Machinists,Bore 4x Tie bar holes to H7 tolerance
4110002200,A-10221,EJECTOR CYLINDER MTG PLATE - 90 TON,,,EJECTOR CYLINDER MTG PLATE - 90 TON (CASTING/RAW MATERIAL),3,DRL,CNC Drilling & Tapping (PCD Clamp Holes),1,VEN0000002,Apex Precision VMC Machinists,M16 mould clamp tapped holes as per drawing
4110002200,A-10221,EJECTOR CYLINDER MTG PLATE - 90 TON,,,EJECTOR CYLINDER MTG PLATE - 90 TON (CASTING/RAW MATERIAL),4,HT,Stress Relieving & Normalizing Heat Treatment,2,VEN0000004,Gujarat Heat Treaters & Nitriding,Normalize thermal stress at 550°C
4110002200,A-10221,EJECTOR CYLINDER MTG PLATE - 90 TON,,,EJECTOR CYLINDER MTG PLATE - 90 TON (CASTING/RAW MATERIAL),5,GRD,Cylindrical & Precision Surface Grinding,1,VEN0000006,Sardar Cylindrical & Surface Grinding,Precision surface grind & rust preventive oil
4110002300,A-10229,EJECTOR PLATE GUIDE ROD - 90 TON,,,EJECTOR PLATE GUIDE ROD - 90 TON (CASTING/RAW MATERIAL),1,MCH,VMC Heavy Face Milling & Edge Truing,2,VEN0000002,Apex Precision VMC Machinists,Rough & finish top/bottom platen face to 0.02mm flat
4110002300,A-10229,EJECTOR PLATE GUIDE ROD - 90 TON,,,EJECTOR PLATE GUIDE ROD - 90 TON (CASTING/RAW MATERIAL),2,BOR,Precision CNC Boring (Tie Bar & Bush Bores),3,VEN0000002,Apex Precision VMC Machinists,Bore 4x Tie bar holes to H7 tolerance
4110002300,A-10229,EJECTOR PLATE GUIDE ROD - 90 TON,,,EJECTOR PLATE GUIDE ROD - 90 TON (CASTING/RAW MATERIAL),3,DRL,CNC Drilling & Tapping (PCD Clamp Holes),1,VEN0000002,Apex Precision VMC Machinists,M16 mould clamp tapped holes as per drawing
4110002300,A-10229,EJECTOR PLATE GUIDE ROD - 90 TON,,,EJECTOR PLATE GUIDE ROD - 90 TON (CASTING/RAW MATERIAL),4,HT,Stress Relieving & Normalizing Heat Treatment,2,VEN0000004,Gujarat Heat Treaters & Nitriding,Normalize thermal stress at 550°C
4110002300,A-10229,EJECTOR PLATE GUIDE ROD - 90 TON,,,EJECTOR PLATE GUIDE ROD - 90 TON (CASTING/RAW MATERIAL),5,GRD,Cylindrical & Precision Surface Grinding,1,VEN0000006,Sardar Cylindrical & Surface Grinding,Precision surface grind & rust preventive oil
4110002400,A-10264,MOLD HEIGHT ADJUSTMENT GEAR - 90 TON (MODULE-3 TEETH-18),,,MOLD HEIGHT ADJUSTMENT GEAR - 90 TON (MODULE-3 TEETH-18) (CASTING/RAW MATERIAL),1,MCH,VMC Heavy Face Milling & Edge Truing,2,VEN0000002,Apex Precision VMC Machinists,Rough & finish top/bottom platen face to 0.02mm flat
4110002400,A-10264,MOLD HEIGHT ADJUSTMENT GEAR - 90 TON (MODULE-3 TEETH-18),,,MOLD HEIGHT ADJUSTMENT GEAR - 90 TON (MODULE-3 TEETH-18) (CASTING/RAW MATERIAL),2,BOR,Precision CNC Boring (Tie Bar & Bush Bores),3,VEN0000002,Apex Precision VMC Machinists,Bore 4x Tie bar holes to H7 tolerance
4110002400,A-10264,MOLD HEIGHT ADJUSTMENT GEAR - 90 TON (MODULE-3 TEETH-18),,,MOLD HEIGHT ADJUSTMENT GEAR - 90 TON (MODULE-3 TEETH-18) (CASTING/RAW MATERIAL),3,DRL,CNC Drilling & Tapping (PCD Clamp Holes),1,VEN0000002,Apex Precision VMC Machinists,M16 mould clamp tapped holes as per drawing
4110002400,A-10264,MOLD HEIGHT ADJUSTMENT GEAR - 90 TON (MODULE-3 TEETH-18),,,MOLD HEIGHT ADJUSTMENT GEAR - 90 TON (MODULE-3 TEETH-18) (CASTING/RAW MATERIAL),4,HT,Stress Relieving & Normalizing Heat Treatment,2,VEN0000004,Gujarat Heat Treaters & Nitriding,Normalize thermal stress at 550°C
4110002400,A-10264,MOLD HEIGHT ADJUSTMENT GEAR - 90 TON (MODULE-3 TEETH-18),,,MOLD HEIGHT ADJUSTMENT GEAR - 90 TON (MODULE-3 TEETH-18) (CASTING/RAW MATERIAL),5,GRD,Cylindrical & Precision Surface Grinding,1,VEN0000006,Sardar Cylindrical & Surface Grinding,Precision surface grind & rust preventive oil
4110002500,A-10261,SUN GEAR BEARING SUPPORT SHAFT,,,SUN GEAR BEARING SUPPORT SHAFT (CASTING/RAW MATERIAL),1,MCH,VMC Heavy Face Milling & Edge Truing,2,VEN0000002,Apex Precision VMC Machinists,Rough & finish top/bottom platen face to 0.02mm flat
4110002500,A-10261,SUN GEAR BEARING SUPPORT SHAFT,,,SUN GEAR BEARING SUPPORT SHAFT (CASTING/RAW MATERIAL),2,BOR,Precision CNC Boring (Tie Bar & Bush Bores),3,VEN0000002,Apex Precision VMC Machinists,Bore 4x Tie bar holes to H7 tolerance
4110002500,A-10261,SUN GEAR BEARING SUPPORT SHAFT,,,SUN GEAR BEARING SUPPORT SHAFT (CASTING/RAW MATERIAL),3,DRL,CNC Drilling & Tapping (PCD Clamp Holes),1,VEN0000002,Apex Precision VMC Machinists,M16 mould clamp tapped holes as per drawing
4110002500,A-10261,SUN GEAR BEARING SUPPORT SHAFT,,,SUN GEAR BEARING SUPPORT SHAFT (CASTING/RAW MATERIAL),4,HT,Stress Relieving & Normalizing Heat Treatment,2,VEN0000004,Gujarat Heat Treaters & Nitriding,Normalize thermal stress at 550°C
4110002500,A-10261,SUN GEAR BEARING SUPPORT SHAFT,,,SUN GEAR BEARING SUPPORT SHAFT (CASTING/RAW MATERIAL),5,GRD,Cylindrical & Precision Surface Grinding,1,VEN0000006,Sardar Cylindrical & Surface Grinding,Precision surface grind & rust preventive oil
4010100200,A-10260,SUN GEAR - 90 TON (MODULE-3 TEETH-159),4001006300,11208,SUN GEAR - 90 TON (MODULE-3 TEETH-159) (CASTING),1,MCH,VMC Heavy Face Milling & Edge Truing,2,VEN0000002,Apex Precision VMC Machinists,Rough & finish top/bottom platen face to 0.02mm flat
4010100200,A-10260,SUN GEAR - 90 TON (MODULE-3 TEETH-159),4001006300,11208,SUN GEAR - 90 TON (MODULE-3 TEETH-159) (CASTING),2,BOR,Precision CNC Boring (Tie Bar & Bush Bores),3,VEN0000002,Apex Precision VMC Machinists,Bore 4x Tie bar holes to H7 tolerance
4010100200,A-10260,SUN GEAR - 90 TON (MODULE-3 TEETH-159),4001006300,11208,SUN GEAR - 90 TON (MODULE-3 TEETH-159) (CASTING),3,DRL,CNC Drilling & Tapping (PCD Clamp Holes),1,VEN0000002,Apex Precision VMC Machinists,M16 mould clamp tapped holes as per drawing
4010100200,A-10260,SUN GEAR - 90 TON (MODULE-3 TEETH-159),4001006300,11208,SUN GEAR - 90 TON (MODULE-3 TEETH-159) (CASTING),4,HT,Stress Relieving & Normalizing Heat Treatment,2,VEN0000004,Gujarat Heat Treaters & Nitriding,Normalize thermal stress at 550°C
4010100200,A-10260,SUN GEAR - 90 TON (MODULE-3 TEETH-159),4001006300,11208,SUN GEAR - 90 TON (MODULE-3 TEETH-159) (CASTING),5,GRD,Cylindrical & Precision Surface Grinding,1,VEN0000006,Sardar Cylindrical & Surface Grinding,Precision surface grind & rust preventive oil
4020100100,A-10089,TIE BAR NUT M65 X 3 - 90 TON TOGGLE,,,TIE BAR NUT M65 X 3 - 90 TON TOGGLE (CASTING/RAW MATERIAL),1,MCH,VMC Heavy Face Milling & Edge Truing,2,VEN0000002,Apex Precision VMC Machinists,Rough & finish top/bottom platen face to 0.02mm flat
4020100100,A-10089,TIE BAR NUT M65 X 3 - 90 TON TOGGLE,,,TIE BAR NUT M65 X 3 - 90 TON TOGGLE (CASTING/RAW MATERIAL),2,BOR,Precision CNC Boring (Tie Bar & Bush Bores),3,VEN0000002,Apex Precision VMC Machinists,Bore 4x Tie bar holes to H7 tolerance
4020100100,A-10089,TIE BAR NUT M65 X 3 - 90 TON TOGGLE,,,TIE BAR NUT M65 X 3 - 90 TON TOGGLE (CASTING/RAW MATERIAL),3,DRL,CNC Drilling & Tapping (PCD Clamp Holes),1,VEN0000002,Apex Precision VMC Machinists,M16 mould clamp tapped holes as per drawing
4020100100,A-10089,TIE BAR NUT M65 X 3 - 90 TON TOGGLE,,,TIE BAR NUT M65 X 3 - 90 TON TOGGLE (CASTING/RAW MATERIAL),4,HT,Stress Relieving & Normalizing Heat Treatment,2,VEN0000004,Gujarat Heat Treaters & Nitriding,Normalize thermal stress at 550°C
4020100100,A-10089,TIE BAR NUT M65 X 3 - 90 TON TOGGLE,,,TIE BAR NUT M65 X 3 - 90 TON TOGGLE (CASTING/RAW MATERIAL),5,GRD,Cylindrical & Precision Surface Grinding,1,VEN0000006,Sardar Cylindrical & Surface Grinding,Precision surface grind & rust preventive oil
4010100800,A-10241,GEAR NUT - 90 TON (MODULE-3 TEETH-46),4001006900,11210,GEAR NUT RETAINER - 90 TON (CASTING),1,MCH,VMC Heavy Face Milling & Edge Truing,2,VEN0000002,Apex Precision VMC Machinists,Rough & finish top/bottom platen face to 0.02mm flat
4010100800,A-10241,GEAR NUT - 90 TON (MODULE-3 TEETH-46),4001006900,11210,GEAR NUT RETAINER - 90 TON (CASTING),2,BOR,Precision CNC Boring (Tie Bar & Bush Bores),3,VEN0000002,Apex Precision VMC Machinists,Bore 4x Tie bar holes to H7 tolerance
4010100800,A-10241,GEAR NUT - 90 TON (MODULE-3 TEETH-46),4001006900,11210,GEAR NUT RETAINER - 90 TON (CASTING),3,DRL,CNC Drilling & Tapping (PCD Clamp Holes),1,VEN0000002,Apex Precision VMC Machinists,M16 mould clamp tapped holes as per drawing
4010100800,A-10241,GEAR NUT - 90 TON (MODULE-3 TEETH-46),4001006900,11210,GEAR NUT RETAINER - 90 TON (CASTING),4,HT,Stress Relieving & Normalizing Heat Treatment,2,VEN0000004,Gujarat Heat Treaters & Nitriding,Normalize thermal stress at 550°C
4010100800,A-10241,GEAR NUT - 90 TON (MODULE-3 TEETH-46),4001006900,11210,GEAR NUT RETAINER - 90 TON (CASTING),5,GRD,Cylindrical & Precision Surface Grinding,1,VEN0000006,Sardar Cylindrical & Surface Grinding,Precision surface grind & rust preventive oil
4030100100,A-10246,GEAR NUT SPACER - 90 TON,,,GEAR NUT SPACER - 90 TON (CASTING/RAW MATERIAL),1,MCH,VMC Heavy Face Milling & Edge Truing,2,VEN0000002,Apex Precision VMC Machinists,Rough & finish top/bottom platen face to 0.02mm flat
4030100100,A-10246,GEAR NUT SPACER - 90 TON,,,GEAR NUT SPACER - 90 TON (CASTING/RAW MATERIAL),2,BOR,Precision CNC Boring (Tie Bar & Bush Bores),3,VEN0000002,Apex Precision VMC Machinists,Bore 4x Tie bar holes to H7 tolerance
4030100100,A-10246,GEAR NUT SPACER - 90 TON,,,GEAR NUT SPACER - 90 TON (CASTING/RAW MATERIAL),3,DRL,CNC Drilling & Tapping (PCD Clamp Holes),1,VEN0000002,Apex Precision VMC Machinists,M16 mould clamp tapped holes as per drawing
4030100100,A-10246,GEAR NUT SPACER - 90 TON,,,GEAR NUT SPACER - 90 TON (CASTING/RAW MATERIAL),4,HT,Stress Relieving & Normalizing Heat Treatment,2,VEN0000004,Gujarat Heat Treaters & Nitriding,Normalize thermal stress at 550°C
4030100100,A-10246,GEAR NUT SPACER - 90 TON,,,GEAR NUT SPACER - 90 TON (CASTING/RAW MATERIAL),5,GRD,Cylindrical & Precision Surface Grinding,1,VEN0000006,Sardar Cylindrical & Surface Grinding,Precision surface grind & rust preventive oil
4030200100,A-10262,SP WASHER Ø35 X Ø12.5 X 10 THK,,,SP WASHER Ø35 X Ø12.5 X 10 THK (CASTING/RAW MATERIAL),1,MCH,VMC Heavy Face Milling & Edge Truing,2,VEN0000002,Apex Precision VMC Machinists,Rough & finish top/bottom platen face to 0.02mm flat
4030200100,A-10262,SP WASHER Ø35 X Ø12.5 X 10 THK,,,SP WASHER Ø35 X Ø12.5 X 10 THK (CASTING/RAW MATERIAL),2,BOR,Precision CNC Boring (Tie Bar & Bush Bores),3,VEN0000002,Apex Precision VMC Machinists,Bore 4x Tie bar holes to H7 tolerance
4030200100,A-10262,SP WASHER Ø35 X Ø12.5 X 10 THK,,,SP WASHER Ø35 X Ø12.5 X 10 THK (CASTING/RAW MATERIAL),3,DRL,CNC Drilling & Tapping (PCD Clamp Holes),1,VEN0000002,Apex Precision VMC Machinists,M16 mould clamp tapped holes as per drawing
4030200100,A-10262,SP WASHER Ø35 X Ø12.5 X 10 THK,,,SP WASHER Ø35 X Ø12.5 X 10 THK (CASTING/RAW MATERIAL),4,HT,Stress Relieving & Normalizing Heat Treatment,2,VEN0000004,Gujarat Heat Treaters & Nitriding,Normalize thermal stress at 550°C
4030200100,A-10262,SP WASHER Ø35 X Ø12.5 X 10 THK,,,SP WASHER Ø35 X Ø12.5 X 10 THK (CASTING/RAW MATERIAL),5,GRD,Cylindrical & Precision Surface Grinding,1,VEN0000006,Sardar Cylindrical & Surface Grinding,Precision surface grind & rust preventive oil
4040100100,A-10206,MOVING PLATE BUSH Ø80 X Ø65 X 40LG - 90 TON,4001005400,11206,TERNARY LINK - 90 TON (CASTING),1,MCH,VMC Heavy Face Milling & Edge Truing,2,VEN0000002,Apex Precision VMC Machinists,Rough & finish top/bottom platen face to 0.02mm flat
4040100100,A-10206,MOVING PLATE BUSH Ø80 X Ø65 X 40LG - 90 TON,4001005400,11206,TERNARY LINK - 90 TON (CASTING),2,BOR,Precision CNC Boring (Tie Bar & Bush Bores),3,VEN0000002,Apex Precision VMC Machinists,Bore 4x Tie bar holes to H7 tolerance
4040100100,A-10206,MOVING PLATE BUSH Ø80 X Ø65 X 40LG - 90 TON,4001005400,11206,TERNARY LINK - 90 TON (CASTING),3,DRL,CNC Drilling & Tapping (PCD Clamp Holes),1,VEN0000002,Apex Precision VMC Machinists,M16 mould clamp tapped holes as per drawing
4040100100,A-10206,MOVING PLATE BUSH Ø80 X Ø65 X 40LG - 90 TON,4001005400,11206,TERNARY LINK - 90 TON (CASTING),4,HT,Stress Relieving & Normalizing Heat Treatment,2,VEN0000004,Gujarat Heat Treaters & Nitriding,Normalize thermal stress at 550°C
4040100100,A-10206,MOVING PLATE BUSH Ø80 X Ø65 X 40LG - 90 TON,4001005400,11206,TERNARY LINK - 90 TON (CASTING),5,GRD,Cylindrical & Precision Surface Grinding,1,VEN0000006,Sardar Cylindrical & Surface Grinding,Precision surface grind & rust preventive oil
4040100700,A-10985,CROSS HEAD BUSH Ø55 X Ø45 X 30LG - 90 TON,,,CROSS HEAD BUSH Ø55 X Ø45 X 30LG - 90 TON (CASTING/RAW MATERIAL),1,MCH,VMC Heavy Face Milling & Edge Truing,2,VEN0000002,Apex Precision VMC Machinists,Rough & finish top/bottom platen face to 0.02mm flat
4040100700,A-10985,CROSS HEAD BUSH Ø55 X Ø45 X 30LG - 90 TON,,,CROSS HEAD BUSH Ø55 X Ø45 X 30LG - 90 TON (CASTING/RAW MATERIAL),2,BOR,Precision CNC Boring (Tie Bar & Bush Bores),3,VEN0000002,Apex Precision VMC Machinists,Bore 4x Tie bar holes to H7 tolerance
4040100700,A-10985,CROSS HEAD BUSH Ø55 X Ø45 X 30LG - 90 TON,,,CROSS HEAD BUSH Ø55 X Ø45 X 30LG - 90 TON (CASTING/RAW MATERIAL),3,DRL,CNC Drilling & Tapping (PCD Clamp Holes),1,VEN0000002,Apex Precision VMC Machinists,M16 mould clamp tapped holes as per drawing
4040100700,A-10985,CROSS HEAD BUSH Ø55 X Ø45 X 30LG - 90 TON,,,CROSS HEAD BUSH Ø55 X Ø45 X 30LG - 90 TON (CASTING/RAW MATERIAL),4,HT,Stress Relieving & Normalizing Heat Treatment,2,VEN0000004,Gujarat Heat Treaters & Nitriding,Normalize thermal stress at 550°C
4040100700,A-10985,CROSS HEAD BUSH Ø55 X Ø45 X 30LG - 90 TON,,,CROSS HEAD BUSH Ø55 X Ø45 X 30LG - 90 TON (CASTING/RAW MATERIAL),5,GRD,Cylindrical & Precision Surface Grinding,1,VEN0000006,Sardar Cylindrical & Surface Grinding,Precision surface grind & rust preventive oil
4040200100,A-10191,TOGGLE SMALL GRAPHITE BUSH Ø40 X Ø30 X 55LG - 90 TON,,,TOGGLE SMALL GRAPHITE BUSH Ø40 X Ø30 X 55LG - 90 TON (CASTING/RAW MATERIAL),1,MCH,VMC Heavy Face Milling & Edge Truing,2,VEN0000002,Apex Precision VMC Machinists,Rough & finish top/bottom platen face to 0.02mm flat
4040200100,A-10191,TOGGLE SMALL GRAPHITE BUSH Ø40 X Ø30 X 55LG - 90 TON,,,TOGGLE SMALL GRAPHITE BUSH Ø40 X Ø30 X 55LG - 90 TON (CASTING/RAW MATERIAL),2,BOR,Precision CNC Boring (Tie Bar & Bush Bores),3,VEN0000002,Apex Precision VMC Machinists,Bore 4x Tie bar holes to H7 tolerance
4040200100,A-10191,TOGGLE SMALL GRAPHITE BUSH Ø40 X Ø30 X 55LG - 90 TON,,,TOGGLE SMALL GRAPHITE BUSH Ø40 X Ø30 X 55LG - 90 TON (CASTING/RAW MATERIAL),3,DRL,CNC Drilling & Tapping (PCD Clamp Holes),1,VEN0000002,Apex Precision VMC Machinists,M16 mould clamp tapped holes as per drawing
4040200100,A-10191,TOGGLE SMALL GRAPHITE BUSH Ø40 X Ø30 X 55LG - 90 TON,,,TOGGLE SMALL GRAPHITE BUSH Ø40 X Ø30 X 55LG - 90 TON (CASTING/RAW MATERIAL),4,HT,Stress Relieving & Normalizing Heat Treatment,2,VEN0000004,Gujarat Heat Treaters & Nitriding,Normalize thermal stress at 550°C
4040200100,A-10191,TOGGLE SMALL GRAPHITE BUSH Ø40 X Ø30 X 55LG - 90 TON,,,TOGGLE SMALL GRAPHITE BUSH Ø40 X Ø30 X 55LG - 90 TON (CASTING/RAW MATERIAL),5,GRD,Cylindrical & Precision Surface Grinding,1,VEN0000006,Sardar Cylindrical & Surface Grinding,Precision surface grind & rust preventive oil
4040200700,A-10196,TOGGLE BIG GRAPHITE BUSH Ø70 X Ø55 X 60LG - 90 TON,,,TOGGLE BIG GRAPHITE BUSH Ø70 X Ø55 X 60LG - 90 TON (CASTING/RAW MATERIAL),1,MCH,VMC Heavy Face Milling & Edge Truing,2,VEN0000002,Apex Precision VMC Machinists,Rough & finish top/bottom platen face to 0.02mm flat
4040200700,A-10196,TOGGLE BIG GRAPHITE BUSH Ø70 X Ø55 X 60LG - 90 TON,,,TOGGLE BIG GRAPHITE BUSH Ø70 X Ø55 X 60LG - 90 TON (CASTING/RAW MATERIAL),2,BOR,Precision CNC Boring (Tie Bar & Bush Bores),3,VEN0000002,Apex Precision VMC Machinists,Bore 4x Tie bar holes to H7 tolerance
4040200700,A-10196,TOGGLE BIG GRAPHITE BUSH Ø70 X Ø55 X 60LG - 90 TON,,,TOGGLE BIG GRAPHITE BUSH Ø70 X Ø55 X 60LG - 90 TON (CASTING/RAW MATERIAL),3,DRL,CNC Drilling & Tapping (PCD Clamp Holes),1,VEN0000002,Apex Precision VMC Machinists,M16 mould clamp tapped holes as per drawing
4040200700,A-10196,TOGGLE BIG GRAPHITE BUSH Ø70 X Ø55 X 60LG - 90 TON,,,TOGGLE BIG GRAPHITE BUSH Ø70 X Ø55 X 60LG - 90 TON (CASTING/RAW MATERIAL),4,HT,Stress Relieving & Normalizing Heat Treatment,2,VEN0000004,Gujarat Heat Treaters & Nitriding,Normalize thermal stress at 550°C
4040200700,A-10196,TOGGLE BIG GRAPHITE BUSH Ø70 X Ø55 X 60LG - 90 TON,,,TOGGLE BIG GRAPHITE BUSH Ø70 X Ø55 X 60LG - 90 TON (CASTING/RAW MATERIAL),5,GRD,Cylindrical & Precision Surface Grinding,1,VEN0000006,Sardar Cylindrical & Surface Grinding,Precision surface grind & rust preventive oil
4110008600,A-10144,STATIONARY PLATE TOGGLE - 110 TON,4001000100,11201,STATIONARY PLATE TOGGLE - 90 TON (CASTING),1,MCH,VMC Heavy Face Milling & Edge Truing,2,VEN0000002,Apex Precision VMC Machinists,Rough & finish top/bottom platen face to 0.02mm flat
4110008600,A-10144,STATIONARY PLATE TOGGLE - 110 TON,4001000100,11201,STATIONARY PLATE TOGGLE - 90 TON (CASTING),2,BOR,Precision CNC Boring (Tie Bar & Bush Bores),3,VEN0000002,Apex Precision VMC Machinists,Bore 4x Tie bar holes to H7 tolerance
4110008600,A-10144,STATIONARY PLATE TOGGLE - 110 TON,4001000100,11201,STATIONARY PLATE TOGGLE - 90 TON (CASTING),3,DRL,CNC Drilling & Tapping (PCD Clamp Holes),1,VEN0000002,Apex Precision VMC Machinists,M16 mould clamp tapped holes as per drawing
4110008600,A-10144,STATIONARY PLATE TOGGLE - 110 TON,4001000100,11201,STATIONARY PLATE TOGGLE - 90 TON (CASTING),4,HT,Stress Relieving & Normalizing Heat Treatment,2,VEN0000004,Gujarat Heat Treaters & Nitriding,Normalize thermal stress at 550°C
4110008600,A-10144,STATIONARY PLATE TOGGLE - 110 TON,4001000100,11201,STATIONARY PLATE TOGGLE - 90 TON (CASTING),5,GRD,Cylindrical & Precision Surface Grinding,1,VEN0000006,Sardar Cylindrical & Surface Grinding,Precision surface grind & rust preventive oil
4110008700,A-10149,MOVING PLATE TOGGLE - 110 TON,4001001200,11202,MOVING PLATE TOGGLE - 90 TON (CASTING),1,MCH,VMC Heavy Face Milling & Edge Truing,2,VEN0000002,Apex Precision VMC Machinists,Rough & finish top/bottom platen face to 0.02mm flat
4110008700,A-10149,MOVING PLATE TOGGLE - 110 TON,4001001200,11202,MOVING PLATE TOGGLE - 90 TON (CASTING),2,BOR,Precision CNC Boring (Tie Bar & Bush Bores),3,VEN0000002,Apex Precision VMC Machinists,Bore 4x Tie bar holes to H7 tolerance
4110008700,A-10149,MOVING PLATE TOGGLE - 110 TON,4001001200,11202,MOVING PLATE TOGGLE - 90 TON (CASTING),3,DRL,CNC Drilling & Tapping (PCD Clamp Holes),1,VEN0000002,Apex Precision VMC Machinists,M16 mould clamp tapped holes as per drawing
4110008700,A-10149,MOVING PLATE TOGGLE - 110 TON,4001001200,11202,MOVING PLATE TOGGLE - 90 TON (CASTING),4,HT,Stress Relieving & Normalizing Heat Treatment,2,VEN0000004,Gujarat Heat Treaters & Nitriding,Normalize thermal stress at 550°C
4110008700,A-10149,MOVING PLATE TOGGLE - 110 TON,4001001200,11202,MOVING PLATE TOGGLE - 90 TON (CASTING),5,GRD,Cylindrical & Precision Surface Grinding,1,VEN0000006,Sardar Cylindrical & Surface Grinding,Precision surface grind & rust preventive oil
4110008800,A-10184,END PLATE - 110 TON,4001002300,11203,END PLATE - 90 TON (CASTING),1,MCH,VMC Heavy Face Milling & Edge Truing,2,VEN0000002,Apex Precision VMC Machinists,Rough & finish top/bottom platen face to 0.02mm flat
4110008800,A-10184,END PLATE - 110 TON,4001002300,11203,END PLATE - 90 TON (CASTING),2,BOR,Precision CNC Boring (Tie Bar & Bush Bores),3,VEN0000002,Apex Precision VMC Machinists,Bore 4x Tie bar holes to H7 tolerance
4110008800,A-10184,END PLATE - 110 TON,4001002300,11203,END PLATE - 90 TON (CASTING),3,DRL,CNC Drilling & Tapping (PCD Clamp Holes),1,VEN0000002,Apex Precision VMC Machinists,M16 mould clamp tapped holes as per drawing
4110008800,A-10184,END PLATE - 110 TON,4001002300,11203,END PLATE - 90 TON (CASTING),4,HT,Stress Relieving & Normalizing Heat Treatment,2,VEN0000004,Gujarat Heat Treaters & Nitriding,Normalize thermal stress at 550°C
4110008800,A-10184,END PLATE - 110 TON,4001002300,11203,END PLATE - 90 TON (CASTING),5,GRD,Cylindrical & Precision Surface Grinding,1,VEN0000006,Sardar Cylindrical & Surface Grinding,Precision surface grind & rust preventive oil
4110008900,A-10179,CROSS HEAD - 110 TON,4001003600,11204,CROSS HEAD - 90 TON (CASTING),1,MCH,VMC Heavy Face Milling & Edge Truing,2,VEN0000002,Apex Precision VMC Machinists,Rough & finish top/bottom platen face to 0.02mm flat
4110008900,A-10179,CROSS HEAD - 110 TON,4001003600,11204,CROSS HEAD - 90 TON (CASTING),2,BOR,Precision CNC Boring (Tie Bar & Bush Bores),3,VEN0000002,Apex Precision VMC Machinists,Bore 4x Tie bar holes to H7 tolerance
4110008900,A-10179,CROSS HEAD - 110 TON,4001003600,11204,CROSS HEAD - 90 TON (CASTING),3,DRL,CNC Drilling & Tapping (PCD Clamp Holes),1,VEN0000002,Apex Precision VMC Machinists,M16 mould clamp tapped holes as per drawing
4110008900,A-10179,CROSS HEAD - 110 TON,4001003600,11204,CROSS HEAD - 90 TON (CASTING),4,HT,Stress Relieving & Normalizing Heat Treatment,2,VEN0000004,Gujarat Heat Treaters & Nitriding,Normalize thermal stress at 550°C
4110008900,A-10179,CROSS HEAD - 110 TON,4001003600,11204,CROSS HEAD - 90 TON (CASTING),5,GRD,Cylindrical & Precision Surface Grinding,1,VEN0000006,Sardar Cylindrical & Surface Grinding,Precision surface grind & rust preventive oil
4110009000,A-10174,CROSS HEAD LINK - 110 TON,4001004200,11207,CROSS HEAD LINK - 90 TON (CASTING),1,MCH,VMC Heavy Face Milling & Edge Truing,2,VEN0000002,Apex Precision VMC Machinists,Rough & finish top/bottom platen face to 0.02mm flat
4110009000,A-10174,CROSS HEAD LINK - 110 TON,4001004200,11207,CROSS HEAD LINK - 90 TON (CASTING),2,BOR,Precision CNC Boring (Tie Bar & Bush Bores),3,VEN0000002,Apex Precision VMC Machinists,Bore 4x Tie bar holes to H7 tolerance
4110009000,A-10174,CROSS HEAD LINK - 110 TON,4001004200,11207,CROSS HEAD LINK - 90 TON (CASTING),3,DRL,CNC Drilling & Tapping (PCD Clamp Holes),1,VEN0000002,Apex Precision VMC Machinists,M16 mould clamp tapped holes as per drawing
4110009000,A-10174,CROSS HEAD LINK - 110 TON,4001004200,11207,CROSS HEAD LINK - 90 TON (CASTING),4,HT,Stress Relieving & Normalizing Heat Treatment,2,VEN0000004,Gujarat Heat Treaters & Nitriding,Normalize thermal stress at 550°C
4110009000,A-10174,CROSS HEAD LINK - 110 TON,4001004200,11207,CROSS HEAD LINK - 90 TON (CASTING),5,GRD,Cylindrical & Precision Surface Grinding,1,VEN0000006,Sardar Cylindrical & Surface Grinding,Precision surface grind & rust preventive oil
4110009100,A-10154,BINARY LINK - 110 TON,4001004800,11205,BINARY LINK - 90 TON (CASTING),1,MCH,VMC Heavy Face Milling & Edge Truing,2,VEN0000002,Apex Precision VMC Machinists,Rough & finish top/bottom platen face to 0.02mm flat
4110009100,A-10154,BINARY LINK - 110 TON,4001004800,11205,BINARY LINK - 90 TON (CASTING),2,BOR,Precision CNC Boring (Tie Bar & Bush Bores),3,VEN0000002,Apex Precision VMC Machinists,Bore 4x Tie bar holes to H7 tolerance
4110009100,A-10154,BINARY LINK - 110 TON,4001004800,11205,BINARY LINK - 90 TON (CASTING),3,DRL,CNC Drilling & Tapping (PCD Clamp Holes),1,VEN0000002,Apex Precision VMC Machinists,M16 mould clamp tapped holes as per drawing
4110009100,A-10154,BINARY LINK - 110 TON,4001004800,11205,BINARY LINK - 90 TON (CASTING),4,HT,Stress Relieving & Normalizing Heat Treatment,2,VEN0000004,Gujarat Heat Treaters & Nitriding,Normalize thermal stress at 550°C
4110009100,A-10154,BINARY LINK - 110 TON,4001004800,11205,BINARY LINK - 90 TON (CASTING),5,GRD,Cylindrical & Precision Surface Grinding,1,VEN0000006,Sardar Cylindrical & Surface Grinding,Precision surface grind & rust preventive oil
4110009200,A-10166,TERNARY LINK - 110 TON,4001005400,11206,TERNARY LINK - 90 TON (CASTING),1,MCH,VMC Heavy Face Milling & Edge Truing,2,VEN0000002,Apex Precision VMC Machinists,Rough & finish top/bottom platen face to 0.02mm flat
4110009200,A-10166,TERNARY LINK - 110 TON,4001005400,11206,TERNARY LINK - 90 TON (CASTING),2,BOR,Precision CNC Boring (Tie Bar & Bush Bores),3,VEN0000002,Apex Precision VMC Machinists,Bore 4x Tie bar holes to H7 tolerance
4110009200,A-10166,TERNARY LINK - 110 TON,4001005400,11206,TERNARY LINK - 90 TON (CASTING),3,DRL,CNC Drilling & Tapping (PCD Clamp Holes),1,VEN0000002,Apex Precision VMC Machinists,M16 mould clamp tapped holes as per drawing
4110009200,A-10166,TERNARY LINK - 110 TON,4001005400,11206,TERNARY LINK - 90 TON (CASTING),4,HT,Stress Relieving & Normalizing Heat Treatment,2,VEN0000004,Gujarat Heat Treaters & Nitriding,Normalize thermal stress at 550°C
4110009200,A-10166,TERNARY LINK - 110 TON,4001005400,11206,TERNARY LINK - 90 TON (CASTING),5,GRD,Cylindrical & Precision Surface Grinding,1,VEN0000006,Sardar Cylindrical & Surface Grinding,Precision surface grind & rust preventive oil
4110009300,A-10165,TERNARY LINK RH - 110 TON,,,TERNARY LINK RH - 110 TON (CASTING/RAW MATERIAL),1,MCH,VMC Heavy Face Milling & Edge Truing,2,VEN0000002,Apex Precision VMC Machinists,Rough & finish top/bottom platen face to 0.02mm flat
4110009300,A-10165,TERNARY LINK RH - 110 TON,,,TERNARY LINK RH - 110 TON (CASTING/RAW MATERIAL),2,BOR,Precision CNC Boring (Tie Bar & Bush Bores),3,VEN0000002,Apex Precision VMC Machinists,Bore 4x Tie bar holes to H7 tolerance
4110009300,A-10165,TERNARY LINK RH - 110 TON,,,TERNARY LINK RH - 110 TON (CASTING/RAW MATERIAL),3,DRL,CNC Drilling & Tapping (PCD Clamp Holes),1,VEN0000002,Apex Precision VMC Machinists,M16 mould clamp tapped holes as per drawing
4110009300,A-10165,TERNARY LINK RH - 110 TON,,,TERNARY LINK RH - 110 TON (CASTING/RAW MATERIAL),4,HT,Stress Relieving & Normalizing Heat Treatment,2,VEN0000004,Gujarat Heat Treaters & Nitriding,Normalize thermal stress at 550°C
4110009300,A-10165,TERNARY LINK RH - 110 TON,,,TERNARY LINK RH - 110 TON (CASTING/RAW MATERIAL),5,GRD,Cylindrical & Precision Surface Grinding,1,VEN0000006,Sardar Cylindrical & Surface Grinding,Precision surface grind & rust preventive oil
4110009400,A-10167,TERNARY LINK LH - 110 TON,,,TERNARY LINK LH - 110 TON (CASTING/RAW MATERIAL),1,MCH,VMC Heavy Face Milling & Edge Truing,2,VEN0000002,Apex Precision VMC Machinists,Rough & finish top/bottom platen face to 0.02mm flat
4110009400,A-10167,TERNARY LINK LH - 110 TON,,,TERNARY LINK LH - 110 TON (CASTING/RAW MATERIAL),2,BOR,Precision CNC Boring (Tie Bar & Bush Bores),3,VEN0000002,Apex Precision VMC Machinists,Bore 4x Tie bar holes to H7 tolerance
4110009400,A-10167,TERNARY LINK LH - 110 TON,,,TERNARY LINK LH - 110 TON (CASTING/RAW MATERIAL),3,DRL,CNC Drilling & Tapping (PCD Clamp Holes),1,VEN0000002,Apex Precision VMC Machinists,M16 mould clamp tapped holes as per drawing
4110009400,A-10167,TERNARY LINK LH - 110 TON,,,TERNARY LINK LH - 110 TON (CASTING/RAW MATERIAL),4,HT,Stress Relieving & Normalizing Heat Treatment,2,VEN0000004,Gujarat Heat Treaters & Nitriding,Normalize thermal stress at 550°C
4110009400,A-10167,TERNARY LINK LH - 110 TON,,,TERNARY LINK LH - 110 TON (CASTING/RAW MATERIAL),5,GRD,Cylindrical & Precision Surface Grinding,1,VEN0000006,Sardar Cylindrical & Surface Grinding,Precision surface grind & rust preventive oil
4110009500,A-10254,GEAR NUT RETAINER - 110 TON,4001006900,11210,GEAR NUT RETAINER - 90 TON (CASTING),1,MCH,VMC Heavy Face Milling & Edge Truing,2,VEN0000002,Apex Precision VMC Machinists,Rough & finish top/bottom platen face to 0.02mm flat
4110009500,A-10254,GEAR NUT RETAINER - 110 TON,4001006900,11210,GEAR NUT RETAINER - 90 TON (CASTING),2,BOR,Precision CNC Boring (Tie Bar & Bush Bores),3,VEN0000002,Apex Precision VMC Machinists,Bore 4x Tie bar holes to H7 tolerance
4110009500,A-10254,GEAR NUT RETAINER - 110 TON,4001006900,11210,GEAR NUT RETAINER - 90 TON (CASTING),3,DRL,CNC Drilling & Tapping (PCD Clamp Holes),1,VEN0000002,Apex Precision VMC Machinists,M16 mould clamp tapped holes as per drawing
4110009500,A-10254,GEAR NUT RETAINER - 110 TON,4001006900,11210,GEAR NUT RETAINER - 90 TON (CASTING),4,HT,Stress Relieving & Normalizing Heat Treatment,2,VEN0000004,Gujarat Heat Treaters & Nitriding,Normalize thermal stress at 550°C
4110009500,A-10254,GEAR NUT RETAINER - 110 TON,4001006900,11210,GEAR NUT RETAINER - 90 TON (CASTING),5,GRD,Cylindrical & Precision Surface Grinding,1,VEN0000006,Sardar Cylindrical & Surface Grinding,Precision surface grind & rust preventive oil
4110009600,A-10137,TIE BAR Ø70 - 110 TON TOGGLE,,,TIE BAR Ø70 - 110 TON TOGGLE (CASTING/RAW MATERIAL),1,MCH,VMC Heavy Face Milling & Edge Truing,2,VEN0000002,Apex Precision VMC Machinists,Rough & finish top/bottom platen face to 0.02mm flat
4110009600,A-10137,TIE BAR Ø70 - 110 TON TOGGLE,,,TIE BAR Ø70 - 110 TON TOGGLE (CASTING/RAW MATERIAL),2,BOR,Precision CNC Boring (Tie Bar & Bush Bores),3,VEN0000002,Apex Precision VMC Machinists,Bore 4x Tie bar holes to H7 tolerance
4110009600,A-10137,TIE BAR Ø70 - 110 TON TOGGLE,,,TIE BAR Ø70 - 110 TON TOGGLE (CASTING/RAW MATERIAL),3,DRL,CNC Drilling & Tapping (PCD Clamp Holes),1,VEN0000002,Apex Precision VMC Machinists,M16 mould clamp tapped holes as per drawing
4110009600,A-10137,TIE BAR Ø70 - 110 TON TOGGLE,,,TIE BAR Ø70 - 110 TON TOGGLE (CASTING/RAW MATERIAL),4,HT,Stress Relieving & Normalizing Heat Treatment,2,VEN0000004,Gujarat Heat Treaters & Nitriding,Normalize thermal stress at 550°C
4110009600,A-10137,TIE BAR Ø70 - 110 TON TOGGLE,,,TIE BAR Ø70 - 110 TON TOGGLE (CASTING/RAW MATERIAL),5,GRD,Cylindrical & Precision Surface Grinding,1,VEN0000006,Sardar Cylindrical & Surface Grinding,Precision surface grind & rust preventive oil
4110009700,A-10127,TIE BAR LOCATING PLATE - 110 TON,,,TIE BAR LOCATING PLATE - 110 TON (CASTING/RAW MATERIAL),1,MCH,VMC Heavy Face Milling & Edge Truing,2,VEN0000002,Apex Precision VMC Machinists,Rough & finish top/bottom platen face to 0.02mm flat
4110009700,A-10127,TIE BAR LOCATING PLATE - 110 TON,,,TIE BAR LOCATING PLATE - 110 TON (CASTING/RAW MATERIAL),2,BOR,Precision CNC Boring (Tie Bar & Bush Bores),3,VEN0000002,Apex Precision VMC Machinists,Bore 4x Tie bar holes to H7 tolerance
4110009700,A-10127,TIE BAR LOCATING PLATE - 110 TON,,,TIE BAR LOCATING PLATE - 110 TON (CASTING/RAW MATERIAL),3,DRL,CNC Drilling & Tapping (PCD Clamp Holes),1,VEN0000002,Apex Precision VMC Machinists,M16 mould clamp tapped holes as per drawing
4110009700,A-10127,TIE BAR LOCATING PLATE - 110 TON,,,TIE BAR LOCATING PLATE - 110 TON (CASTING/RAW MATERIAL),4,HT,Stress Relieving & Normalizing Heat Treatment,2,VEN0000004,Gujarat Heat Treaters & Nitriding,Normalize thermal stress at 550°C
4110009700,A-10127,TIE BAR LOCATING PLATE - 110 TON,,,TIE BAR LOCATING PLATE - 110 TON (CASTING/RAW MATERIAL),5,GRD,Cylindrical & Precision Surface Grinding,1,VEN0000006,Sardar Cylindrical & Surface Grinding,Precision surface grind & rust preventive oil
4110009800,A-10335,TOGGLE SMALL PIN Ø35 - 110 TON,,,TOGGLE SMALL PIN Ø35 - 110 TON (CASTING/RAW MATERIAL),1,MCH,VMC Heavy Face Milling & Edge Truing,2,VEN0000002,Apex Precision VMC Machinists,Rough & finish top/bottom platen face to 0.02mm flat
4110009800,A-10335,TOGGLE SMALL PIN Ø35 - 110 TON,,,TOGGLE SMALL PIN Ø35 - 110 TON (CASTING/RAW MATERIAL),2,BOR,Precision CNC Boring (Tie Bar & Bush Bores),3,VEN0000002,Apex Precision VMC Machinists,Bore 4x Tie bar holes to H7 tolerance
4110009800,A-10335,TOGGLE SMALL PIN Ø35 - 110 TON,,,TOGGLE SMALL PIN Ø35 - 110 TON (CASTING/RAW MATERIAL),3,DRL,CNC Drilling & Tapping (PCD Clamp Holes),1,VEN0000002,Apex Precision VMC Machinists,M16 mould clamp tapped holes as per drawing
4110009800,A-10335,TOGGLE SMALL PIN Ø35 - 110 TON,,,TOGGLE SMALL PIN Ø35 - 110 TON (CASTING/RAW MATERIAL),4,HT,Stress Relieving & Normalizing Heat Treatment,2,VEN0000004,Gujarat Heat Treaters & Nitriding,Normalize thermal stress at 550°C
4110009800,A-10335,TOGGLE SMALL PIN Ø35 - 110 TON,,,TOGGLE SMALL PIN Ø35 - 110 TON (CASTING/RAW MATERIAL),5,GRD,Cylindrical & Precision Surface Grinding,1,VEN0000006,Sardar Cylindrical & Surface Grinding,Precision surface grind & rust preventive oil
4110009900,A-10187,TOGGLE SMALL PIN LOCKING STRIP – 110 TON,,,TOGGLE SMALL PIN LOCKING STRIP – 110 TON (CASTING/RAW MATERIAL),1,MCH,VMC Heavy Face Milling & Edge Truing,2,VEN0000002,Apex Precision VMC Machinists,Rough & finish top/bottom platen face to 0.02mm flat
4110009900,A-10187,TOGGLE SMALL PIN LOCKING STRIP – 110 TON,,,TOGGLE SMALL PIN LOCKING STRIP – 110 TON (CASTING/RAW MATERIAL),2,BOR,Precision CNC Boring (Tie Bar & Bush Bores),3,VEN0000002,Apex Precision VMC Machinists,Bore 4x Tie bar holes to H7 tolerance
4110009900,A-10187,TOGGLE SMALL PIN LOCKING STRIP – 110 TON,,,TOGGLE SMALL PIN LOCKING STRIP – 110 TON (CASTING/RAW MATERIAL),3,DRL,CNC Drilling & Tapping (PCD Clamp Holes),1,VEN0000002,Apex Precision VMC Machinists,M16 mould clamp tapped holes as per drawing
4110009900,A-10187,TOGGLE SMALL PIN LOCKING STRIP – 110 TON,,,TOGGLE SMALL PIN LOCKING STRIP – 110 TON (CASTING/RAW MATERIAL),4,HT,Stress Relieving & Normalizing Heat Treatment,2,VEN0000004,Gujarat Heat Treaters & Nitriding,Normalize thermal stress at 550°C
4110009900,A-10187,TOGGLE SMALL PIN LOCKING STRIP – 110 TON,,,TOGGLE SMALL PIN LOCKING STRIP – 110 TON (CASTING/RAW MATERIAL),5,GRD,Cylindrical & Precision Surface Grinding,1,VEN0000006,Sardar Cylindrical & Surface Grinding,Precision surface grind & rust preventive oil
4110010000,A-10330,TOGGLE BIG PIN Ø60 - 110 TON,,,TOGGLE BIG PIN Ø60 - 110 TON (CASTING/RAW MATERIAL),1,MCH,VMC Heavy Face Milling & Edge Truing,2,VEN0000002,Apex Precision VMC Machinists,Rough & finish top/bottom platen face to 0.02mm flat
4110010000,A-10330,TOGGLE BIG PIN Ø60 - 110 TON,,,TOGGLE BIG PIN Ø60 - 110 TON (CASTING/RAW MATERIAL),2,BOR,Precision CNC Boring (Tie Bar & Bush Bores),3,VEN0000002,Apex Precision VMC Machinists,Bore 4x Tie bar holes to H7 tolerance
4110010000,A-10330,TOGGLE BIG PIN Ø60 - 110 TON,,,TOGGLE BIG PIN Ø60 - 110 TON (CASTING/RAW MATERIAL),3,DRL,CNC Drilling & Tapping (PCD Clamp Holes),1,VEN0000002,Apex Precision VMC Machinists,M16 mould clamp tapped holes as per drawing
4110010000,A-10330,TOGGLE BIG PIN Ø60 - 110 TON,,,TOGGLE BIG PIN Ø60 - 110 TON (CASTING/RAW MATERIAL),4,HT,Stress Relieving & Normalizing Heat Treatment,2,VEN0000004,Gujarat Heat Treaters & Nitriding,Normalize thermal stress at 550°C
4110010000,A-10330,TOGGLE BIG PIN Ø60 - 110 TON,,,TOGGLE BIG PIN Ø60 - 110 TON (CASTING/RAW MATERIAL),5,GRD,Cylindrical & Precision Surface Grinding,1,VEN0000006,Sardar Cylindrical & Surface Grinding,Precision surface grind & rust preventive oil
4110010100,A-10214,CROSS HEAD GUIDE ROD Ø50 - 110 TON,,,CROSS HEAD GUIDE ROD Ø50 - 110 TON (CASTING/RAW MATERIAL),1,MCH,VMC Heavy Face Milling & Edge Truing,2,VEN0000002,Apex Precision VMC Machinists,Rough & finish top/bottom platen face to 0.02mm flat
4110010100,A-10214,CROSS HEAD GUIDE ROD Ø50 - 110 TON,,,CROSS HEAD GUIDE ROD Ø50 - 110 TON (CASTING/RAW MATERIAL),2,BOR,Precision CNC Boring (Tie Bar & Bush Bores),3,VEN0000002,Apex Precision VMC Machinists,Bore 4x Tie bar holes to H7 tolerance
4110010100,A-10214,CROSS HEAD GUIDE ROD Ø50 - 110 TON,,,CROSS HEAD GUIDE ROD Ø50 - 110 TON (CASTING/RAW MATERIAL),3,DRL,CNC Drilling & Tapping (PCD Clamp Holes),1,VEN0000002,Apex Precision VMC Machinists,M16 mould clamp tapped holes as per drawing
4110010100,A-10214,CROSS HEAD GUIDE ROD Ø50 - 110 TON,,,CROSS HEAD GUIDE ROD Ø50 - 110 TON (CASTING/RAW MATERIAL),4,HT,Stress Relieving & Normalizing Heat Treatment,2,VEN0000004,Gujarat Heat Treaters & Nitriding,Normalize thermal stress at 550°C
4110010100,A-10214,CROSS HEAD GUIDE ROD Ø50 - 110 TON,,,CROSS HEAD GUIDE ROD Ø50 - 110 TON (CASTING/RAW MATERIAL),5,GRD,Cylindrical & Precision Surface Grinding,1,VEN0000006,Sardar Cylindrical & Surface Grinding,Precision surface grind & rust preventive oil
4110010200,A-10219,CROSS HEAD GUIDE ROD LOCATING PLATE - 110 TON,,,CROSS HEAD GUIDE ROD LOCATING PLATE - 110 TON (CASTING/RAW MATERIAL),1,MCH,VMC Heavy Face Milling & Edge Truing,2,VEN0000002,Apex Precision VMC Machinists,Rough & finish top/bottom platen face to 0.02mm flat
4110010200,A-10219,CROSS HEAD GUIDE ROD LOCATING PLATE - 110 TON,,,CROSS HEAD GUIDE ROD LOCATING PLATE - 110 TON (CASTING/RAW MATERIAL),2,BOR,Precision CNC Boring (Tie Bar & Bush Bores),3,VEN0000002,Apex Precision VMC Machinists,Bore 4x Tie bar holes to H7 tolerance
4110010200,A-10219,CROSS HEAD GUIDE ROD LOCATING PLATE - 110 TON,,,CROSS HEAD GUIDE ROD LOCATING PLATE - 110 TON (CASTING/RAW MATERIAL),3,DRL,CNC Drilling & Tapping (PCD Clamp Holes),1,VEN0000002,Apex Precision VMC Machinists,M16 mould clamp tapped holes as per drawing
4110010200,A-10219,CROSS HEAD GUIDE ROD LOCATING PLATE - 110 TON,,,CROSS HEAD GUIDE ROD LOCATING PLATE - 110 TON (CASTING/RAW MATERIAL),4,HT,Stress Relieving & Normalizing Heat Treatment,2,VEN0000004,Gujarat Heat Treaters & Nitriding,Normalize thermal stress at 550°C
4110010200,A-10219,CROSS HEAD GUIDE ROD LOCATING PLATE - 110 TON,,,CROSS HEAD GUIDE ROD LOCATING PLATE - 110 TON (CASTING/RAW MATERIAL),5,GRD,Cylindrical & Precision Surface Grinding,1,VEN0000006,Sardar Cylindrical & Surface Grinding,Precision surface grind & rust preventive oil
4110010300,A-10204,MOVING PLATE WIPER RETAINER - 110 TON,4001003600,11204,CROSS HEAD - 90 TON (CASTING),1,MCH,VMC Heavy Face Milling & Edge Truing,2,VEN0000002,Apex Precision VMC Machinists,Rough & finish top/bottom platen face to 0.02mm flat
4110010300,A-10204,MOVING PLATE WIPER RETAINER - 110 TON,4001003600,11204,CROSS HEAD - 90 TON (CASTING),2,BOR,Precision CNC Boring (Tie Bar & Bush Bores),3,VEN0000002,Apex Precision VMC Machinists,Bore 4x Tie bar holes to H7 tolerance
4110010300,A-10204,MOVING PLATE WIPER RETAINER - 110 TON,4001003600,11204,CROSS HEAD - 90 TON (CASTING),3,DRL,CNC Drilling & Tapping (PCD Clamp Holes),1,VEN0000002,Apex Precision VMC Machinists,M16 mould clamp tapped holes as per drawing
4110010300,A-10204,MOVING PLATE WIPER RETAINER - 110 TON,4001003600,11204,CROSS HEAD - 90 TON (CASTING),4,HT,Stress Relieving & Normalizing Heat Treatment,2,VEN0000004,Gujarat Heat Treaters & Nitriding,Normalize thermal stress at 550°C
4110010300,A-10204,MOVING PLATE WIPER RETAINER - 110 TON,4001003600,11204,CROSS HEAD - 90 TON (CASTING),5,GRD,Cylindrical & Precision Surface Grinding,1,VEN0000006,Sardar Cylindrical & Surface Grinding,Precision surface grind & rust preventive oil
4110010400,A-10228,EJECTOR PLATE GUIDE ROD - 110 TON,,,EJECTOR PLATE GUIDE ROD - 110 TON (CASTING/RAW MATERIAL),1,MCH,VMC Heavy Face Milling & Edge Truing,2,VEN0000002,Apex Precision VMC Machinists,Rough & finish top/bottom platen face to 0.02mm flat
4110010400,A-10228,EJECTOR PLATE GUIDE ROD - 110 TON,,,EJECTOR PLATE GUIDE ROD - 110 TON (CASTING/RAW MATERIAL),2,BOR,Precision CNC Boring (Tie Bar & Bush Bores),3,VEN0000002,Apex Precision VMC Machinists,Bore 4x Tie bar holes to H7 tolerance
4110010400,A-10228,EJECTOR PLATE GUIDE ROD - 110 TON,,,EJECTOR PLATE GUIDE ROD - 110 TON (CASTING/RAW MATERIAL),3,DRL,CNC Drilling & Tapping (PCD Clamp Holes),1,VEN0000002,Apex Precision VMC Machinists,M16 mould clamp tapped holes as per drawing
4110010400,A-10228,EJECTOR PLATE GUIDE ROD - 110 TON,,,EJECTOR PLATE GUIDE ROD - 110 TON (CASTING/RAW MATERIAL),4,HT,Stress Relieving & Normalizing Heat Treatment,2,VEN0000004,Gujarat Heat Treaters & Nitriding,Normalize thermal stress at 550°C
4110010400,A-10228,EJECTOR PLATE GUIDE ROD - 110 TON,,,EJECTOR PLATE GUIDE ROD - 110 TON (CASTING/RAW MATERIAL),5,GRD,Cylindrical & Precision Surface Grinding,1,VEN0000006,Sardar Cylindrical & Surface Grinding,Precision surface grind & rust preventive oil
4010100300,A-10259,SUN GEAR - 110 TON (MODULE-3 TEETH-178),4001006300,11208,SUN GEAR - 90 TON (MODULE-3 TEETH-159) (CASTING),1,MCH,VMC Heavy Face Milling & Edge Truing,2,VEN0000002,Apex Precision VMC Machinists,Rough & finish top/bottom platen face to 0.02mm flat
4010100300,A-10259,SUN GEAR - 110 TON (MODULE-3 TEETH-178),4001006300,11208,SUN GEAR - 90 TON (MODULE-3 TEETH-159) (CASTING),2,BOR,Precision CNC Boring (Tie Bar & Bush Bores),3,VEN0000002,Apex Precision VMC Machinists,Bore 4x Tie bar holes to H7 tolerance
4010100300,A-10259,SUN GEAR - 110 TON (MODULE-3 TEETH-178),4001006300,11208,SUN GEAR - 90 TON (MODULE-3 TEETH-159) (CASTING),3,DRL,CNC Drilling & Tapping (PCD Clamp Holes),1,VEN0000002,Apex Precision VMC Machinists,M16 mould clamp tapped holes as per drawing
4010100300,A-10259,SUN GEAR - 110 TON (MODULE-3 TEETH-178),4001006300,11208,SUN GEAR - 90 TON (MODULE-3 TEETH-159) (CASTING),4,HT,Stress Relieving & Normalizing Heat Treatment,2,VEN0000004,Gujarat Heat Treaters & Nitriding,Normalize thermal stress at 550°C
4010100300,A-10259,SUN GEAR - 110 TON (MODULE-3 TEETH-178),4001006300,11208,SUN GEAR - 90 TON (MODULE-3 TEETH-159) (CASTING),5,GRD,Cylindrical & Precision Surface Grinding,1,VEN0000006,Sardar Cylindrical & Surface Grinding,Precision surface grind & rust preventive oil
4020100200,A-10090,TIE BAR NUT M70 X 3 - 110 TON TOGGLE,,,TIE BAR NUT M70 X 3 - 110 TON TOGGLE (CASTING/RAW MATERIAL),1,MCH,VMC Heavy Face Milling & Edge Truing,2,VEN0000002,Apex Precision VMC Machinists,Rough & finish top/bottom platen face to 0.02mm flat
4020100200,A-10090,TIE BAR NUT M70 X 3 - 110 TON TOGGLE,,,TIE BAR NUT M70 X 3 - 110 TON TOGGLE (CASTING/RAW MATERIAL),2,BOR,Precision CNC Boring (Tie Bar & Bush Bores),3,VEN0000002,Apex Precision VMC Machinists,Bore 4x Tie bar holes to H7 tolerance
4020100200,A-10090,TIE BAR NUT M70 X 3 - 110 TON TOGGLE,,,TIE BAR NUT M70 X 3 - 110 TON TOGGLE (CASTING/RAW MATERIAL),3,DRL,CNC Drilling & Tapping (PCD Clamp Holes),1,VEN0000002,Apex Precision VMC Machinists,M16 mould clamp tapped holes as per drawing
4020100200,A-10090,TIE BAR NUT M70 X 3 - 110 TON TOGGLE,,,TIE BAR NUT M70 X 3 - 110 TON TOGGLE (CASTING/RAW MATERIAL),4,HT,Stress Relieving & Normalizing Heat Treatment,2,VEN0000004,Gujarat Heat Treaters & Nitriding,Normalize thermal stress at 550°C
4020100200,A-10090,TIE BAR NUT M70 X 3 - 110 TON TOGGLE,,,TIE BAR NUT M70 X 3 - 110 TON TOGGLE (CASTING/RAW MATERIAL),5,GRD,Cylindrical & Precision Surface Grinding,1,VEN0000006,Sardar Cylindrical & Surface Grinding,Precision surface grind & rust preventive oil
4010100900,A-10242,GEAR NUT - 110 TON (MODULE-3 TEETH-48),4001006900,11210,GEAR NUT RETAINER - 90 TON (CASTING),1,MCH,VMC Heavy Face Milling & Edge Truing,2,VEN0000002,Apex Precision VMC Machinists,Rough & finish top/bottom platen face to 0.02mm flat
4010100900,A-10242,GEAR NUT - 110 TON (MODULE-3 TEETH-48),4001006900,11210,GEAR NUT RETAINER - 90 TON (CASTING),2,BOR,Precision CNC Boring (Tie Bar & Bush Bores),3,VEN0000002,Apex Precision VMC Machinists,Bore 4x Tie bar holes to H7 tolerance
4010100900,A-10242,GEAR NUT - 110 TON (MODULE-3 TEETH-48),4001006900,11210,GEAR NUT RETAINER - 90 TON (CASTING),3,DRL,CNC Drilling & Tapping (PCD Clamp Holes),1,VEN0000002,Apex Precision VMC Machinists,M16 mould clamp tapped holes as per drawing
4010100900,A-10242,GEAR NUT - 110 TON (MODULE-3 TEETH-48),4001006900,11210,GEAR NUT RETAINER - 90 TON (CASTING),4,HT,Stress Relieving & Normalizing Heat Treatment,2,VEN0000004,Gujarat Heat Treaters & Nitriding,Normalize thermal stress at 550°C
4010100900,A-10242,GEAR NUT - 110 TON (MODULE-3 TEETH-48),4001006900,11210,GEAR NUT RETAINER - 90 TON (CASTING),5,GRD,Cylindrical & Precision Surface Grinding,1,VEN0000006,Sardar Cylindrical & Surface Grinding,Precision surface grind & rust preventive oil
4030100200,A-10247,GEAR NUT SPACER - 110 TON,,,GEAR NUT SPACER - 110 TON (CASTING/RAW MATERIAL),1,MCH,VMC Heavy Face Milling & Edge Truing,2,VEN0000002,Apex Precision VMC Machinists,Rough & finish top/bottom platen face to 0.02mm flat
4030100200,A-10247,GEAR NUT SPACER - 110 TON,,,GEAR NUT SPACER - 110 TON (CASTING/RAW MATERIAL),2,BOR,Precision CNC Boring (Tie Bar & Bush Bores),3,VEN0000002,Apex Precision VMC Machinists,Bore 4x Tie bar holes to H7 tolerance
4030100200,A-10247,GEAR NUT SPACER - 110 TON,,,GEAR NUT SPACER - 110 TON (CASTING/RAW MATERIAL),3,DRL,CNC Drilling & Tapping (PCD Clamp Holes),1,VEN0000002,Apex Precision VMC Machinists,M16 mould clamp tapped holes as per drawing
4030100200,A-10247,GEAR NUT SPACER - 110 TON,,,GEAR NUT SPACER - 110 TON (CASTING/RAW MATERIAL),4,HT,Stress Relieving & Normalizing Heat Treatment,2,VEN0000004,Gujarat Heat Treaters & Nitriding,Normalize thermal stress at 550°C
4030100200,A-10247,GEAR NUT SPACER - 110 TON,,,GEAR NUT SPACER - 110 TON (CASTING/RAW MATERIAL),5,GRD,Cylindrical & Precision Surface Grinding,1,VEN0000006,Sardar Cylindrical & Surface Grinding,Precision surface grind & rust preventive oil
4040100200,A-10207,MOVING PLATE BUSH Ø85 X Ø70 X 45LG - 110 TON,4001004200,11207,CROSS HEAD LINK - 90 TON (CASTING),1,MCH,VMC Heavy Face Milling & Edge Truing,2,VEN0000002,Apex Precision VMC Machinists,Rough & finish top/bottom platen face to 0.02mm flat
4040100200,A-10207,MOVING PLATE BUSH Ø85 X Ø70 X 45LG - 110 TON,4001004200,11207,CROSS HEAD LINK - 90 TON (CASTING),2,BOR,Precision CNC Boring (Tie Bar & Bush Bores),3,VEN0000002,Apex Precision VMC Machinists,Bore 4x Tie bar holes to H7 tolerance
4040100200,A-10207,MOVING PLATE BUSH Ø85 X Ø70 X 45LG - 110 TON,4001004200,11207,CROSS HEAD LINK - 90 TON (CASTING),3,DRL,CNC Drilling & Tapping (PCD Clamp Holes),1,VEN0000002,Apex Precision VMC Machinists,M16 mould clamp tapped holes as per drawing
4040100200,A-10207,MOVING PLATE BUSH Ø85 X Ø70 X 45LG - 110 TON,4001004200,11207,CROSS HEAD LINK - 90 TON (CASTING),4,HT,Stress Relieving & Normalizing Heat Treatment,2,VEN0000004,Gujarat Heat Treaters & Nitriding,Normalize thermal stress at 550°C
4040100200,A-10207,MOVING PLATE BUSH Ø85 X Ø70 X 45LG - 110 TON,4001004200,11207,CROSS HEAD LINK - 90 TON (CASTING),5,GRD,Cylindrical & Precision Surface Grinding,1,VEN0000006,Sardar Cylindrical & Surface Grinding,Precision surface grind & rust preventive oil
4040100800,A-10986,CROSS HEAD BUSH Ø60 X Ø50 X 30LG - 110 TON,,,CROSS HEAD BUSH Ø60 X Ø50 X 30LG - 110 TON (CASTING/RAW MATERIAL),1,MCH,VMC Heavy Face Milling & Edge Truing,2,VEN0000002,Apex Precision VMC Machinists,Rough & finish top/bottom platen face to 0.02mm flat
4040100800,A-10986,CROSS HEAD BUSH Ø60 X Ø50 X 30LG - 110 TON,,,CROSS HEAD BUSH Ø60 X Ø50 X 30LG - 110 TON (CASTING/RAW MATERIAL),2,BOR,Precision CNC Boring (Tie Bar & Bush Bores),3,VEN0000002,Apex Precision VMC Machinists,Bore 4x Tie bar holes to H7 tolerance
4040100800,A-10986,CROSS HEAD BUSH Ø60 X Ø50 X 30LG - 110 TON,,,CROSS HEAD BUSH Ø60 X Ø50 X 30LG - 110 TON (CASTING/RAW MATERIAL),3,DRL,CNC Drilling & Tapping (PCD Clamp Holes),1,VEN0000002,Apex Precision VMC Machinists,M16 mould clamp tapped holes as per drawing
4040100800,A-10986,CROSS HEAD BUSH Ø60 X Ø50 X 30LG - 110 TON,,,CROSS HEAD BUSH Ø60 X Ø50 X 30LG - 110 TON (CASTING/RAW MATERIAL),4,HT,Stress Relieving & Normalizing Heat Treatment,2,VEN0000004,Gujarat Heat Treaters & Nitriding,Normalize thermal stress at 550°C
4040100800,A-10986,CROSS HEAD BUSH Ø60 X Ø50 X 30LG - 110 TON,,,CROSS HEAD BUSH Ø60 X Ø50 X 30LG - 110 TON (CASTING/RAW MATERIAL),5,GRD,Cylindrical & Precision Surface Grinding,1,VEN0000006,Sardar Cylindrical & Surface Grinding,Precision surface grind & rust preventive oil
4040200200,A-10192,TOGGLE SMALL GRAPHITE BUSH Ø45 X Ø35 X 60LG - 110 TON,,,TOGGLE SMALL GRAPHITE BUSH Ø45 X Ø35 X 60LG - 110 TON (CASTING/RAW MATERIAL),1,MCH,VMC Heavy Face Milling & Edge Truing,2,VEN0000002,Apex Precision VMC Machinists,Rough & finish top/bottom platen face to 0.02mm flat
4040200200,A-10192,TOGGLE SMALL GRAPHITE BUSH Ø45 X Ø35 X 60LG - 110 TON,,,TOGGLE SMALL GRAPHITE BUSH Ø45 X Ø35 X 60LG - 110 TON (CASTING/RAW MATERIAL),2,BOR,Precision CNC Boring (Tie Bar & Bush Bores),3,VEN0000002,Apex Precision VMC Machinists,Bore 4x Tie bar holes to H7 tolerance
4040200200,A-10192,TOGGLE SMALL GRAPHITE BUSH Ø45 X Ø35 X 60LG - 110 TON,,,TOGGLE SMALL GRAPHITE BUSH Ø45 X Ø35 X 60LG - 110 TON (CASTING/RAW MATERIAL),3,DRL,CNC Drilling & Tapping (PCD Clamp Holes),1,VEN0000002,Apex Precision VMC Machinists,M16 mould clamp tapped holes as per drawing
4040200200,A-10192,TOGGLE SMALL GRAPHITE BUSH Ø45 X Ø35 X 60LG - 110 TON,,,TOGGLE SMALL GRAPHITE BUSH Ø45 X Ø35 X 60LG - 110 TON (CASTING/RAW MATERIAL),4,HT,Stress Relieving & Normalizing Heat Treatment,2,VEN0000004,Gujarat Heat Treaters & Nitriding,Normalize thermal stress at 550°C
4040200200,A-10192,TOGGLE SMALL GRAPHITE BUSH Ø45 X Ø35 X 60LG - 110 TON,,,TOGGLE SMALL GRAPHITE BUSH Ø45 X Ø35 X 60LG - 110 TON (CASTING/RAW MATERIAL),5,GRD,Cylindrical & Precision Surface Grinding,1,VEN0000006,Sardar Cylindrical & Surface Grinding,Precision surface grind & rust preventive oil
4040200800,A-10197,TOGGLE BIG GRAPHITE BUSH Ø75 X Ø60 X 70LG - 110 TON,,,TOGGLE BIG GRAPHITE BUSH Ø75 X Ø60 X 70LG - 110 TON (CASTING/RAW MATERIAL),1,MCH,VMC Heavy Face Milling & Edge Truing,2,VEN0000002,Apex Precision VMC Machinists,Rough & finish top/bottom platen face to 0.02mm flat
4040200800,A-10197,TOGGLE BIG GRAPHITE BUSH Ø75 X Ø60 X 70LG - 110 TON,,,TOGGLE BIG GRAPHITE BUSH Ø75 X Ø60 X 70LG - 110 TON (CASTING/RAW MATERIAL),2,BOR,Precision CNC Boring (Tie Bar & Bush Bores),3,VEN0000002,Apex Precision VMC Machinists,Bore 4x Tie bar holes to H7 tolerance
4040200800,A-10197,TOGGLE BIG GRAPHITE BUSH Ø75 X Ø60 X 70LG - 110 TON,,,TOGGLE BIG GRAPHITE BUSH Ø75 X Ø60 X 70LG - 110 TON (CASTING/RAW MATERIAL),3,DRL,CNC Drilling & Tapping (PCD Clamp Holes),1,VEN0000002,Apex Precision VMC Machinists,M16 mould clamp tapped holes as per drawing
4040200800,A-10197,TOGGLE BIG GRAPHITE BUSH Ø75 X Ø60 X 70LG - 110 TON,,,TOGGLE BIG GRAPHITE BUSH Ø75 X Ø60 X 70LG - 110 TON (CASTING/RAW MATERIAL),4,HT,Stress Relieving & Normalizing Heat Treatment,2,VEN0000004,Gujarat Heat Treaters & Nitriding,Normalize thermal stress at 550°C
4040200800,A-10197,TOGGLE BIG GRAPHITE BUSH Ø75 X Ø60 X 70LG - 110 TON,,,TOGGLE BIG GRAPHITE BUSH Ø75 X Ø60 X 70LG - 110 TON (CASTING/RAW MATERIAL),5,GRD,Cylindrical & Precision Surface Grinding,1,VEN0000006,Sardar Cylindrical & Surface Grinding,Precision surface grind & rust preventive oil
4110012800,A-10143,STATIONARY PLATE TOGGLE - 140 TON,4001000100,11201,STATIONARY PLATE TOGGLE - 90 TON (CASTING),1,MCH,VMC Heavy Face Milling & Edge Truing,2,VEN0000002,Apex Precision VMC Machinists,Rough & finish top/bottom platen face to 0.02mm flat
4110012800,A-10143,STATIONARY PLATE TOGGLE - 140 TON,4001000100,11201,STATIONARY PLATE TOGGLE - 90 TON (CASTING),2,BOR,Precision CNC Boring (Tie Bar & Bush Bores),3,VEN0000002,Apex Precision VMC Machinists,Bore 4x Tie bar holes to H7 tolerance
4110012800,A-10143,STATIONARY PLATE TOGGLE - 140 TON,4001000100,11201,STATIONARY PLATE TOGGLE - 90 TON (CASTING),3,DRL,CNC Drilling & Tapping (PCD Clamp Holes),1,VEN0000002,Apex Precision VMC Machinists,M16 mould clamp tapped holes as per drawing
4110012800,A-10143,STATIONARY PLATE TOGGLE - 140 TON,4001000100,11201,STATIONARY PLATE TOGGLE - 90 TON (CASTING),4,HT,Stress Relieving & Normalizing Heat Treatment,2,VEN0000004,Gujarat Heat Treaters & Nitriding,Normalize thermal stress at 550°C
4110012800,A-10143,STATIONARY PLATE TOGGLE - 140 TON,4001000100,11201,STATIONARY PLATE TOGGLE - 90 TON (CASTING),5,GRD,Cylindrical & Precision Surface Grinding,1,VEN0000006,Sardar Cylindrical & Surface Grinding,Precision surface grind & rust preventive oil
4110012900,A-10148,MOVING PLATE TOGGLE - 140 TON,4001001200,11202,MOVING PLATE TOGGLE - 90 TON (CASTING),1,MCH,VMC Heavy Face Milling & Edge Truing,2,VEN0000002,Apex Precision VMC Machinists,Rough & finish top/bottom platen face to 0.02mm flat
4110012900,A-10148,MOVING PLATE TOGGLE - 140 TON,4001001200,11202,MOVING PLATE TOGGLE - 90 TON (CASTING),2,BOR,Precision CNC Boring (Tie Bar & Bush Bores),3,VEN0000002,Apex Precision VMC Machinists,Bore 4x Tie bar holes to H7 tolerance
4110012900,A-10148,MOVING PLATE TOGGLE - 140 TON,4001001200,11202,MOVING PLATE TOGGLE - 90 TON (CASTING),3,DRL,CNC Drilling & Tapping (PCD Clamp Holes),1,VEN0000002,Apex Precision VMC Machinists,M16 mould clamp tapped holes as per drawing
4110012900,A-10148,MOVING PLATE TOGGLE - 140 TON,4001001200,11202,MOVING PLATE TOGGLE - 90 TON (CASTING),4,HT,Stress Relieving & Normalizing Heat Treatment,2,VEN0000004,Gujarat Heat Treaters & Nitriding,Normalize thermal stress at 550°C
4110012900,A-10148,MOVING PLATE TOGGLE - 140 TON,4001001200,11202,MOVING PLATE TOGGLE - 90 TON (CASTING),5,GRD,Cylindrical & Precision Surface Grinding,1,VEN0000006,Sardar Cylindrical & Surface Grinding,Precision surface grind & rust preventive oil
4110013000,A-10183,END PLATE - 140 TON,4001002300,11203,END PLATE - 90 TON (CASTING),1,MCH,VMC Heavy Face Milling & Edge Truing,2,VEN0000002,Apex Precision VMC Machinists,Rough & finish top/bottom platen face to 0.02mm flat
4110013000,A-10183,END PLATE - 140 TON,4001002300,11203,END PLATE - 90 TON (CASTING),2,BOR,Precision CNC Boring (Tie Bar & Bush Bores),3,VEN0000002,Apex Precision VMC Machinists,Bore 4x Tie bar holes to H7 tolerance
4110013000,A-10183,END PLATE - 140 TON,4001002300,11203,END PLATE - 90 TON (CASTING),3,DRL,CNC Drilling & Tapping (PCD Clamp Holes),1,VEN0000002,Apex Precision VMC Machinists,M16 mould clamp tapped holes as per drawing
4110013000,A-10183,END PLATE - 140 TON,4001002300,11203,END PLATE - 90 TON (CASTING),4,HT,Stress Relieving & Normalizing Heat Treatment,2,VEN0000004,Gujarat Heat Treaters & Nitriding,Normalize thermal stress at 550°C
4110013000,A-10183,END PLATE - 140 TON,4001002300,11203,END PLATE - 90 TON (CASTING),5,GRD,Cylindrical & Precision Surface Grinding,1,VEN0000006,Sardar Cylindrical & Surface Grinding,Precision surface grind & rust preventive oil
4110013100,A-10178,CROSS HEAD - 140 TON,4001003600,11204,CROSS HEAD - 90 TON (CASTING),1,MCH,VMC Heavy Face Milling & Edge Truing,2,VEN0000002,Apex Precision VMC Machinists,Rough & finish top/bottom platen face to 0.02mm flat
4110013100,A-10178,CROSS HEAD - 140 TON,4001003600,11204,CROSS HEAD - 90 TON (CASTING),2,BOR,Precision CNC Boring (Tie Bar & Bush Bores),3,VEN0000002,Apex Precision VMC Machinists,Bore 4x Tie bar holes to H7 tolerance
4110013100,A-10178,CROSS HEAD - 140 TON,4001003600,11204,CROSS HEAD - 90 TON (CASTING),3,DRL,CNC Drilling & Tapping (PCD Clamp Holes),1,VEN0000002,Apex Precision VMC Machinists,M16 mould clamp tapped holes as per drawing
4110013100,A-10178,CROSS HEAD - 140 TON,4001003600,11204,CROSS HEAD - 90 TON (CASTING),4,HT,Stress Relieving & Normalizing Heat Treatment,2,VEN0000004,Gujarat Heat Treaters & Nitriding,Normalize thermal stress at 550°C
4110013100,A-10178,CROSS HEAD - 140 TON,4001003600,11204,CROSS HEAD - 90 TON (CASTING),5,GRD,Cylindrical & Precision Surface Grinding,1,VEN0000006,Sardar Cylindrical & Surface Grinding,Precision surface grind & rust preventive oil
4110013200,A-10173,CROSS HEAD LINK - 140 TON,4001004200,11207,CROSS HEAD LINK - 90 TON (CASTING),1,MCH,VMC Heavy Face Milling & Edge Truing,2,VEN0000002,Apex Precision VMC Machinists,Rough & finish top/bottom platen face to 0.02mm flat
4110013200,A-10173,CROSS HEAD LINK - 140 TON,4001004200,11207,CROSS HEAD LINK - 90 TON (CASTING),2,BOR,Precision CNC Boring (Tie Bar & Bush Bores),3,VEN0000002,Apex Precision VMC Machinists,Bore 4x Tie bar holes to H7 tolerance
4110013200,A-10173,CROSS HEAD LINK - 140 TON,4001004200,11207,CROSS HEAD LINK - 90 TON (CASTING),3,DRL,CNC Drilling & Tapping (PCD Clamp Holes),1,VEN0000002,Apex Precision VMC Machinists,M16 mould clamp tapped holes as per drawing
4110013200,A-10173,CROSS HEAD LINK - 140 TON,4001004200,11207,CROSS HEAD LINK - 90 TON (CASTING),4,HT,Stress Relieving & Normalizing Heat Treatment,2,VEN0000004,Gujarat Heat Treaters & Nitriding,Normalize thermal stress at 550°C
4110013200,A-10173,CROSS HEAD LINK - 140 TON,4001004200,11207,CROSS HEAD LINK - 90 TON (CASTING),5,GRD,Cylindrical & Precision Surface Grinding,1,VEN0000006,Sardar Cylindrical & Surface Grinding,Precision surface grind & rust preventive oil
4110013300,A-10153,BINARY LINK - 140 TON,4001004800,11205,BINARY LINK - 90 TON (CASTING),1,MCH,VMC Heavy Face Milling & Edge Truing,2,VEN0000002,Apex Precision VMC Machinists,Rough & finish top/bottom platen face to 0.02mm flat
4110013300,A-10153,BINARY LINK - 140 TON,4001004800,11205,BINARY LINK - 90 TON (CASTING),2,BOR,Precision CNC Boring (Tie Bar & Bush Bores),3,VEN0000002,Apex Precision VMC Machinists,Bore 4x Tie bar holes to H7 tolerance
4110013300,A-10153,BINARY LINK - 140 TON,4001004800,11205,BINARY LINK - 90 TON (CASTING),3,DRL,CNC Drilling & Tapping (PCD Clamp Holes),1,VEN0000002,Apex Precision VMC Machinists,M16 mould clamp tapped holes as per drawing
4110013300,A-10153,BINARY LINK - 140 TON,4001004800,11205,BINARY LINK - 90 TON (CASTING),4,HT,Stress Relieving & Normalizing Heat Treatment,2,VEN0000004,Gujarat Heat Treaters & Nitriding,Normalize thermal stress at 550°C
4110013300,A-10153,BINARY LINK - 140 TON,4001004800,11205,BINARY LINK - 90 TON (CASTING),5,GRD,Cylindrical & Precision Surface Grinding,1,VEN0000006,Sardar Cylindrical & Surface Grinding,Precision surface grind & rust preventive oil
4110013400,A-10163,TERNARY LINK - 140 TON,4001005400,11206,TERNARY LINK - 90 TON (CASTING),1,MCH,VMC Heavy Face Milling & Edge Truing,2,VEN0000002,Apex Precision VMC Machinists,Rough & finish top/bottom platen face to 0.02mm flat
4110013400,A-10163,TERNARY LINK - 140 TON,4001005400,11206,TERNARY LINK - 90 TON (CASTING),2,BOR,Precision CNC Boring (Tie Bar & Bush Bores),3,VEN0000002,Apex Precision VMC Machinists,Bore 4x Tie bar holes to H7 tolerance
4110013400,A-10163,TERNARY LINK - 140 TON,4001005400,11206,TERNARY LINK - 90 TON (CASTING),3,DRL,CNC Drilling & Tapping (PCD Clamp Holes),1,VEN0000002,Apex Precision VMC Machinists,M16 mould clamp tapped holes as per drawing
4110013400,A-10163,TERNARY LINK - 140 TON,4001005400,11206,TERNARY LINK - 90 TON (CASTING),4,HT,Stress Relieving & Normalizing Heat Treatment,2,VEN0000004,Gujarat Heat Treaters & Nitriding,Normalize thermal stress at 550°C
4110013400,A-10163,TERNARY LINK - 140 TON,4001005400,11206,TERNARY LINK - 90 TON (CASTING),5,GRD,Cylindrical & Precision Surface Grinding,1,VEN0000006,Sardar Cylindrical & Surface Grinding,Precision surface grind & rust preventive oil
4110013500,A-10162,TERNARY LINK RH - 140 TON,,,TERNARY LINK RH - 140 TON (CASTING/RAW MATERIAL),1,MCH,VMC Heavy Face Milling & Edge Truing,2,VEN0000002,Apex Precision VMC Machinists,Rough & finish top/bottom platen face to 0.02mm flat
4110013500,A-10162,TERNARY LINK RH - 140 TON,,,TERNARY LINK RH - 140 TON (CASTING/RAW MATERIAL),2,BOR,Precision CNC Boring (Tie Bar & Bush Bores),3,VEN0000002,Apex Precision VMC Machinists,Bore 4x Tie bar holes to H7 tolerance
4110013500,A-10162,TERNARY LINK RH - 140 TON,,,TERNARY LINK RH - 140 TON (CASTING/RAW MATERIAL),3,DRL,CNC Drilling & Tapping (PCD Clamp Holes),1,VEN0000002,Apex Precision VMC Machinists,M16 mould clamp tapped holes as per drawing
4110013500,A-10162,TERNARY LINK RH - 140 TON,,,TERNARY LINK RH - 140 TON (CASTING/RAW MATERIAL),4,HT,Stress Relieving & Normalizing Heat Treatment,2,VEN0000004,Gujarat Heat Treaters & Nitriding,Normalize thermal stress at 550°C
4110013500,A-10162,TERNARY LINK RH - 140 TON,,,TERNARY LINK RH - 140 TON (CASTING/RAW MATERIAL),5,GRD,Cylindrical & Precision Surface Grinding,1,VEN0000006,Sardar Cylindrical & Surface Grinding,Precision surface grind & rust preventive oil
4110013600,A-10164,TERNARY LINK LH - 140 TON,,,TERNARY LINK LH - 140 TON (CASTING/RAW MATERIAL),1,MCH,VMC Heavy Face Milling & Edge Truing,2,VEN0000002,Apex Precision VMC Machinists,Rough & finish top/bottom platen face to 0.02mm flat
4110013600,A-10164,TERNARY LINK LH - 140 TON,,,TERNARY LINK LH - 140 TON (CASTING/RAW MATERIAL),2,BOR,Precision CNC Boring (Tie Bar & Bush Bores),3,VEN0000002,Apex Precision VMC Machinists,Bore 4x Tie bar holes to H7 tolerance
4110013600,A-10164,TERNARY LINK LH - 140 TON,,,TERNARY LINK LH - 140 TON (CASTING/RAW MATERIAL),3,DRL,CNC Drilling & Tapping (PCD Clamp Holes),1,VEN0000002,Apex Precision VMC Machinists,M16 mould clamp tapped holes as per drawing
4110013600,A-10164,TERNARY LINK LH - 140 TON,,,TERNARY LINK LH - 140 TON (CASTING/RAW MATERIAL),4,HT,Stress Relieving & Normalizing Heat Treatment,2,VEN0000004,Gujarat Heat Treaters & Nitriding,Normalize thermal stress at 550°C
4110013600,A-10164,TERNARY LINK LH - 140 TON,,,TERNARY LINK LH - 140 TON (CASTING/RAW MATERIAL),5,GRD,Cylindrical & Precision Surface Grinding,1,VEN0000006,Sardar Cylindrical & Surface Grinding,Precision surface grind & rust preventive oil
4110013700,A-10253,GEAR NUT RETAINER - 140 TON,4001006900,11210,GEAR NUT RETAINER - 90 TON (CASTING),1,MCH,VMC Heavy Face Milling & Edge Truing,2,VEN0000002,Apex Precision VMC Machinists,Rough & finish top/bottom platen face to 0.02mm flat
4110013700,A-10253,GEAR NUT RETAINER - 140 TON,4001006900,11210,GEAR NUT RETAINER - 90 TON (CASTING),2,BOR,Precision CNC Boring (Tie Bar & Bush Bores),3,VEN0000002,Apex Precision VMC Machinists,Bore 4x Tie bar holes to H7 tolerance
4110013700,A-10253,GEAR NUT RETAINER - 140 TON,4001006900,11210,GEAR NUT RETAINER - 90 TON (CASTING),3,DRL,CNC Drilling & Tapping (PCD Clamp Holes),1,VEN0000002,Apex Precision VMC Machinists,M16 mould clamp tapped holes as per drawing
4110013700,A-10253,GEAR NUT RETAINER - 140 TON,4001006900,11210,GEAR NUT RETAINER - 90 TON (CASTING),4,HT,Stress Relieving & Normalizing Heat Treatment,2,VEN0000004,Gujarat Heat Treaters & Nitriding,Normalize thermal stress at 550°C
4110013700,A-10253,GEAR NUT RETAINER - 140 TON,4001006900,11210,GEAR NUT RETAINER - 90 TON (CASTING),5,GRD,Cylindrical & Precision Surface Grinding,1,VEN0000006,Sardar Cylindrical & Surface Grinding,Precision surface grind & rust preventive oil
4110013800,A-10231,MOVING PLATE SLIDING BLOCK - 140 TON,4001006000,,MOVING PLATE SLIDING BLOCK - 140 TON (CASTING),1,MCH,VMC Heavy Face Milling & Edge Truing,2,VEN0000002,Apex Precision VMC Machinists,Rough & finish top/bottom platen face to 0.02mm flat
4110013800,A-10231,MOVING PLATE SLIDING BLOCK - 140 TON,4001006000,,MOVING PLATE SLIDING BLOCK - 140 TON (CASTING),2,BOR,Precision CNC Boring (Tie Bar & Bush Bores),3,VEN0000002,Apex Precision VMC Machinists,Bore 4x Tie bar holes to H7 tolerance
4110013800,A-10231,MOVING PLATE SLIDING BLOCK - 140 TON,4001006000,,MOVING PLATE SLIDING BLOCK - 140 TON (CASTING),3,DRL,CNC Drilling & Tapping (PCD Clamp Holes),1,VEN0000002,Apex Precision VMC Machinists,M16 mould clamp tapped holes as per drawing
4110013800,A-10231,MOVING PLATE SLIDING BLOCK - 140 TON,4001006000,,MOVING PLATE SLIDING BLOCK - 140 TON (CASTING),4,HT,Stress Relieving & Normalizing Heat Treatment,2,VEN0000004,Gujarat Heat Treaters & Nitriding,Normalize thermal stress at 550°C
4110013800,A-10231,MOVING PLATE SLIDING BLOCK - 140 TON,4001006000,,MOVING PLATE SLIDING BLOCK - 140 TON (CASTING),5,GRD,Cylindrical & Precision Surface Grinding,1,VEN0000006,Sardar Cylindrical & Surface Grinding,Precision surface grind & rust preventive oil
4110013900,A-10138,TIE BAR Ø80 - 140 TON TOGGLE,,,TIE BAR Ø80 - 140 TON TOGGLE (CASTING/RAW MATERIAL),1,MCH,VMC Heavy Face Milling & Edge Truing,2,VEN0000002,Apex Precision VMC Machinists,Rough & finish top/bottom platen face to 0.02mm flat
4110013900,A-10138,TIE BAR Ø80 - 140 TON TOGGLE,,,TIE BAR Ø80 - 140 TON TOGGLE (CASTING/RAW MATERIAL),2,BOR,Precision CNC Boring (Tie Bar & Bush Bores),3,VEN0000002,Apex Precision VMC Machinists,Bore 4x Tie bar holes to H7 tolerance
4110013900,A-10138,TIE BAR Ø80 - 140 TON TOGGLE,,,TIE BAR Ø80 - 140 TON TOGGLE (CASTING/RAW MATERIAL),3,DRL,CNC Drilling & Tapping (PCD Clamp Holes),1,VEN0000002,Apex Precision VMC Machinists,M16 mould clamp tapped holes as per drawing
4110013900,A-10138,TIE BAR Ø80 - 140 TON TOGGLE,,,TIE BAR Ø80 - 140 TON TOGGLE (CASTING/RAW MATERIAL),4,HT,Stress Relieving & Normalizing Heat Treatment,2,VEN0000004,Gujarat Heat Treaters & Nitriding,Normalize thermal stress at 550°C
4110013900,A-10138,TIE BAR Ø80 - 140 TON TOGGLE,,,TIE BAR Ø80 - 140 TON TOGGLE (CASTING/RAW MATERIAL),5,GRD,Cylindrical & Precision Surface Grinding,1,VEN0000006,Sardar Cylindrical & Surface Grinding,Precision surface grind & rust preventive oil
4110014000,A-10128,TIE BAR LOCATING PLATE - 140 TON,,,TIE BAR LOCATING PLATE - 140 TON (CASTING/RAW MATERIAL),1,MCH,VMC Heavy Face Milling & Edge Truing,2,VEN0000002,Apex Precision VMC Machinists,Rough & finish top/bottom platen face to 0.02mm flat
4110014000,A-10128,TIE BAR LOCATING PLATE - 140 TON,,,TIE BAR LOCATING PLATE - 140 TON (CASTING/RAW MATERIAL),2,BOR,Precision CNC Boring (Tie Bar & Bush Bores),3,VEN0000002,Apex Precision VMC Machinists,Bore 4x Tie bar holes to H7 tolerance
4110014000,A-10128,TIE BAR LOCATING PLATE - 140 TON,,,TIE BAR LOCATING PLATE - 140 TON (CASTING/RAW MATERIAL),3,DRL,CNC Drilling & Tapping (PCD Clamp Holes),1,VEN0000002,Apex Precision VMC Machinists,M16 mould clamp tapped holes as per drawing
4110014000,A-10128,TIE BAR LOCATING PLATE - 140 TON,,,TIE BAR LOCATING PLATE - 140 TON (CASTING/RAW MATERIAL),4,HT,Stress Relieving & Normalizing Heat Treatment,2,VEN0000004,Gujarat Heat Treaters & Nitriding,Normalize thermal stress at 550°C
4110014000,A-10128,TIE BAR LOCATING PLATE - 140 TON,,,TIE BAR LOCATING PLATE - 140 TON (CASTING/RAW MATERIAL),5,GRD,Cylindrical & Precision Surface Grinding,1,VEN0000006,Sardar Cylindrical & Surface Grinding,Precision surface grind & rust preventive oil
4110014100,A-10336,TOGGLE SMALL PIN Ø40 - 140 TON,,,TOGGLE SMALL PIN Ø40 - 140 TON (CASTING/RAW MATERIAL),1,MCH,VMC Heavy Face Milling & Edge Truing,2,VEN0000002,Apex Precision VMC Machinists,Rough & finish top/bottom platen face to 0.02mm flat
4110014100,A-10336,TOGGLE SMALL PIN Ø40 - 140 TON,,,TOGGLE SMALL PIN Ø40 - 140 TON (CASTING/RAW MATERIAL),2,BOR,Precision CNC Boring (Tie Bar & Bush Bores),3,VEN0000002,Apex Precision VMC Machinists,Bore 4x Tie bar holes to H7 tolerance
4110014100,A-10336,TOGGLE SMALL PIN Ø40 - 140 TON,,,TOGGLE SMALL PIN Ø40 - 140 TON (CASTING/RAW MATERIAL),3,DRL,CNC Drilling & Tapping (PCD Clamp Holes),1,VEN0000002,Apex Precision VMC Machinists,M16 mould clamp tapped holes as per drawing
4110014100,A-10336,TOGGLE SMALL PIN Ø40 - 140 TON,,,TOGGLE SMALL PIN Ø40 - 140 TON (CASTING/RAW MATERIAL),4,HT,Stress Relieving & Normalizing Heat Treatment,2,VEN0000004,Gujarat Heat Treaters & Nitriding,Normalize thermal stress at 550°C
4110014100,A-10336,TOGGLE SMALL PIN Ø40 - 140 TON,,,TOGGLE SMALL PIN Ø40 - 140 TON (CASTING/RAW MATERIAL),5,GRD,Cylindrical & Precision Surface Grinding,1,VEN0000006,Sardar Cylindrical & Surface Grinding,Precision surface grind & rust preventive oil
4110014200,A-10189,TOGGLE SMALL PIN LOCKING STRIP – 140 TON,,,TOGGLE SMALL PIN LOCKING STRIP – 140 TON (CASTING/RAW MATERIAL),1,MCH,VMC Heavy Face Milling & Edge Truing,2,VEN0000002,Apex Precision VMC Machinists,Rough & finish top/bottom platen face to 0.02mm flat
4110014200,A-10189,TOGGLE SMALL PIN LOCKING STRIP – 140 TON,,,TOGGLE SMALL PIN LOCKING STRIP – 140 TON (CASTING/RAW MATERIAL),2,BOR,Precision CNC Boring (Tie Bar & Bush Bores),3,VEN0000002,Apex Precision VMC Machinists,Bore 4x Tie bar holes to H7 tolerance
4110014200,A-10189,TOGGLE SMALL PIN LOCKING STRIP – 140 TON,,,TOGGLE SMALL PIN LOCKING STRIP – 140 TON (CASTING/RAW MATERIAL),3,DRL,CNC Drilling & Tapping (PCD Clamp Holes),1,VEN0000002,Apex Precision VMC Machinists,M16 mould clamp tapped holes as per drawing
4110014200,A-10189,TOGGLE SMALL PIN LOCKING STRIP – 140 TON,,,TOGGLE SMALL PIN LOCKING STRIP – 140 TON (CASTING/RAW MATERIAL),4,HT,Stress Relieving & Normalizing Heat Treatment,2,VEN0000004,Gujarat Heat Treaters & Nitriding,Normalize thermal stress at 550°C
4110014200,A-10189,TOGGLE SMALL PIN LOCKING STRIP – 140 TON,,,TOGGLE SMALL PIN LOCKING STRIP – 140 TON (CASTING/RAW MATERIAL),5,GRD,Cylindrical & Precision Surface Grinding,1,VEN0000006,Sardar Cylindrical & Surface Grinding,Precision surface grind & rust preventive oil
4110014300,A-10331,TOGGLE BIG PIN Ø70 - 140 TON,,,TOGGLE BIG PIN Ø70 - 140 TON (CASTING/RAW MATERIAL),1,MCH,VMC Heavy Face Milling & Edge Truing,2,VEN0000002,Apex Precision VMC Machinists,Rough & finish top/bottom platen face to 0.02mm flat
4110014300,A-10331,TOGGLE BIG PIN Ø70 - 140 TON,,,TOGGLE BIG PIN Ø70 - 140 TON (CASTING/RAW MATERIAL),2,BOR,Precision CNC Boring (Tie Bar & Bush Bores),3,VEN0000002,Apex Precision VMC Machinists,Bore 4x Tie bar holes to H7 tolerance
4110014300,A-10331,TOGGLE BIG PIN Ø70 - 140 TON,,,TOGGLE BIG PIN Ø70 - 140 TON (CASTING/RAW MATERIAL),3,DRL,CNC Drilling & Tapping (PCD Clamp Holes),1,VEN0000002,Apex Precision VMC Machinists,M16 mould clamp tapped holes as per drawing
4110014300,A-10331,TOGGLE BIG PIN Ø70 - 140 TON,,,TOGGLE BIG PIN Ø70 - 140 TON (CASTING/RAW MATERIAL),4,HT,Stress Relieving & Normalizing Heat Treatment,2,VEN0000004,Gujarat Heat Treaters & Nitriding,Normalize thermal stress at 550°C
4110014300,A-10331,TOGGLE BIG PIN Ø70 - 140 TON,,,TOGGLE BIG PIN Ø70 - 140 TON (CASTING/RAW MATERIAL),5,GRD,Cylindrical & Precision Surface Grinding,1,VEN0000006,Sardar Cylindrical & Surface Grinding,Precision surface grind & rust preventive oil
4110014400,A-10213,CROSS HEAD GUIDE ROD Ø55 - 140 TON,,,CROSS HEAD GUIDE ROD Ø55 - 140 TON (CASTING/RAW MATERIAL),1,MCH,VMC Heavy Face Milling & Edge Truing,2,VEN0000002,Apex Precision VMC Machinists,Rough & finish top/bottom platen face to 0.02mm flat
4110014400,A-10213,CROSS HEAD GUIDE ROD Ø55 - 140 TON,,,CROSS HEAD GUIDE ROD Ø55 - 140 TON (CASTING/RAW MATERIAL),2,BOR,Precision CNC Boring (Tie Bar & Bush Bores),3,VEN0000002,Apex Precision VMC Machinists,Bore 4x Tie bar holes to H7 tolerance
4110014400,A-10213,CROSS HEAD GUIDE ROD Ø55 - 140 TON,,,CROSS HEAD GUIDE ROD Ø55 - 140 TON (CASTING/RAW MATERIAL),3,DRL,CNC Drilling & Tapping (PCD Clamp Holes),1,VEN0000002,Apex Precision VMC Machinists,M16 mould clamp tapped holes as per drawing
4110014400,A-10213,CROSS HEAD GUIDE ROD Ø55 - 140 TON,,,CROSS HEAD GUIDE ROD Ø55 - 140 TON (CASTING/RAW MATERIAL),4,HT,Stress Relieving & Normalizing Heat Treatment,2,VEN0000004,Gujarat Heat Treaters & Nitriding,Normalize thermal stress at 550°C
4110014400,A-10213,CROSS HEAD GUIDE ROD Ø55 - 140 TON,,,CROSS HEAD GUIDE ROD Ø55 - 140 TON (CASTING/RAW MATERIAL),5,GRD,Cylindrical & Precision Surface Grinding,1,VEN0000006,Sardar Cylindrical & Surface Grinding,Precision surface grind & rust preventive oil
4110014500,A-10218,CROSS HEAD GUIDE ROD LOCATING PLATE - 140 TON,,,CROSS HEAD GUIDE ROD LOCATING PLATE - 140 TON (CASTING/RAW MATERIAL),1,MCH,VMC Heavy Face Milling & Edge Truing,2,VEN0000002,Apex Precision VMC Machinists,Rough & finish top/bottom platen face to 0.02mm flat
4110014500,A-10218,CROSS HEAD GUIDE ROD LOCATING PLATE - 140 TON,,,CROSS HEAD GUIDE ROD LOCATING PLATE - 140 TON (CASTING/RAW MATERIAL),2,BOR,Precision CNC Boring (Tie Bar & Bush Bores),3,VEN0000002,Apex Precision VMC Machinists,Bore 4x Tie bar holes to H7 tolerance
4110014500,A-10218,CROSS HEAD GUIDE ROD LOCATING PLATE - 140 TON,,,CROSS HEAD GUIDE ROD LOCATING PLATE - 140 TON (CASTING/RAW MATERIAL),3,DRL,CNC Drilling & Tapping (PCD Clamp Holes),1,VEN0000002,Apex Precision VMC Machinists,M16 mould clamp tapped holes as per drawing
4110014500,A-10218,CROSS HEAD GUIDE ROD LOCATING PLATE - 140 TON,,,CROSS HEAD GUIDE ROD LOCATING PLATE - 140 TON (CASTING/RAW MATERIAL),4,HT,Stress Relieving & Normalizing Heat Treatment,2,VEN0000004,Gujarat Heat Treaters & Nitriding,Normalize thermal stress at 550°C
4110014500,A-10218,CROSS HEAD GUIDE ROD LOCATING PLATE - 140 TON,,,CROSS HEAD GUIDE ROD LOCATING PLATE - 140 TON (CASTING/RAW MATERIAL),5,GRD,Cylindrical & Precision Surface Grinding,1,VEN0000006,Sardar Cylindrical & Surface Grinding,Precision surface grind & rust preventive oil
4110014600,A-10203,MOVING PLATE WIPER RETAINER - 140 TON,4001002300,11203,END PLATE - 90 TON (CASTING),1,MCH,VMC Heavy Face Milling & Edge Truing,2,VEN0000002,Apex Precision VMC Machinists,Rough & finish top/bottom platen face to 0.02mm flat
4110014600,A-10203,MOVING PLATE WIPER RETAINER - 140 TON,4001002300,11203,END PLATE - 90 TON (CASTING),2,BOR,Precision CNC Boring (Tie Bar & Bush Bores),3,VEN0000002,Apex Precision VMC Machinists,Bore 4x Tie bar holes to H7 tolerance
4110014600,A-10203,MOVING PLATE WIPER RETAINER - 140 TON,4001002300,11203,END PLATE - 90 TON (CASTING),3,DRL,CNC Drilling & Tapping (PCD Clamp Holes),1,VEN0000002,Apex Precision VMC Machinists,M16 mould clamp tapped holes as per drawing
4110014600,A-10203,MOVING PLATE WIPER RETAINER - 140 TON,4001002300,11203,END PLATE - 90 TON (CASTING),4,HT,Stress Relieving & Normalizing Heat Treatment,2,VEN0000004,Gujarat Heat Treaters & Nitriding,Normalize thermal stress at 550°C
4110014600,A-10203,MOVING PLATE WIPER RETAINER - 140 TON,4001002300,11203,END PLATE - 90 TON (CASTING),5,GRD,Cylindrical & Precision Surface Grinding,1,VEN0000006,Sardar Cylindrical & Surface Grinding,Precision surface grind & rust preventive oil
4110014700,A-10227,EJECTOR PLATE GUIDE ROD - 140 TON,,,EJECTOR PLATE GUIDE ROD - 140 TON (CASTING/RAW MATERIAL),1,MCH,VMC Heavy Face Milling & Edge Truing,2,VEN0000002,Apex Precision VMC Machinists,Rough & finish top/bottom platen face to 0.02mm flat
4110014700,A-10227,EJECTOR PLATE GUIDE ROD - 140 TON,,,EJECTOR PLATE GUIDE ROD - 140 TON (CASTING/RAW MATERIAL),2,BOR,Precision CNC Boring (Tie Bar & Bush Bores),3,VEN0000002,Apex Precision VMC Machinists,Bore 4x Tie bar holes to H7 tolerance
4110014700,A-10227,EJECTOR PLATE GUIDE ROD - 140 TON,,,EJECTOR PLATE GUIDE ROD - 140 TON (CASTING/RAW MATERIAL),3,DRL,CNC Drilling & Tapping (PCD Clamp Holes),1,VEN0000002,Apex Precision VMC Machinists,M16 mould clamp tapped holes as per drawing
4110014700,A-10227,EJECTOR PLATE GUIDE ROD - 140 TON,,,EJECTOR PLATE GUIDE ROD - 140 TON (CASTING/RAW MATERIAL),4,HT,Stress Relieving & Normalizing Heat Treatment,2,VEN0000004,Gujarat Heat Treaters & Nitriding,Normalize thermal stress at 550°C
4110014700,A-10227,EJECTOR PLATE GUIDE ROD - 140 TON,,,EJECTOR PLATE GUIDE ROD - 140 TON (CASTING/RAW MATERIAL),5,GRD,Cylindrical & Precision Surface Grinding,1,VEN0000006,Sardar Cylindrical & Surface Grinding,Precision surface grind & rust preventive oil
4010100400,A-10258,SUN GEAR - 140 TON (MODULE-3 TEETH-197),4001006300,11208,SUN GEAR - 90 TON (MODULE-3 TEETH-159) (CASTING),1,MCH,VMC Heavy Face Milling & Edge Truing,2,VEN0000002,Apex Precision VMC Machinists,Rough & finish top/bottom platen face to 0.02mm flat
4010100400,A-10258,SUN GEAR - 140 TON (MODULE-3 TEETH-197),4001006300,11208,SUN GEAR - 90 TON (MODULE-3 TEETH-159) (CASTING),2,BOR,Precision CNC Boring (Tie Bar & Bush Bores),3,VEN0000002,Apex Precision VMC Machinists,Bore 4x Tie bar holes to H7 tolerance
4010100400,A-10258,SUN GEAR - 140 TON (MODULE-3 TEETH-197),4001006300,11208,SUN GEAR - 90 TON (MODULE-3 TEETH-159) (CASTING),3,DRL,CNC Drilling & Tapping (PCD Clamp Holes),1,VEN0000002,Apex Precision VMC Machinists,M16 mould clamp tapped holes as per drawing
4010100400,A-10258,SUN GEAR - 140 TON (MODULE-3 TEETH-197),4001006300,11208,SUN GEAR - 90 TON (MODULE-3 TEETH-159) (CASTING),4,HT,Stress Relieving & Normalizing Heat Treatment,2,VEN0000004,Gujarat Heat Treaters & Nitriding,Normalize thermal stress at 550°C
4010100400,A-10258,SUN GEAR - 140 TON (MODULE-3 TEETH-197),4001006300,11208,SUN GEAR - 90 TON (MODULE-3 TEETH-159) (CASTING),5,GRD,Cylindrical & Precision Surface Grinding,1,VEN0000006,Sardar Cylindrical & Surface Grinding,Precision surface grind & rust preventive oil
4020100300,A-10133,TIE BAR NUT M80 X 3 - 140 TON TOGGLE,,,TIE BAR NUT M80 X 3 - 140 TON TOGGLE (CASTING/RAW MATERIAL),1,MCH,VMC Heavy Face Milling & Edge Truing,2,VEN0000002,Apex Precision VMC Machinists,Rough & finish top/bottom platen face to 0.02mm flat
4020100300,A-10133,TIE BAR NUT M80 X 3 - 140 TON TOGGLE,,,TIE BAR NUT M80 X 3 - 140 TON TOGGLE (CASTING/RAW MATERIAL),2,BOR,Precision CNC Boring (Tie Bar & Bush Bores),3,VEN0000002,Apex Precision VMC Machinists,Bore 4x Tie bar holes to H7 tolerance
4020100300,A-10133,TIE BAR NUT M80 X 3 - 140 TON TOGGLE,,,TIE BAR NUT M80 X 3 - 140 TON TOGGLE (CASTING/RAW MATERIAL),3,DRL,CNC Drilling & Tapping (PCD Clamp Holes),1,VEN0000002,Apex Precision VMC Machinists,M16 mould clamp tapped holes as per drawing
4020100300,A-10133,TIE BAR NUT M80 X 3 - 140 TON TOGGLE,,,TIE BAR NUT M80 X 3 - 140 TON TOGGLE (CASTING/RAW MATERIAL),4,HT,Stress Relieving & Normalizing Heat Treatment,2,VEN0000004,Gujarat Heat Treaters & Nitriding,Normalize thermal stress at 550°C
4020100300,A-10133,TIE BAR NUT M80 X 3 - 140 TON TOGGLE,,,TIE BAR NUT M80 X 3 - 140 TON TOGGLE (CASTING/RAW MATERIAL),5,GRD,Cylindrical & Precision Surface Grinding,1,VEN0000006,Sardar Cylindrical & Surface Grinding,Precision surface grind & rust preventive oil
4010101000,A-10243,GEAR NUT - 140 TON (MODULE-3 TEETH-53),4001006900,11210,GEAR NUT RETAINER - 90 TON (CASTING),1,MCH,VMC Heavy Face Milling & Edge Truing,2,VEN0000002,Apex Precision VMC Machinists,Rough & finish top/bottom platen face to 0.02mm flat
4010101000,A-10243,GEAR NUT - 140 TON (MODULE-3 TEETH-53),4001006900,11210,GEAR NUT RETAINER - 90 TON (CASTING),2,BOR,Precision CNC Boring (Tie Bar & Bush Bores),3,VEN0000002,Apex Precision VMC Machinists,Bore 4x Tie bar holes to H7 tolerance
4010101000,A-10243,GEAR NUT - 140 TON (MODULE-3 TEETH-53),4001006900,11210,GEAR NUT RETAINER - 90 TON (CASTING),3,DRL,CNC Drilling & Tapping (PCD Clamp Holes),1,VEN0000002,Apex Precision VMC Machinists,M16 mould clamp tapped holes as per drawing
4010101000,A-10243,GEAR NUT - 140 TON (MODULE-3 TEETH-53),4001006900,11210,GEAR NUT RETAINER - 90 TON (CASTING),4,HT,Stress Relieving & Normalizing Heat Treatment,2,VEN0000004,Gujarat Heat Treaters & Nitriding,Normalize thermal stress at 550°C
4010101000,A-10243,GEAR NUT - 140 TON (MODULE-3 TEETH-53),4001006900,11210,GEAR NUT RETAINER - 90 TON (CASTING),5,GRD,Cylindrical & Precision Surface Grinding,1,VEN0000006,Sardar Cylindrical & Surface Grinding,Precision surface grind & rust preventive oil
4030100300,A-10248,GEAR NUT SPACER - 140 TON,,,GEAR NUT SPACER - 140 TON (CASTING/RAW MATERIAL),1,MCH,VMC Heavy Face Milling & Edge Truing,2,VEN0000002,Apex Precision VMC Machinists,Rough & finish top/bottom platen face to 0.02mm flat
4030100300,A-10248,GEAR NUT SPACER - 140 TON,,,GEAR NUT SPACER - 140 TON (CASTING/RAW MATERIAL),2,BOR,Precision CNC Boring (Tie Bar & Bush Bores),3,VEN0000002,Apex Precision VMC Machinists,Bore 4x Tie bar holes to H7 tolerance
4030100300,A-10248,GEAR NUT SPACER - 140 TON,,,GEAR NUT SPACER - 140 TON (CASTING/RAW MATERIAL),3,DRL,CNC Drilling & Tapping (PCD Clamp Holes),1,VEN0000002,Apex Precision VMC Machinists,M16 mould clamp tapped holes as per drawing
4030100300,A-10248,GEAR NUT SPACER - 140 TON,,,GEAR NUT SPACER - 140 TON (CASTING/RAW MATERIAL),4,HT,Stress Relieving & Normalizing Heat Treatment,2,VEN0000004,Gujarat Heat Treaters & Nitriding,Normalize thermal stress at 550°C
4030100300,A-10248,GEAR NUT SPACER - 140 TON,,,GEAR NUT SPACER - 140 TON (CASTING/RAW MATERIAL),5,GRD,Cylindrical & Precision Surface Grinding,1,VEN0000006,Sardar Cylindrical & Surface Grinding,Precision surface grind & rust preventive oil
4040100300,A-10208,MOVING PLATE BUSH Ø95 X Ø80 X 50LG - 140 TON,4001006300,11208,SUN GEAR - 90 TON (MODULE-3 TEETH-159) (CASTING),1,MCH,VMC Heavy Face Milling & Edge Truing,2,VEN0000002,Apex Precision VMC Machinists,Rough & finish top/bottom platen face to 0.02mm flat
4040100300,A-10208,MOVING PLATE BUSH Ø95 X Ø80 X 50LG - 140 TON,4001006300,11208,SUN GEAR - 90 TON (MODULE-3 TEETH-159) (CASTING),2,BOR,Precision CNC Boring (Tie Bar & Bush Bores),3,VEN0000002,Apex Precision VMC Machinists,Bore 4x Tie bar holes to H7 tolerance
4040100300,A-10208,MOVING PLATE BUSH Ø95 X Ø80 X 50LG - 140 TON,4001006300,11208,SUN GEAR - 90 TON (MODULE-3 TEETH-159) (CASTING),3,DRL,CNC Drilling & Tapping (PCD Clamp Holes),1,VEN0000002,Apex Precision VMC Machinists,M16 mould clamp tapped holes as per drawing
4040100300,A-10208,MOVING PLATE BUSH Ø95 X Ø80 X 50LG - 140 TON,4001006300,11208,SUN GEAR - 90 TON (MODULE-3 TEETH-159) (CASTING),4,HT,Stress Relieving & Normalizing Heat Treatment,2,VEN0000004,Gujarat Heat Treaters & Nitriding,Normalize thermal stress at 550°C
4040100300,A-10208,MOVING PLATE BUSH Ø95 X Ø80 X 50LG - 140 TON,4001006300,11208,SUN GEAR - 90 TON (MODULE-3 TEETH-159) (CASTING),5,GRD,Cylindrical & Precision Surface Grinding,1,VEN0000006,Sardar Cylindrical & Surface Grinding,Precision surface grind & rust preventive oil
4040100900,A-10987,CROSS HEAD BUSH Ø65 X Ø55 X 33LG - 140 TON,,,CROSS HEAD BUSH Ø65 X Ø55 X 33LG - 140 TON (CASTING/RAW MATERIAL),1,MCH,VMC Heavy Face Milling & Edge Truing,2,VEN0000002,Apex Precision VMC Machinists,Rough & finish top/bottom platen face to 0.02mm flat
4040100900,A-10987,CROSS HEAD BUSH Ø65 X Ø55 X 33LG - 140 TON,,,CROSS HEAD BUSH Ø65 X Ø55 X 33LG - 140 TON (CASTING/RAW MATERIAL),2,BOR,Precision CNC Boring (Tie Bar & Bush Bores),3,VEN0000002,Apex Precision VMC Machinists,Bore 4x Tie bar holes to H7 tolerance
4040100900,A-10987,CROSS HEAD BUSH Ø65 X Ø55 X 33LG - 140 TON,,,CROSS HEAD BUSH Ø65 X Ø55 X 33LG - 140 TON (CASTING/RAW MATERIAL),3,DRL,CNC Drilling & Tapping (PCD Clamp Holes),1,VEN0000002,Apex Precision VMC Machinists,M16 mould clamp tapped holes as per drawing
4040100900,A-10987,CROSS HEAD BUSH Ø65 X Ø55 X 33LG - 140 TON,,,CROSS HEAD BUSH Ø65 X Ø55 X 33LG - 140 TON (CASTING/RAW MATERIAL),4,HT,Stress Relieving & Normalizing Heat Treatment,2,VEN0000004,Gujarat Heat Treaters & Nitriding,Normalize thermal stress at 550°C
4040100900,A-10987,CROSS HEAD BUSH Ø65 X Ø55 X 33LG - 140 TON,,,CROSS HEAD BUSH Ø65 X Ø55 X 33LG - 140 TON (CASTING/RAW MATERIAL),5,GRD,Cylindrical & Precision Surface Grinding,1,VEN0000006,Sardar Cylindrical & Surface Grinding,Precision surface grind & rust preventive oil
4040200300,A-10193,TOGGLE SMALL GRAPHITE BUSH Ø50 X Ø40 X 65LG - 140 TON,,,TOGGLE SMALL GRAPHITE BUSH Ø50 X Ø40 X 65LG - 140 TON (CASTING/RAW MATERIAL),1,MCH,VMC Heavy Face Milling & Edge Truing,2,VEN0000002,Apex Precision VMC Machinists,Rough & finish top/bottom platen face to 0.02mm flat
4040200300,A-10193,TOGGLE SMALL GRAPHITE BUSH Ø50 X Ø40 X 65LG - 140 TON,,,TOGGLE SMALL GRAPHITE BUSH Ø50 X Ø40 X 65LG - 140 TON (CASTING/RAW MATERIAL),2,BOR,Precision CNC Boring (Tie Bar & Bush Bores),3,VEN0000002,Apex Precision VMC Machinists,Bore 4x Tie bar holes to H7 tolerance
4040200300,A-10193,TOGGLE SMALL GRAPHITE BUSH Ø50 X Ø40 X 65LG - 140 TON,,,TOGGLE SMALL GRAPHITE BUSH Ø50 X Ø40 X 65LG - 140 TON (CASTING/RAW MATERIAL),3,DRL,CNC Drilling & Tapping (PCD Clamp Holes),1,VEN0000002,Apex Precision VMC Machinists,M16 mould clamp tapped holes as per drawing
4040200300,A-10193,TOGGLE SMALL GRAPHITE BUSH Ø50 X Ø40 X 65LG - 140 TON,,,TOGGLE SMALL GRAPHITE BUSH Ø50 X Ø40 X 65LG - 140 TON (CASTING/RAW MATERIAL),4,HT,Stress Relieving & Normalizing Heat Treatment,2,VEN0000004,Gujarat Heat Treaters & Nitriding,Normalize thermal stress at 550°C
4040200300,A-10193,TOGGLE SMALL GRAPHITE BUSH Ø50 X Ø40 X 65LG - 140 TON,,,TOGGLE SMALL GRAPHITE BUSH Ø50 X Ø40 X 65LG - 140 TON (CASTING/RAW MATERIAL),5,GRD,Cylindrical & Precision Surface Grinding,1,VEN0000006,Sardar Cylindrical & Surface Grinding,Precision surface grind & rust preventive oil
4040200900,A-10199,TOGGLE BIG GRAPHITE BUSH Ø85 X Ø70 X 75LG - 140 TON,,,TOGGLE BIG GRAPHITE BUSH Ø85 X Ø70 X 75LG - 140 TON (CASTING/RAW MATERIAL),1,MCH,VMC Heavy Face Milling & Edge Truing,2,VEN0000002,Apex Precision VMC Machinists,Rough & finish top/bottom platen face to 0.02mm flat
4040200900,A-10199,TOGGLE BIG GRAPHITE BUSH Ø85 X Ø70 X 75LG - 140 TON,,,TOGGLE BIG GRAPHITE BUSH Ø85 X Ø70 X 75LG - 140 TON (CASTING/RAW MATERIAL),2,BOR,Precision CNC Boring (Tie Bar & Bush Bores),3,VEN0000002,Apex Precision VMC Machinists,Bore 4x Tie bar holes to H7 tolerance
4040200900,A-10199,TOGGLE BIG GRAPHITE BUSH Ø85 X Ø70 X 75LG - 140 TON,,,TOGGLE BIG GRAPHITE BUSH Ø85 X Ø70 X 75LG - 140 TON (CASTING/RAW MATERIAL),3,DRL,CNC Drilling & Tapping (PCD Clamp Holes),1,VEN0000002,Apex Precision VMC Machinists,M16 mould clamp tapped holes as per drawing
4040200900,A-10199,TOGGLE BIG GRAPHITE BUSH Ø85 X Ø70 X 75LG - 140 TON,,,TOGGLE BIG GRAPHITE BUSH Ø85 X Ø70 X 75LG - 140 TON (CASTING/RAW MATERIAL),4,HT,Stress Relieving & Normalizing Heat Treatment,2,VEN0000004,Gujarat Heat Treaters & Nitriding,Normalize thermal stress at 550°C
4040200900,A-10199,TOGGLE BIG GRAPHITE BUSH Ø85 X Ø70 X 75LG - 140 TON,,,TOGGLE BIG GRAPHITE BUSH Ø85 X Ø70 X 75LG - 140 TON (CASTING/RAW MATERIAL),5,GRD,Cylindrical & Precision Surface Grinding,1,VEN0000006,Sardar Cylindrical & Surface Grinding,Precision surface grind & rust preventive oil
4110018300,A-10142,STATIONARY PLATE TOGGLE - 170 TON,4001000100,11201,STATIONARY PLATE TOGGLE - 90 TON (CASTING),1,MCH,VMC Heavy Face Milling & Edge Truing,2,VEN0000002,Apex Precision VMC Machinists,Rough & finish top/bottom platen face to 0.02mm flat
4110018300,A-10142,STATIONARY PLATE TOGGLE - 170 TON,4001000100,11201,STATIONARY PLATE TOGGLE - 90 TON (CASTING),2,BOR,Precision CNC Boring (Tie Bar & Bush Bores),3,VEN0000002,Apex Precision VMC Machinists,Bore 4x Tie bar holes to H7 tolerance
4110018300,A-10142,STATIONARY PLATE TOGGLE - 170 TON,4001000100,11201,STATIONARY PLATE TOGGLE - 90 TON (CASTING),3,DRL,CNC Drilling & Tapping (PCD Clamp Holes),1,VEN0000002,Apex Precision VMC Machinists,M16 mould clamp tapped holes as per drawing
4110018300,A-10142,STATIONARY PLATE TOGGLE - 170 TON,4001000100,11201,STATIONARY PLATE TOGGLE - 90 TON (CASTING),4,HT,Stress Relieving & Normalizing Heat Treatment,2,VEN0000004,Gujarat Heat Treaters & Nitriding,Normalize thermal stress at 550°C
4110018300,A-10142,STATIONARY PLATE TOGGLE - 170 TON,4001000100,11201,STATIONARY PLATE TOGGLE - 90 TON (CASTING),5,GRD,Cylindrical & Precision Surface Grinding,1,VEN0000006,Sardar Cylindrical & Surface Grinding,Precision surface grind & rust preventive oil
4110018400,A-10147,MOVING PLATE TOGGLE - 170 TON,4001001200,11202,MOVING PLATE TOGGLE - 90 TON (CASTING),1,MCH,VMC Heavy Face Milling & Edge Truing,2,VEN0000002,Apex Precision VMC Machinists,Rough & finish top/bottom platen face to 0.02mm flat
4110018400,A-10147,MOVING PLATE TOGGLE - 170 TON,4001001200,11202,MOVING PLATE TOGGLE - 90 TON (CASTING),2,BOR,Precision CNC Boring (Tie Bar & Bush Bores),3,VEN0000002,Apex Precision VMC Machinists,Bore 4x Tie bar holes to H7 tolerance
4110018400,A-10147,MOVING PLATE TOGGLE - 170 TON,4001001200,11202,MOVING PLATE TOGGLE - 90 TON (CASTING),3,DRL,CNC Drilling & Tapping (PCD Clamp Holes),1,VEN0000002,Apex Precision VMC Machinists,M16 mould clamp tapped holes as per drawing
4110018400,A-10147,MOVING PLATE TOGGLE - 170 TON,4001001200,11202,MOVING PLATE TOGGLE - 90 TON (CASTING),4,HT,Stress Relieving & Normalizing Heat Treatment,2,VEN0000004,Gujarat Heat Treaters & Nitriding,Normalize thermal stress at 550°C
4110018400,A-10147,MOVING PLATE TOGGLE - 170 TON,4001001200,11202,MOVING PLATE TOGGLE - 90 TON (CASTING),5,GRD,Cylindrical & Precision Surface Grinding,1,VEN0000006,Sardar Cylindrical & Surface Grinding,Precision surface grind & rust preventive oil
4110018500,A-10182,END PLATE - 170 TON,4001002300,11203,END PLATE - 90 TON (CASTING),1,MCH,VMC Heavy Face Milling & Edge Truing,2,VEN0000002,Apex Precision VMC Machinists,Rough & finish top/bottom platen face to 0.02mm flat
4110018500,A-10182,END PLATE - 170 TON,4001002300,11203,END PLATE - 90 TON (CASTING),2,BOR,Precision CNC Boring (Tie Bar & Bush Bores),3,VEN0000002,Apex Precision VMC Machinists,Bore 4x Tie bar holes to H7 tolerance
4110018500,A-10182,END PLATE - 170 TON,4001002300,11203,END PLATE - 90 TON (CASTING),3,DRL,CNC Drilling & Tapping (PCD Clamp Holes),1,VEN0000002,Apex Precision VMC Machinists,M16 mould clamp tapped holes as per drawing
4110018500,A-10182,END PLATE - 170 TON,4001002300,11203,END PLATE - 90 TON (CASTING),4,HT,Stress Relieving & Normalizing Heat Treatment,2,VEN0000004,Gujarat Heat Treaters & Nitriding,Normalize thermal stress at 550°C
4110018500,A-10182,END PLATE - 170 TON,4001002300,11203,END PLATE - 90 TON (CASTING),5,GRD,Cylindrical & Precision Surface Grinding,1,VEN0000006,Sardar Cylindrical & Surface Grinding,Precision surface grind & rust preventive oil
4110018600,A-10177,CROSS HEAD - 170 TON,4001003600,11204,CROSS HEAD - 90 TON (CASTING),1,MCH,VMC Heavy Face Milling & Edge Truing,2,VEN0000002,Apex Precision VMC Machinists,Rough & finish top/bottom platen face to 0.02mm flat
4110018600,A-10177,CROSS HEAD - 170 TON,4001003600,11204,CROSS HEAD - 90 TON (CASTING),2,BOR,Precision CNC Boring (Tie Bar & Bush Bores),3,VEN0000002,Apex Precision VMC Machinists,Bore 4x Tie bar holes to H7 tolerance
4110018600,A-10177,CROSS HEAD - 170 TON,4001003600,11204,CROSS HEAD - 90 TON (CASTING),3,DRL,CNC Drilling & Tapping (PCD Clamp Holes),1,VEN0000002,Apex Precision VMC Machinists,M16 mould clamp tapped holes as per drawing
4110018600,A-10177,CROSS HEAD - 170 TON,4001003600,11204,CROSS HEAD - 90 TON (CASTING),4,HT,Stress Relieving & Normalizing Heat Treatment,2,VEN0000004,Gujarat Heat Treaters & Nitriding,Normalize thermal stress at 550°C
4110018600,A-10177,CROSS HEAD - 170 TON,4001003600,11204,CROSS HEAD - 90 TON (CASTING),5,GRD,Cylindrical & Precision Surface Grinding,1,VEN0000006,Sardar Cylindrical & Surface Grinding,Precision surface grind & rust preventive oil
4110018700,A-10172,CROSS HEAD LINK - 170 TON,4001004200,11207,CROSS HEAD LINK - 90 TON (CASTING),1,MCH,VMC Heavy Face Milling & Edge Truing,2,VEN0000002,Apex Precision VMC Machinists,Rough & finish top/bottom platen face to 0.02mm flat
4110018700,A-10172,CROSS HEAD LINK - 170 TON,4001004200,11207,CROSS HEAD LINK - 90 TON (CASTING),2,BOR,Precision CNC Boring (Tie Bar & Bush Bores),3,VEN0000002,Apex Precision VMC Machinists,Bore 4x Tie bar holes to H7 tolerance
4110018700,A-10172,CROSS HEAD LINK - 170 TON,4001004200,11207,CROSS HEAD LINK - 90 TON (CASTING),3,DRL,CNC Drilling & Tapping (PCD Clamp Holes),1,VEN0000002,Apex Precision VMC Machinists,M16 mould clamp tapped holes as per drawing
4110018700,A-10172,CROSS HEAD LINK - 170 TON,4001004200,11207,CROSS HEAD LINK - 90 TON (CASTING),4,HT,Stress Relieving & Normalizing Heat Treatment,2,VEN0000004,Gujarat Heat Treaters & Nitriding,Normalize thermal stress at 550°C
4110018700,A-10172,CROSS HEAD LINK - 170 TON,4001004200,11207,CROSS HEAD LINK - 90 TON (CASTING),5,GRD,Cylindrical & Precision Surface Grinding,1,VEN0000006,Sardar Cylindrical & Surface Grinding,Precision surface grind & rust preventive oil
4110018800,A-10152,BINARY LINK - 170 TON,4001004800,11205,BINARY LINK - 90 TON (CASTING),1,MCH,VMC Heavy Face Milling & Edge Truing,2,VEN0000002,Apex Precision VMC Machinists,Rough & finish top/bottom platen face to 0.02mm flat
4110018800,A-10152,BINARY LINK - 170 TON,4001004800,11205,BINARY LINK - 90 TON (CASTING),2,BOR,Precision CNC Boring (Tie Bar & Bush Bores),3,VEN0000002,Apex Precision VMC Machinists,Bore 4x Tie bar holes to H7 tolerance
4110018800,A-10152,BINARY LINK - 170 TON,4001004800,11205,BINARY LINK - 90 TON (CASTING),3,DRL,CNC Drilling & Tapping (PCD Clamp Holes),1,VEN0000002,Apex Precision VMC Machinists,M16 mould clamp tapped holes as per drawing
4110018800,A-10152,BINARY LINK - 170 TON,4001004800,11205,BINARY LINK - 90 TON (CASTING),4,HT,Stress Relieving & Normalizing Heat Treatment,2,VEN0000004,Gujarat Heat Treaters & Nitriding,Normalize thermal stress at 550°C
4110018800,A-10152,BINARY LINK - 170 TON,4001004800,11205,BINARY LINK - 90 TON (CASTING),5,GRD,Cylindrical & Precision Surface Grinding,1,VEN0000006,Sardar Cylindrical & Surface Grinding,Precision surface grind & rust preventive oil
4110018900,A-10160,TERNARY LINK - 170 TON,4001005400,11206,TERNARY LINK - 90 TON (CASTING),1,MCH,VMC Heavy Face Milling & Edge Truing,2,VEN0000002,Apex Precision VMC Machinists,Rough & finish top/bottom platen face to 0.02mm flat
4110018900,A-10160,TERNARY LINK - 170 TON,4001005400,11206,TERNARY LINK - 90 TON (CASTING),2,BOR,Precision CNC Boring (Tie Bar & Bush Bores),3,VEN0000002,Apex Precision VMC Machinists,Bore 4x Tie bar holes to H7 tolerance
4110018900,A-10160,TERNARY LINK - 170 TON,4001005400,11206,TERNARY LINK - 90 TON (CASTING),3,DRL,CNC Drilling & Tapping (PCD Clamp Holes),1,VEN0000002,Apex Precision VMC Machinists,M16 mould clamp tapped holes as per drawing
4110018900,A-10160,TERNARY LINK - 170 TON,4001005400,11206,TERNARY LINK - 90 TON (CASTING),4,HT,Stress Relieving & Normalizing Heat Treatment,2,VEN0000004,Gujarat Heat Treaters & Nitriding,Normalize thermal stress at 550°C
4110018900,A-10160,TERNARY LINK - 170 TON,4001005400,11206,TERNARY LINK - 90 TON (CASTING),5,GRD,Cylindrical & Precision Surface Grinding,1,VEN0000006,Sardar Cylindrical & Surface Grinding,Precision surface grind & rust preventive oil
4110019000,A-10161,TERNARY LINK RH - 170 TON,,,TERNARY LINK RH - 170 TON (CASTING/RAW MATERIAL),1,MCH,VMC Heavy Face Milling & Edge Truing,2,VEN0000002,Apex Precision VMC Machinists,Rough & finish top/bottom platen face to 0.02mm flat
4110019000,A-10161,TERNARY LINK RH - 170 TON,,,TERNARY LINK RH - 170 TON (CASTING/RAW MATERIAL),2,BOR,Precision CNC Boring (Tie Bar & Bush Bores),3,VEN0000002,Apex Precision VMC Machinists,Bore 4x Tie bar holes to H7 tolerance
4110019000,A-10161,TERNARY LINK RH - 170 TON,,,TERNARY LINK RH - 170 TON (CASTING/RAW MATERIAL),3,DRL,CNC Drilling & Tapping (PCD Clamp Holes),1,VEN0000002,Apex Precision VMC Machinists,M16 mould clamp tapped holes as per drawing
4110019000,A-10161,TERNARY LINK RH - 170 TON,,,TERNARY LINK RH - 170 TON (CASTING/RAW MATERIAL),4,HT,Stress Relieving & Normalizing Heat Treatment,2,VEN0000004,Gujarat Heat Treaters & Nitriding,Normalize thermal stress at 550°C
4110019000,A-10161,TERNARY LINK RH - 170 TON,,,TERNARY LINK RH - 170 TON (CASTING/RAW MATERIAL),5,GRD,Cylindrical & Precision Surface Grinding,1,VEN0000006,Sardar Cylindrical & Surface Grinding,Precision surface grind & rust preventive oil
4110019100,A-10159,TERNARY LINK LH - 170 TON,,,TERNARY LINK LH - 170 TON (CASTING/RAW MATERIAL),1,MCH,VMC Heavy Face Milling & Edge Truing,2,VEN0000002,Apex Precision VMC Machinists,Rough & finish top/bottom platen face to 0.02mm flat
4110019100,A-10159,TERNARY LINK LH - 170 TON,,,TERNARY LINK LH - 170 TON (CASTING/RAW MATERIAL),2,BOR,Precision CNC Boring (Tie Bar & Bush Bores),3,VEN0000002,Apex Precision VMC Machinists,Bore 4x Tie bar holes to H7 tolerance
4110019100,A-10159,TERNARY LINK LH - 170 TON,,,TERNARY LINK LH - 170 TON (CASTING/RAW MATERIAL),3,DRL,CNC Drilling & Tapping (PCD Clamp Holes),1,VEN0000002,Apex Precision VMC Machinists,M16 mould clamp tapped holes as per drawing
4110019100,A-10159,TERNARY LINK LH - 170 TON,,,TERNARY LINK LH - 170 TON (CASTING/RAW MATERIAL),4,HT,Stress Relieving & Normalizing Heat Treatment,2,VEN0000004,Gujarat Heat Treaters & Nitriding,Normalize thermal stress at 550°C
4110019100,A-10159,TERNARY LINK LH - 170 TON,,,TERNARY LINK LH - 170 TON (CASTING/RAW MATERIAL),5,GRD,Cylindrical & Precision Surface Grinding,1,VEN0000006,Sardar Cylindrical & Surface Grinding,Precision surface grind & rust preventive oil
4110019200,A-10252,GEAR NUT RETAINER - 170 TON,4001006900,11210,GEAR NUT RETAINER - 90 TON (CASTING),1,MCH,VMC Heavy Face Milling & Edge Truing,2,VEN0000002,Apex Precision VMC Machinists,Rough & finish top/bottom platen face to 0.02mm flat
4110019200,A-10252,GEAR NUT RETAINER - 170 TON,4001006900,11210,GEAR NUT RETAINER - 90 TON (CASTING),2,BOR,Precision CNC Boring (Tie Bar & Bush Bores),3,VEN0000002,Apex Precision VMC Machinists,Bore 4x Tie bar holes to H7 tolerance
4110019200,A-10252,GEAR NUT RETAINER - 170 TON,4001006900,11210,GEAR NUT RETAINER - 90 TON (CASTING),3,DRL,CNC Drilling & Tapping (PCD Clamp Holes),1,VEN0000002,Apex Precision VMC Machinists,M16 mould clamp tapped holes as per drawing
4110019200,A-10252,GEAR NUT RETAINER - 170 TON,4001006900,11210,GEAR NUT RETAINER - 90 TON (CASTING),4,HT,Stress Relieving & Normalizing Heat Treatment,2,VEN0000004,Gujarat Heat Treaters & Nitriding,Normalize thermal stress at 550°C
4110019200,A-10252,GEAR NUT RETAINER - 170 TON,4001006900,11210,GEAR NUT RETAINER - 90 TON (CASTING),5,GRD,Cylindrical & Precision Surface Grinding,1,VEN0000006,Sardar Cylindrical & Surface Grinding,Precision surface grind & rust preventive oil
4110019300,A-10139,TIE BAR Ø90 - 170 TON TOGGLE,,,TIE BAR Ø90 - 170 TON TOGGLE (CASTING/RAW MATERIAL),1,MCH,VMC Heavy Face Milling & Edge Truing,2,VEN0000002,Apex Precision VMC Machinists,Rough & finish top/bottom platen face to 0.02mm flat
4110019300,A-10139,TIE BAR Ø90 - 170 TON TOGGLE,,,TIE BAR Ø90 - 170 TON TOGGLE (CASTING/RAW MATERIAL),2,BOR,Precision CNC Boring (Tie Bar & Bush Bores),3,VEN0000002,Apex Precision VMC Machinists,Bore 4x Tie bar holes to H7 tolerance
4110019300,A-10139,TIE BAR Ø90 - 170 TON TOGGLE,,,TIE BAR Ø90 - 170 TON TOGGLE (CASTING/RAW MATERIAL),3,DRL,CNC Drilling & Tapping (PCD Clamp Holes),1,VEN0000002,Apex Precision VMC Machinists,M16 mould clamp tapped holes as per drawing
4110019300,A-10139,TIE BAR Ø90 - 170 TON TOGGLE,,,TIE BAR Ø90 - 170 TON TOGGLE (CASTING/RAW MATERIAL),4,HT,Stress Relieving & Normalizing Heat Treatment,2,VEN0000004,Gujarat Heat Treaters & Nitriding,Normalize thermal stress at 550°C
4110019300,A-10139,TIE BAR Ø90 - 170 TON TOGGLE,,,TIE BAR Ø90 - 170 TON TOGGLE (CASTING/RAW MATERIAL),5,GRD,Cylindrical & Precision Surface Grinding,1,VEN0000006,Sardar Cylindrical & Surface Grinding,Precision surface grind & rust preventive oil
4110019400,A-10129,TIE BAR LOCATING PLATE - 170 TON,,,TIE BAR LOCATING PLATE - 170 TON (CASTING/RAW MATERIAL),1,MCH,VMC Heavy Face Milling & Edge Truing,2,VEN0000002,Apex Precision VMC Machinists,Rough & finish top/bottom platen face to 0.02mm flat
4110019400,A-10129,TIE BAR LOCATING PLATE - 170 TON,,,TIE BAR LOCATING PLATE - 170 TON (CASTING/RAW MATERIAL),2,BOR,Precision CNC Boring (Tie Bar & Bush Bores),3,VEN0000002,Apex Precision VMC Machinists,Bore 4x Tie bar holes to H7 tolerance
4110019400,A-10129,TIE BAR LOCATING PLATE - 170 TON,,,TIE BAR LOCATING PLATE - 170 TON (CASTING/RAW MATERIAL),3,DRL,CNC Drilling & Tapping (PCD Clamp Holes),1,VEN0000002,Apex Precision VMC Machinists,M16 mould clamp tapped holes as per drawing
4110019400,A-10129,TIE BAR LOCATING PLATE - 170 TON,,,TIE BAR LOCATING PLATE - 170 TON (CASTING/RAW MATERIAL),4,HT,Stress Relieving & Normalizing Heat Treatment,2,VEN0000004,Gujarat Heat Treaters & Nitriding,Normalize thermal stress at 550°C
4110019400,A-10129,TIE BAR LOCATING PLATE - 170 TON,,,TIE BAR LOCATING PLATE - 170 TON (CASTING/RAW MATERIAL),5,GRD,Cylindrical & Precision Surface Grinding,1,VEN0000006,Sardar Cylindrical & Surface Grinding,Precision surface grind & rust preventive oil
4110019500,A-10337,TOGGLE SMALL PIN Ø45 - 170 TON,,,TOGGLE SMALL PIN Ø45 - 170 TON (CASTING/RAW MATERIAL),1,MCH,VMC Heavy Face Milling & Edge Truing,2,VEN0000002,Apex Precision VMC Machinists,Rough & finish top/bottom platen face to 0.02mm flat
4110019500,A-10337,TOGGLE SMALL PIN Ø45 - 170 TON,,,TOGGLE SMALL PIN Ø45 - 170 TON (CASTING/RAW MATERIAL),2,BOR,Precision CNC Boring (Tie Bar & Bush Bores),3,VEN0000002,Apex Precision VMC Machinists,Bore 4x Tie bar holes to H7 tolerance
4110019500,A-10337,TOGGLE SMALL PIN Ø45 - 170 TON,,,TOGGLE SMALL PIN Ø45 - 170 TON (CASTING/RAW MATERIAL),3,DRL,CNC Drilling & Tapping (PCD Clamp Holes),1,VEN0000002,Apex Precision VMC Machinists,M16 mould clamp tapped holes as per drawing
4110019500,A-10337,TOGGLE SMALL PIN Ø45 - 170 TON,,,TOGGLE SMALL PIN Ø45 - 170 TON (CASTING/RAW MATERIAL),4,HT,Stress Relieving & Normalizing Heat Treatment,2,VEN0000004,Gujarat Heat Treaters & Nitriding,Normalize thermal stress at 550°C
4110019500,A-10337,TOGGLE SMALL PIN Ø45 - 170 TON,,,TOGGLE SMALL PIN Ø45 - 170 TON (CASTING/RAW MATERIAL),5,GRD,Cylindrical & Precision Surface Grinding,1,VEN0000006,Sardar Cylindrical & Surface Grinding,Precision surface grind & rust preventive oil
4110019600,A-10188,TOGGLE SMALL PIN LOCKING STRIP – 170 TON,,,TOGGLE SMALL PIN LOCKING STRIP – 170 TON (CASTING/RAW MATERIAL),1,MCH,VMC Heavy Face Milling & Edge Truing,2,VEN0000002,Apex Precision VMC Machinists,Rough & finish top/bottom platen face to 0.02mm flat
4110019600,A-10188,TOGGLE SMALL PIN LOCKING STRIP – 170 TON,,,TOGGLE SMALL PIN LOCKING STRIP – 170 TON (CASTING/RAW MATERIAL),2,BOR,Precision CNC Boring (Tie Bar & Bush Bores),3,VEN0000002,Apex Precision VMC Machinists,Bore 4x Tie bar holes to H7 tolerance
4110019600,A-10188,TOGGLE SMALL PIN LOCKING STRIP – 170 TON,,,TOGGLE SMALL PIN LOCKING STRIP – 170 TON (CASTING/RAW MATERIAL),3,DRL,CNC Drilling & Tapping (PCD Clamp Holes),1,VEN0000002,Apex Precision VMC Machinists,M16 mould clamp tapped holes as per drawing
4110019600,A-10188,TOGGLE SMALL PIN LOCKING STRIP – 170 TON,,,TOGGLE SMALL PIN LOCKING STRIP – 170 TON (CASTING/RAW MATERIAL),4,HT,Stress Relieving & Normalizing Heat Treatment,2,VEN0000004,Gujarat Heat Treaters & Nitriding,Normalize thermal stress at 550°C
4110019600,A-10188,TOGGLE SMALL PIN LOCKING STRIP – 170 TON,,,TOGGLE SMALL PIN LOCKING STRIP – 170 TON (CASTING/RAW MATERIAL),5,GRD,Cylindrical & Precision Surface Grinding,1,VEN0000006,Sardar Cylindrical & Surface Grinding,Precision surface grind & rust preventive oil
4110019700,A-10332,TOGGLE BIG PIN Ø70 - 170 TON,,,TOGGLE BIG PIN Ø70 - 170 TON (CASTING/RAW MATERIAL),1,MCH,VMC Heavy Face Milling & Edge Truing,2,VEN0000002,Apex Precision VMC Machinists,Rough & finish top/bottom platen face to 0.02mm flat
4110019700,A-10332,TOGGLE BIG PIN Ø70 - 170 TON,,,TOGGLE BIG PIN Ø70 - 170 TON (CASTING/RAW MATERIAL),2,BOR,Precision CNC Boring (Tie Bar & Bush Bores),3,VEN0000002,Apex Precision VMC Machinists,Bore 4x Tie bar holes to H7 tolerance
4110019700,A-10332,TOGGLE BIG PIN Ø70 - 170 TON,,,TOGGLE BIG PIN Ø70 - 170 TON (CASTING/RAW MATERIAL),3,DRL,CNC Drilling & Tapping (PCD Clamp Holes),1,VEN0000002,Apex Precision VMC Machinists,M16 mould clamp tapped holes as per drawing
4110019700,A-10332,TOGGLE BIG PIN Ø70 - 170 TON,,,TOGGLE BIG PIN Ø70 - 170 TON (CASTING/RAW MATERIAL),4,HT,Stress Relieving & Normalizing Heat Treatment,2,VEN0000004,Gujarat Heat Treaters & Nitriding,Normalize thermal stress at 550°C
4110019700,A-10332,TOGGLE BIG PIN Ø70 - 170 TON,,,TOGGLE BIG PIN Ø70 - 170 TON (CASTING/RAW MATERIAL),5,GRD,Cylindrical & Precision Surface Grinding,1,VEN0000006,Sardar Cylindrical & Surface Grinding,Precision surface grind & rust preventive oil
4110019800,A-10212,CROSS HEAD GUIDE ROD Ø60 - 170 TON,,,CROSS HEAD GUIDE ROD Ø60 - 170 TON (CASTING/RAW MATERIAL),1,MCH,VMC Heavy Face Milling & Edge Truing,2,VEN0000002,Apex Precision VMC Machinists,Rough & finish top/bottom platen face to 0.02mm flat
4110019800,A-10212,CROSS HEAD GUIDE ROD Ø60 - 170 TON,,,CROSS HEAD GUIDE ROD Ø60 - 170 TON (CASTING/RAW MATERIAL),2,BOR,Precision CNC Boring (Tie Bar & Bush Bores),3,VEN0000002,Apex Precision VMC Machinists,Bore 4x Tie bar holes to H7 tolerance
4110019800,A-10212,CROSS HEAD GUIDE ROD Ø60 - 170 TON,,,CROSS HEAD GUIDE ROD Ø60 - 170 TON (CASTING/RAW MATERIAL),3,DRL,CNC Drilling & Tapping (PCD Clamp Holes),1,VEN0000002,Apex Precision VMC Machinists,M16 mould clamp tapped holes as per drawing
4110019800,A-10212,CROSS HEAD GUIDE ROD Ø60 - 170 TON,,,CROSS HEAD GUIDE ROD Ø60 - 170 TON (CASTING/RAW MATERIAL),4,HT,Stress Relieving & Normalizing Heat Treatment,2,VEN0000004,Gujarat Heat Treaters & Nitriding,Normalize thermal stress at 550°C
4110019800,A-10212,CROSS HEAD GUIDE ROD Ø60 - 170 TON,,,CROSS HEAD GUIDE ROD Ø60 - 170 TON (CASTING/RAW MATERIAL),5,GRD,Cylindrical & Precision Surface Grinding,1,VEN0000006,Sardar Cylindrical & Surface Grinding,Precision surface grind & rust preventive oil
4110019900,A-10217,CROSS HEAD GUIDE ROD LOCATING PLATE - 170 TON,,,CROSS HEAD GUIDE ROD LOCATING PLATE - 170 TON (CASTING/RAW MATERIAL),1,MCH,VMC Heavy Face Milling & Edge Truing,2,VEN0000002,Apex Precision VMC Machinists,Rough & finish top/bottom platen face to 0.02mm flat
4110019900,A-10217,CROSS HEAD GUIDE ROD LOCATING PLATE - 170 TON,,,CROSS HEAD GUIDE ROD LOCATING PLATE - 170 TON (CASTING/RAW MATERIAL),2,BOR,Precision CNC Boring (Tie Bar & Bush Bores),3,VEN0000002,Apex Precision VMC Machinists,Bore 4x Tie bar holes to H7 tolerance
4110019900,A-10217,CROSS HEAD GUIDE ROD LOCATING PLATE - 170 TON,,,CROSS HEAD GUIDE ROD LOCATING PLATE - 170 TON (CASTING/RAW MATERIAL),3,DRL,CNC Drilling & Tapping (PCD Clamp Holes),1,VEN0000002,Apex Precision VMC Machinists,M16 mould clamp tapped holes as per drawing
4110019900,A-10217,CROSS HEAD GUIDE ROD LOCATING PLATE - 170 TON,,,CROSS HEAD GUIDE ROD LOCATING PLATE - 170 TON (CASTING/RAW MATERIAL),4,HT,Stress Relieving & Normalizing Heat Treatment,2,VEN0000004,Gujarat Heat Treaters & Nitriding,Normalize thermal stress at 550°C
4110019900,A-10217,CROSS HEAD GUIDE ROD LOCATING PLATE - 170 TON,,,CROSS HEAD GUIDE ROD LOCATING PLATE - 170 TON (CASTING/RAW MATERIAL),5,GRD,Cylindrical & Precision Surface Grinding,1,VEN0000006,Sardar Cylindrical & Surface Grinding,Precision surface grind & rust preventive oil
4110020000,A-10202,MOVING PLATE WIPER RETAINER - 170 TON,4001001200,11202,MOVING PLATE TOGGLE - 90 TON (CASTING),1,MCH,VMC Heavy Face Milling & Edge Truing,2,VEN0000002,Apex Precision VMC Machinists,Rough & finish top/bottom platen face to 0.02mm flat
4110020000,A-10202,MOVING PLATE WIPER RETAINER - 170 TON,4001001200,11202,MOVING PLATE TOGGLE - 90 TON (CASTING),2,BOR,Precision CNC Boring (Tie Bar & Bush Bores),3,VEN0000002,Apex Precision VMC Machinists,Bore 4x Tie bar holes to H7 tolerance
4110020000,A-10202,MOVING PLATE WIPER RETAINER - 170 TON,4001001200,11202,MOVING PLATE TOGGLE - 90 TON (CASTING),3,DRL,CNC Drilling & Tapping (PCD Clamp Holes),1,VEN0000002,Apex Precision VMC Machinists,M16 mould clamp tapped holes as per drawing
4110020000,A-10202,MOVING PLATE WIPER RETAINER - 170 TON,4001001200,11202,MOVING PLATE TOGGLE - 90 TON (CASTING),4,HT,Stress Relieving & Normalizing Heat Treatment,2,VEN0000004,Gujarat Heat Treaters & Nitriding,Normalize thermal stress at 550°C
4110020000,A-10202,MOVING PLATE WIPER RETAINER - 170 TON,4001001200,11202,MOVING PLATE TOGGLE - 90 TON (CASTING),5,GRD,Cylindrical & Precision Surface Grinding,1,VEN0000006,Sardar Cylindrical & Surface Grinding,Precision surface grind & rust preventive oil
4110020100,A-10222,EJECTOR CYLINDER MTG PLATE - 170 TON,,,EJECTOR CYLINDER MTG PLATE - 170 TON (CASTING/RAW MATERIAL),1,MCH,VMC Heavy Face Milling & Edge Truing,2,VEN0000002,Apex Precision VMC Machinists,Rough & finish top/bottom platen face to 0.02mm flat
4110020100,A-10222,EJECTOR CYLINDER MTG PLATE - 170 TON,,,EJECTOR CYLINDER MTG PLATE - 170 TON (CASTING/RAW MATERIAL),2,BOR,Precision CNC Boring (Tie Bar & Bush Bores),3,VEN0000002,Apex Precision VMC Machinists,Bore 4x Tie bar holes to H7 tolerance
4110020100,A-10222,EJECTOR CYLINDER MTG PLATE - 170 TON,,,EJECTOR CYLINDER MTG PLATE - 170 TON (CASTING/RAW MATERIAL),3,DRL,CNC Drilling & Tapping (PCD Clamp Holes),1,VEN0000002,Apex Precision VMC Machinists,M16 mould clamp tapped holes as per drawing
4110020100,A-10222,EJECTOR CYLINDER MTG PLATE - 170 TON,,,EJECTOR CYLINDER MTG PLATE - 170 TON (CASTING/RAW MATERIAL),4,HT,Stress Relieving & Normalizing Heat Treatment,2,VEN0000004,Gujarat Heat Treaters & Nitriding,Normalize thermal stress at 550°C
4110020100,A-10222,EJECTOR CYLINDER MTG PLATE - 170 TON,,,EJECTOR CYLINDER MTG PLATE - 170 TON (CASTING/RAW MATERIAL),5,GRD,Cylindrical & Precision Surface Grinding,1,VEN0000006,Sardar Cylindrical & Surface Grinding,Precision surface grind & rust preventive oil
4110020200,A-10226,EJECTOR PLATE GUIDE ROD - 170 TON,,,EJECTOR PLATE GUIDE ROD - 170 TON (CASTING/RAW MATERIAL),1,MCH,VMC Heavy Face Milling & Edge Truing,2,VEN0000002,Apex Precision VMC Machinists,Rough & finish top/bottom platen face to 0.02mm flat
4110020200,A-10226,EJECTOR PLATE GUIDE ROD - 170 TON,,,EJECTOR PLATE GUIDE ROD - 170 TON (CASTING/RAW MATERIAL),2,BOR,Precision CNC Boring (Tie Bar & Bush Bores),3,VEN0000002,Apex Precision VMC Machinists,Bore 4x Tie bar holes to H7 tolerance
4110020200,A-10226,EJECTOR PLATE GUIDE ROD - 170 TON,,,EJECTOR PLATE GUIDE ROD - 170 TON (CASTING/RAW MATERIAL),3,DRL,CNC Drilling & Tapping (PCD Clamp Holes),1,VEN0000002,Apex Precision VMC Machinists,M16 mould clamp tapped holes as per drawing
4110020200,A-10226,EJECTOR PLATE GUIDE ROD - 170 TON,,,EJECTOR PLATE GUIDE ROD - 170 TON (CASTING/RAW MATERIAL),4,HT,Stress Relieving & Normalizing Heat Treatment,2,VEN0000004,Gujarat Heat Treaters & Nitriding,Normalize thermal stress at 550°C
4110020200,A-10226,EJECTOR PLATE GUIDE ROD - 170 TON,,,EJECTOR PLATE GUIDE ROD - 170 TON (CASTING/RAW MATERIAL),5,GRD,Cylindrical & Precision Surface Grinding,1,VEN0000006,Sardar Cylindrical & Surface Grinding,Precision surface grind & rust preventive oil
4010100500,A-10257,SUN GEAR - 170 TON (MODULE-3 TEETH-215),4001006300,11208,SUN GEAR - 90 TON (MODULE-3 TEETH-159) (CASTING),1,MCH,VMC Heavy Face Milling & Edge Truing,2,VEN0000002,Apex Precision VMC Machinists,Rough & finish top/bottom platen face to 0.02mm flat
4010100500,A-10257,SUN GEAR - 170 TON (MODULE-3 TEETH-215),4001006300,11208,SUN GEAR - 90 TON (MODULE-3 TEETH-159) (CASTING),2,BOR,Precision CNC Boring (Tie Bar & Bush Bores),3,VEN0000002,Apex Precision VMC Machinists,Bore 4x Tie bar holes to H7 tolerance
4010100500,A-10257,SUN GEAR - 170 TON (MODULE-3 TEETH-215),4001006300,11208,SUN GEAR - 90 TON (MODULE-3 TEETH-159) (CASTING),3,DRL,CNC Drilling & Tapping (PCD Clamp Holes),1,VEN0000002,Apex Precision VMC Machinists,M16 mould clamp tapped holes as per drawing
4010100500,A-10257,SUN GEAR - 170 TON (MODULE-3 TEETH-215),4001006300,11208,SUN GEAR - 90 TON (MODULE-3 TEETH-159) (CASTING),4,HT,Stress Relieving & Normalizing Heat Treatment,2,VEN0000004,Gujarat Heat Treaters & Nitriding,Normalize thermal stress at 550°C
4010100500,A-10257,SUN GEAR - 170 TON (MODULE-3 TEETH-215),4001006300,11208,SUN GEAR - 90 TON (MODULE-3 TEETH-159) (CASTING),5,GRD,Cylindrical & Precision Surface Grinding,1,VEN0000006,Sardar Cylindrical & Surface Grinding,Precision surface grind & rust preventive oil
4020100400,A-10134,TIE BAR NUT M90 X 3 - 170 TON TOGGLE,,,TIE BAR NUT M90 X 3 - 170 TON TOGGLE (CASTING/RAW MATERIAL),1,MCH,VMC Heavy Face Milling & Edge Truing,2,VEN0000002,Apex Precision VMC Machinists,Rough & finish top/bottom platen face to 0.02mm flat
4020100400,A-10134,TIE BAR NUT M90 X 3 - 170 TON TOGGLE,,,TIE BAR NUT M90 X 3 - 170 TON TOGGLE (CASTING/RAW MATERIAL),2,BOR,Precision CNC Boring (Tie Bar & Bush Bores),3,VEN0000002,Apex Precision VMC Machinists,Bore 4x Tie bar holes to H7 tolerance
4020100400,A-10134,TIE BAR NUT M90 X 3 - 170 TON TOGGLE,,,TIE BAR NUT M90 X 3 - 170 TON TOGGLE (CASTING/RAW MATERIAL),3,DRL,CNC Drilling & Tapping (PCD Clamp Holes),1,VEN0000002,Apex Precision VMC Machinists,M16 mould clamp tapped holes as per drawing
4020100400,A-10134,TIE BAR NUT M90 X 3 - 170 TON TOGGLE,,,TIE BAR NUT M90 X 3 - 170 TON TOGGLE (CASTING/RAW MATERIAL),4,HT,Stress Relieving & Normalizing Heat Treatment,2,VEN0000004,Gujarat Heat Treaters & Nitriding,Normalize thermal stress at 550°C
4020100400,A-10134,TIE BAR NUT M90 X 3 - 170 TON TOGGLE,,,TIE BAR NUT M90 X 3 - 170 TON TOGGLE (CASTING/RAW MATERIAL),5,GRD,Cylindrical & Precision Surface Grinding,1,VEN0000006,Sardar Cylindrical & Surface Grinding,Precision surface grind & rust preventive oil
4010101100,A-10244,GEAR NUT - 170 TON (MODULE-3 TEETH-58),4001006900,11210,GEAR NUT RETAINER - 90 TON (CASTING),1,MCH,VMC Heavy Face Milling & Edge Truing,2,VEN0000002,Apex Precision VMC Machinists,Rough & finish top/bottom platen face to 0.02mm flat
4010101100,A-10244,GEAR NUT - 170 TON (MODULE-3 TEETH-58),4001006900,11210,GEAR NUT RETAINER - 90 TON (CASTING),2,BOR,Precision CNC Boring (Tie Bar & Bush Bores),3,VEN0000002,Apex Precision VMC Machinists,Bore 4x Tie bar holes to H7 tolerance
4010101100,A-10244,GEAR NUT - 170 TON (MODULE-3 TEETH-58),4001006900,11210,GEAR NUT RETAINER - 90 TON (CASTING),3,DRL,CNC Drilling & Tapping (PCD Clamp Holes),1,VEN0000002,Apex Precision VMC Machinists,M16 mould clamp tapped holes as per drawing
4010101100,A-10244,GEAR NUT - 170 TON (MODULE-3 TEETH-58),4001006900,11210,GEAR NUT RETAINER - 90 TON (CASTING),4,HT,Stress Relieving & Normalizing Heat Treatment,2,VEN0000004,Gujarat Heat Treaters & Nitriding,Normalize thermal stress at 550°C
4010101100,A-10244,GEAR NUT - 170 TON (MODULE-3 TEETH-58),4001006900,11210,GEAR NUT RETAINER - 90 TON (CASTING),5,GRD,Cylindrical & Precision Surface Grinding,1,VEN0000006,Sardar Cylindrical & Surface Grinding,Precision surface grind & rust preventive oil
4030100400,A-10249,GEAR NUT SPACER - 170 TON,,,GEAR NUT SPACER - 170 TON (CASTING/RAW MATERIAL),1,MCH,VMC Heavy Face Milling & Edge Truing,2,VEN0000002,Apex Precision VMC Machinists,Rough & finish top/bottom platen face to 0.02mm flat
4030100400,A-10249,GEAR NUT SPACER - 170 TON,,,GEAR NUT SPACER - 170 TON (CASTING/RAW MATERIAL),2,BOR,Precision CNC Boring (Tie Bar & Bush Bores),3,VEN0000002,Apex Precision VMC Machinists,Bore 4x Tie bar holes to H7 tolerance
4030100400,A-10249,GEAR NUT SPACER - 170 TON,,,GEAR NUT SPACER - 170 TON (CASTING/RAW MATERIAL),3,DRL,CNC Drilling & Tapping (PCD Clamp Holes),1,VEN0000002,Apex Precision VMC Machinists,M16 mould clamp tapped holes as per drawing
4030100400,A-10249,GEAR NUT SPACER - 170 TON,,,GEAR NUT SPACER - 170 TON (CASTING/RAW MATERIAL),4,HT,Stress Relieving & Normalizing Heat Treatment,2,VEN0000004,Gujarat Heat Treaters & Nitriding,Normalize thermal stress at 550°C
4030100400,A-10249,GEAR NUT SPACER - 170 TON,,,GEAR NUT SPACER - 170 TON (CASTING/RAW MATERIAL),5,GRD,Cylindrical & Precision Surface Grinding,1,VEN0000006,Sardar Cylindrical & Surface Grinding,Precision surface grind & rust preventive oil
4040100400,A-10209,MOVING PLATE BUSH Ø105 X Ø90 X 55LG - 170 TON,4001007500,11209,DIE HEIGHT MOTOR MTG BRACKET - 90 TON (CASTING),1,MCH,VMC Heavy Face Milling & Edge Truing,2,VEN0000002,Apex Precision VMC Machinists,Rough & finish top/bottom platen face to 0.02mm flat
4040100400,A-10209,MOVING PLATE BUSH Ø105 X Ø90 X 55LG - 170 TON,4001007500,11209,DIE HEIGHT MOTOR MTG BRACKET - 90 TON (CASTING),2,BOR,Precision CNC Boring (Tie Bar & Bush Bores),3,VEN0000002,Apex Precision VMC Machinists,Bore 4x Tie bar holes to H7 tolerance
4040100400,A-10209,MOVING PLATE BUSH Ø105 X Ø90 X 55LG - 170 TON,4001007500,11209,DIE HEIGHT MOTOR MTG BRACKET - 90 TON (CASTING),3,DRL,CNC Drilling & Tapping (PCD Clamp Holes),1,VEN0000002,Apex Precision VMC Machinists,M16 mould clamp tapped holes as per drawing
4040100400,A-10209,MOVING PLATE BUSH Ø105 X Ø90 X 55LG - 170 TON,4001007500,11209,DIE HEIGHT MOTOR MTG BRACKET - 90 TON (CASTING),4,HT,Stress Relieving & Normalizing Heat Treatment,2,VEN0000004,Gujarat Heat Treaters & Nitriding,Normalize thermal stress at 550°C
4040100400,A-10209,MOVING PLATE BUSH Ø105 X Ø90 X 55LG - 170 TON,4001007500,11209,DIE HEIGHT MOTOR MTG BRACKET - 90 TON (CASTING),5,GRD,Cylindrical & Precision Surface Grinding,1,VEN0000006,Sardar Cylindrical & Surface Grinding,Precision surface grind & rust preventive oil
4040200400,A-10195,TOGGLE SMALL GRAPHITE BUSH Ø55 X Ø45 X 70LG - 170 TON,,,TOGGLE SMALL GRAPHITE BUSH Ø55 X Ø45 X 70LG - 170 TON (CASTING/RAW MATERIAL),1,MCH,VMC Heavy Face Milling & Edge Truing,2,VEN0000002,Apex Precision VMC Machinists,Rough & finish top/bottom platen face to 0.02mm flat
4040200400,A-10195,TOGGLE SMALL GRAPHITE BUSH Ø55 X Ø45 X 70LG - 170 TON,,,TOGGLE SMALL GRAPHITE BUSH Ø55 X Ø45 X 70LG - 170 TON (CASTING/RAW MATERIAL),2,BOR,Precision CNC Boring (Tie Bar & Bush Bores),3,VEN0000002,Apex Precision VMC Machinists,Bore 4x Tie bar holes to H7 tolerance
4040200400,A-10195,TOGGLE SMALL GRAPHITE BUSH Ø55 X Ø45 X 70LG - 170 TON,,,TOGGLE SMALL GRAPHITE BUSH Ø55 X Ø45 X 70LG - 170 TON (CASTING/RAW MATERIAL),3,DRL,CNC Drilling & Tapping (PCD Clamp Holes),1,VEN0000002,Apex Precision VMC Machinists,M16 mould clamp tapped holes as per drawing
4040200400,A-10195,TOGGLE SMALL GRAPHITE BUSH Ø55 X Ø45 X 70LG - 170 TON,,,TOGGLE SMALL GRAPHITE BUSH Ø55 X Ø45 X 70LG - 170 TON (CASTING/RAW MATERIAL),4,HT,Stress Relieving & Normalizing Heat Treatment,2,VEN0000004,Gujarat Heat Treaters & Nitriding,Normalize thermal stress at 550°C
4040200400,A-10195,TOGGLE SMALL GRAPHITE BUSH Ø55 X Ø45 X 70LG - 170 TON,,,TOGGLE SMALL GRAPHITE BUSH Ø55 X Ø45 X 70LG - 170 TON (CASTING/RAW MATERIAL),5,GRD,Cylindrical & Precision Surface Grinding,1,VEN0000006,Sardar Cylindrical & Surface Grinding,Precision surface grind & rust preventive oil
4040201000,A-10198,TOGGLE BIG GRAPHITE BUSH Ø90 X Ø75 X 85LG - 170 TON,,,TOGGLE BIG GRAPHITE BUSH Ø90 X Ø75 X 85LG - 170 TON (CASTING/RAW MATERIAL),1,MCH,VMC Heavy Face Milling & Edge Truing,2,VEN0000002,Apex Precision VMC Machinists,Rough & finish top/bottom platen face to 0.02mm flat
4040201000,A-10198,TOGGLE BIG GRAPHITE BUSH Ø90 X Ø75 X 85LG - 170 TON,,,TOGGLE BIG GRAPHITE BUSH Ø90 X Ø75 X 85LG - 170 TON (CASTING/RAW MATERIAL),2,BOR,Precision CNC Boring (Tie Bar & Bush Bores),3,VEN0000002,Apex Precision VMC Machinists,Bore 4x Tie bar holes to H7 tolerance
4040201000,A-10198,TOGGLE BIG GRAPHITE BUSH Ø90 X Ø75 X 85LG - 170 TON,,,TOGGLE BIG GRAPHITE BUSH Ø90 X Ø75 X 85LG - 170 TON (CASTING/RAW MATERIAL),3,DRL,CNC Drilling & Tapping (PCD Clamp Holes),1,VEN0000002,Apex Precision VMC Machinists,M16 mould clamp tapped holes as per drawing
4040201000,A-10198,TOGGLE BIG GRAPHITE BUSH Ø90 X Ø75 X 85LG - 170 TON,,,TOGGLE BIG GRAPHITE BUSH Ø90 X Ø75 X 85LG - 170 TON (CASTING/RAW MATERIAL),4,HT,Stress Relieving & Normalizing Heat Treatment,2,VEN0000004,Gujarat Heat Treaters & Nitriding,Normalize thermal stress at 550°C
4040201000,A-10198,TOGGLE BIG GRAPHITE BUSH Ø90 X Ø75 X 85LG - 170 TON,,,TOGGLE BIG GRAPHITE BUSH Ø90 X Ø75 X 85LG - 170 TON (CASTING/RAW MATERIAL),5,GRD,Cylindrical & Precision Surface Grinding,1,VEN0000006,Sardar Cylindrical & Surface Grinding,Precision surface grind & rust preventive oil
4110023500,A-10141,STATIONARY PLATE TOGGLE - 200 TON,4001000100,11201,STATIONARY PLATE TOGGLE - 90 TON (CASTING),1,MCH,VMC Heavy Face Milling & Edge Truing,2,VEN0000002,Apex Precision VMC Machinists,Rough & finish top/bottom platen face to 0.02mm flat
4110023500,A-10141,STATIONARY PLATE TOGGLE - 200 TON,4001000100,11201,STATIONARY PLATE TOGGLE - 90 TON (CASTING),2,BOR,Precision CNC Boring (Tie Bar & Bush Bores),3,VEN0000002,Apex Precision VMC Machinists,Bore 4x Tie bar holes to H7 tolerance
4110023500,A-10141,STATIONARY PLATE TOGGLE - 200 TON,4001000100,11201,STATIONARY PLATE TOGGLE - 90 TON (CASTING),3,DRL,CNC Drilling & Tapping (PCD Clamp Holes),1,VEN0000002,Apex Precision VMC Machinists,M16 mould clamp tapped holes as per drawing
4110023500,A-10141,STATIONARY PLATE TOGGLE - 200 TON,4001000100,11201,STATIONARY PLATE TOGGLE - 90 TON (CASTING),4,HT,Stress Relieving & Normalizing Heat Treatment,2,VEN0000004,Gujarat Heat Treaters & Nitriding,Normalize thermal stress at 550°C
4110023500,A-10141,STATIONARY PLATE TOGGLE - 200 TON,4001000100,11201,STATIONARY PLATE TOGGLE - 90 TON (CASTING),5,GRD,Cylindrical & Precision Surface Grinding,1,VEN0000006,Sardar Cylindrical & Surface Grinding,Precision surface grind & rust preventive oil
4110023600,A-10146,MOVING PLATE TOGGLE - 200 TON,4001001200,11202,MOVING PLATE TOGGLE - 90 TON (CASTING),1,MCH,VMC Heavy Face Milling & Edge Truing,2,VEN0000002,Apex Precision VMC Machinists,Rough & finish top/bottom platen face to 0.02mm flat
4110023600,A-10146,MOVING PLATE TOGGLE - 200 TON,4001001200,11202,MOVING PLATE TOGGLE - 90 TON (CASTING),2,BOR,Precision CNC Boring (Tie Bar & Bush Bores),3,VEN0000002,Apex Precision VMC Machinists,Bore 4x Tie bar holes to H7 tolerance
4110023600,A-10146,MOVING PLATE TOGGLE - 200 TON,4001001200,11202,MOVING PLATE TOGGLE - 90 TON (CASTING),3,DRL,CNC Drilling & Tapping (PCD Clamp Holes),1,VEN0000002,Apex Precision VMC Machinists,M16 mould clamp tapped holes as per drawing
4110023600,A-10146,MOVING PLATE TOGGLE - 200 TON,4001001200,11202,MOVING PLATE TOGGLE - 90 TON (CASTING),4,HT,Stress Relieving & Normalizing Heat Treatment,2,VEN0000004,Gujarat Heat Treaters & Nitriding,Normalize thermal stress at 550°C
4110023600,A-10146,MOVING PLATE TOGGLE - 200 TON,4001001200,11202,MOVING PLATE TOGGLE - 90 TON (CASTING),5,GRD,Cylindrical & Precision Surface Grinding,1,VEN0000006,Sardar Cylindrical & Surface Grinding,Precision surface grind & rust preventive oil
4110023700,A-10181,END PLATE - 200 TON,4001002300,11203,END PLATE - 90 TON (CASTING),1,MCH,VMC Heavy Face Milling & Edge Truing,2,VEN0000002,Apex Precision VMC Machinists,Rough & finish top/bottom platen face to 0.02mm flat
4110023700,A-10181,END PLATE - 200 TON,4001002300,11203,END PLATE - 90 TON (CASTING),2,BOR,Precision CNC Boring (Tie Bar & Bush Bores),3,VEN0000002,Apex Precision VMC Machinists,Bore 4x Tie bar holes to H7 tolerance
4110023700,A-10181,END PLATE - 200 TON,4001002300,11203,END PLATE - 90 TON (CASTING),3,DRL,CNC Drilling & Tapping (PCD Clamp Holes),1,VEN0000002,Apex Precision VMC Machinists,M16 mould clamp tapped holes as per drawing
4110023700,A-10181,END PLATE - 200 TON,4001002300,11203,END PLATE - 90 TON (CASTING),4,HT,Stress Relieving & Normalizing Heat Treatment,2,VEN0000004,Gujarat Heat Treaters & Nitriding,Normalize thermal stress at 550°C
4110023700,A-10181,END PLATE - 200 TON,4001002300,11203,END PLATE - 90 TON (CASTING),5,GRD,Cylindrical & Precision Surface Grinding,1,VEN0000006,Sardar Cylindrical & Surface Grinding,Precision surface grind & rust preventive oil
4110023800,A-10176,CROSS HEAD - 200 TON,4001003600,11204,CROSS HEAD - 90 TON (CASTING),1,MCH,VMC Heavy Face Milling & Edge Truing,2,VEN0000002,Apex Precision VMC Machinists,Rough & finish top/bottom platen face to 0.02mm flat
4110023800,A-10176,CROSS HEAD - 200 TON,4001003600,11204,CROSS HEAD - 90 TON (CASTING),2,BOR,Precision CNC Boring (Tie Bar & Bush Bores),3,VEN0000002,Apex Precision VMC Machinists,Bore 4x Tie bar holes to H7 tolerance
4110023800,A-10176,CROSS HEAD - 200 TON,4001003600,11204,CROSS HEAD - 90 TON (CASTING),3,DRL,CNC Drilling & Tapping (PCD Clamp Holes),1,VEN0000002,Apex Precision VMC Machinists,M16 mould clamp tapped holes as per drawing
4110023800,A-10176,CROSS HEAD - 200 TON,4001003600,11204,CROSS HEAD - 90 TON (CASTING),4,HT,Stress Relieving & Normalizing Heat Treatment,2,VEN0000004,Gujarat Heat Treaters & Nitriding,Normalize thermal stress at 550°C
4110023800,A-10176,CROSS HEAD - 200 TON,4001003600,11204,CROSS HEAD - 90 TON (CASTING),5,GRD,Cylindrical & Precision Surface Grinding,1,VEN0000006,Sardar Cylindrical & Surface Grinding,Precision surface grind & rust preventive oil
4110023900,A-10171,CROSS HEAD LINK - 200 TON,4001004200,11207,CROSS HEAD LINK - 90 TON (CASTING),1,MCH,VMC Heavy Face Milling & Edge Truing,2,VEN0000002,Apex Precision VMC Machinists,Rough & finish top/bottom platen face to 0.02mm flat
4110023900,A-10171,CROSS HEAD LINK - 200 TON,4001004200,11207,CROSS HEAD LINK - 90 TON (CASTING),2,BOR,Precision CNC Boring (Tie Bar & Bush Bores),3,VEN0000002,Apex Precision VMC Machinists,Bore 4x Tie bar holes to H7 tolerance
4110023900,A-10171,CROSS HEAD LINK - 200 TON,4001004200,11207,CROSS HEAD LINK - 90 TON (CASTING),3,DRL,CNC Drilling & Tapping (PCD Clamp Holes),1,VEN0000002,Apex Precision VMC Machinists,M16 mould clamp tapped holes as per drawing
4110023900,A-10171,CROSS HEAD LINK - 200 TON,4001004200,11207,CROSS HEAD LINK - 90 TON (CASTING),4,HT,Stress Relieving & Normalizing Heat Treatment,2,VEN0000004,Gujarat Heat Treaters & Nitriding,Normalize thermal stress at 550°C
4110023900,A-10171,CROSS HEAD LINK - 200 TON,4001004200,11207,CROSS HEAD LINK - 90 TON (CASTING),5,GRD,Cylindrical & Precision Surface Grinding,1,VEN0000006,Sardar Cylindrical & Surface Grinding,Precision surface grind & rust preventive oil
4110024000,A-10151,BINARY LINK - 200 TON,4001004800,11205,BINARY LINK - 90 TON (CASTING),1,MCH,VMC Heavy Face Milling & Edge Truing,2,VEN0000002,Apex Precision VMC Machinists,Rough & finish top/bottom platen face to 0.02mm flat
4110024000,A-10151,BINARY LINK - 200 TON,4001004800,11205,BINARY LINK - 90 TON (CASTING),2,BOR,Precision CNC Boring (Tie Bar & Bush Bores),3,VEN0000002,Apex Precision VMC Machinists,Bore 4x Tie bar holes to H7 tolerance
4110024000,A-10151,BINARY LINK - 200 TON,4001004800,11205,BINARY LINK - 90 TON (CASTING),3,DRL,CNC Drilling & Tapping (PCD Clamp Holes),1,VEN0000002,Apex Precision VMC Machinists,M16 mould clamp tapped holes as per drawing
4110024000,A-10151,BINARY LINK - 200 TON,4001004800,11205,BINARY LINK - 90 TON (CASTING),4,HT,Stress Relieving & Normalizing Heat Treatment,2,VEN0000004,Gujarat Heat Treaters & Nitriding,Normalize thermal stress at 550°C
4110024000,A-10151,BINARY LINK - 200 TON,4001004800,11205,BINARY LINK - 90 TON (CASTING),5,GRD,Cylindrical & Precision Surface Grinding,1,VEN0000006,Sardar Cylindrical & Surface Grinding,Precision surface grind & rust preventive oil
4110024100,A-10156,TERNARY LINK - 200 TON,4001005400,11206,TERNARY LINK - 90 TON (CASTING),1,MCH,VMC Heavy Face Milling & Edge Truing,2,VEN0000002,Apex Precision VMC Machinists,Rough & finish top/bottom platen face to 0.02mm flat
4110024100,A-10156,TERNARY LINK - 200 TON,4001005400,11206,TERNARY LINK - 90 TON (CASTING),2,BOR,Precision CNC Boring (Tie Bar & Bush Bores),3,VEN0000002,Apex Precision VMC Machinists,Bore 4x Tie bar holes to H7 tolerance
4110024100,A-10156,TERNARY LINK - 200 TON,4001005400,11206,TERNARY LINK - 90 TON (CASTING),3,DRL,CNC Drilling & Tapping (PCD Clamp Holes),1,VEN0000002,Apex Precision VMC Machinists,M16 mould clamp tapped holes as per drawing
4110024100,A-10156,TERNARY LINK - 200 TON,4001005400,11206,TERNARY LINK - 90 TON (CASTING),4,HT,Stress Relieving & Normalizing Heat Treatment,2,VEN0000004,Gujarat Heat Treaters & Nitriding,Normalize thermal stress at 550°C
4110024100,A-10156,TERNARY LINK - 200 TON,4001005400,11206,TERNARY LINK - 90 TON (CASTING),5,GRD,Cylindrical & Precision Surface Grinding,1,VEN0000006,Sardar Cylindrical & Surface Grinding,Precision surface grind & rust preventive oil
4110024200,A-10157,TERNARY LINK RH - 200 TON,,,TERNARY LINK RH - 200 TON (CASTING/RAW MATERIAL),1,MCH,VMC Heavy Face Milling & Edge Truing,2,VEN0000002,Apex Precision VMC Machinists,Rough & finish top/bottom platen face to 0.02mm flat
4110024200,A-10157,TERNARY LINK RH - 200 TON,,,TERNARY LINK RH - 200 TON (CASTING/RAW MATERIAL),2,BOR,Precision CNC Boring (Tie Bar & Bush Bores),3,VEN0000002,Apex Precision VMC Machinists,Bore 4x Tie bar holes to H7 tolerance
4110024200,A-10157,TERNARY LINK RH - 200 TON,,,TERNARY LINK RH - 200 TON (CASTING/RAW MATERIAL),3,DRL,CNC Drilling & Tapping (PCD Clamp Holes),1,VEN0000002,Apex Precision VMC Machinists,M16 mould clamp tapped holes as per drawing
4110024200,A-10157,TERNARY LINK RH - 200 TON,,,TERNARY LINK RH - 200 TON (CASTING/RAW MATERIAL),4,HT,Stress Relieving & Normalizing Heat Treatment,2,VEN0000004,Gujarat Heat Treaters & Nitriding,Normalize thermal stress at 550°C
4110024200,A-10157,TERNARY LINK RH - 200 TON,,,TERNARY LINK RH - 200 TON (CASTING/RAW MATERIAL),5,GRD,Cylindrical & Precision Surface Grinding,1,VEN0000006,Sardar Cylindrical & Surface Grinding,Precision surface grind & rust preventive oil
4110024300,A-10158,TERNARY LINK LH - 200 TON,,,TERNARY LINK LH - 200 TON (CASTING/RAW MATERIAL),1,MCH,VMC Heavy Face Milling & Edge Truing,2,VEN0000002,Apex Precision VMC Machinists,Rough & finish top/bottom platen face to 0.02mm flat
4110024300,A-10158,TERNARY LINK LH - 200 TON,,,TERNARY LINK LH - 200 TON (CASTING/RAW MATERIAL),2,BOR,Precision CNC Boring (Tie Bar & Bush Bores),3,VEN0000002,Apex Precision VMC Machinists,Bore 4x Tie bar holes to H7 tolerance
4110024300,A-10158,TERNARY LINK LH - 200 TON,,,TERNARY LINK LH - 200 TON (CASTING/RAW MATERIAL),3,DRL,CNC Drilling & Tapping (PCD Clamp Holes),1,VEN0000002,Apex Precision VMC Machinists,M16 mould clamp tapped holes as per drawing
4110024300,A-10158,TERNARY LINK LH - 200 TON,,,TERNARY LINK LH - 200 TON (CASTING/RAW MATERIAL),4,HT,Stress Relieving & Normalizing Heat Treatment,2,VEN0000004,Gujarat Heat Treaters & Nitriding,Normalize thermal stress at 550°C
4110024300,A-10158,TERNARY LINK LH - 200 TON,,,TERNARY LINK LH - 200 TON (CASTING/RAW MATERIAL),5,GRD,Cylindrical & Precision Surface Grinding,1,VEN0000006,Sardar Cylindrical & Surface Grinding,Precision surface grind & rust preventive oil
4110024400,A-10251,GEAR NUT RETAINER - 200 TON,4001006900,11210,GEAR NUT RETAINER - 90 TON (CASTING),1,MCH,VMC Heavy Face Milling & Edge Truing,2,VEN0000002,Apex Precision VMC Machinists,Rough & finish top/bottom platen face to 0.02mm flat
4110024400,A-10251,GEAR NUT RETAINER - 200 TON,4001006900,11210,GEAR NUT RETAINER - 90 TON (CASTING),2,BOR,Precision CNC Boring (Tie Bar & Bush Bores),3,VEN0000002,Apex Precision VMC Machinists,Bore 4x Tie bar holes to H7 tolerance
4110024400,A-10251,GEAR NUT RETAINER - 200 TON,4001006900,11210,GEAR NUT RETAINER - 90 TON (CASTING),3,DRL,CNC Drilling & Tapping (PCD Clamp Holes),1,VEN0000002,Apex Precision VMC Machinists,M16 mould clamp tapped holes as per drawing
4110024400,A-10251,GEAR NUT RETAINER - 200 TON,4001006900,11210,GEAR NUT RETAINER - 90 TON (CASTING),4,HT,Stress Relieving & Normalizing Heat Treatment,2,VEN0000004,Gujarat Heat Treaters & Nitriding,Normalize thermal stress at 550°C
4110024400,A-10251,GEAR NUT RETAINER - 200 TON,4001006900,11210,GEAR NUT RETAINER - 90 TON (CASTING),5,GRD,Cylindrical & Precision Surface Grinding,1,VEN0000006,Sardar Cylindrical & Surface Grinding,Precision surface grind & rust preventive oil
4110024500,A-10230,MOVING PLATE SLIDING BLOCK - 200 TON,4001006000,,MOVING PLATE SLIDING BLOCK - 140 TON (CASTING),1,MCH,VMC Heavy Face Milling & Edge Truing,2,VEN0000002,Apex Precision VMC Machinists,Rough & finish top/bottom platen face to 0.02mm flat
4110024500,A-10230,MOVING PLATE SLIDING BLOCK - 200 TON,4001006000,,MOVING PLATE SLIDING BLOCK - 140 TON (CASTING),2,BOR,Precision CNC Boring (Tie Bar & Bush Bores),3,VEN0000002,Apex Precision VMC Machinists,Bore 4x Tie bar holes to H7 tolerance
4110024500,A-10230,MOVING PLATE SLIDING BLOCK - 200 TON,4001006000,,MOVING PLATE SLIDING BLOCK - 140 TON (CASTING),3,DRL,CNC Drilling & Tapping (PCD Clamp Holes),1,VEN0000002,Apex Precision VMC Machinists,M16 mould clamp tapped holes as per drawing
4110024500,A-10230,MOVING PLATE SLIDING BLOCK - 200 TON,4001006000,,MOVING PLATE SLIDING BLOCK - 140 TON (CASTING),4,HT,Stress Relieving & Normalizing Heat Treatment,2,VEN0000004,Gujarat Heat Treaters & Nitriding,Normalize thermal stress at 550°C
4110024500,A-10230,MOVING PLATE SLIDING BLOCK - 200 TON,4001006000,,MOVING PLATE SLIDING BLOCK - 140 TON (CASTING),5,GRD,Cylindrical & Precision Surface Grinding,1,VEN0000006,Sardar Cylindrical & Surface Grinding,Precision surface grind & rust preventive oil
4110024600,A-10140,TIE BAR Ø95 - 200 TON TOGGLE,,,TIE BAR Ø95 - 200 TON TOGGLE (CASTING/RAW MATERIAL),1,MCH,VMC Heavy Face Milling & Edge Truing,2,VEN0000002,Apex Precision VMC Machinists,Rough & finish top/bottom platen face to 0.02mm flat
4110024600,A-10140,TIE BAR Ø95 - 200 TON TOGGLE,,,TIE BAR Ø95 - 200 TON TOGGLE (CASTING/RAW MATERIAL),2,BOR,Precision CNC Boring (Tie Bar & Bush Bores),3,VEN0000002,Apex Precision VMC Machinists,Bore 4x Tie bar holes to H7 tolerance
4110024600,A-10140,TIE BAR Ø95 - 200 TON TOGGLE,,,TIE BAR Ø95 - 200 TON TOGGLE (CASTING/RAW MATERIAL),3,DRL,CNC Drilling & Tapping (PCD Clamp Holes),1,VEN0000002,Apex Precision VMC Machinists,M16 mould clamp tapped holes as per drawing
4110024600,A-10140,TIE BAR Ø95 - 200 TON TOGGLE,,,TIE BAR Ø95 - 200 TON TOGGLE (CASTING/RAW MATERIAL),4,HT,Stress Relieving & Normalizing Heat Treatment,2,VEN0000004,Gujarat Heat Treaters & Nitriding,Normalize thermal stress at 550°C
4110024600,A-10140,TIE BAR Ø95 - 200 TON TOGGLE,,,TIE BAR Ø95 - 200 TON TOGGLE (CASTING/RAW MATERIAL),5,GRD,Cylindrical & Precision Surface Grinding,1,VEN0000006,Sardar Cylindrical & Surface Grinding,Precision surface grind & rust preventive oil
4110024700,A-10130,TIE BAR LOCATING PLATE - 200 TON,,,TIE BAR LOCATING PLATE - 200 TON (CASTING/RAW MATERIAL),1,MCH,VMC Heavy Face Milling & Edge Truing,2,VEN0000002,Apex Precision VMC Machinists,Rough & finish top/bottom platen face to 0.02mm flat
4110024700,A-10130,TIE BAR LOCATING PLATE - 200 TON,,,TIE BAR LOCATING PLATE - 200 TON (CASTING/RAW MATERIAL),2,BOR,Precision CNC Boring (Tie Bar & Bush Bores),3,VEN0000002,Apex Precision VMC Machinists,Bore 4x Tie bar holes to H7 tolerance
4110024700,A-10130,TIE BAR LOCATING PLATE - 200 TON,,,TIE BAR LOCATING PLATE - 200 TON (CASTING/RAW MATERIAL),3,DRL,CNC Drilling & Tapping (PCD Clamp Holes),1,VEN0000002,Apex Precision VMC Machinists,M16 mould clamp tapped holes as per drawing
4110024700,A-10130,TIE BAR LOCATING PLATE - 200 TON,,,TIE BAR LOCATING PLATE - 200 TON (CASTING/RAW MATERIAL),4,HT,Stress Relieving & Normalizing Heat Treatment,2,VEN0000004,Gujarat Heat Treaters & Nitriding,Normalize thermal stress at 550°C
4110024700,A-10130,TIE BAR LOCATING PLATE - 200 TON,,,TIE BAR LOCATING PLATE - 200 TON (CASTING/RAW MATERIAL),5,GRD,Cylindrical & Precision Surface Grinding,1,VEN0000006,Sardar Cylindrical & Surface Grinding,Precision surface grind & rust preventive oil
4110024800,A-10338,TOGGLE SMALL PIN Ø50 - 200 TON,,,TOGGLE SMALL PIN Ø50 - 200 TON (CASTING/RAW MATERIAL),1,MCH,VMC Heavy Face Milling & Edge Truing,2,VEN0000002,Apex Precision VMC Machinists,Rough & finish top/bottom platen face to 0.02mm flat
4110024800,A-10338,TOGGLE SMALL PIN Ø50 - 200 TON,,,TOGGLE SMALL PIN Ø50 - 200 TON (CASTING/RAW MATERIAL),2,BOR,Precision CNC Boring (Tie Bar & Bush Bores),3,VEN0000002,Apex Precision VMC Machinists,Bore 4x Tie bar holes to H7 tolerance
4110024800,A-10338,TOGGLE SMALL PIN Ø50 - 200 TON,,,TOGGLE SMALL PIN Ø50 - 200 TON (CASTING/RAW MATERIAL),3,DRL,CNC Drilling & Tapping (PCD Clamp Holes),1,VEN0000002,Apex Precision VMC Machinists,M16 mould clamp tapped holes as per drawing
4110024800,A-10338,TOGGLE SMALL PIN Ø50 - 200 TON,,,TOGGLE SMALL PIN Ø50 - 200 TON (CASTING/RAW MATERIAL),4,HT,Stress Relieving & Normalizing Heat Treatment,2,VEN0000004,Gujarat Heat Treaters & Nitriding,Normalize thermal stress at 550°C
4110024800,A-10338,TOGGLE SMALL PIN Ø50 - 200 TON,,,TOGGLE SMALL PIN Ø50 - 200 TON (CASTING/RAW MATERIAL),5,GRD,Cylindrical & Precision Surface Grinding,1,VEN0000006,Sardar Cylindrical & Surface Grinding,Precision surface grind & rust preventive oil
4110024900,A-10190,TOGGLE SMALL PIN LOCKING STRIP - 200 TON,,,TOGGLE SMALL PIN LOCKING STRIP - 200 TON (CASTING/RAW MATERIAL),1,MCH,VMC Heavy Face Milling & Edge Truing,2,VEN0000002,Apex Precision VMC Machinists,Rough & finish top/bottom platen face to 0.02mm flat
4110024900,A-10190,TOGGLE SMALL PIN LOCKING STRIP - 200 TON,,,TOGGLE SMALL PIN LOCKING STRIP - 200 TON (CASTING/RAW MATERIAL),2,BOR,Precision CNC Boring (Tie Bar & Bush Bores),3,VEN0000002,Apex Precision VMC Machinists,Bore 4x Tie bar holes to H7 tolerance
4110024900,A-10190,TOGGLE SMALL PIN LOCKING STRIP - 200 TON,,,TOGGLE SMALL PIN LOCKING STRIP - 200 TON (CASTING/RAW MATERIAL),3,DRL,CNC Drilling & Tapping (PCD Clamp Holes),1,VEN0000002,Apex Precision VMC Machinists,M16 mould clamp tapped holes as per drawing
4110024900,A-10190,TOGGLE SMALL PIN LOCKING STRIP - 200 TON,,,TOGGLE SMALL PIN LOCKING STRIP - 200 TON (CASTING/RAW MATERIAL),4,HT,Stress Relieving & Normalizing Heat Treatment,2,VEN0000004,Gujarat Heat Treaters & Nitriding,Normalize thermal stress at 550°C
4110024900,A-10190,TOGGLE SMALL PIN LOCKING STRIP - 200 TON,,,TOGGLE SMALL PIN LOCKING STRIP - 200 TON (CASTING/RAW MATERIAL),5,GRD,Cylindrical & Precision Surface Grinding,1,VEN0000006,Sardar Cylindrical & Surface Grinding,Precision surface grind & rust preventive oil
4110025000,A-10333,TOGGLE BIG PIN Ø80 - 200 TON,,,TOGGLE BIG PIN Ø80 - 200 TON (CASTING/RAW MATERIAL),1,MCH,VMC Heavy Face Milling & Edge Truing,2,VEN0000002,Apex Precision VMC Machinists,Rough & finish top/bottom platen face to 0.02mm flat
4110025000,A-10333,TOGGLE BIG PIN Ø80 - 200 TON,,,TOGGLE BIG PIN Ø80 - 200 TON (CASTING/RAW MATERIAL),2,BOR,Precision CNC Boring (Tie Bar & Bush Bores),3,VEN0000002,Apex Precision VMC Machinists,Bore 4x Tie bar holes to H7 tolerance
4110025000,A-10333,TOGGLE BIG PIN Ø80 - 200 TON,,,TOGGLE BIG PIN Ø80 - 200 TON (CASTING/RAW MATERIAL),3,DRL,CNC Drilling & Tapping (PCD Clamp Holes),1,VEN0000002,Apex Precision VMC Machinists,M16 mould clamp tapped holes as per drawing
4110025000,A-10333,TOGGLE BIG PIN Ø80 - 200 TON,,,TOGGLE BIG PIN Ø80 - 200 TON (CASTING/RAW MATERIAL),4,HT,Stress Relieving & Normalizing Heat Treatment,2,VEN0000004,Gujarat Heat Treaters & Nitriding,Normalize thermal stress at 550°C
4110025000,A-10333,TOGGLE BIG PIN Ø80 - 200 TON,,,TOGGLE BIG PIN Ø80 - 200 TON (CASTING/RAW MATERIAL),5,GRD,Cylindrical & Precision Surface Grinding,1,VEN0000006,Sardar Cylindrical & Surface Grinding,Precision surface grind & rust preventive oil
4110025100,A-10211,CROSS HEAD GUIDE ROD Ø65 - 200 TON,,,CROSS HEAD GUIDE ROD Ø65 - 200 TON (CASTING/RAW MATERIAL),1,MCH,VMC Heavy Face Milling & Edge Truing,2,VEN0000002,Apex Precision VMC Machinists,Rough & finish top/bottom platen face to 0.02mm flat
4110025100,A-10211,CROSS HEAD GUIDE ROD Ø65 - 200 TON,,,CROSS HEAD GUIDE ROD Ø65 - 200 TON (CASTING/RAW MATERIAL),2,BOR,Precision CNC Boring (Tie Bar & Bush Bores),3,VEN0000002,Apex Precision VMC Machinists,Bore 4x Tie bar holes to H7 tolerance
4110025100,A-10211,CROSS HEAD GUIDE ROD Ø65 - 200 TON,,,CROSS HEAD GUIDE ROD Ø65 - 200 TON (CASTING/RAW MATERIAL),3,DRL,CNC Drilling & Tapping (PCD Clamp Holes),1,VEN0000002,Apex Precision VMC Machinists,M16 mould clamp tapped holes as per drawing
4110025100,A-10211,CROSS HEAD GUIDE ROD Ø65 - 200 TON,,,CROSS HEAD GUIDE ROD Ø65 - 200 TON (CASTING/RAW MATERIAL),4,HT,Stress Relieving & Normalizing Heat Treatment,2,VEN0000004,Gujarat Heat Treaters & Nitriding,Normalize thermal stress at 550°C
4110025100,A-10211,CROSS HEAD GUIDE ROD Ø65 - 200 TON,,,CROSS HEAD GUIDE ROD Ø65 - 200 TON (CASTING/RAW MATERIAL),5,GRD,Cylindrical & Precision Surface Grinding,1,VEN0000006,Sardar Cylindrical & Surface Grinding,Precision surface grind & rust preventive oil
4110025200,A-10216,CROSS HEAD GUIDE ROD LOCATING PLATE - 200 TON,,,CROSS HEAD GUIDE ROD LOCATING PLATE - 200 TON (CASTING/RAW MATERIAL),1,MCH,VMC Heavy Face Milling & Edge Truing,2,VEN0000002,Apex Precision VMC Machinists,Rough & finish top/bottom platen face to 0.02mm flat
4110025200,A-10216,CROSS HEAD GUIDE ROD LOCATING PLATE - 200 TON,,,CROSS HEAD GUIDE ROD LOCATING PLATE - 200 TON (CASTING/RAW MATERIAL),2,BOR,Precision CNC Boring (Tie Bar & Bush Bores),3,VEN0000002,Apex Precision VMC Machinists,Bore 4x Tie bar holes to H7 tolerance
4110025200,A-10216,CROSS HEAD GUIDE ROD LOCATING PLATE - 200 TON,,,CROSS HEAD GUIDE ROD LOCATING PLATE - 200 TON (CASTING/RAW MATERIAL),3,DRL,CNC Drilling & Tapping (PCD Clamp Holes),1,VEN0000002,Apex Precision VMC Machinists,M16 mould clamp tapped holes as per drawing
4110025200,A-10216,CROSS HEAD GUIDE ROD LOCATING PLATE - 200 TON,,,CROSS HEAD GUIDE ROD LOCATING PLATE - 200 TON (CASTING/RAW MATERIAL),4,HT,Stress Relieving & Normalizing Heat Treatment,2,VEN0000004,Gujarat Heat Treaters & Nitriding,Normalize thermal stress at 550°C
4110025200,A-10216,CROSS HEAD GUIDE ROD LOCATING PLATE - 200 TON,,,CROSS HEAD GUIDE ROD LOCATING PLATE - 200 TON (CASTING/RAW MATERIAL),5,GRD,Cylindrical & Precision Surface Grinding,1,VEN0000006,Sardar Cylindrical & Surface Grinding,Precision surface grind & rust preventive oil
4110025300,A-10201,MOVING PLATE WIPER RETAINER - 200 TON,4001000100,11201,STATIONARY PLATE TOGGLE - 90 TON (CASTING),1,MCH,VMC Heavy Face Milling & Edge Truing,2,VEN0000002,Apex Precision VMC Machinists,Rough & finish top/bottom platen face to 0.02mm flat
4110025300,A-10201,MOVING PLATE WIPER RETAINER - 200 TON,4001000100,11201,STATIONARY PLATE TOGGLE - 90 TON (CASTING),2,BOR,Precision CNC Boring (Tie Bar & Bush Bores),3,VEN0000002,Apex Precision VMC Machinists,Bore 4x Tie bar holes to H7 tolerance
4110025300,A-10201,MOVING PLATE WIPER RETAINER - 200 TON,4001000100,11201,STATIONARY PLATE TOGGLE - 90 TON (CASTING),3,DRL,CNC Drilling & Tapping (PCD Clamp Holes),1,VEN0000002,Apex Precision VMC Machinists,M16 mould clamp tapped holes as per drawing
4110025300,A-10201,MOVING PLATE WIPER RETAINER - 200 TON,4001000100,11201,STATIONARY PLATE TOGGLE - 90 TON (CASTING),4,HT,Stress Relieving & Normalizing Heat Treatment,2,VEN0000004,Gujarat Heat Treaters & Nitriding,Normalize thermal stress at 550°C
4110025300,A-10201,MOVING PLATE WIPER RETAINER - 200 TON,4001000100,11201,STATIONARY PLATE TOGGLE - 90 TON (CASTING),5,GRD,Cylindrical & Precision Surface Grinding,1,VEN0000006,Sardar Cylindrical & Surface Grinding,Precision surface grind & rust preventive oil
4110025400,A-10225,EJECTOR PLATE GUIDE ROD - 200 TON,,,EJECTOR PLATE GUIDE ROD - 200 TON (CASTING/RAW MATERIAL),1,MCH,VMC Heavy Face Milling & Edge Truing,2,VEN0000002,Apex Precision VMC Machinists,Rough & finish top/bottom platen face to 0.02mm flat
4110025400,A-10225,EJECTOR PLATE GUIDE ROD - 200 TON,,,EJECTOR PLATE GUIDE ROD - 200 TON (CASTING/RAW MATERIAL),2,BOR,Precision CNC Boring (Tie Bar & Bush Bores),3,VEN0000002,Apex Precision VMC Machinists,Bore 4x Tie bar holes to H7 tolerance
4110025400,A-10225,EJECTOR PLATE GUIDE ROD - 200 TON,,,EJECTOR PLATE GUIDE ROD - 200 TON (CASTING/RAW MATERIAL),3,DRL,CNC Drilling & Tapping (PCD Clamp Holes),1,VEN0000002,Apex Precision VMC Machinists,M16 mould clamp tapped holes as per drawing
4110025400,A-10225,EJECTOR PLATE GUIDE ROD - 200 TON,,,EJECTOR PLATE GUIDE ROD - 200 TON (CASTING/RAW MATERIAL),4,HT,Stress Relieving & Normalizing Heat Treatment,2,VEN0000004,Gujarat Heat Treaters & Nitriding,Normalize thermal stress at 550°C
4110025400,A-10225,EJECTOR PLATE GUIDE ROD - 200 TON,,,EJECTOR PLATE GUIDE ROD - 200 TON (CASTING/RAW MATERIAL),5,GRD,Cylindrical & Precision Surface Grinding,1,VEN0000006,Sardar Cylindrical & Surface Grinding,Precision surface grind & rust preventive oil
4010100600,A-10256,SUN GEAR - 200 TON (MODULE-3 TEETH-240),4001006300,11208,SUN GEAR - 90 TON (MODULE-3 TEETH-159) (CASTING),1,MCH,VMC Heavy Face Milling & Edge Truing,2,VEN0000002,Apex Precision VMC Machinists,Rough & finish top/bottom platen face to 0.02mm flat
4010100600,A-10256,SUN GEAR - 200 TON (MODULE-3 TEETH-240),4001006300,11208,SUN GEAR - 90 TON (MODULE-3 TEETH-159) (CASTING),2,BOR,Precision CNC Boring (Tie Bar & Bush Bores),3,VEN0000002,Apex Precision VMC Machinists,Bore 4x Tie bar holes to H7 tolerance
4010100600,A-10256,SUN GEAR - 200 TON (MODULE-3 TEETH-240),4001006300,11208,SUN GEAR - 90 TON (MODULE-3 TEETH-159) (CASTING),3,DRL,CNC Drilling & Tapping (PCD Clamp Holes),1,VEN0000002,Apex Precision VMC Machinists,M16 mould clamp tapped holes as per drawing
4010100600,A-10256,SUN GEAR - 200 TON (MODULE-3 TEETH-240),4001006300,11208,SUN GEAR - 90 TON (MODULE-3 TEETH-159) (CASTING),4,HT,Stress Relieving & Normalizing Heat Treatment,2,VEN0000004,Gujarat Heat Treaters & Nitriding,Normalize thermal stress at 550°C
4010100600,A-10256,SUN GEAR - 200 TON (MODULE-3 TEETH-240),4001006300,11208,SUN GEAR - 90 TON (MODULE-3 TEETH-159) (CASTING),5,GRD,Cylindrical & Precision Surface Grinding,1,VEN0000006,Sardar Cylindrical & Surface Grinding,Precision surface grind & rust preventive oil
4020100500,A-10135,TIE BAR NUT M95 X 3  - 200 TON TOGGLE,,,TIE BAR NUT M95 X 3  - 200 TON TOGGLE (CASTING/RAW MATERIAL),1,MCH,VMC Heavy Face Milling & Edge Truing,2,VEN0000002,Apex Precision VMC Machinists,Rough & finish top/bottom platen face to 0.02mm flat
4020100500,A-10135,TIE BAR NUT M95 X 3  - 200 TON TOGGLE,,,TIE BAR NUT M95 X 3  - 200 TON TOGGLE (CASTING/RAW MATERIAL),2,BOR,Precision CNC Boring (Tie Bar & Bush Bores),3,VEN0000002,Apex Precision VMC Machinists,Bore 4x Tie bar holes to H7 tolerance
4020100500,A-10135,TIE BAR NUT M95 X 3  - 200 TON TOGGLE,,,TIE BAR NUT M95 X 3  - 200 TON TOGGLE (CASTING/RAW MATERIAL),3,DRL,CNC Drilling & Tapping (PCD Clamp Holes),1,VEN0000002,Apex Precision VMC Machinists,M16 mould clamp tapped holes as per drawing
4020100500,A-10135,TIE BAR NUT M95 X 3  - 200 TON TOGGLE,,,TIE BAR NUT M95 X 3  - 200 TON TOGGLE (CASTING/RAW MATERIAL),4,HT,Stress Relieving & Normalizing Heat Treatment,2,VEN0000004,Gujarat Heat Treaters & Nitriding,Normalize thermal stress at 550°C
4020100500,A-10135,TIE BAR NUT M95 X 3  - 200 TON TOGGLE,,,TIE BAR NUT M95 X 3  - 200 TON TOGGLE (CASTING/RAW MATERIAL),5,GRD,Cylindrical & Precision Surface Grinding,1,VEN0000006,Sardar Cylindrical & Surface Grinding,Precision surface grind & rust preventive oil
4010101200,A-10245,GEAR NUT - 200 TON (MODULE-3 TEETH-60),4001006900,11210,GEAR NUT RETAINER - 90 TON (CASTING),1,MCH,VMC Heavy Face Milling & Edge Truing,2,VEN0000002,Apex Precision VMC Machinists,Rough & finish top/bottom platen face to 0.02mm flat
4010101200,A-10245,GEAR NUT - 200 TON (MODULE-3 TEETH-60),4001006900,11210,GEAR NUT RETAINER - 90 TON (CASTING),2,BOR,Precision CNC Boring (Tie Bar & Bush Bores),3,VEN0000002,Apex Precision VMC Machinists,Bore 4x Tie bar holes to H7 tolerance
4010101200,A-10245,GEAR NUT - 200 TON (MODULE-3 TEETH-60),4001006900,11210,GEAR NUT RETAINER - 90 TON (CASTING),3,DRL,CNC Drilling & Tapping (PCD Clamp Holes),1,VEN0000002,Apex Precision VMC Machinists,M16 mould clamp tapped holes as per drawing
4010101200,A-10245,GEAR NUT - 200 TON (MODULE-3 TEETH-60),4001006900,11210,GEAR NUT RETAINER - 90 TON (CASTING),4,HT,Stress Relieving & Normalizing Heat Treatment,2,VEN0000004,Gujarat Heat Treaters & Nitriding,Normalize thermal stress at 550°C
4010101200,A-10245,GEAR NUT - 200 TON (MODULE-3 TEETH-60),4001006900,11210,GEAR NUT RETAINER - 90 TON (CASTING),5,GRD,Cylindrical & Precision Surface Grinding,1,VEN0000006,Sardar Cylindrical & Surface Grinding,Precision surface grind & rust preventive oil
4030100500,A-10250,GEAR NUT SPACER - 200 TON,,,GEAR NUT SPACER - 200 TON (CASTING/RAW MATERIAL),1,MCH,VMC Heavy Face Milling & Edge Truing,2,VEN0000002,Apex Precision VMC Machinists,Rough & finish top/bottom platen face to 0.02mm flat
4030100500,A-10250,GEAR NUT SPACER - 200 TON,,,GEAR NUT SPACER - 200 TON (CASTING/RAW MATERIAL),2,BOR,Precision CNC Boring (Tie Bar & Bush Bores),3,VEN0000002,Apex Precision VMC Machinists,Bore 4x Tie bar holes to H7 tolerance
4030100500,A-10250,GEAR NUT SPACER - 200 TON,,,GEAR NUT SPACER - 200 TON (CASTING/RAW MATERIAL),3,DRL,CNC Drilling & Tapping (PCD Clamp Holes),1,VEN0000002,Apex Precision VMC Machinists,M16 mould clamp tapped holes as per drawing
4030100500,A-10250,GEAR NUT SPACER - 200 TON,,,GEAR NUT SPACER - 200 TON (CASTING/RAW MATERIAL),4,HT,Stress Relieving & Normalizing Heat Treatment,2,VEN0000004,Gujarat Heat Treaters & Nitriding,Normalize thermal stress at 550°C
4030100500,A-10250,GEAR NUT SPACER - 200 TON,,,GEAR NUT SPACER - 200 TON (CASTING/RAW MATERIAL),5,GRD,Cylindrical & Precision Surface Grinding,1,VEN0000006,Sardar Cylindrical & Surface Grinding,Precision surface grind & rust preventive oil
4040100500,A-10210,MOVING PLATE BUSH Ø110 X Ø95 X 60LG - 200 TON,4001006900,11210,GEAR NUT RETAINER - 90 TON (CASTING),1,MCH,VMC Heavy Face Milling & Edge Truing,2,VEN0000002,Apex Precision VMC Machinists,Rough & finish top/bottom platen face to 0.02mm flat
4040100500,A-10210,MOVING PLATE BUSH Ø110 X Ø95 X 60LG - 200 TON,4001006900,11210,GEAR NUT RETAINER - 90 TON (CASTING),2,BOR,Precision CNC Boring (Tie Bar & Bush Bores),3,VEN0000002,Apex Precision VMC Machinists,Bore 4x Tie bar holes to H7 tolerance
4040100500,A-10210,MOVING PLATE BUSH Ø110 X Ø95 X 60LG - 200 TON,4001006900,11210,GEAR NUT RETAINER - 90 TON (CASTING),3,DRL,CNC Drilling & Tapping (PCD Clamp Holes),1,VEN0000002,Apex Precision VMC Machinists,M16 mould clamp tapped holes as per drawing
4040100500,A-10210,MOVING PLATE BUSH Ø110 X Ø95 X 60LG - 200 TON,4001006900,11210,GEAR NUT RETAINER - 90 TON (CASTING),4,HT,Stress Relieving & Normalizing Heat Treatment,2,VEN0000004,Gujarat Heat Treaters & Nitriding,Normalize thermal stress at 550°C
4040100500,A-10210,MOVING PLATE BUSH Ø110 X Ø95 X 60LG - 200 TON,4001006900,11210,GEAR NUT RETAINER - 90 TON (CASTING),5,GRD,Cylindrical & Precision Surface Grinding,1,VEN0000006,Sardar Cylindrical & Surface Grinding,Precision surface grind & rust preventive oil
4040101100,A-10989,CROSS HEAD BUSH Ø75 X Ø65 X 38LG - 200 TON,,,CROSS HEAD BUSH Ø75 X Ø65 X 38LG - 200 TON (CASTING/RAW MATERIAL),1,MCH,VMC Heavy Face Milling & Edge Truing,2,VEN0000002,Apex Precision VMC Machinists,Rough & finish top/bottom platen face to 0.02mm flat
4040101100,A-10989,CROSS HEAD BUSH Ø75 X Ø65 X 38LG - 200 TON,,,CROSS HEAD BUSH Ø75 X Ø65 X 38LG - 200 TON (CASTING/RAW MATERIAL),2,BOR,Precision CNC Boring (Tie Bar & Bush Bores),3,VEN0000002,Apex Precision VMC Machinists,Bore 4x Tie bar holes to H7 tolerance
4040101100,A-10989,CROSS HEAD BUSH Ø75 X Ø65 X 38LG - 200 TON,,,CROSS HEAD BUSH Ø75 X Ø65 X 38LG - 200 TON (CASTING/RAW MATERIAL),3,DRL,CNC Drilling & Tapping (PCD Clamp Holes),1,VEN0000002,Apex Precision VMC Machinists,M16 mould clamp tapped holes as per drawing
4040101100,A-10989,CROSS HEAD BUSH Ø75 X Ø65 X 38LG - 200 TON,,,CROSS HEAD BUSH Ø75 X Ø65 X 38LG - 200 TON (CASTING/RAW MATERIAL),4,HT,Stress Relieving & Normalizing Heat Treatment,2,VEN0000004,Gujarat Heat Treaters & Nitriding,Normalize thermal stress at 550°C
4040101100,A-10989,CROSS HEAD BUSH Ø75 X Ø65 X 38LG - 200 TON,,,CROSS HEAD BUSH Ø75 X Ø65 X 38LG - 200 TON (CASTING/RAW MATERIAL),5,GRD,Cylindrical & Precision Surface Grinding,1,VEN0000006,Sardar Cylindrical & Surface Grinding,Precision surface grind & rust preventive oil
4040200500,A-10194,TOGGLE SMALL GRAPHITE BUSH Ø60 X Ø50 X 75LG - 200 TON,,,TOGGLE SMALL GRAPHITE BUSH Ø60 X Ø50 X 75LG - 200 TON (CASTING/RAW MATERIAL),1,MCH,VMC Heavy Face Milling & Edge Truing,2,VEN0000002,Apex Precision VMC Machinists,Rough & finish top/bottom platen face to 0.02mm flat
4040200500,A-10194,TOGGLE SMALL GRAPHITE BUSH Ø60 X Ø50 X 75LG - 200 TON,,,TOGGLE SMALL GRAPHITE BUSH Ø60 X Ø50 X 75LG - 200 TON (CASTING/RAW MATERIAL),2,BOR,Precision CNC Boring (Tie Bar & Bush Bores),3,VEN0000002,Apex Precision VMC Machinists,Bore 4x Tie bar holes to H7 tolerance
4040200500,A-10194,TOGGLE SMALL GRAPHITE BUSH Ø60 X Ø50 X 75LG - 200 TON,,,TOGGLE SMALL GRAPHITE BUSH Ø60 X Ø50 X 75LG - 200 TON (CASTING/RAW MATERIAL),3,DRL,CNC Drilling & Tapping (PCD Clamp Holes),1,VEN0000002,Apex Precision VMC Machinists,M16 mould clamp tapped holes as per drawing
4040200500,A-10194,TOGGLE SMALL GRAPHITE BUSH Ø60 X Ø50 X 75LG - 200 TON,,,TOGGLE SMALL GRAPHITE BUSH Ø60 X Ø50 X 75LG - 200 TON (CASTING/RAW MATERIAL),4,HT,Stress Relieving & Normalizing Heat Treatment,2,VEN0000004,Gujarat Heat Treaters & Nitriding,Normalize thermal stress at 550°C
4040200500,A-10194,TOGGLE SMALL GRAPHITE BUSH Ø60 X Ø50 X 75LG - 200 TON,,,TOGGLE SMALL GRAPHITE BUSH Ø60 X Ø50 X 75LG - 200 TON (CASTING/RAW MATERIAL),5,GRD,Cylindrical & Precision Surface Grinding,1,VEN0000006,Sardar Cylindrical & Surface Grinding,Precision surface grind & rust preventive oil
4040201100,A-10200,TOGGLE BIG GRAPHITE BUSH Ø95 X Ø80 X 95LG - 200 TON,,,TOGGLE BIG GRAPHITE BUSH Ø95 X Ø80 X 95LG - 200 TON (CASTING/RAW MATERIAL),1,MCH,VMC Heavy Face Milling & Edge Truing,2,VEN0000002,Apex Precision VMC Machinists,Rough & finish top/bottom platen face to 0.02mm flat
4040201100,A-10200,TOGGLE BIG GRAPHITE BUSH Ø95 X Ø80 X 95LG - 200 TON,,,TOGGLE BIG GRAPHITE BUSH Ø95 X Ø80 X 95LG - 200 TON (CASTING/RAW MATERIAL),2,BOR,Precision CNC Boring (Tie Bar & Bush Bores),3,VEN0000002,Apex Precision VMC Machinists,Bore 4x Tie bar holes to H7 tolerance
4040201100,A-10200,TOGGLE BIG GRAPHITE BUSH Ø95 X Ø80 X 95LG - 200 TON,,,TOGGLE BIG GRAPHITE BUSH Ø95 X Ø80 X 95LG - 200 TON (CASTING/RAW MATERIAL),3,DRL,CNC Drilling & Tapping (PCD Clamp Holes),1,VEN0000002,Apex Precision VMC Machinists,M16 mould clamp tapped holes as per drawing
4040201100,A-10200,TOGGLE BIG GRAPHITE BUSH Ø95 X Ø80 X 95LG - 200 TON,,,TOGGLE BIG GRAPHITE BUSH Ø95 X Ø80 X 95LG - 200 TON (CASTING/RAW MATERIAL),4,HT,Stress Relieving & Normalizing Heat Treatment,2,VEN0000004,Gujarat Heat Treaters & Nitriding,Normalize thermal stress at 550°C
4040201100,A-10200,TOGGLE BIG GRAPHITE BUSH Ø95 X Ø80 X 95LG - 200 TON,,,TOGGLE BIG GRAPHITE BUSH Ø95 X Ø80 X 95LG - 200 TON (CASTING/RAW MATERIAL),5,GRD,Cylindrical & Precision Surface Grinding,1,VEN0000006,Sardar Cylindrical & Surface Grinding,Precision surface grind & rust preventive oil
2000210100,B-10077,BARREL PLATE ASSY - 280,,,BARREL PLATE ASSY - 280 (CASTING/RAW MATERIAL),1,MCH,VMC Heavy Face Milling & Edge Truing,2,VEN0000002,Apex Precision VMC Machinists,Rough & finish top/bottom platen face to 0.02mm flat
2000210100,B-10077,BARREL PLATE ASSY - 280,,,BARREL PLATE ASSY - 280 (CASTING/RAW MATERIAL),2,BOR,Precision CNC Boring (Tie Bar & Bush Bores),3,VEN0000002,Apex Precision VMC Machinists,Bore 4x Tie bar holes to H7 tolerance
2000210100,B-10077,BARREL PLATE ASSY - 280,,,BARREL PLATE ASSY - 280 (CASTING/RAW MATERIAL),3,DRL,CNC Drilling & Tapping (PCD Clamp Holes),1,VEN0000002,Apex Precision VMC Machinists,M16 mould clamp tapped holes as per drawing
2000210100,B-10077,BARREL PLATE ASSY - 280,,,BARREL PLATE ASSY - 280 (CASTING/RAW MATERIAL),4,HT,Stress Relieving & Normalizing Heat Treatment,2,VEN0000004,Gujarat Heat Treaters & Nitriding,Normalize thermal stress at 550°C
2000210100,B-10077,BARREL PLATE ASSY - 280,,,BARREL PLATE ASSY - 280 (CASTING/RAW MATERIAL),5,GRD,Cylindrical & Precision Surface Grinding,1,VEN0000006,Sardar Cylindrical & Surface Grinding,Precision surface grind & rust preventive oil
4020100700,A-10086,INJECTION CYLINDER ROD NUT - 280 (M40 X 2),4001012500,,INJECTION CYLINDER ROD NUT RETAINER - 280 (CASTING),1,MCH,VMC Heavy Face Milling & Edge Truing,2,VEN0000002,Apex Precision VMC Machinists,Rough & finish top/bottom platen face to 0.02mm flat
4020100700,A-10086,INJECTION CYLINDER ROD NUT - 280 (M40 X 2),4001012500,,INJECTION CYLINDER ROD NUT RETAINER - 280 (CASTING),2,BOR,Precision CNC Boring (Tie Bar & Bush Bores),3,VEN0000002,Apex Precision VMC Machinists,Bore 4x Tie bar holes to H7 tolerance
4020100700,A-10086,INJECTION CYLINDER ROD NUT - 280 (M40 X 2),4001012500,,INJECTION CYLINDER ROD NUT RETAINER - 280 (CASTING),3,DRL,CNC Drilling & Tapping (PCD Clamp Holes),1,VEN0000002,Apex Precision VMC Machinists,M16 mould clamp tapped holes as per drawing
4020100700,A-10086,INJECTION CYLINDER ROD NUT - 280 (M40 X 2),4001012500,,INJECTION CYLINDER ROD NUT RETAINER - 280 (CASTING),4,HT,Stress Relieving & Normalizing Heat Treatment,2,VEN0000004,Gujarat Heat Treaters & Nitriding,Normalize thermal stress at 550°C
4020100700,A-10086,INJECTION CYLINDER ROD NUT - 280 (M40 X 2),4001012500,,INJECTION CYLINDER ROD NUT RETAINER - 280 (CASTING),5,GRD,Cylindrical & Precision Surface Grinding,1,VEN0000006,Sardar Cylindrical & Surface Grinding,Precision surface grind & rust preventive oil
4110002600,A-10013,INJECTION GUIDE ROD SUPPORT - 60,4001013300,,INJECTION GUIDE ROD SUPPORT Ø60 - 280 (CASTING),1,MCH,VMC Heavy Face Milling & Edge Truing,2,VEN0000002,Apex Precision VMC Machinists,Rough & finish top/bottom platen face to 0.02mm flat
4110002600,A-10013,INJECTION GUIDE ROD SUPPORT - 60,4001013300,,INJECTION GUIDE ROD SUPPORT Ø60 - 280 (CASTING),2,BOR,Precision CNC Boring (Tie Bar & Bush Bores),3,VEN0000002,Apex Precision VMC Machinists,Bore 4x Tie bar holes to H7 tolerance
4110002600,A-10013,INJECTION GUIDE ROD SUPPORT - 60,4001013300,,INJECTION GUIDE ROD SUPPORT Ø60 - 280 (CASTING),3,DRL,CNC Drilling & Tapping (PCD Clamp Holes),1,VEN0000002,Apex Precision VMC Machinists,M16 mould clamp tapped holes as per drawing
4110002600,A-10013,INJECTION GUIDE ROD SUPPORT - 60,4001013300,,INJECTION GUIDE ROD SUPPORT Ø60 - 280 (CASTING),4,HT,Stress Relieving & Normalizing Heat Treatment,2,VEN0000004,Gujarat Heat Treaters & Nitriding,Normalize thermal stress at 550°C
4110002600,A-10013,INJECTION GUIDE ROD SUPPORT - 60,4001013300,,INJECTION GUIDE ROD SUPPORT Ø60 - 280 (CASTING),5,GRD,Cylindrical & Precision Surface Grinding,1,VEN0000006,Sardar Cylindrical & Surface Grinding,Precision surface grind & rust preventive oil
4110002700,A-10014,INJECTION GUIDE ROD Ø60 - 280,,,INJECTION GUIDE ROD Ø60 - 280 (CASTING/RAW MATERIAL),1,MCH,VMC Heavy Face Milling & Edge Truing,2,VEN0000002,Apex Precision VMC Machinists,Rough & finish top/bottom platen face to 0.02mm flat
4110002700,A-10014,INJECTION GUIDE ROD Ø60 - 280,,,INJECTION GUIDE ROD Ø60 - 280 (CASTING/RAW MATERIAL),2,BOR,Precision CNC Boring (Tie Bar & Bush Bores),3,VEN0000002,Apex Precision VMC Machinists,Bore 4x Tie bar holes to H7 tolerance
4110002700,A-10014,INJECTION GUIDE ROD Ø60 - 280,,,INJECTION GUIDE ROD Ø60 - 280 (CASTING/RAW MATERIAL),3,DRL,CNC Drilling & Tapping (PCD Clamp Holes),1,VEN0000002,Apex Precision VMC Machinists,M16 mould clamp tapped holes as per drawing
4110002700,A-10014,INJECTION GUIDE ROD Ø60 - 280,,,INJECTION GUIDE ROD Ø60 - 280 (CASTING/RAW MATERIAL),4,HT,Stress Relieving & Normalizing Heat Treatment,2,VEN0000004,Gujarat Heat Treaters & Nitriding,Normalize thermal stress at 550°C
4110002700,A-10014,INJECTION GUIDE ROD Ø60 - 280,,,INJECTION GUIDE ROD Ø60 - 280 (CASTING/RAW MATERIAL),5,GRD,Cylindrical & Precision Surface Grinding,1,VEN0000006,Sardar Cylindrical & Surface Grinding,Precision surface grind & rust preventive oil
4110002800,A-10081,INJECTION CYLINDER ROD NUT RETAINER - 280,4001012500,,INJECTION CYLINDER ROD NUT RETAINER - 280 (CASTING),1,MCH,VMC Heavy Face Milling & Edge Truing,2,VEN0000002,Apex Precision VMC Machinists,Rough & finish top/bottom platen face to 0.02mm flat
4110002800,A-10081,INJECTION CYLINDER ROD NUT RETAINER - 280,4001012500,,INJECTION CYLINDER ROD NUT RETAINER - 280 (CASTING),2,BOR,Precision CNC Boring (Tie Bar & Bush Bores),3,VEN0000002,Apex Precision VMC Machinists,Bore 4x Tie bar holes to H7 tolerance
4110002800,A-10081,INJECTION CYLINDER ROD NUT RETAINER - 280,4001012500,,INJECTION CYLINDER ROD NUT RETAINER - 280 (CASTING),3,DRL,CNC Drilling & Tapping (PCD Clamp Holes),1,VEN0000002,Apex Precision VMC Machinists,M16 mould clamp tapped holes as per drawing
4110002800,A-10081,INJECTION CYLINDER ROD NUT RETAINER - 280,4001012500,,INJECTION CYLINDER ROD NUT RETAINER - 280 (CASTING),4,HT,Stress Relieving & Normalizing Heat Treatment,2,VEN0000004,Gujarat Heat Treaters & Nitriding,Normalize thermal stress at 550°C
4110002800,A-10081,INJECTION CYLINDER ROD NUT RETAINER - 280,4001012500,,INJECTION CYLINDER ROD NUT RETAINER - 280 (CASTING),5,GRD,Cylindrical & Precision Surface Grinding,1,VEN0000006,Sardar Cylindrical & Surface Grinding,Precision surface grind & rust preventive oil
7000100400,,FASTENER KIT BARREL PLATE ASSY - 280,,,FASTENER KIT BARREL PLATE ASSY - 280 (CASTING/RAW MATERIAL),1,MCH,VMC Heavy Face Milling & Edge Truing,2,VEN0000002,Apex Precision VMC Machinists,Rough & finish top/bottom platen face to 0.02mm flat
7000100400,,FASTENER KIT BARREL PLATE ASSY - 280,,,FASTENER KIT BARREL PLATE ASSY - 280 (CASTING/RAW MATERIAL),2,BOR,Precision CNC Boring (Tie Bar & Bush Bores),3,VEN0000002,Apex Precision VMC Machinists,Bore 4x Tie bar holes to H7 tolerance
7000100400,,FASTENER KIT BARREL PLATE ASSY - 280,,,FASTENER KIT BARREL PLATE ASSY - 280 (CASTING/RAW MATERIAL),3,DRL,CNC Drilling & Tapping (PCD Clamp Holes),1,VEN0000002,Apex Precision VMC Machinists,M16 mould clamp tapped holes as per drawing
7000100400,,FASTENER KIT BARREL PLATE ASSY - 280,,,FASTENER KIT BARREL PLATE ASSY - 280 (CASTING/RAW MATERIAL),4,HT,Stress Relieving & Normalizing Heat Treatment,2,VEN0000004,Gujarat Heat Treaters & Nitriding,Normalize thermal stress at 550°C
7000100400,,FASTENER KIT BARREL PLATE ASSY - 280,,,FASTENER KIT BARREL PLATE ASSY - 280 (CASTING/RAW MATERIAL),5,GRD,Cylindrical & Precision Surface Grinding,1,VEN0000006,Sardar Cylindrical & Surface Grinding,Precision surface grind & rust preventive oil
4110002900,A-10020,BARREL PLATE - 280 (STOCK-150),4001009600,,BARREL PLATE - 280 (STOCK-150) (CASTING),1,MCH,VMC Heavy Face Milling & Edge Truing,2,VEN0000002,Apex Precision VMC Machinists,Rough & finish top/bottom platen face to 0.02mm flat
4110002900,A-10020,BARREL PLATE - 280 (STOCK-150),4001009600,,BARREL PLATE - 280 (STOCK-150) (CASTING),2,BOR,Precision CNC Boring (Tie Bar & Bush Bores),3,VEN0000002,Apex Precision VMC Machinists,Bore 4x Tie bar holes to H7 tolerance
4110002900,A-10020,BARREL PLATE - 280 (STOCK-150),4001009600,,BARREL PLATE - 280 (STOCK-150) (CASTING),3,DRL,CNC Drilling & Tapping (PCD Clamp Holes),1,VEN0000002,Apex Precision VMC Machinists,M16 mould clamp tapped holes as per drawing
4110002900,A-10020,BARREL PLATE - 280 (STOCK-150),4001009600,,BARREL PLATE - 280 (STOCK-150) (CASTING),4,HT,Stress Relieving & Normalizing Heat Treatment,2,VEN0000004,Gujarat Heat Treaters & Nitriding,Normalize thermal stress at 550°C
4110002900,A-10020,BARREL PLATE - 280 (STOCK-150),4001009600,,BARREL PLATE - 280 (STOCK-150) (CASTING),5,GRD,Cylindrical & Precision Surface Grinding,1,VEN0000006,Sardar Cylindrical & Surface Grinding,Precision surface grind & rust preventive oil
4110003000,A-10109,INJECTION CYLINDER FRONT CAP - 280,,,INJECTION CYLINDER FRONT CAP - 280 (CASTING/RAW MATERIAL),1,MCH,VMC Heavy Face Milling & Edge Truing,2,VEN0000002,Apex Precision VMC Machinists,Rough & finish top/bottom platen face to 0.02mm flat
4110003000,A-10109,INJECTION CYLINDER FRONT CAP - 280,,,INJECTION CYLINDER FRONT CAP - 280 (CASTING/RAW MATERIAL),2,BOR,Precision CNC Boring (Tie Bar & Bush Bores),3,VEN0000002,Apex Precision VMC Machinists,Bore 4x Tie bar holes to H7 tolerance
4110003000,A-10109,INJECTION CYLINDER FRONT CAP - 280,,,INJECTION CYLINDER FRONT CAP - 280 (CASTING/RAW MATERIAL),3,DRL,CNC Drilling & Tapping (PCD Clamp Holes),1,VEN0000002,Apex Precision VMC Machinists,M16 mould clamp tapped holes as per drawing
4110003000,A-10109,INJECTION CYLINDER FRONT CAP - 280,,,INJECTION CYLINDER FRONT CAP - 280 (CASTING/RAW MATERIAL),4,HT,Stress Relieving & Normalizing Heat Treatment,2,VEN0000004,Gujarat Heat Treaters & Nitriding,Normalize thermal stress at 550°C
4110003000,A-10109,INJECTION CYLINDER FRONT CAP - 280,,,INJECTION CYLINDER FRONT CAP - 280 (CASTING/RAW MATERIAL),5,GRD,Cylindrical & Precision Surface Grinding,1,VEN0000006,Sardar Cylindrical & Surface Grinding,Precision surface grind & rust preventive oil
4110003100,A-10103,INJECTION CYLINDER END CAP - 280,,,INJECTION CYLINDER END CAP - 280 (CASTING/RAW MATERIAL),1,MCH,VMC Heavy Face Milling & Edge Truing,2,VEN0000002,Apex Precision VMC Machinists,Rough & finish top/bottom platen face to 0.02mm flat
4110003100,A-10103,INJECTION CYLINDER END CAP - 280,,,INJECTION CYLINDER END CAP - 280 (CASTING/RAW MATERIAL),2,BOR,Precision CNC Boring (Tie Bar & Bush Bores),3,VEN0000002,Apex Precision VMC Machinists,Bore 4x Tie bar holes to H7 tolerance
4110003100,A-10103,INJECTION CYLINDER END CAP - 280,,,INJECTION CYLINDER END CAP - 280 (CASTING/RAW MATERIAL),3,DRL,CNC Drilling & Tapping (PCD Clamp Holes),1,VEN0000002,Apex Precision VMC Machinists,M16 mould clamp tapped holes as per drawing
4110003100,A-10103,INJECTION CYLINDER END CAP - 280,,,INJECTION CYLINDER END CAP - 280 (CASTING/RAW MATERIAL),4,HT,Stress Relieving & Normalizing Heat Treatment,2,VEN0000004,Gujarat Heat Treaters & Nitriding,Normalize thermal stress at 550°C
4110003100,A-10103,INJECTION CYLINDER END CAP - 280,,,INJECTION CYLINDER END CAP - 280 (CASTING/RAW MATERIAL),5,GRD,Cylindrical & Precision Surface Grinding,1,VEN0000006,Sardar Cylindrical & Surface Grinding,Precision surface grind & rust preventive oil
4110003200,A-10091,INJECTION CYLINDER ROD - 280,4001012500,,INJECTION CYLINDER ROD NUT RETAINER - 280 (CASTING),1,MCH,VMC Heavy Face Milling & Edge Truing,2,VEN0000002,Apex Precision VMC Machinists,Rough & finish top/bottom platen face to 0.02mm flat
4110003200,A-10091,INJECTION CYLINDER ROD - 280,4001012500,,INJECTION CYLINDER ROD NUT RETAINER - 280 (CASTING),2,BOR,Precision CNC Boring (Tie Bar & Bush Bores),3,VEN0000002,Apex Precision VMC Machinists,Bore 4x Tie bar holes to H7 tolerance
4110003200,A-10091,INJECTION CYLINDER ROD - 280,4001012500,,INJECTION CYLINDER ROD NUT RETAINER - 280 (CASTING),3,DRL,CNC Drilling & Tapping (PCD Clamp Holes),1,VEN0000002,Apex Precision VMC Machinists,M16 mould clamp tapped holes as per drawing
4110003200,A-10091,INJECTION CYLINDER ROD - 280,4001012500,,INJECTION CYLINDER ROD NUT RETAINER - 280 (CASTING),4,HT,Stress Relieving & Normalizing Heat Treatment,2,VEN0000004,Gujarat Heat Treaters & Nitriding,Normalize thermal stress at 550°C
4110003200,A-10091,INJECTION CYLINDER ROD - 280,4001012500,,INJECTION CYLINDER ROD NUT RETAINER - 280 (CASTING),5,GRD,Cylindrical & Precision Surface Grinding,1,VEN0000006,Sardar Cylindrical & Surface Grinding,Precision surface grind & rust preventive oil
4110003300,A-10097,INJECTION PISTON Ø100 - 280,,,INJECTION PISTON Ø100 - 280 (CASTING/RAW MATERIAL),1,MCH,VMC Heavy Face Milling & Edge Truing,2,VEN0000002,Apex Precision VMC Machinists,Rough & finish top/bottom platen face to 0.02mm flat
4110003300,A-10097,INJECTION PISTON Ø100 - 280,,,INJECTION PISTON Ø100 - 280 (CASTING/RAW MATERIAL),2,BOR,Precision CNC Boring (Tie Bar & Bush Bores),3,VEN0000002,Apex Precision VMC Machinists,Bore 4x Tie bar holes to H7 tolerance
4110003300,A-10097,INJECTION PISTON Ø100 - 280,,,INJECTION PISTON Ø100 - 280 (CASTING/RAW MATERIAL),3,DRL,CNC Drilling & Tapping (PCD Clamp Holes),1,VEN0000002,Apex Precision VMC Machinists,M16 mould clamp tapped holes as per drawing
4110003300,A-10097,INJECTION PISTON Ø100 - 280,,,INJECTION PISTON Ø100 - 280 (CASTING/RAW MATERIAL),4,HT,Stress Relieving & Normalizing Heat Treatment,2,VEN0000004,Gujarat Heat Treaters & Nitriding,Normalize thermal stress at 550°C
4110003300,A-10097,INJECTION PISTON Ø100 - 280,,,INJECTION PISTON Ø100 - 280 (CASTING/RAW MATERIAL),5,GRD,Cylindrical & Precision Surface Grinding,1,VEN0000006,Sardar Cylindrical & Surface Grinding,Precision surface grind & rust preventive oil
4110003400,A-10312,HYDRAULIC ROD BUSH - Ø50,,,HYDRAULIC ROD BUSH - Ø50 (CASTING/RAW MATERIAL),1,MCH,VMC Heavy Face Milling & Edge Truing,2,VEN0000002,Apex Precision VMC Machinists,Rough & finish top/bottom platen face to 0.02mm flat
4110003400,A-10312,HYDRAULIC ROD BUSH - Ø50,,,HYDRAULIC ROD BUSH - Ø50 (CASTING/RAW MATERIAL),2,BOR,Precision CNC Boring (Tie Bar & Bush Bores),3,VEN0000002,Apex Precision VMC Machinists,Bore 4x Tie bar holes to H7 tolerance
4110003400,A-10312,HYDRAULIC ROD BUSH - Ø50,,,HYDRAULIC ROD BUSH - Ø50 (CASTING/RAW MATERIAL),3,DRL,CNC Drilling & Tapping (PCD Clamp Holes),1,VEN0000002,Apex Precision VMC Machinists,M16 mould clamp tapped holes as per drawing
4110003400,A-10312,HYDRAULIC ROD BUSH - Ø50,,,HYDRAULIC ROD BUSH - Ø50 (CASTING/RAW MATERIAL),4,HT,Stress Relieving & Normalizing Heat Treatment,2,VEN0000004,Gujarat Heat Treaters & Nitriding,Normalize thermal stress at 550°C
4110003400,A-10312,HYDRAULIC ROD BUSH - Ø50,,,HYDRAULIC ROD BUSH - Ø50 (CASTING/RAW MATERIAL),5,GRD,Cylindrical & Precision Surface Grinding,1,VEN0000006,Sardar Cylindrical & Surface Grinding,Precision surface grind & rust preventive oil
4110003500,A-10026,BEARING HOUSING - 280,4001011200,,BEARING HOUSING - 280 (CASTING),1,MCH,VMC Heavy Face Milling & Edge Truing,2,VEN0000002,Apex Precision VMC Machinists,Rough & finish top/bottom platen face to 0.02mm flat
4110003500,A-10026,BEARING HOUSING - 280,4001011200,,BEARING HOUSING - 280 (CASTING),2,BOR,Precision CNC Boring (Tie Bar & Bush Bores),3,VEN0000002,Apex Precision VMC Machinists,Bore 4x Tie bar holes to H7 tolerance
4110003500,A-10026,BEARING HOUSING - 280,4001011200,,BEARING HOUSING - 280 (CASTING),3,DRL,CNC Drilling & Tapping (PCD Clamp Holes),1,VEN0000002,Apex Precision VMC Machinists,M16 mould clamp tapped holes as per drawing
4110003500,A-10026,BEARING HOUSING - 280,4001011200,,BEARING HOUSING - 280 (CASTING),4,HT,Stress Relieving & Normalizing Heat Treatment,2,VEN0000004,Gujarat Heat Treaters & Nitriding,Normalize thermal stress at 550°C
4110003500,A-10026,BEARING HOUSING - 280,4001011200,,BEARING HOUSING - 280 (CASTING),5,GRD,Cylindrical & Precision Surface Grinding,1,VEN0000006,Sardar Cylindrical & Surface Grinding,Precision surface grind & rust preventive oil
4110003600,A-10039,SCREW DRIVE SHAFT - 280,,,SCREW DRIVE SHAFT - 280 (CASTING/RAW MATERIAL),1,MCH,VMC Heavy Face Milling & Edge Truing,2,VEN0000002,Apex Precision VMC Machinists,Rough & finish top/bottom platen face to 0.02mm flat
4110003600,A-10039,SCREW DRIVE SHAFT - 280,,,SCREW DRIVE SHAFT - 280 (CASTING/RAW MATERIAL),2,BOR,Precision CNC Boring (Tie Bar & Bush Bores),3,VEN0000002,Apex Precision VMC Machinists,Bore 4x Tie bar holes to H7 tolerance
4110003600,A-10039,SCREW DRIVE SHAFT - 280,,,SCREW DRIVE SHAFT - 280 (CASTING/RAW MATERIAL),3,DRL,CNC Drilling & Tapping (PCD Clamp Holes),1,VEN0000002,Apex Precision VMC Machinists,M16 mould clamp tapped holes as per drawing
4110003600,A-10039,SCREW DRIVE SHAFT - 280,,,SCREW DRIVE SHAFT - 280 (CASTING/RAW MATERIAL),4,HT,Stress Relieving & Normalizing Heat Treatment,2,VEN0000004,Gujarat Heat Treaters & Nitriding,Normalize thermal stress at 550°C
4110003600,A-10039,SCREW DRIVE SHAFT - 280,,,SCREW DRIVE SHAFT - 280 (CASTING/RAW MATERIAL),5,GRD,Cylindrical & Precision Surface Grinding,1,VEN0000006,Sardar Cylindrical & Surface Grinding,Precision surface grind & rust preventive oil
4110003700,A-10076,DRIVE SHAFT OIL SEAL FLANGE - 280,,,DRIVE SHAFT OIL SEAL FLANGE - 280 (CASTING/RAW MATERIAL),1,MCH,VMC Heavy Face Milling & Edge Truing,2,VEN0000002,Apex Precision VMC Machinists,Rough & finish top/bottom platen face to 0.02mm flat
4110003700,A-10076,DRIVE SHAFT OIL SEAL FLANGE - 280,,,DRIVE SHAFT OIL SEAL FLANGE - 280 (CASTING/RAW MATERIAL),2,BOR,Precision CNC Boring (Tie Bar & Bush Bores),3,VEN0000002,Apex Precision VMC Machinists,Bore 4x Tie bar holes to H7 tolerance
4110003700,A-10076,DRIVE SHAFT OIL SEAL FLANGE - 280,,,DRIVE SHAFT OIL SEAL FLANGE - 280 (CASTING/RAW MATERIAL),3,DRL,CNC Drilling & Tapping (PCD Clamp Holes),1,VEN0000002,Apex Precision VMC Machinists,M16 mould clamp tapped holes as per drawing
4110003700,A-10076,DRIVE SHAFT OIL SEAL FLANGE - 280,,,DRIVE SHAFT OIL SEAL FLANGE - 280 (CASTING/RAW MATERIAL),4,HT,Stress Relieving & Normalizing Heat Treatment,2,VEN0000004,Gujarat Heat Treaters & Nitriding,Normalize thermal stress at 550°C
4110003700,A-10076,DRIVE SHAFT OIL SEAL FLANGE - 280,,,DRIVE SHAFT OIL SEAL FLANGE - 280 (CASTING/RAW MATERIAL),5,GRD,Cylindrical & Precision Surface Grinding,1,VEN0000006,Sardar Cylindrical & Surface Grinding,Precision surface grind & rust preventive oil
4020101000,A-10035,DRIVE SHAFT NUT - 280 (M70 X 3),,,DRIVE SHAFT NUT - 280 (M70 X 3) (CASTING/RAW MATERIAL),1,MCH,VMC Heavy Face Milling & Edge Truing,2,VEN0000002,Apex Precision VMC Machinists,Rough & finish top/bottom platen face to 0.02mm flat
4020101000,A-10035,DRIVE SHAFT NUT - 280 (M70 X 3),,,DRIVE SHAFT NUT - 280 (M70 X 3) (CASTING/RAW MATERIAL),2,BOR,Precision CNC Boring (Tie Bar & Bush Bores),3,VEN0000002,Apex Precision VMC Machinists,Bore 4x Tie bar holes to H7 tolerance
4020101000,A-10035,DRIVE SHAFT NUT - 280 (M70 X 3),,,DRIVE SHAFT NUT - 280 (M70 X 3) (CASTING/RAW MATERIAL),3,DRL,CNC Drilling & Tapping (PCD Clamp Holes),1,VEN0000002,Apex Precision VMC Machinists,M16 mould clamp tapped holes as per drawing
4020101000,A-10035,DRIVE SHAFT NUT - 280 (M70 X 3),,,DRIVE SHAFT NUT - 280 (M70 X 3) (CASTING/RAW MATERIAL),4,HT,Stress Relieving & Normalizing Heat Treatment,2,VEN0000004,Gujarat Heat Treaters & Nitriding,Normalize thermal stress at 550°C
4020101000,A-10035,DRIVE SHAFT NUT - 280 (M70 X 3),,,DRIVE SHAFT NUT - 280 (M70 X 3) (CASTING/RAW MATERIAL),5,GRD,Cylindrical & Precision Surface Grinding,1,VEN0000006,Sardar Cylindrical & Surface Grinding,Precision surface grind & rust preventive oil
4020101100,A-10031,DRIVE SHAFT CHECK NUT - 280 (M70 X 3),,,DRIVE SHAFT CHECK NUT - 280 (M70 X 3) (CASTING/RAW MATERIAL),1,MCH,VMC Heavy Face Milling & Edge Truing,2,VEN0000002,Apex Precision VMC Machinists,Rough & finish top/bottom platen face to 0.02mm flat
4020101100,A-10031,DRIVE SHAFT CHECK NUT - 280 (M70 X 3),,,DRIVE SHAFT CHECK NUT - 280 (M70 X 3) (CASTING/RAW MATERIAL),2,BOR,Precision CNC Boring (Tie Bar & Bush Bores),3,VEN0000002,Apex Precision VMC Machinists,Bore 4x Tie bar holes to H7 tolerance
4020101100,A-10031,DRIVE SHAFT CHECK NUT - 280 (M70 X 3),,,DRIVE SHAFT CHECK NUT - 280 (M70 X 3) (CASTING/RAW MATERIAL),3,DRL,CNC Drilling & Tapping (PCD Clamp Holes),1,VEN0000002,Apex Precision VMC Machinists,M16 mould clamp tapped holes as per drawing
4020101100,A-10031,DRIVE SHAFT CHECK NUT - 280 (M70 X 3),,,DRIVE SHAFT CHECK NUT - 280 (M70 X 3) (CASTING/RAW MATERIAL),4,HT,Stress Relieving & Normalizing Heat Treatment,2,VEN0000004,Gujarat Heat Treaters & Nitriding,Normalize thermal stress at 550°C
4020101100,A-10031,DRIVE SHAFT CHECK NUT - 280 (M70 X 3),,,DRIVE SHAFT CHECK NUT - 280 (M70 X 3) (CASTING/RAW MATERIAL),5,GRD,Cylindrical & Precision Surface Grinding,1,VEN0000006,Sardar Cylindrical & Surface Grinding,Precision surface grind & rust preventive oil
2000210400,B-10078,BARREL PLATE ASSY - 420 (STOCK-175),,,BARREL PLATE ASSY - 420 (STOCK-175) (CASTING/RAW MATERIAL),1,MCH,VMC Heavy Face Milling & Edge Truing,2,VEN0000002,Apex Precision VMC Machinists,Rough & finish top/bottom platen face to 0.02mm flat
2000210400,B-10078,BARREL PLATE ASSY - 420 (STOCK-175),,,BARREL PLATE ASSY - 420 (STOCK-175) (CASTING/RAW MATERIAL),2,BOR,Precision CNC Boring (Tie Bar & Bush Bores),3,VEN0000002,Apex Precision VMC Machinists,Bore 4x Tie bar holes to H7 tolerance
2000210400,B-10078,BARREL PLATE ASSY - 420 (STOCK-175),,,BARREL PLATE ASSY - 420 (STOCK-175) (CASTING/RAW MATERIAL),3,DRL,CNC Drilling & Tapping (PCD Clamp Holes),1,VEN0000002,Apex Precision VMC Machinists,M16 mould clamp tapped holes as per drawing
2000210400,B-10078,BARREL PLATE ASSY - 420 (STOCK-175),,,BARREL PLATE ASSY - 420 (STOCK-175) (CASTING/RAW MATERIAL),4,HT,Stress Relieving & Normalizing Heat Treatment,2,VEN0000004,Gujarat Heat Treaters & Nitriding,Normalize thermal stress at 550°C
2000210400,B-10078,BARREL PLATE ASSY - 420 (STOCK-175),,,BARREL PLATE ASSY - 420 (STOCK-175) (CASTING/RAW MATERIAL),5,GRD,Cylindrical & Precision Surface Grinding,1,VEN0000006,Sardar Cylindrical & Surface Grinding,Precision surface grind & rust preventive oil
4110010500,A-10015,INJECTION GUIDE ROD Ø60 - 420,,,INJECTION GUIDE ROD Ø60 - 420 (CASTING/RAW MATERIAL),1,MCH,VMC Heavy Face Milling & Edge Truing,2,VEN0000002,Apex Precision VMC Machinists,Rough & finish top/bottom platen face to 0.02mm flat
4110010500,A-10015,INJECTION GUIDE ROD Ø60 - 420,,,INJECTION GUIDE ROD Ø60 - 420 (CASTING/RAW MATERIAL),2,BOR,Precision CNC Boring (Tie Bar & Bush Bores),3,VEN0000002,Apex Precision VMC Machinists,Bore 4x Tie bar holes to H7 tolerance
4110010500,A-10015,INJECTION GUIDE ROD Ø60 - 420,,,INJECTION GUIDE ROD Ø60 - 420 (CASTING/RAW MATERIAL),3,DRL,CNC Drilling & Tapping (PCD Clamp Holes),1,VEN0000002,Apex Precision VMC Machinists,M16 mould clamp tapped holes as per drawing
4110010500,A-10015,INJECTION GUIDE ROD Ø60 - 420,,,INJECTION GUIDE ROD Ø60 - 420 (CASTING/RAW MATERIAL),4,HT,Stress Relieving & Normalizing Heat Treatment,2,VEN0000004,Gujarat Heat Treaters & Nitriding,Normalize thermal stress at 550°C
4110010500,A-10015,INJECTION GUIDE ROD Ø60 - 420,,,INJECTION GUIDE ROD Ø60 - 420 (CASTING/RAW MATERIAL),5,GRD,Cylindrical & Precision Surface Grinding,1,VEN0000006,Sardar Cylindrical & Surface Grinding,Precision surface grind & rust preventive oil
7000100900,,FASTENER KIT BARREL PLATE ASSY - 420,,,FASTENER KIT BARREL PLATE ASSY - 420 (CASTING/RAW MATERIAL),1,MCH,VMC Heavy Face Milling & Edge Truing,2,VEN0000002,Apex Precision VMC Machinists,Rough & finish top/bottom platen face to 0.02mm flat
7000100900,,FASTENER KIT BARREL PLATE ASSY - 420,,,FASTENER KIT BARREL PLATE ASSY - 420 (CASTING/RAW MATERIAL),2,BOR,Precision CNC Boring (Tie Bar & Bush Bores),3,VEN0000002,Apex Precision VMC Machinists,Bore 4x Tie bar holes to H7 tolerance
7000100900,,FASTENER KIT BARREL PLATE ASSY - 420,,,FASTENER KIT BARREL PLATE ASSY - 420 (CASTING/RAW MATERIAL),3,DRL,CNC Drilling & Tapping (PCD Clamp Holes),1,VEN0000002,Apex Precision VMC Machinists,M16 mould clamp tapped holes as per drawing
7000100900,,FASTENER KIT BARREL PLATE ASSY - 420,,,FASTENER KIT BARREL PLATE ASSY - 420 (CASTING/RAW MATERIAL),4,HT,Stress Relieving & Normalizing Heat Treatment,2,VEN0000004,Gujarat Heat Treaters & Nitriding,Normalize thermal stress at 550°C
7000100900,,FASTENER KIT BARREL PLATE ASSY - 420,,,FASTENER KIT BARREL PLATE ASSY - 420 (CASTING/RAW MATERIAL),5,GRD,Cylindrical & Precision Surface Grinding,1,VEN0000006,Sardar Cylindrical & Surface Grinding,Precision surface grind & rust preventive oil
4110010600,A-10021,BARREL PLATE - 420 (STOCK-175),4001009600,,BARREL PLATE - 280 (STOCK-150) (CASTING),1,MCH,VMC Heavy Face Milling & Edge Truing,2,VEN0000002,Apex Precision VMC Machinists,Rough & finish top/bottom platen face to 0.02mm flat
4110010600,A-10021,BARREL PLATE - 420 (STOCK-175),4001009600,,BARREL PLATE - 280 (STOCK-150) (CASTING),2,BOR,Precision CNC Boring (Tie Bar & Bush Bores),3,VEN0000002,Apex Precision VMC Machinists,Bore 4x Tie bar holes to H7 tolerance
4110010600,A-10021,BARREL PLATE - 420 (STOCK-175),4001009600,,BARREL PLATE - 280 (STOCK-150) (CASTING),3,DRL,CNC Drilling & Tapping (PCD Clamp Holes),1,VEN0000002,Apex Precision VMC Machinists,M16 mould clamp tapped holes as per drawing
4110010600,A-10021,BARREL PLATE - 420 (STOCK-175),4001009600,,BARREL PLATE - 280 (STOCK-150) (CASTING),4,HT,Stress Relieving & Normalizing Heat Treatment,2,VEN0000004,Gujarat Heat Treaters & Nitriding,Normalize thermal stress at 550°C
4110010600,A-10021,BARREL PLATE - 420 (STOCK-175),4001009600,,BARREL PLATE - 280 (STOCK-150) (CASTING),5,GRD,Cylindrical & Precision Surface Grinding,1,VEN0000006,Sardar Cylindrical & Surface Grinding,Precision surface grind & rust preventive oil
4110010700,A-10110,INJECTION CYLINDER FRONT CAP - 420,,,INJECTION CYLINDER FRONT CAP - 420 (CASTING/RAW MATERIAL),1,MCH,VMC Heavy Face Milling & Edge Truing,2,VEN0000002,Apex Precision VMC Machinists,Rough & finish top/bottom platen face to 0.02mm flat
4110010700,A-10110,INJECTION CYLINDER FRONT CAP - 420,,,INJECTION CYLINDER FRONT CAP - 420 (CASTING/RAW MATERIAL),2,BOR,Precision CNC Boring (Tie Bar & Bush Bores),3,VEN0000002,Apex Precision VMC Machinists,Bore 4x Tie bar holes to H7 tolerance
4110010700,A-10110,INJECTION CYLINDER FRONT CAP - 420,,,INJECTION CYLINDER FRONT CAP - 420 (CASTING/RAW MATERIAL),3,DRL,CNC Drilling & Tapping (PCD Clamp Holes),1,VEN0000002,Apex Precision VMC Machinists,M16 mould clamp tapped holes as per drawing
4110010700,A-10110,INJECTION CYLINDER FRONT CAP - 420,,,INJECTION CYLINDER FRONT CAP - 420 (CASTING/RAW MATERIAL),4,HT,Stress Relieving & Normalizing Heat Treatment,2,VEN0000004,Gujarat Heat Treaters & Nitriding,Normalize thermal stress at 550°C
4110010700,A-10110,INJECTION CYLINDER FRONT CAP - 420,,,INJECTION CYLINDER FRONT CAP - 420 (CASTING/RAW MATERIAL),5,GRD,Cylindrical & Precision Surface Grinding,1,VEN0000006,Sardar Cylindrical & Surface Grinding,Precision surface grind & rust preventive oil
4110010800,A-10104,INJECTION CYLINDER END CAP - 420,,,INJECTION CYLINDER END CAP - 420 (CASTING/RAW MATERIAL),1,MCH,VMC Heavy Face Milling & Edge Truing,2,VEN0000002,Apex Precision VMC Machinists,Rough & finish top/bottom platen face to 0.02mm flat
4110010800,A-10104,INJECTION CYLINDER END CAP - 420,,,INJECTION CYLINDER END CAP - 420 (CASTING/RAW MATERIAL),2,BOR,Precision CNC Boring (Tie Bar & Bush Bores),3,VEN0000002,Apex Precision VMC Machinists,Bore 4x Tie bar holes to H7 tolerance
4110010800,A-10104,INJECTION CYLINDER END CAP - 420,,,INJECTION CYLINDER END CAP - 420 (CASTING/RAW MATERIAL),3,DRL,CNC Drilling & Tapping (PCD Clamp Holes),1,VEN0000002,Apex Precision VMC Machinists,M16 mould clamp tapped holes as per drawing
4110010800,A-10104,INJECTION CYLINDER END CAP - 420,,,INJECTION CYLINDER END CAP - 420 (CASTING/RAW MATERIAL),4,HT,Stress Relieving & Normalizing Heat Treatment,2,VEN0000004,Gujarat Heat Treaters & Nitriding,Normalize thermal stress at 550°C
4110010800,A-10104,INJECTION CYLINDER END CAP - 420,,,INJECTION CYLINDER END CAP - 420 (CASTING/RAW MATERIAL),5,GRD,Cylindrical & Precision Surface Grinding,1,VEN0000006,Sardar Cylindrical & Surface Grinding,Precision surface grind & rust preventive oil
4110010900,A-10092,INJECTION CYLINDER ROD - 420,4001012500,,INJECTION CYLINDER ROD NUT RETAINER - 280 (CASTING),1,MCH,VMC Heavy Face Milling & Edge Truing,2,VEN0000002,Apex Precision VMC Machinists,Rough & finish top/bottom platen face to 0.02mm flat
4110010900,A-10092,INJECTION CYLINDER ROD - 420,4001012500,,INJECTION CYLINDER ROD NUT RETAINER - 280 (CASTING),2,BOR,Precision CNC Boring (Tie Bar & Bush Bores),3,VEN0000002,Apex Precision VMC Machinists,Bore 4x Tie bar holes to H7 tolerance
4110010900,A-10092,INJECTION CYLINDER ROD - 420,4001012500,,INJECTION CYLINDER ROD NUT RETAINER - 280 (CASTING),3,DRL,CNC Drilling & Tapping (PCD Clamp Holes),1,VEN0000002,Apex Precision VMC Machinists,M16 mould clamp tapped holes as per drawing
4110010900,A-10092,INJECTION CYLINDER ROD - 420,4001012500,,INJECTION CYLINDER ROD NUT RETAINER - 280 (CASTING),4,HT,Stress Relieving & Normalizing Heat Treatment,2,VEN0000004,Gujarat Heat Treaters & Nitriding,Normalize thermal stress at 550°C
4110010900,A-10092,INJECTION CYLINDER ROD - 420,4001012500,,INJECTION CYLINDER ROD NUT RETAINER - 280 (CASTING),5,GRD,Cylindrical & Precision Surface Grinding,1,VEN0000006,Sardar Cylindrical & Surface Grinding,Precision surface grind & rust preventive oil
4110011000,A-10098,INJECTION PISTON Ø110 - 420,,,INJECTION PISTON Ø110 - 420 (CASTING/RAW MATERIAL),1,MCH,VMC Heavy Face Milling & Edge Truing,2,VEN0000002,Apex Precision VMC Machinists,Rough & finish top/bottom platen face to 0.02mm flat
4110011000,A-10098,INJECTION PISTON Ø110 - 420,,,INJECTION PISTON Ø110 - 420 (CASTING/RAW MATERIAL),2,BOR,Precision CNC Boring (Tie Bar & Bush Bores),3,VEN0000002,Apex Precision VMC Machinists,Bore 4x Tie bar holes to H7 tolerance
4110011000,A-10098,INJECTION PISTON Ø110 - 420,,,INJECTION PISTON Ø110 - 420 (CASTING/RAW MATERIAL),3,DRL,CNC Drilling & Tapping (PCD Clamp Holes),1,VEN0000002,Apex Precision VMC Machinists,M16 mould clamp tapped holes as per drawing
4110011000,A-10098,INJECTION PISTON Ø110 - 420,,,INJECTION PISTON Ø110 - 420 (CASTING/RAW MATERIAL),4,HT,Stress Relieving & Normalizing Heat Treatment,2,VEN0000004,Gujarat Heat Treaters & Nitriding,Normalize thermal stress at 550°C
4110011000,A-10098,INJECTION PISTON Ø110 - 420,,,INJECTION PISTON Ø110 - 420 (CASTING/RAW MATERIAL),5,GRD,Cylindrical & Precision Surface Grinding,1,VEN0000006,Sardar Cylindrical & Surface Grinding,Precision surface grind & rust preventive oil
2000210600,B-10079,BARREL PLATE ASSY - 635 (STOCK-210),,,BARREL PLATE ASSY - 635 (STOCK-210) (CASTING/RAW MATERIAL),1,MCH,VMC Heavy Face Milling & Edge Truing,2,VEN0000002,Apex Precision VMC Machinists,Rough & finish top/bottom platen face to 0.02mm flat
2000210600,B-10079,BARREL PLATE ASSY - 635 (STOCK-210),,,BARREL PLATE ASSY - 635 (STOCK-210) (CASTING/RAW MATERIAL),2,BOR,Precision CNC Boring (Tie Bar & Bush Bores),3,VEN0000002,Apex Precision VMC Machinists,Bore 4x Tie bar holes to H7 tolerance
2000210600,B-10079,BARREL PLATE ASSY - 635 (STOCK-210),,,BARREL PLATE ASSY - 635 (STOCK-210) (CASTING/RAW MATERIAL),3,DRL,CNC Drilling & Tapping (PCD Clamp Holes),1,VEN0000002,Apex Precision VMC Machinists,M16 mould clamp tapped holes as per drawing
2000210600,B-10079,BARREL PLATE ASSY - 635 (STOCK-210),,,BARREL PLATE ASSY - 635 (STOCK-210) (CASTING/RAW MATERIAL),4,HT,Stress Relieving & Normalizing Heat Treatment,2,VEN0000004,Gujarat Heat Treaters & Nitriding,Normalize thermal stress at 550°C
2000210600,B-10079,BARREL PLATE ASSY - 635 (STOCK-210),,,BARREL PLATE ASSY - 635 (STOCK-210) (CASTING/RAW MATERIAL),5,GRD,Cylindrical & Precision Surface Grinding,1,VEN0000006,Sardar Cylindrical & Surface Grinding,Precision surface grind & rust preventive oil
4020100800,A-10087,INJECTION CYLINDER ROD NUT - 635 (M50 X 2),4001012500,,INJECTION CYLINDER ROD NUT RETAINER - 280 (CASTING),1,MCH,VMC Heavy Face Milling & Edge Truing,2,VEN0000002,Apex Precision VMC Machinists,Rough & finish top/bottom platen face to 0.02mm flat
4020100800,A-10087,INJECTION CYLINDER ROD NUT - 635 (M50 X 2),4001012500,,INJECTION CYLINDER ROD NUT RETAINER - 280 (CASTING),2,BOR,Precision CNC Boring (Tie Bar & Bush Bores),3,VEN0000002,Apex Precision VMC Machinists,Bore 4x Tie bar holes to H7 tolerance
4020100800,A-10087,INJECTION CYLINDER ROD NUT - 635 (M50 X 2),4001012500,,INJECTION CYLINDER ROD NUT RETAINER - 280 (CASTING),3,DRL,CNC Drilling & Tapping (PCD Clamp Holes),1,VEN0000002,Apex Precision VMC Machinists,M16 mould clamp tapped holes as per drawing
4020100800,A-10087,INJECTION CYLINDER ROD NUT - 635 (M50 X 2),4001012500,,INJECTION CYLINDER ROD NUT RETAINER - 280 (CASTING),4,HT,Stress Relieving & Normalizing Heat Treatment,2,VEN0000004,Gujarat Heat Treaters & Nitriding,Normalize thermal stress at 550°C
4020100800,A-10087,INJECTION CYLINDER ROD NUT - 635 (M50 X 2),4001012500,,INJECTION CYLINDER ROD NUT RETAINER - 280 (CASTING),5,GRD,Cylindrical & Precision Surface Grinding,1,VEN0000006,Sardar Cylindrical & Surface Grinding,Precision surface grind & rust preventive oil
4110014800,A-10016,INJECTION GUIDE ROD Ø60 - 635,,,INJECTION GUIDE ROD Ø60 - 635 (CASTING/RAW MATERIAL),1,MCH,VMC Heavy Face Milling & Edge Truing,2,VEN0000002,Apex Precision VMC Machinists,Rough & finish top/bottom platen face to 0.02mm flat
4110014800,A-10016,INJECTION GUIDE ROD Ø60 - 635,,,INJECTION GUIDE ROD Ø60 - 635 (CASTING/RAW MATERIAL),2,BOR,Precision CNC Boring (Tie Bar & Bush Bores),3,VEN0000002,Apex Precision VMC Machinists,Bore 4x Tie bar holes to H7 tolerance
4110014800,A-10016,INJECTION GUIDE ROD Ø60 - 635,,,INJECTION GUIDE ROD Ø60 - 635 (CASTING/RAW MATERIAL),3,DRL,CNC Drilling & Tapping (PCD Clamp Holes),1,VEN0000002,Apex Precision VMC Machinists,M16 mould clamp tapped holes as per drawing
4110014800,A-10016,INJECTION GUIDE ROD Ø60 - 635,,,INJECTION GUIDE ROD Ø60 - 635 (CASTING/RAW MATERIAL),4,HT,Stress Relieving & Normalizing Heat Treatment,2,VEN0000004,Gujarat Heat Treaters & Nitriding,Normalize thermal stress at 550°C
4110014800,A-10016,INJECTION GUIDE ROD Ø60 - 635,,,INJECTION GUIDE ROD Ø60 - 635 (CASTING/RAW MATERIAL),5,GRD,Cylindrical & Precision Surface Grinding,1,VEN0000006,Sardar Cylindrical & Surface Grinding,Precision surface grind & rust preventive oil
4110014900,A-10082,INJECTION CYLINDER ROD NUT RETAINER - 635,4001012500,,INJECTION CYLINDER ROD NUT RETAINER - 280 (CASTING),1,MCH,VMC Heavy Face Milling & Edge Truing,2,VEN0000002,Apex Precision VMC Machinists,Rough & finish top/bottom platen face to 0.02mm flat
4110014900,A-10082,INJECTION CYLINDER ROD NUT RETAINER - 635,4001012500,,INJECTION CYLINDER ROD NUT RETAINER - 280 (CASTING),2,BOR,Precision CNC Boring (Tie Bar & Bush Bores),3,VEN0000002,Apex Precision VMC Machinists,Bore 4x Tie bar holes to H7 tolerance
4110014900,A-10082,INJECTION CYLINDER ROD NUT RETAINER - 635,4001012500,,INJECTION CYLINDER ROD NUT RETAINER - 280 (CASTING),3,DRL,CNC Drilling & Tapping (PCD Clamp Holes),1,VEN0000002,Apex Precision VMC Machinists,M16 mould clamp tapped holes as per drawing
4110014900,A-10082,INJECTION CYLINDER ROD NUT RETAINER - 635,4001012500,,INJECTION CYLINDER ROD NUT RETAINER - 280 (CASTING),4,HT,Stress Relieving & Normalizing Heat Treatment,2,VEN0000004,Gujarat Heat Treaters & Nitriding,Normalize thermal stress at 550°C
4110014900,A-10082,INJECTION CYLINDER ROD NUT RETAINER - 635,4001012500,,INJECTION CYLINDER ROD NUT RETAINER - 280 (CASTING),5,GRD,Cylindrical & Precision Surface Grinding,1,VEN0000006,Sardar Cylindrical & Surface Grinding,Precision surface grind & rust preventive oil
7000101400,,FASTENER KIT BARREL PLATE ASSY - 635,,,FASTENER KIT BARREL PLATE ASSY - 635 (CASTING/RAW MATERIAL),1,MCH,VMC Heavy Face Milling & Edge Truing,2,VEN0000002,Apex Precision VMC Machinists,Rough & finish top/bottom platen face to 0.02mm flat
7000101400,,FASTENER KIT BARREL PLATE ASSY - 635,,,FASTENER KIT BARREL PLATE ASSY - 635 (CASTING/RAW MATERIAL),2,BOR,Precision CNC Boring (Tie Bar & Bush Bores),3,VEN0000002,Apex Precision VMC Machinists,Bore 4x Tie bar holes to H7 tolerance
7000101400,,FASTENER KIT BARREL PLATE ASSY - 635,,,FASTENER KIT BARREL PLATE ASSY - 635 (CASTING/RAW MATERIAL),3,DRL,CNC Drilling & Tapping (PCD Clamp Holes),1,VEN0000002,Apex Precision VMC Machinists,M16 mould clamp tapped holes as per drawing
7000101400,,FASTENER KIT BARREL PLATE ASSY - 635,,,FASTENER KIT BARREL PLATE ASSY - 635 (CASTING/RAW MATERIAL),4,HT,Stress Relieving & Normalizing Heat Treatment,2,VEN0000004,Gujarat Heat Treaters & Nitriding,Normalize thermal stress at 550°C
7000101400,,FASTENER KIT BARREL PLATE ASSY - 635,,,FASTENER KIT BARREL PLATE ASSY - 635 (CASTING/RAW MATERIAL),5,GRD,Cylindrical & Precision Surface Grinding,1,VEN0000006,Sardar Cylindrical & Surface Grinding,Precision surface grind & rust preventive oil
4110015000,A-10022,BARREL PLATE - 635 (STOCK-210),4001009600,,BARREL PLATE - 280 (STOCK-150) (CASTING),1,MCH,VMC Heavy Face Milling & Edge Truing,2,VEN0000002,Apex Precision VMC Machinists,Rough & finish top/bottom platen face to 0.02mm flat
4110015000,A-10022,BARREL PLATE - 635 (STOCK-210),4001009600,,BARREL PLATE - 280 (STOCK-150) (CASTING),2,BOR,Precision CNC Boring (Tie Bar & Bush Bores),3,VEN0000002,Apex Precision VMC Machinists,Bore 4x Tie bar holes to H7 tolerance
4110015000,A-10022,BARREL PLATE - 635 (STOCK-210),4001009600,,BARREL PLATE - 280 (STOCK-150) (CASTING),3,DRL,CNC Drilling & Tapping (PCD Clamp Holes),1,VEN0000002,Apex Precision VMC Machinists,M16 mould clamp tapped holes as per drawing
4110015000,A-10022,BARREL PLATE - 635 (STOCK-210),4001009600,,BARREL PLATE - 280 (STOCK-150) (CASTING),4,HT,Stress Relieving & Normalizing Heat Treatment,2,VEN0000004,Gujarat Heat Treaters & Nitriding,Normalize thermal stress at 550°C
4110015000,A-10022,BARREL PLATE - 635 (STOCK-210),4001009600,,BARREL PLATE - 280 (STOCK-150) (CASTING),5,GRD,Cylindrical & Precision Surface Grinding,1,VEN0000006,Sardar Cylindrical & Surface Grinding,Precision surface grind & rust preventive oil
4110015100,A-10111,INJECTION CYLINDER FRONT CAP - 635,,,INJECTION CYLINDER FRONT CAP - 635 (CASTING/RAW MATERIAL),1,MCH,VMC Heavy Face Milling & Edge Truing,2,VEN0000002,Apex Precision VMC Machinists,Rough & finish top/bottom platen face to 0.02mm flat
4110015100,A-10111,INJECTION CYLINDER FRONT CAP - 635,,,INJECTION CYLINDER FRONT CAP - 635 (CASTING/RAW MATERIAL),2,BOR,Precision CNC Boring (Tie Bar & Bush Bores),3,VEN0000002,Apex Precision VMC Machinists,Bore 4x Tie bar holes to H7 tolerance
4110015100,A-10111,INJECTION CYLINDER FRONT CAP - 635,,,INJECTION CYLINDER FRONT CAP - 635 (CASTING/RAW MATERIAL),3,DRL,CNC Drilling & Tapping (PCD Clamp Holes),1,VEN0000002,Apex Precision VMC Machinists,M16 mould clamp tapped holes as per drawing
4110015100,A-10111,INJECTION CYLINDER FRONT CAP - 635,,,INJECTION CYLINDER FRONT CAP - 635 (CASTING/RAW MATERIAL),4,HT,Stress Relieving & Normalizing Heat Treatment,2,VEN0000004,Gujarat Heat Treaters & Nitriding,Normalize thermal stress at 550°C
4110015100,A-10111,INJECTION CYLINDER FRONT CAP - 635,,,INJECTION CYLINDER FRONT CAP - 635 (CASTING/RAW MATERIAL),5,GRD,Cylindrical & Precision Surface Grinding,1,VEN0000006,Sardar Cylindrical & Surface Grinding,Precision surface grind & rust preventive oil
4110015200,A-10105,INJECTION CYLINDER END CAP - 635,,,INJECTION CYLINDER END CAP - 635 (CASTING/RAW MATERIAL),1,MCH,VMC Heavy Face Milling & Edge Truing,2,VEN0000002,Apex Precision VMC Machinists,Rough & finish top/bottom platen face to 0.02mm flat
4110015200,A-10105,INJECTION CYLINDER END CAP - 635,,,INJECTION CYLINDER END CAP - 635 (CASTING/RAW MATERIAL),2,BOR,Precision CNC Boring (Tie Bar & Bush Bores),3,VEN0000002,Apex Precision VMC Machinists,Bore 4x Tie bar holes to H7 tolerance
4110015200,A-10105,INJECTION CYLINDER END CAP - 635,,,INJECTION CYLINDER END CAP - 635 (CASTING/RAW MATERIAL),3,DRL,CNC Drilling & Tapping (PCD Clamp Holes),1,VEN0000002,Apex Precision VMC Machinists,M16 mould clamp tapped holes as per drawing
4110015200,A-10105,INJECTION CYLINDER END CAP - 635,,,INJECTION CYLINDER END CAP - 635 (CASTING/RAW MATERIAL),4,HT,Stress Relieving & Normalizing Heat Treatment,2,VEN0000004,Gujarat Heat Treaters & Nitriding,Normalize thermal stress at 550°C
4110015200,A-10105,INJECTION CYLINDER END CAP - 635,,,INJECTION CYLINDER END CAP - 635 (CASTING/RAW MATERIAL),5,GRD,Cylindrical & Precision Surface Grinding,1,VEN0000006,Sardar Cylindrical & Surface Grinding,Precision surface grind & rust preventive oil
4110015300,A-10093,INJECTION CYLINDER ROD - 635,4001012500,,INJECTION CYLINDER ROD NUT RETAINER - 280 (CASTING),1,MCH,VMC Heavy Face Milling & Edge Truing,2,VEN0000002,Apex Precision VMC Machinists,Rough & finish top/bottom platen face to 0.02mm flat
4110015300,A-10093,INJECTION CYLINDER ROD - 635,4001012500,,INJECTION CYLINDER ROD NUT RETAINER - 280 (CASTING),2,BOR,Precision CNC Boring (Tie Bar & Bush Bores),3,VEN0000002,Apex Precision VMC Machinists,Bore 4x Tie bar holes to H7 tolerance
4110015300,A-10093,INJECTION CYLINDER ROD - 635,4001012500,,INJECTION CYLINDER ROD NUT RETAINER - 280 (CASTING),3,DRL,CNC Drilling & Tapping (PCD Clamp Holes),1,VEN0000002,Apex Precision VMC Machinists,M16 mould clamp tapped holes as per drawing
4110015300,A-10093,INJECTION CYLINDER ROD - 635,4001012500,,INJECTION CYLINDER ROD NUT RETAINER - 280 (CASTING),4,HT,Stress Relieving & Normalizing Heat Treatment,2,VEN0000004,Gujarat Heat Treaters & Nitriding,Normalize thermal stress at 550°C
4110015300,A-10093,INJECTION CYLINDER ROD - 635,4001012500,,INJECTION CYLINDER ROD NUT RETAINER - 280 (CASTING),5,GRD,Cylindrical & Precision Surface Grinding,1,VEN0000006,Sardar Cylindrical & Surface Grinding,Precision surface grind & rust preventive oil
4110015400,A-10099,INJECTION PISTON Ø125 - 635,,,INJECTION PISTON Ø125 - 635 (CASTING/RAW MATERIAL),1,MCH,VMC Heavy Face Milling & Edge Truing,2,VEN0000002,Apex Precision VMC Machinists,Rough & finish top/bottom platen face to 0.02mm flat
4110015400,A-10099,INJECTION PISTON Ø125 - 635,,,INJECTION PISTON Ø125 - 635 (CASTING/RAW MATERIAL),2,BOR,Precision CNC Boring (Tie Bar & Bush Bores),3,VEN0000002,Apex Precision VMC Machinists,Bore 4x Tie bar holes to H7 tolerance
4110015400,A-10099,INJECTION PISTON Ø125 - 635,,,INJECTION PISTON Ø125 - 635 (CASTING/RAW MATERIAL),3,DRL,CNC Drilling & Tapping (PCD Clamp Holes),1,VEN0000002,Apex Precision VMC Machinists,M16 mould clamp tapped holes as per drawing
4110015400,A-10099,INJECTION PISTON Ø125 - 635,,,INJECTION PISTON Ø125 - 635 (CASTING/RAW MATERIAL),4,HT,Stress Relieving & Normalizing Heat Treatment,2,VEN0000004,Gujarat Heat Treaters & Nitriding,Normalize thermal stress at 550°C
4110015400,A-10099,INJECTION PISTON Ø125 - 635,,,INJECTION PISTON Ø125 - 635 (CASTING/RAW MATERIAL),5,GRD,Cylindrical & Precision Surface Grinding,1,VEN0000006,Sardar Cylindrical & Surface Grinding,Precision surface grind & rust preventive oil
4110015500,A-10313,HYDRAULIC ROD BUSH - Ø60,,,HYDRAULIC ROD BUSH - Ø60 (CASTING/RAW MATERIAL),1,MCH,VMC Heavy Face Milling & Edge Truing,2,VEN0000002,Apex Precision VMC Machinists,Rough & finish top/bottom platen face to 0.02mm flat
4110015500,A-10313,HYDRAULIC ROD BUSH - Ø60,,,HYDRAULIC ROD BUSH - Ø60 (CASTING/RAW MATERIAL),2,BOR,Precision CNC Boring (Tie Bar & Bush Bores),3,VEN0000002,Apex Precision VMC Machinists,Bore 4x Tie bar holes to H7 tolerance
4110015500,A-10313,HYDRAULIC ROD BUSH - Ø60,,,HYDRAULIC ROD BUSH - Ø60 (CASTING/RAW MATERIAL),3,DRL,CNC Drilling & Tapping (PCD Clamp Holes),1,VEN0000002,Apex Precision VMC Machinists,M16 mould clamp tapped holes as per drawing
4110015500,A-10313,HYDRAULIC ROD BUSH - Ø60,,,HYDRAULIC ROD BUSH - Ø60 (CASTING/RAW MATERIAL),4,HT,Stress Relieving & Normalizing Heat Treatment,2,VEN0000004,Gujarat Heat Treaters & Nitriding,Normalize thermal stress at 550°C
4110015500,A-10313,HYDRAULIC ROD BUSH - Ø60,,,HYDRAULIC ROD BUSH - Ø60 (CASTING/RAW MATERIAL),5,GRD,Cylindrical & Precision Surface Grinding,1,VEN0000006,Sardar Cylindrical & Surface Grinding,Precision surface grind & rust preventive oil
4110015600,A-10027,BEARING HOUSING - 635,4001011200,,BEARING HOUSING - 280 (CASTING),1,MCH,VMC Heavy Face Milling & Edge Truing,2,VEN0000002,Apex Precision VMC Machinists,Rough & finish top/bottom platen face to 0.02mm flat
4110015600,A-10027,BEARING HOUSING - 635,4001011200,,BEARING HOUSING - 280 (CASTING),2,BOR,Precision CNC Boring (Tie Bar & Bush Bores),3,VEN0000002,Apex Precision VMC Machinists,Bore 4x Tie bar holes to H7 tolerance
4110015600,A-10027,BEARING HOUSING - 635,4001011200,,BEARING HOUSING - 280 (CASTING),3,DRL,CNC Drilling & Tapping (PCD Clamp Holes),1,VEN0000002,Apex Precision VMC Machinists,M16 mould clamp tapped holes as per drawing
4110015600,A-10027,BEARING HOUSING - 635,4001011200,,BEARING HOUSING - 280 (CASTING),4,HT,Stress Relieving & Normalizing Heat Treatment,2,VEN0000004,Gujarat Heat Treaters & Nitriding,Normalize thermal stress at 550°C
4110015600,A-10027,BEARING HOUSING - 635,4001011200,,BEARING HOUSING - 280 (CASTING),5,GRD,Cylindrical & Precision Surface Grinding,1,VEN0000006,Sardar Cylindrical & Surface Grinding,Precision surface grind & rust preventive oil
4110015700,A-10040,SCREW DRIVE SHAFT - 635,,,SCREW DRIVE SHAFT - 635 (CASTING/RAW MATERIAL),1,MCH,VMC Heavy Face Milling & Edge Truing,2,VEN0000002,Apex Precision VMC Machinists,Rough & finish top/bottom platen face to 0.02mm flat
4110015700,A-10040,SCREW DRIVE SHAFT - 635,,,SCREW DRIVE SHAFT - 635 (CASTING/RAW MATERIAL),2,BOR,Precision CNC Boring (Tie Bar & Bush Bores),3,VEN0000002,Apex Precision VMC Machinists,Bore 4x Tie bar holes to H7 tolerance
4110015700,A-10040,SCREW DRIVE SHAFT - 635,,,SCREW DRIVE SHAFT - 635 (CASTING/RAW MATERIAL),3,DRL,CNC Drilling & Tapping (PCD Clamp Holes),1,VEN0000002,Apex Precision VMC Machinists,M16 mould clamp tapped holes as per drawing
4110015700,A-10040,SCREW DRIVE SHAFT - 635,,,SCREW DRIVE SHAFT - 635 (CASTING/RAW MATERIAL),4,HT,Stress Relieving & Normalizing Heat Treatment,2,VEN0000004,Gujarat Heat Treaters & Nitriding,Normalize thermal stress at 550°C
4110015700,A-10040,SCREW DRIVE SHAFT - 635,,,SCREW DRIVE SHAFT - 635 (CASTING/RAW MATERIAL),5,GRD,Cylindrical & Precision Surface Grinding,1,VEN0000006,Sardar Cylindrical & Surface Grinding,Precision surface grind & rust preventive oil
4110015800,A-10077,DRIVE SHAFT OIL SEAL FLANGE - 635,,,DRIVE SHAFT OIL SEAL FLANGE - 635 (CASTING/RAW MATERIAL),1,MCH,VMC Heavy Face Milling & Edge Truing,2,VEN0000002,Apex Precision VMC Machinists,Rough & finish top/bottom platen face to 0.02mm flat
4110015800,A-10077,DRIVE SHAFT OIL SEAL FLANGE - 635,,,DRIVE SHAFT OIL SEAL FLANGE - 635 (CASTING/RAW MATERIAL),2,BOR,Precision CNC Boring (Tie Bar & Bush Bores),3,VEN0000002,Apex Precision VMC Machinists,Bore 4x Tie bar holes to H7 tolerance
4110015800,A-10077,DRIVE SHAFT OIL SEAL FLANGE - 635,,,DRIVE SHAFT OIL SEAL FLANGE - 635 (CASTING/RAW MATERIAL),3,DRL,CNC Drilling & Tapping (PCD Clamp Holes),1,VEN0000002,Apex Precision VMC Machinists,M16 mould clamp tapped holes as per drawing
4110015800,A-10077,DRIVE SHAFT OIL SEAL FLANGE - 635,,,DRIVE SHAFT OIL SEAL FLANGE - 635 (CASTING/RAW MATERIAL),4,HT,Stress Relieving & Normalizing Heat Treatment,2,VEN0000004,Gujarat Heat Treaters & Nitriding,Normalize thermal stress at 550°C
4110015800,A-10077,DRIVE SHAFT OIL SEAL FLANGE - 635,,,DRIVE SHAFT OIL SEAL FLANGE - 635 (CASTING/RAW MATERIAL),5,GRD,Cylindrical & Precision Surface Grinding,1,VEN0000006,Sardar Cylindrical & Surface Grinding,Precision surface grind & rust preventive oil
4020101200,A-10036,DRIVE SHAFT NUT - 635 (M80 X 3),,,DRIVE SHAFT NUT - 635 (M80 X 3) (CASTING/RAW MATERIAL),1,MCH,VMC Heavy Face Milling & Edge Truing,2,VEN0000002,Apex Precision VMC Machinists,Rough & finish top/bottom platen face to 0.02mm flat
4020101200,A-10036,DRIVE SHAFT NUT - 635 (M80 X 3),,,DRIVE SHAFT NUT - 635 (M80 X 3) (CASTING/RAW MATERIAL),2,BOR,Precision CNC Boring (Tie Bar & Bush Bores),3,VEN0000002,Apex Precision VMC Machinists,Bore 4x Tie bar holes to H7 tolerance
4020101200,A-10036,DRIVE SHAFT NUT - 635 (M80 X 3),,,DRIVE SHAFT NUT - 635 (M80 X 3) (CASTING/RAW MATERIAL),3,DRL,CNC Drilling & Tapping (PCD Clamp Holes),1,VEN0000002,Apex Precision VMC Machinists,M16 mould clamp tapped holes as per drawing
4020101200,A-10036,DRIVE SHAFT NUT - 635 (M80 X 3),,,DRIVE SHAFT NUT - 635 (M80 X 3) (CASTING/RAW MATERIAL),4,HT,Stress Relieving & Normalizing Heat Treatment,2,VEN0000004,Gujarat Heat Treaters & Nitriding,Normalize thermal stress at 550°C
4020101200,A-10036,DRIVE SHAFT NUT - 635 (M80 X 3),,,DRIVE SHAFT NUT - 635 (M80 X 3) (CASTING/RAW MATERIAL),5,GRD,Cylindrical & Precision Surface Grinding,1,VEN0000006,Sardar Cylindrical & Surface Grinding,Precision surface grind & rust preventive oil
4020101300,A-10032,DRIVE SHAFT CHECK NUT - 635 (M80 X 3),,,DRIVE SHAFT CHECK NUT - 635 (M80 X 3) (CASTING/RAW MATERIAL),1,MCH,VMC Heavy Face Milling & Edge Truing,2,VEN0000002,Apex Precision VMC Machinists,Rough & finish top/bottom platen face to 0.02mm flat
4020101300,A-10032,DRIVE SHAFT CHECK NUT - 635 (M80 X 3),,,DRIVE SHAFT CHECK NUT - 635 (M80 X 3) (CASTING/RAW MATERIAL),2,BOR,Precision CNC Boring (Tie Bar & Bush Bores),3,VEN0000002,Apex Precision VMC Machinists,Bore 4x Tie bar holes to H7 tolerance
4020101300,A-10032,DRIVE SHAFT CHECK NUT - 635 (M80 X 3),,,DRIVE SHAFT CHECK NUT - 635 (M80 X 3) (CASTING/RAW MATERIAL),3,DRL,CNC Drilling & Tapping (PCD Clamp Holes),1,VEN0000002,Apex Precision VMC Machinists,M16 mould clamp tapped holes as per drawing
4020101300,A-10032,DRIVE SHAFT CHECK NUT - 635 (M80 X 3),,,DRIVE SHAFT CHECK NUT - 635 (M80 X 3) (CASTING/RAW MATERIAL),4,HT,Stress Relieving & Normalizing Heat Treatment,2,VEN0000004,Gujarat Heat Treaters & Nitriding,Normalize thermal stress at 550°C
4020101300,A-10032,DRIVE SHAFT CHECK NUT - 635 (M80 X 3),,,DRIVE SHAFT CHECK NUT - 635 (M80 X 3) (CASTING/RAW MATERIAL),5,GRD,Cylindrical & Precision Surface Grinding,1,VEN0000006,Sardar Cylindrical & Surface Grinding,Precision surface grind & rust preventive oil
2000210800,B-10080,BARREL PLATE ASSY - 905 (STOCK-245),,,BARREL PLATE ASSY - 905 (STOCK-245) (CASTING/RAW MATERIAL),1,MCH,VMC Heavy Face Milling & Edge Truing,2,VEN0000002,Apex Precision VMC Machinists,Rough & finish top/bottom platen face to 0.02mm flat
2000210800,B-10080,BARREL PLATE ASSY - 905 (STOCK-245),,,BARREL PLATE ASSY - 905 (STOCK-245) (CASTING/RAW MATERIAL),2,BOR,Precision CNC Boring (Tie Bar & Bush Bores),3,VEN0000002,Apex Precision VMC Machinists,Bore 4x Tie bar holes to H7 tolerance
2000210800,B-10080,BARREL PLATE ASSY - 905 (STOCK-245),,,BARREL PLATE ASSY - 905 (STOCK-245) (CASTING/RAW MATERIAL),3,DRL,CNC Drilling & Tapping (PCD Clamp Holes),1,VEN0000002,Apex Precision VMC Machinists,M16 mould clamp tapped holes as per drawing
2000210800,B-10080,BARREL PLATE ASSY - 905 (STOCK-245),,,BARREL PLATE ASSY - 905 (STOCK-245) (CASTING/RAW MATERIAL),4,HT,Stress Relieving & Normalizing Heat Treatment,2,VEN0000004,Gujarat Heat Treaters & Nitriding,Normalize thermal stress at 550°C
2000210800,B-10080,BARREL PLATE ASSY - 905 (STOCK-245),,,BARREL PLATE ASSY - 905 (STOCK-245) (CASTING/RAW MATERIAL),5,GRD,Cylindrical & Precision Surface Grinding,1,VEN0000006,Sardar Cylindrical & Surface Grinding,Precision surface grind & rust preventive oil
4020100900,A-10088,INJECTION CYLINDER ROD NUT - 905 (M60 X 2),4001012500,,INJECTION CYLINDER ROD NUT RETAINER - 280 (CASTING),1,MCH,VMC Heavy Face Milling & Edge Truing,2,VEN0000002,Apex Precision VMC Machinists,Rough & finish top/bottom platen face to 0.02mm flat
4020100900,A-10088,INJECTION CYLINDER ROD NUT - 905 (M60 X 2),4001012500,,INJECTION CYLINDER ROD NUT RETAINER - 280 (CASTING),2,BOR,Precision CNC Boring (Tie Bar & Bush Bores),3,VEN0000002,Apex Precision VMC Machinists,Bore 4x Tie bar holes to H7 tolerance
4020100900,A-10088,INJECTION CYLINDER ROD NUT - 905 (M60 X 2),4001012500,,INJECTION CYLINDER ROD NUT RETAINER - 280 (CASTING),3,DRL,CNC Drilling & Tapping (PCD Clamp Holes),1,VEN0000002,Apex Precision VMC Machinists,M16 mould clamp tapped holes as per drawing
4020100900,A-10088,INJECTION CYLINDER ROD NUT - 905 (M60 X 2),4001012500,,INJECTION CYLINDER ROD NUT RETAINER - 280 (CASTING),4,HT,Stress Relieving & Normalizing Heat Treatment,2,VEN0000004,Gujarat Heat Treaters & Nitriding,Normalize thermal stress at 550°C
4020100900,A-10088,INJECTION CYLINDER ROD NUT - 905 (M60 X 2),4001012500,,INJECTION CYLINDER ROD NUT RETAINER - 280 (CASTING),5,GRD,Cylindrical & Precision Surface Grinding,1,VEN0000006,Sardar Cylindrical & Surface Grinding,Precision surface grind & rust preventive oil
4110020300,A-10012,INJECTION GUIDE ROD SUPPORT Ø70 - 905,4001013400,,INJECTION GUIDE ROD SUPPORT Ø70 - 905 (CASTING),1,MCH,VMC Heavy Face Milling & Edge Truing,2,VEN0000002,Apex Precision VMC Machinists,Rough & finish top/bottom platen face to 0.02mm flat
4110020300,A-10012,INJECTION GUIDE ROD SUPPORT Ø70 - 905,4001013400,,INJECTION GUIDE ROD SUPPORT Ø70 - 905 (CASTING),2,BOR,Precision CNC Boring (Tie Bar & Bush Bores),3,VEN0000002,Apex Precision VMC Machinists,Bore 4x Tie bar holes to H7 tolerance
4110020300,A-10012,INJECTION GUIDE ROD SUPPORT Ø70 - 905,4001013400,,INJECTION GUIDE ROD SUPPORT Ø70 - 905 (CASTING),3,DRL,CNC Drilling & Tapping (PCD Clamp Holes),1,VEN0000002,Apex Precision VMC Machinists,M16 mould clamp tapped holes as per drawing
4110020300,A-10012,INJECTION GUIDE ROD SUPPORT Ø70 - 905,4001013400,,INJECTION GUIDE ROD SUPPORT Ø70 - 905 (CASTING),4,HT,Stress Relieving & Normalizing Heat Treatment,2,VEN0000004,Gujarat Heat Treaters & Nitriding,Normalize thermal stress at 550°C
4110020300,A-10012,INJECTION GUIDE ROD SUPPORT Ø70 - 905,4001013400,,INJECTION GUIDE ROD SUPPORT Ø70 - 905 (CASTING),5,GRD,Cylindrical & Precision Surface Grinding,1,VEN0000006,Sardar Cylindrical & Surface Grinding,Precision surface grind & rust preventive oil
4110020400,A-10017,INJECTION GUIDE ROD Ø70 - 905,,,INJECTION GUIDE ROD Ø70 - 905 (CASTING/RAW MATERIAL),1,MCH,VMC Heavy Face Milling & Edge Truing,2,VEN0000002,Apex Precision VMC Machinists,Rough & finish top/bottom platen face to 0.02mm flat
4110020400,A-10017,INJECTION GUIDE ROD Ø70 - 905,,,INJECTION GUIDE ROD Ø70 - 905 (CASTING/RAW MATERIAL),2,BOR,Precision CNC Boring (Tie Bar & Bush Bores),3,VEN0000002,Apex Precision VMC Machinists,Bore 4x Tie bar holes to H7 tolerance
4110020400,A-10017,INJECTION GUIDE ROD Ø70 - 905,,,INJECTION GUIDE ROD Ø70 - 905 (CASTING/RAW MATERIAL),3,DRL,CNC Drilling & Tapping (PCD Clamp Holes),1,VEN0000002,Apex Precision VMC Machinists,M16 mould clamp tapped holes as per drawing
4110020400,A-10017,INJECTION GUIDE ROD Ø70 - 905,,,INJECTION GUIDE ROD Ø70 - 905 (CASTING/RAW MATERIAL),4,HT,Stress Relieving & Normalizing Heat Treatment,2,VEN0000004,Gujarat Heat Treaters & Nitriding,Normalize thermal stress at 550°C
4110020400,A-10017,INJECTION GUIDE ROD Ø70 - 905,,,INJECTION GUIDE ROD Ø70 - 905 (CASTING/RAW MATERIAL),5,GRD,Cylindrical & Precision Surface Grinding,1,VEN0000006,Sardar Cylindrical & Surface Grinding,Precision surface grind & rust preventive oil
4110020500,A-10083,INJECTION CYLINDER ROD NUT RETAINER - 905,4001012500,,INJECTION CYLINDER ROD NUT RETAINER - 280 (CASTING),1,MCH,VMC Heavy Face Milling & Edge Truing,2,VEN0000002,Apex Precision VMC Machinists,Rough & finish top/bottom platen face to 0.02mm flat
4110020500,A-10083,INJECTION CYLINDER ROD NUT RETAINER - 905,4001012500,,INJECTION CYLINDER ROD NUT RETAINER - 280 (CASTING),2,BOR,Precision CNC Boring (Tie Bar & Bush Bores),3,VEN0000002,Apex Precision VMC Machinists,Bore 4x Tie bar holes to H7 tolerance
4110020500,A-10083,INJECTION CYLINDER ROD NUT RETAINER - 905,4001012500,,INJECTION CYLINDER ROD NUT RETAINER - 280 (CASTING),3,DRL,CNC Drilling & Tapping (PCD Clamp Holes),1,VEN0000002,Apex Precision VMC Machinists,M16 mould clamp tapped holes as per drawing
4110020500,A-10083,INJECTION CYLINDER ROD NUT RETAINER - 905,4001012500,,INJECTION CYLINDER ROD NUT RETAINER - 280 (CASTING),4,HT,Stress Relieving & Normalizing Heat Treatment,2,VEN0000004,Gujarat Heat Treaters & Nitriding,Normalize thermal stress at 550°C
4110020500,A-10083,INJECTION CYLINDER ROD NUT RETAINER - 905,4001012500,,INJECTION CYLINDER ROD NUT RETAINER - 280 (CASTING),5,GRD,Cylindrical & Precision Surface Grinding,1,VEN0000006,Sardar Cylindrical & Surface Grinding,Precision surface grind & rust preventive oil
7000101900,,FASTENER KIT BARREL PLATE ASSY - 905,,,FASTENER KIT BARREL PLATE ASSY - 905 (CASTING/RAW MATERIAL),1,MCH,VMC Heavy Face Milling & Edge Truing,2,VEN0000002,Apex Precision VMC Machinists,Rough & finish top/bottom platen face to 0.02mm flat
7000101900,,FASTENER KIT BARREL PLATE ASSY - 905,,,FASTENER KIT BARREL PLATE ASSY - 905 (CASTING/RAW MATERIAL),2,BOR,Precision CNC Boring (Tie Bar & Bush Bores),3,VEN0000002,Apex Precision VMC Machinists,Bore 4x Tie bar holes to H7 tolerance
7000101900,,FASTENER KIT BARREL PLATE ASSY - 905,,,FASTENER KIT BARREL PLATE ASSY - 905 (CASTING/RAW MATERIAL),3,DRL,CNC Drilling & Tapping (PCD Clamp Holes),1,VEN0000002,Apex Precision VMC Machinists,M16 mould clamp tapped holes as per drawing
7000101900,,FASTENER KIT BARREL PLATE ASSY - 905,,,FASTENER KIT BARREL PLATE ASSY - 905 (CASTING/RAW MATERIAL),4,HT,Stress Relieving & Normalizing Heat Treatment,2,VEN0000004,Gujarat Heat Treaters & Nitriding,Normalize thermal stress at 550°C
7000101900,,FASTENER KIT BARREL PLATE ASSY - 905,,,FASTENER KIT BARREL PLATE ASSY - 905 (CASTING/RAW MATERIAL),5,GRD,Cylindrical & Precision Surface Grinding,1,VEN0000006,Sardar Cylindrical & Surface Grinding,Precision surface grind & rust preventive oil
4110020600,A-10023,BARREL PLATE - 905 (STOCK-245),4001009600,,BARREL PLATE - 280 (STOCK-150) (CASTING),1,MCH,VMC Heavy Face Milling & Edge Truing,2,VEN0000002,Apex Precision VMC Machinists,Rough & finish top/bottom platen face to 0.02mm flat
4110020600,A-10023,BARREL PLATE - 905 (STOCK-245),4001009600,,BARREL PLATE - 280 (STOCK-150) (CASTING),2,BOR,Precision CNC Boring (Tie Bar & Bush Bores),3,VEN0000002,Apex Precision VMC Machinists,Bore 4x Tie bar holes to H7 tolerance
4110020600,A-10023,BARREL PLATE - 905 (STOCK-245),4001009600,,BARREL PLATE - 280 (STOCK-150) (CASTING),3,DRL,CNC Drilling & Tapping (PCD Clamp Holes),1,VEN0000002,Apex Precision VMC Machinists,M16 mould clamp tapped holes as per drawing
4110020600,A-10023,BARREL PLATE - 905 (STOCK-245),4001009600,,BARREL PLATE - 280 (STOCK-150) (CASTING),4,HT,Stress Relieving & Normalizing Heat Treatment,2,VEN0000004,Gujarat Heat Treaters & Nitriding,Normalize thermal stress at 550°C
4110020600,A-10023,BARREL PLATE - 905 (STOCK-245),4001009600,,BARREL PLATE - 280 (STOCK-150) (CASTING),5,GRD,Cylindrical & Precision Surface Grinding,1,VEN0000006,Sardar Cylindrical & Surface Grinding,Precision surface grind & rust preventive oil
4110020700,A-10112,INJECTION CYLINDER FRONT CAP - 905,,,INJECTION CYLINDER FRONT CAP - 905 (CASTING/RAW MATERIAL),1,MCH,VMC Heavy Face Milling & Edge Truing,2,VEN0000002,Apex Precision VMC Machinists,Rough & finish top/bottom platen face to 0.02mm flat
4110020700,A-10112,INJECTION CYLINDER FRONT CAP - 905,,,INJECTION CYLINDER FRONT CAP - 905 (CASTING/RAW MATERIAL),2,BOR,Precision CNC Boring (Tie Bar & Bush Bores),3,VEN0000002,Apex Precision VMC Machinists,Bore 4x Tie bar holes to H7 tolerance
4110020700,A-10112,INJECTION CYLINDER FRONT CAP - 905,,,INJECTION CYLINDER FRONT CAP - 905 (CASTING/RAW MATERIAL),3,DRL,CNC Drilling & Tapping (PCD Clamp Holes),1,VEN0000002,Apex Precision VMC Machinists,M16 mould clamp tapped holes as per drawing
4110020700,A-10112,INJECTION CYLINDER FRONT CAP - 905,,,INJECTION CYLINDER FRONT CAP - 905 (CASTING/RAW MATERIAL),4,HT,Stress Relieving & Normalizing Heat Treatment,2,VEN0000004,Gujarat Heat Treaters & Nitriding,Normalize thermal stress at 550°C
4110020700,A-10112,INJECTION CYLINDER FRONT CAP - 905,,,INJECTION CYLINDER FRONT CAP - 905 (CASTING/RAW MATERIAL),5,GRD,Cylindrical & Precision Surface Grinding,1,VEN0000006,Sardar Cylindrical & Surface Grinding,Precision surface grind & rust preventive oil
4110020800,A-10106,INJECTION CYLINDER END CAP - 905,,,INJECTION CYLINDER END CAP - 905 (CASTING/RAW MATERIAL),1,MCH,VMC Heavy Face Milling & Edge Truing,2,VEN0000002,Apex Precision VMC Machinists,Rough & finish top/bottom platen face to 0.02mm flat
4110020800,A-10106,INJECTION CYLINDER END CAP - 905,,,INJECTION CYLINDER END CAP - 905 (CASTING/RAW MATERIAL),2,BOR,Precision CNC Boring (Tie Bar & Bush Bores),3,VEN0000002,Apex Precision VMC Machinists,Bore 4x Tie bar holes to H7 tolerance
4110020800,A-10106,INJECTION CYLINDER END CAP - 905,,,INJECTION CYLINDER END CAP - 905 (CASTING/RAW MATERIAL),3,DRL,CNC Drilling & Tapping (PCD Clamp Holes),1,VEN0000002,Apex Precision VMC Machinists,M16 mould clamp tapped holes as per drawing
4110020800,A-10106,INJECTION CYLINDER END CAP - 905,,,INJECTION CYLINDER END CAP - 905 (CASTING/RAW MATERIAL),4,HT,Stress Relieving & Normalizing Heat Treatment,2,VEN0000004,Gujarat Heat Treaters & Nitriding,Normalize thermal stress at 550°C
4110020800,A-10106,INJECTION CYLINDER END CAP - 905,,,INJECTION CYLINDER END CAP - 905 (CASTING/RAW MATERIAL),5,GRD,Cylindrical & Precision Surface Grinding,1,VEN0000006,Sardar Cylindrical & Surface Grinding,Precision surface grind & rust preventive oil
4110020900,A-10094,INJECTION CYLINDER ROD - 905,4001012500,,INJECTION CYLINDER ROD NUT RETAINER - 280 (CASTING),1,MCH,VMC Heavy Face Milling & Edge Truing,2,VEN0000002,Apex Precision VMC Machinists,Rough & finish top/bottom platen face to 0.02mm flat
4110020900,A-10094,INJECTION CYLINDER ROD - 905,4001012500,,INJECTION CYLINDER ROD NUT RETAINER - 280 (CASTING),2,BOR,Precision CNC Boring (Tie Bar & Bush Bores),3,VEN0000002,Apex Precision VMC Machinists,Bore 4x Tie bar holes to H7 tolerance
4110020900,A-10094,INJECTION CYLINDER ROD - 905,4001012500,,INJECTION CYLINDER ROD NUT RETAINER - 280 (CASTING),3,DRL,CNC Drilling & Tapping (PCD Clamp Holes),1,VEN0000002,Apex Precision VMC Machinists,M16 mould clamp tapped holes as per drawing
4110020900,A-10094,INJECTION CYLINDER ROD - 905,4001012500,,INJECTION CYLINDER ROD NUT RETAINER - 280 (CASTING),4,HT,Stress Relieving & Normalizing Heat Treatment,2,VEN0000004,Gujarat Heat Treaters & Nitriding,Normalize thermal stress at 550°C
4110020900,A-10094,INJECTION CYLINDER ROD - 905,4001012500,,INJECTION CYLINDER ROD NUT RETAINER - 280 (CASTING),5,GRD,Cylindrical & Precision Surface Grinding,1,VEN0000006,Sardar Cylindrical & Surface Grinding,Precision surface grind & rust preventive oil
4110021000,A-10100,INJECTION PISTON Ø140 - 905,,,INJECTION PISTON Ø140 - 905 (CASTING/RAW MATERIAL),1,MCH,VMC Heavy Face Milling & Edge Truing,2,VEN0000002,Apex Precision VMC Machinists,Rough & finish top/bottom platen face to 0.02mm flat
4110021000,A-10100,INJECTION PISTON Ø140 - 905,,,INJECTION PISTON Ø140 - 905 (CASTING/RAW MATERIAL),2,BOR,Precision CNC Boring (Tie Bar & Bush Bores),3,VEN0000002,Apex Precision VMC Machinists,Bore 4x Tie bar holes to H7 tolerance
4110021000,A-10100,INJECTION PISTON Ø140 - 905,,,INJECTION PISTON Ø140 - 905 (CASTING/RAW MATERIAL),3,DRL,CNC Drilling & Tapping (PCD Clamp Holes),1,VEN0000002,Apex Precision VMC Machinists,M16 mould clamp tapped holes as per drawing
4110021000,A-10100,INJECTION PISTON Ø140 - 905,,,INJECTION PISTON Ø140 - 905 (CASTING/RAW MATERIAL),4,HT,Stress Relieving & Normalizing Heat Treatment,2,VEN0000004,Gujarat Heat Treaters & Nitriding,Normalize thermal stress at 550°C
4110021000,A-10100,INJECTION PISTON Ø140 - 905,,,INJECTION PISTON Ø140 - 905 (CASTING/RAW MATERIAL),5,GRD,Cylindrical & Precision Surface Grinding,1,VEN0000006,Sardar Cylindrical & Surface Grinding,Precision surface grind & rust preventive oil
4110021100,A-10314,HYDRAULIC ROD BUSH - Ø70,,,HYDRAULIC ROD BUSH - Ø70 (CASTING/RAW MATERIAL),1,MCH,VMC Heavy Face Milling & Edge Truing,2,VEN0000002,Apex Precision VMC Machinists,Rough & finish top/bottom platen face to 0.02mm flat
4110021100,A-10314,HYDRAULIC ROD BUSH - Ø70,,,HYDRAULIC ROD BUSH - Ø70 (CASTING/RAW MATERIAL),2,BOR,Precision CNC Boring (Tie Bar & Bush Bores),3,VEN0000002,Apex Precision VMC Machinists,Bore 4x Tie bar holes to H7 tolerance
4110021100,A-10314,HYDRAULIC ROD BUSH - Ø70,,,HYDRAULIC ROD BUSH - Ø70 (CASTING/RAW MATERIAL),3,DRL,CNC Drilling & Tapping (PCD Clamp Holes),1,VEN0000002,Apex Precision VMC Machinists,M16 mould clamp tapped holes as per drawing
4110021100,A-10314,HYDRAULIC ROD BUSH - Ø70,,,HYDRAULIC ROD BUSH - Ø70 (CASTING/RAW MATERIAL),4,HT,Stress Relieving & Normalizing Heat Treatment,2,VEN0000004,Gujarat Heat Treaters & Nitriding,Normalize thermal stress at 550°C
4110021100,A-10314,HYDRAULIC ROD BUSH - Ø70,,,HYDRAULIC ROD BUSH - Ø70 (CASTING/RAW MATERIAL),5,GRD,Cylindrical & Precision Surface Grinding,1,VEN0000006,Sardar Cylindrical & Surface Grinding,Precision surface grind & rust preventive oil
4110021200,A-10028,BEARING HOUSING - 905,4001011200,,BEARING HOUSING - 280 (CASTING),1,MCH,VMC Heavy Face Milling & Edge Truing,2,VEN0000002,Apex Precision VMC Machinists,Rough & finish top/bottom platen face to 0.02mm flat
4110021200,A-10028,BEARING HOUSING - 905,4001011200,,BEARING HOUSING - 280 (CASTING),2,BOR,Precision CNC Boring (Tie Bar & Bush Bores),3,VEN0000002,Apex Precision VMC Machinists,Bore 4x Tie bar holes to H7 tolerance
4110021200,A-10028,BEARING HOUSING - 905,4001011200,,BEARING HOUSING - 280 (CASTING),3,DRL,CNC Drilling & Tapping (PCD Clamp Holes),1,VEN0000002,Apex Precision VMC Machinists,M16 mould clamp tapped holes as per drawing
4110021200,A-10028,BEARING HOUSING - 905,4001011200,,BEARING HOUSING - 280 (CASTING),4,HT,Stress Relieving & Normalizing Heat Treatment,2,VEN0000004,Gujarat Heat Treaters & Nitriding,Normalize thermal stress at 550°C
4110021200,A-10028,BEARING HOUSING - 905,4001011200,,BEARING HOUSING - 280 (CASTING),5,GRD,Cylindrical & Precision Surface Grinding,1,VEN0000006,Sardar Cylindrical & Surface Grinding,Precision surface grind & rust preventive oil
4110021300,A-10041,SCREW DRIVE SHAFT - 905,,,SCREW DRIVE SHAFT - 905 (CASTING/RAW MATERIAL),1,MCH,VMC Heavy Face Milling & Edge Truing,2,VEN0000002,Apex Precision VMC Machinists,Rough & finish top/bottom platen face to 0.02mm flat
4110021300,A-10041,SCREW DRIVE SHAFT - 905,,,SCREW DRIVE SHAFT - 905 (CASTING/RAW MATERIAL),2,BOR,Precision CNC Boring (Tie Bar & Bush Bores),3,VEN0000002,Apex Precision VMC Machinists,Bore 4x Tie bar holes to H7 tolerance
4110021300,A-10041,SCREW DRIVE SHAFT - 905,,,SCREW DRIVE SHAFT - 905 (CASTING/RAW MATERIAL),3,DRL,CNC Drilling & Tapping (PCD Clamp Holes),1,VEN0000002,Apex Precision VMC Machinists,M16 mould clamp tapped holes as per drawing
4110021300,A-10041,SCREW DRIVE SHAFT - 905,,,SCREW DRIVE SHAFT - 905 (CASTING/RAW MATERIAL),4,HT,Stress Relieving & Normalizing Heat Treatment,2,VEN0000004,Gujarat Heat Treaters & Nitriding,Normalize thermal stress at 550°C
4110021300,A-10041,SCREW DRIVE SHAFT - 905,,,SCREW DRIVE SHAFT - 905 (CASTING/RAW MATERIAL),5,GRD,Cylindrical & Precision Surface Grinding,1,VEN0000006,Sardar Cylindrical & Surface Grinding,Precision surface grind & rust preventive oil
4110021400,A-10078,DRIVE SHAFT OIL SEAL FLANGE - 905,,,DRIVE SHAFT OIL SEAL FLANGE - 905 (CASTING/RAW MATERIAL),1,MCH,VMC Heavy Face Milling & Edge Truing,2,VEN0000002,Apex Precision VMC Machinists,Rough & finish top/bottom platen face to 0.02mm flat
4110021400,A-10078,DRIVE SHAFT OIL SEAL FLANGE - 905,,,DRIVE SHAFT OIL SEAL FLANGE - 905 (CASTING/RAW MATERIAL),2,BOR,Precision CNC Boring (Tie Bar & Bush Bores),3,VEN0000002,Apex Precision VMC Machinists,Bore 4x Tie bar holes to H7 tolerance
4110021400,A-10078,DRIVE SHAFT OIL SEAL FLANGE - 905,,,DRIVE SHAFT OIL SEAL FLANGE - 905 (CASTING/RAW MATERIAL),3,DRL,CNC Drilling & Tapping (PCD Clamp Holes),1,VEN0000002,Apex Precision VMC Machinists,M16 mould clamp tapped holes as per drawing
4110021400,A-10078,DRIVE SHAFT OIL SEAL FLANGE - 905,,,DRIVE SHAFT OIL SEAL FLANGE - 905 (CASTING/RAW MATERIAL),4,HT,Stress Relieving & Normalizing Heat Treatment,2,VEN0000004,Gujarat Heat Treaters & Nitriding,Normalize thermal stress at 550°C
4110021400,A-10078,DRIVE SHAFT OIL SEAL FLANGE - 905,,,DRIVE SHAFT OIL SEAL FLANGE - 905 (CASTING/RAW MATERIAL),5,GRD,Cylindrical & Precision Surface Grinding,1,VEN0000006,Sardar Cylindrical & Surface Grinding,Precision surface grind & rust preventive oil
2000211100,B-10081,BARREL PLATE ASSY - 1520 (STOCK-280),,,BARREL PLATE ASSY - 1520 (STOCK-280) (CASTING/RAW MATERIAL),1,MCH,VMC Heavy Face Milling & Edge Truing,2,VEN0000002,Apex Precision VMC Machinists,Rough & finish top/bottom platen face to 0.02mm flat
2000211100,B-10081,BARREL PLATE ASSY - 1520 (STOCK-280),,,BARREL PLATE ASSY - 1520 (STOCK-280) (CASTING/RAW MATERIAL),2,BOR,Precision CNC Boring (Tie Bar & Bush Bores),3,VEN0000002,Apex Precision VMC Machinists,Bore 4x Tie bar holes to H7 tolerance
2000211100,B-10081,BARREL PLATE ASSY - 1520 (STOCK-280),,,BARREL PLATE ASSY - 1520 (STOCK-280) (CASTING/RAW MATERIAL),3,DRL,CNC Drilling & Tapping (PCD Clamp Holes),1,VEN0000002,Apex Precision VMC Machinists,M16 mould clamp tapped holes as per drawing
2000211100,B-10081,BARREL PLATE ASSY - 1520 (STOCK-280),,,BARREL PLATE ASSY - 1520 (STOCK-280) (CASTING/RAW MATERIAL),4,HT,Stress Relieving & Normalizing Heat Treatment,2,VEN0000004,Gujarat Heat Treaters & Nitriding,Normalize thermal stress at 550°C
2000211100,B-10081,BARREL PLATE ASSY - 1520 (STOCK-280),,,BARREL PLATE ASSY - 1520 (STOCK-280) (CASTING/RAW MATERIAL),5,GRD,Cylindrical & Precision Surface Grinding,1,VEN0000006,Sardar Cylindrical & Surface Grinding,Precision surface grind & rust preventive oil
4110025500,A-10018,INJECTION GUIDE ROD Ø70 - 1520,,,INJECTION GUIDE ROD Ø70 - 1520 (CASTING/RAW MATERIAL),1,MCH,VMC Heavy Face Milling & Edge Truing,2,VEN0000002,Apex Precision VMC Machinists,Rough & finish top/bottom platen face to 0.02mm flat
4110025500,A-10018,INJECTION GUIDE ROD Ø70 - 1520,,,INJECTION GUIDE ROD Ø70 - 1520 (CASTING/RAW MATERIAL),2,BOR,Precision CNC Boring (Tie Bar & Bush Bores),3,VEN0000002,Apex Precision VMC Machinists,Bore 4x Tie bar holes to H7 tolerance
4110025500,A-10018,INJECTION GUIDE ROD Ø70 - 1520,,,INJECTION GUIDE ROD Ø70 - 1520 (CASTING/RAW MATERIAL),3,DRL,CNC Drilling & Tapping (PCD Clamp Holes),1,VEN0000002,Apex Precision VMC Machinists,M16 mould clamp tapped holes as per drawing
4110025500,A-10018,INJECTION GUIDE ROD Ø70 - 1520,,,INJECTION GUIDE ROD Ø70 - 1520 (CASTING/RAW MATERIAL),4,HT,Stress Relieving & Normalizing Heat Treatment,2,VEN0000004,Gujarat Heat Treaters & Nitriding,Normalize thermal stress at 550°C
4110025500,A-10018,INJECTION GUIDE ROD Ø70 - 1520,,,INJECTION GUIDE ROD Ø70 - 1520 (CASTING/RAW MATERIAL),5,GRD,Cylindrical & Precision Surface Grinding,1,VEN0000006,Sardar Cylindrical & Surface Grinding,Precision surface grind & rust preventive oil
4110025600,A-10084,INJECTION CYLINDER ROD NUT RETAINER - 1520,4001012500,,INJECTION CYLINDER ROD NUT RETAINER - 280 (CASTING),1,MCH,VMC Heavy Face Milling & Edge Truing,2,VEN0000002,Apex Precision VMC Machinists,Rough & finish top/bottom platen face to 0.02mm flat
4110025600,A-10084,INJECTION CYLINDER ROD NUT RETAINER - 1520,4001012500,,INJECTION CYLINDER ROD NUT RETAINER - 280 (CASTING),2,BOR,Precision CNC Boring (Tie Bar & Bush Bores),3,VEN0000002,Apex Precision VMC Machinists,Bore 4x Tie bar holes to H7 tolerance
4110025600,A-10084,INJECTION CYLINDER ROD NUT RETAINER - 1520,4001012500,,INJECTION CYLINDER ROD NUT RETAINER - 280 (CASTING),3,DRL,CNC Drilling & Tapping (PCD Clamp Holes),1,VEN0000002,Apex Precision VMC Machinists,M16 mould clamp tapped holes as per drawing
4110025600,A-10084,INJECTION CYLINDER ROD NUT RETAINER - 1520,4001012500,,INJECTION CYLINDER ROD NUT RETAINER - 280 (CASTING),4,HT,Stress Relieving & Normalizing Heat Treatment,2,VEN0000004,Gujarat Heat Treaters & Nitriding,Normalize thermal stress at 550°C
4110025600,A-10084,INJECTION CYLINDER ROD NUT RETAINER - 1520,4001012500,,INJECTION CYLINDER ROD NUT RETAINER - 280 (CASTING),5,GRD,Cylindrical & Precision Surface Grinding,1,VEN0000006,Sardar Cylindrical & Surface Grinding,Precision surface grind & rust preventive oil
7000102400,,FASTENER KIT BARREL PLATE ASSY - 1520,,,FASTENER KIT BARREL PLATE ASSY - 1520 (CASTING/RAW MATERIAL),1,MCH,VMC Heavy Face Milling & Edge Truing,2,VEN0000002,Apex Precision VMC Machinists,Rough & finish top/bottom platen face to 0.02mm flat
7000102400,,FASTENER KIT BARREL PLATE ASSY - 1520,,,FASTENER KIT BARREL PLATE ASSY - 1520 (CASTING/RAW MATERIAL),2,BOR,Precision CNC Boring (Tie Bar & Bush Bores),3,VEN0000002,Apex Precision VMC Machinists,Bore 4x Tie bar holes to H7 tolerance
7000102400,,FASTENER KIT BARREL PLATE ASSY - 1520,,,FASTENER KIT BARREL PLATE ASSY - 1520 (CASTING/RAW MATERIAL),3,DRL,CNC Drilling & Tapping (PCD Clamp Holes),1,VEN0000002,Apex Precision VMC Machinists,M16 mould clamp tapped holes as per drawing
7000102400,,FASTENER KIT BARREL PLATE ASSY - 1520,,,FASTENER KIT BARREL PLATE ASSY - 1520 (CASTING/RAW MATERIAL),4,HT,Stress Relieving & Normalizing Heat Treatment,2,VEN0000004,Gujarat Heat Treaters & Nitriding,Normalize thermal stress at 550°C
7000102400,,FASTENER KIT BARREL PLATE ASSY - 1520,,,FASTENER KIT BARREL PLATE ASSY - 1520 (CASTING/RAW MATERIAL),5,GRD,Cylindrical & Precision Surface Grinding,1,VEN0000006,Sardar Cylindrical & Surface Grinding,Precision surface grind & rust preventive oil
4110025700,A-10024,BARREL PLATE - 1520 (STOCK-280),4001009600,,BARREL PLATE - 280 (STOCK-150) (CASTING),1,MCH,VMC Heavy Face Milling & Edge Truing,2,VEN0000002,Apex Precision VMC Machinists,Rough & finish top/bottom platen face to 0.02mm flat
4110025700,A-10024,BARREL PLATE - 1520 (STOCK-280),4001009600,,BARREL PLATE - 280 (STOCK-150) (CASTING),2,BOR,Precision CNC Boring (Tie Bar & Bush Bores),3,VEN0000002,Apex Precision VMC Machinists,Bore 4x Tie bar holes to H7 tolerance
4110025700,A-10024,BARREL PLATE - 1520 (STOCK-280),4001009600,,BARREL PLATE - 280 (STOCK-150) (CASTING),3,DRL,CNC Drilling & Tapping (PCD Clamp Holes),1,VEN0000002,Apex Precision VMC Machinists,M16 mould clamp tapped holes as per drawing
4110025700,A-10024,BARREL PLATE - 1520 (STOCK-280),4001009600,,BARREL PLATE - 280 (STOCK-150) (CASTING),4,HT,Stress Relieving & Normalizing Heat Treatment,2,VEN0000004,Gujarat Heat Treaters & Nitriding,Normalize thermal stress at 550°C
4110025700,A-10024,BARREL PLATE - 1520 (STOCK-280),4001009600,,BARREL PLATE - 280 (STOCK-150) (CASTING),5,GRD,Cylindrical & Precision Surface Grinding,1,VEN0000006,Sardar Cylindrical & Surface Grinding,Precision surface grind & rust preventive oil
4110025800,A-10113,INJECTION CYLINDER FRONT CAP - 1520,,,INJECTION CYLINDER FRONT CAP - 1520 (CASTING/RAW MATERIAL),1,MCH,VMC Heavy Face Milling & Edge Truing,2,VEN0000002,Apex Precision VMC Machinists,Rough & finish top/bottom platen face to 0.02mm flat
4110025800,A-10113,INJECTION CYLINDER FRONT CAP - 1520,,,INJECTION CYLINDER FRONT CAP - 1520 (CASTING/RAW MATERIAL),2,BOR,Precision CNC Boring (Tie Bar & Bush Bores),3,VEN0000002,Apex Precision VMC Machinists,Bore 4x Tie bar holes to H7 tolerance
4110025800,A-10113,INJECTION CYLINDER FRONT CAP - 1520,,,INJECTION CYLINDER FRONT CAP - 1520 (CASTING/RAW MATERIAL),3,DRL,CNC Drilling & Tapping (PCD Clamp Holes),1,VEN0000002,Apex Precision VMC Machinists,M16 mould clamp tapped holes as per drawing
4110025800,A-10113,INJECTION CYLINDER FRONT CAP - 1520,,,INJECTION CYLINDER FRONT CAP - 1520 (CASTING/RAW MATERIAL),4,HT,Stress Relieving & Normalizing Heat Treatment,2,VEN0000004,Gujarat Heat Treaters & Nitriding,Normalize thermal stress at 550°C
4110025800,A-10113,INJECTION CYLINDER FRONT CAP - 1520,,,INJECTION CYLINDER FRONT CAP - 1520 (CASTING/RAW MATERIAL),5,GRD,Cylindrical & Precision Surface Grinding,1,VEN0000006,Sardar Cylindrical & Surface Grinding,Precision surface grind & rust preventive oil
4110025900,A-10107,INJECTION CYLINDER END CAP - 1520,,,INJECTION CYLINDER END CAP - 1520 (CASTING/RAW MATERIAL),1,MCH,VMC Heavy Face Milling & Edge Truing,2,VEN0000002,Apex Precision VMC Machinists,Rough & finish top/bottom platen face to 0.02mm flat
4110025900,A-10107,INJECTION CYLINDER END CAP - 1520,,,INJECTION CYLINDER END CAP - 1520 (CASTING/RAW MATERIAL),2,BOR,Precision CNC Boring (Tie Bar & Bush Bores),3,VEN0000002,Apex Precision VMC Machinists,Bore 4x Tie bar holes to H7 tolerance
4110025900,A-10107,INJECTION CYLINDER END CAP - 1520,,,INJECTION CYLINDER END CAP - 1520 (CASTING/RAW MATERIAL),3,DRL,CNC Drilling & Tapping (PCD Clamp Holes),1,VEN0000002,Apex Precision VMC Machinists,M16 mould clamp tapped holes as per drawing
4110025900,A-10107,INJECTION CYLINDER END CAP - 1520,,,INJECTION CYLINDER END CAP - 1520 (CASTING/RAW MATERIAL),4,HT,Stress Relieving & Normalizing Heat Treatment,2,VEN0000004,Gujarat Heat Treaters & Nitriding,Normalize thermal stress at 550°C
4110025900,A-10107,INJECTION CYLINDER END CAP - 1520,,,INJECTION CYLINDER END CAP - 1520 (CASTING/RAW MATERIAL),5,GRD,Cylindrical & Precision Surface Grinding,1,VEN0000006,Sardar Cylindrical & Surface Grinding,Precision surface grind & rust preventive oil
4110026000,A-10095,INJECTION CYLINDER ROD - 1520,4001012500,,INJECTION CYLINDER ROD NUT RETAINER - 280 (CASTING),1,MCH,VMC Heavy Face Milling & Edge Truing,2,VEN0000002,Apex Precision VMC Machinists,Rough & finish top/bottom platen face to 0.02mm flat
4110026000,A-10095,INJECTION CYLINDER ROD - 1520,4001012500,,INJECTION CYLINDER ROD NUT RETAINER - 280 (CASTING),2,BOR,Precision CNC Boring (Tie Bar & Bush Bores),3,VEN0000002,Apex Precision VMC Machinists,Bore 4x Tie bar holes to H7 tolerance
4110026000,A-10095,INJECTION CYLINDER ROD - 1520,4001012500,,INJECTION CYLINDER ROD NUT RETAINER - 280 (CASTING),3,DRL,CNC Drilling & Tapping (PCD Clamp Holes),1,VEN0000002,Apex Precision VMC Machinists,M16 mould clamp tapped holes as per drawing
4110026000,A-10095,INJECTION CYLINDER ROD - 1520,4001012500,,INJECTION CYLINDER ROD NUT RETAINER - 280 (CASTING),4,HT,Stress Relieving & Normalizing Heat Treatment,2,VEN0000004,Gujarat Heat Treaters & Nitriding,Normalize thermal stress at 550°C
4110026000,A-10095,INJECTION CYLINDER ROD - 1520,4001012500,,INJECTION CYLINDER ROD NUT RETAINER - 280 (CASTING),5,GRD,Cylindrical & Precision Surface Grinding,1,VEN0000006,Sardar Cylindrical & Surface Grinding,Precision surface grind & rust preventive oil
4110026100,A-10101,INJECTION PISTON Ø165 - 1520,,,INJECTION PISTON Ø165 - 1520 (CASTING/RAW MATERIAL),1,MCH,VMC Heavy Face Milling & Edge Truing,2,VEN0000002,Apex Precision VMC Machinists,Rough & finish top/bottom platen face to 0.02mm flat
4110026100,A-10101,INJECTION PISTON Ø165 - 1520,,,INJECTION PISTON Ø165 - 1520 (CASTING/RAW MATERIAL),2,BOR,Precision CNC Boring (Tie Bar & Bush Bores),3,VEN0000002,Apex Precision VMC Machinists,Bore 4x Tie bar holes to H7 tolerance
4110026100,A-10101,INJECTION PISTON Ø165 - 1520,,,INJECTION PISTON Ø165 - 1520 (CASTING/RAW MATERIAL),3,DRL,CNC Drilling & Tapping (PCD Clamp Holes),1,VEN0000002,Apex Precision VMC Machinists,M16 mould clamp tapped holes as per drawing
4110026100,A-10101,INJECTION PISTON Ø165 - 1520,,,INJECTION PISTON Ø165 - 1520 (CASTING/RAW MATERIAL),4,HT,Stress Relieving & Normalizing Heat Treatment,2,VEN0000004,Gujarat Heat Treaters & Nitriding,Normalize thermal stress at 550°C
4110026100,A-10101,INJECTION PISTON Ø165 - 1520,,,INJECTION PISTON Ø165 - 1520 (CASTING/RAW MATERIAL),5,GRD,Cylindrical & Precision Surface Grinding,1,VEN0000006,Sardar Cylindrical & Surface Grinding,Precision surface grind & rust preventive oil
4110026200,A-10315,HYDRAULIC ROD BUSH - Ø75,,,HYDRAULIC ROD BUSH - Ø75 (CASTING/RAW MATERIAL),1,MCH,VMC Heavy Face Milling & Edge Truing,2,VEN0000002,Apex Precision VMC Machinists,Rough & finish top/bottom platen face to 0.02mm flat
4110026200,A-10315,HYDRAULIC ROD BUSH - Ø75,,,HYDRAULIC ROD BUSH - Ø75 (CASTING/RAW MATERIAL),2,BOR,Precision CNC Boring (Tie Bar & Bush Bores),3,VEN0000002,Apex Precision VMC Machinists,Bore 4x Tie bar holes to H7 tolerance
4110026200,A-10315,HYDRAULIC ROD BUSH - Ø75,,,HYDRAULIC ROD BUSH - Ø75 (CASTING/RAW MATERIAL),3,DRL,CNC Drilling & Tapping (PCD Clamp Holes),1,VEN0000002,Apex Precision VMC Machinists,M16 mould clamp tapped holes as per drawing
4110026200,A-10315,HYDRAULIC ROD BUSH - Ø75,,,HYDRAULIC ROD BUSH - Ø75 (CASTING/RAW MATERIAL),4,HT,Stress Relieving & Normalizing Heat Treatment,2,VEN0000004,Gujarat Heat Treaters & Nitriding,Normalize thermal stress at 550°C
4110026200,A-10315,HYDRAULIC ROD BUSH - Ø75,,,HYDRAULIC ROD BUSH - Ø75 (CASTING/RAW MATERIAL),5,GRD,Cylindrical & Precision Surface Grinding,1,VEN0000006,Sardar Cylindrical & Surface Grinding,Precision surface grind & rust preventive oil
4110026300,A-10029,BEARING HOUSING - 1520,4001011200,,BEARING HOUSING - 280 (CASTING),1,MCH,VMC Heavy Face Milling & Edge Truing,2,VEN0000002,Apex Precision VMC Machinists,Rough & finish top/bottom platen face to 0.02mm flat
4110026300,A-10029,BEARING HOUSING - 1520,4001011200,,BEARING HOUSING - 280 (CASTING),2,BOR,Precision CNC Boring (Tie Bar & Bush Bores),3,VEN0000002,Apex Precision VMC Machinists,Bore 4x Tie bar holes to H7 tolerance
4110026300,A-10029,BEARING HOUSING - 1520,4001011200,,BEARING HOUSING - 280 (CASTING),3,DRL,CNC Drilling & Tapping (PCD Clamp Holes),1,VEN0000002,Apex Precision VMC Machinists,M16 mould clamp tapped holes as per drawing
4110026300,A-10029,BEARING HOUSING - 1520,4001011200,,BEARING HOUSING - 280 (CASTING),4,HT,Stress Relieving & Normalizing Heat Treatment,2,VEN0000004,Gujarat Heat Treaters & Nitriding,Normalize thermal stress at 550°C
4110026300,A-10029,BEARING HOUSING - 1520,4001011200,,BEARING HOUSING - 280 (CASTING),5,GRD,Cylindrical & Precision Surface Grinding,1,VEN0000006,Sardar Cylindrical & Surface Grinding,Precision surface grind & rust preventive oil
4110026400,A-10042,SCREW DRIVE SHAFT - 1520,,,SCREW DRIVE SHAFT - 1520 (CASTING/RAW MATERIAL),1,MCH,VMC Heavy Face Milling & Edge Truing,2,VEN0000002,Apex Precision VMC Machinists,Rough & finish top/bottom platen face to 0.02mm flat
4110026400,A-10042,SCREW DRIVE SHAFT - 1520,,,SCREW DRIVE SHAFT - 1520 (CASTING/RAW MATERIAL),2,BOR,Precision CNC Boring (Tie Bar & Bush Bores),3,VEN0000002,Apex Precision VMC Machinists,Bore 4x Tie bar holes to H7 tolerance
4110026400,A-10042,SCREW DRIVE SHAFT - 1520,,,SCREW DRIVE SHAFT - 1520 (CASTING/RAW MATERIAL),3,DRL,CNC Drilling & Tapping (PCD Clamp Holes),1,VEN0000002,Apex Precision VMC Machinists,M16 mould clamp tapped holes as per drawing
4110026400,A-10042,SCREW DRIVE SHAFT - 1520,,,SCREW DRIVE SHAFT - 1520 (CASTING/RAW MATERIAL),4,HT,Stress Relieving & Normalizing Heat Treatment,2,VEN0000004,Gujarat Heat Treaters & Nitriding,Normalize thermal stress at 550°C
4110026400,A-10042,SCREW DRIVE SHAFT - 1520,,,SCREW DRIVE SHAFT - 1520 (CASTING/RAW MATERIAL),5,GRD,Cylindrical & Precision Surface Grinding,1,VEN0000006,Sardar Cylindrical & Surface Grinding,Precision surface grind & rust preventive oil
4110026500,A-10079,DRIVE SHAFT OIL SEAL FLANGE - 1520,,,DRIVE SHAFT OIL SEAL FLANGE - 1520 (CASTING/RAW MATERIAL),1,MCH,VMC Heavy Face Milling & Edge Truing,2,VEN0000002,Apex Precision VMC Machinists,Rough & finish top/bottom platen face to 0.02mm flat
4110026500,A-10079,DRIVE SHAFT OIL SEAL FLANGE - 1520,,,DRIVE SHAFT OIL SEAL FLANGE - 1520 (CASTING/RAW MATERIAL),2,BOR,Precision CNC Boring (Tie Bar & Bush Bores),3,VEN0000002,Apex Precision VMC Machinists,Bore 4x Tie bar holes to H7 tolerance
4110026500,A-10079,DRIVE SHAFT OIL SEAL FLANGE - 1520,,,DRIVE SHAFT OIL SEAL FLANGE - 1520 (CASTING/RAW MATERIAL),3,DRL,CNC Drilling & Tapping (PCD Clamp Holes),1,VEN0000002,Apex Precision VMC Machinists,M16 mould clamp tapped holes as per drawing
4110026500,A-10079,DRIVE SHAFT OIL SEAL FLANGE - 1520,,,DRIVE SHAFT OIL SEAL FLANGE - 1520 (CASTING/RAW MATERIAL),4,HT,Stress Relieving & Normalizing Heat Treatment,2,VEN0000004,Gujarat Heat Treaters & Nitriding,Normalize thermal stress at 550°C
4110026500,A-10079,DRIVE SHAFT OIL SEAL FLANGE - 1520,,,DRIVE SHAFT OIL SEAL FLANGE - 1520 (CASTING/RAW MATERIAL),5,GRD,Cylindrical & Precision Surface Grinding,1,VEN0000006,Sardar Cylindrical & Surface Grinding,Precision surface grind & rust preventive oil
4020101400,A-10037,DRIVE SHAFT NUT - 1520 (M90 X 4),,,DRIVE SHAFT NUT - 1520 (M90 X 4) (CASTING/RAW MATERIAL),1,MCH,VMC Heavy Face Milling & Edge Truing,2,VEN0000002,Apex Precision VMC Machinists,Rough & finish top/bottom platen face to 0.02mm flat
4020101400,A-10037,DRIVE SHAFT NUT - 1520 (M90 X 4),,,DRIVE SHAFT NUT - 1520 (M90 X 4) (CASTING/RAW MATERIAL),2,BOR,Precision CNC Boring (Tie Bar & Bush Bores),3,VEN0000002,Apex Precision VMC Machinists,Bore 4x Tie bar holes to H7 tolerance
4020101400,A-10037,DRIVE SHAFT NUT - 1520 (M90 X 4),,,DRIVE SHAFT NUT - 1520 (M90 X 4) (CASTING/RAW MATERIAL),3,DRL,CNC Drilling & Tapping (PCD Clamp Holes),1,VEN0000002,Apex Precision VMC Machinists,M16 mould clamp tapped holes as per drawing
4020101400,A-10037,DRIVE SHAFT NUT - 1520 (M90 X 4),,,DRIVE SHAFT NUT - 1520 (M90 X 4) (CASTING/RAW MATERIAL),4,HT,Stress Relieving & Normalizing Heat Treatment,2,VEN0000004,Gujarat Heat Treaters & Nitriding,Normalize thermal stress at 550°C
4020101400,A-10037,DRIVE SHAFT NUT - 1520 (M90 X 4),,,DRIVE SHAFT NUT - 1520 (M90 X 4) (CASTING/RAW MATERIAL),5,GRD,Cylindrical & Precision Surface Grinding,1,VEN0000006,Sardar Cylindrical & Surface Grinding,Precision surface grind & rust preventive oil
4020101500,A-10033,DRIVE SHAFT CHECK NUT - 1520 (M90 X 4),,,DRIVE SHAFT CHECK NUT - 1520 (M90 X 4) (CASTING/RAW MATERIAL),1,MCH,VMC Heavy Face Milling & Edge Truing,2,VEN0000002,Apex Precision VMC Machinists,Rough & finish top/bottom platen face to 0.02mm flat
4020101500,A-10033,DRIVE SHAFT CHECK NUT - 1520 (M90 X 4),,,DRIVE SHAFT CHECK NUT - 1520 (M90 X 4) (CASTING/RAW MATERIAL),2,BOR,Precision CNC Boring (Tie Bar & Bush Bores),3,VEN0000002,Apex Precision VMC Machinists,Bore 4x Tie bar holes to H7 tolerance
4020101500,A-10033,DRIVE SHAFT CHECK NUT - 1520 (M90 X 4),,,DRIVE SHAFT CHECK NUT - 1520 (M90 X 4) (CASTING/RAW MATERIAL),3,DRL,CNC Drilling & Tapping (PCD Clamp Holes),1,VEN0000002,Apex Precision VMC Machinists,M16 mould clamp tapped holes as per drawing
4020101500,A-10033,DRIVE SHAFT CHECK NUT - 1520 (M90 X 4),,,DRIVE SHAFT CHECK NUT - 1520 (M90 X 4) (CASTING/RAW MATERIAL),4,HT,Stress Relieving & Normalizing Heat Treatment,2,VEN0000004,Gujarat Heat Treaters & Nitriding,Normalize thermal stress at 550°C
4020101500,A-10033,DRIVE SHAFT CHECK NUT - 1520 (M90 X 4),,,DRIVE SHAFT CHECK NUT - 1520 (M90 X 4) (CASTING/RAW MATERIAL),5,GRD,Cylindrical & Precision Surface Grinding,1,VEN0000006,Sardar Cylindrical & Surface Grinding,Precision surface grind & rust preventive oil
2000211300,B-10082,BARREL PLATE ASSY - 2350 (STOCK-315),,,BARREL PLATE ASSY - 2350 (STOCK-315) (CASTING/RAW MATERIAL),1,MCH,VMC Heavy Face Milling & Edge Truing,2,VEN0000002,Apex Precision VMC Machinists,Rough & finish top/bottom platen face to 0.02mm flat
2000211300,B-10082,BARREL PLATE ASSY - 2350 (STOCK-315),,,BARREL PLATE ASSY - 2350 (STOCK-315) (CASTING/RAW MATERIAL),2,BOR,Precision CNC Boring (Tie Bar & Bush Bores),3,VEN0000002,Apex Precision VMC Machinists,Bore 4x Tie bar holes to H7 tolerance
2000211300,B-10082,BARREL PLATE ASSY - 2350 (STOCK-315),,,BARREL PLATE ASSY - 2350 (STOCK-315) (CASTING/RAW MATERIAL),3,DRL,CNC Drilling & Tapping (PCD Clamp Holes),1,VEN0000002,Apex Precision VMC Machinists,M16 mould clamp tapped holes as per drawing
2000211300,B-10082,BARREL PLATE ASSY - 2350 (STOCK-315),,,BARREL PLATE ASSY - 2350 (STOCK-315) (CASTING/RAW MATERIAL),4,HT,Stress Relieving & Normalizing Heat Treatment,2,VEN0000004,Gujarat Heat Treaters & Nitriding,Normalize thermal stress at 550°C
2000211300,B-10082,BARREL PLATE ASSY - 2350 (STOCK-315),,,BARREL PLATE ASSY - 2350 (STOCK-315) (CASTING/RAW MATERIAL),5,GRD,Cylindrical & Precision Surface Grinding,1,VEN0000006,Sardar Cylindrical & Surface Grinding,Precision surface grind & rust preventive oil
4110028500,A-10019,INJECTION GUIDE ROD Ø70 - 2350,,,INJECTION GUIDE ROD Ø70 - 2350 (CASTING/RAW MATERIAL),1,MCH,VMC Heavy Face Milling & Edge Truing,2,VEN0000002,Apex Precision VMC Machinists,Rough & finish top/bottom platen face to 0.02mm flat
4110028500,A-10019,INJECTION GUIDE ROD Ø70 - 2350,,,INJECTION GUIDE ROD Ø70 - 2350 (CASTING/RAW MATERIAL),2,BOR,Precision CNC Boring (Tie Bar & Bush Bores),3,VEN0000002,Apex Precision VMC Machinists,Bore 4x Tie bar holes to H7 tolerance
4110028500,A-10019,INJECTION GUIDE ROD Ø70 - 2350,,,INJECTION GUIDE ROD Ø70 - 2350 (CASTING/RAW MATERIAL),3,DRL,CNC Drilling & Tapping (PCD Clamp Holes),1,VEN0000002,Apex Precision VMC Machinists,M16 mould clamp tapped holes as per drawing
4110028500,A-10019,INJECTION GUIDE ROD Ø70 - 2350,,,INJECTION GUIDE ROD Ø70 - 2350 (CASTING/RAW MATERIAL),4,HT,Stress Relieving & Normalizing Heat Treatment,2,VEN0000004,Gujarat Heat Treaters & Nitriding,Normalize thermal stress at 550°C
4110028500,A-10019,INJECTION GUIDE ROD Ø70 - 2350,,,INJECTION GUIDE ROD Ø70 - 2350 (CASTING/RAW MATERIAL),5,GRD,Cylindrical & Precision Surface Grinding,1,VEN0000006,Sardar Cylindrical & Surface Grinding,Precision surface grind & rust preventive oil
4110028600,A-10085,INJECTION CYLINDER ROD NUT RETAINER - 2350,4001012500,,INJECTION CYLINDER ROD NUT RETAINER - 280 (CASTING),1,MCH,VMC Heavy Face Milling & Edge Truing,2,VEN0000002,Apex Precision VMC Machinists,Rough & finish top/bottom platen face to 0.02mm flat
4110028600,A-10085,INJECTION CYLINDER ROD NUT RETAINER - 2350,4001012500,,INJECTION CYLINDER ROD NUT RETAINER - 280 (CASTING),2,BOR,Precision CNC Boring (Tie Bar & Bush Bores),3,VEN0000002,Apex Precision VMC Machinists,Bore 4x Tie bar holes to H7 tolerance
4110028600,A-10085,INJECTION CYLINDER ROD NUT RETAINER - 2350,4001012500,,INJECTION CYLINDER ROD NUT RETAINER - 280 (CASTING),3,DRL,CNC Drilling & Tapping (PCD Clamp Holes),1,VEN0000002,Apex Precision VMC Machinists,M16 mould clamp tapped holes as per drawing
4110028600,A-10085,INJECTION CYLINDER ROD NUT RETAINER - 2350,4001012500,,INJECTION CYLINDER ROD NUT RETAINER - 280 (CASTING),4,HT,Stress Relieving & Normalizing Heat Treatment,2,VEN0000004,Gujarat Heat Treaters & Nitriding,Normalize thermal stress at 550°C
4110028600,A-10085,INJECTION CYLINDER ROD NUT RETAINER - 2350,4001012500,,INJECTION CYLINDER ROD NUT RETAINER - 280 (CASTING),5,GRD,Cylindrical & Precision Surface Grinding,1,VEN0000006,Sardar Cylindrical & Surface Grinding,Precision surface grind & rust preventive oil
7000102700,,FASTENER KIT BARREL PLATE ASSY - 2350,,,FASTENER KIT BARREL PLATE ASSY - 2350 (CASTING/RAW MATERIAL),1,MCH,VMC Heavy Face Milling & Edge Truing,2,VEN0000002,Apex Precision VMC Machinists,Rough & finish top/bottom platen face to 0.02mm flat
7000102700,,FASTENER KIT BARREL PLATE ASSY - 2350,,,FASTENER KIT BARREL PLATE ASSY - 2350 (CASTING/RAW MATERIAL),2,BOR,Precision CNC Boring (Tie Bar & Bush Bores),3,VEN0000002,Apex Precision VMC Machinists,Bore 4x Tie bar holes to H7 tolerance
7000102700,,FASTENER KIT BARREL PLATE ASSY - 2350,,,FASTENER KIT BARREL PLATE ASSY - 2350 (CASTING/RAW MATERIAL),3,DRL,CNC Drilling & Tapping (PCD Clamp Holes),1,VEN0000002,Apex Precision VMC Machinists,M16 mould clamp tapped holes as per drawing
7000102700,,FASTENER KIT BARREL PLATE ASSY - 2350,,,FASTENER KIT BARREL PLATE ASSY - 2350 (CASTING/RAW MATERIAL),4,HT,Stress Relieving & Normalizing Heat Treatment,2,VEN0000004,Gujarat Heat Treaters & Nitriding,Normalize thermal stress at 550°C
7000102700,,FASTENER KIT BARREL PLATE ASSY - 2350,,,FASTENER KIT BARREL PLATE ASSY - 2350 (CASTING/RAW MATERIAL),5,GRD,Cylindrical & Precision Surface Grinding,1,VEN0000006,Sardar Cylindrical & Surface Grinding,Precision surface grind & rust preventive oil
4110028700,A-10025,BARREL PLATE - 2350 (STOCK-315),4001009600,,BARREL PLATE - 280 (STOCK-150) (CASTING),1,MCH,VMC Heavy Face Milling & Edge Truing,2,VEN0000002,Apex Precision VMC Machinists,Rough & finish top/bottom platen face to 0.02mm flat
4110028700,A-10025,BARREL PLATE - 2350 (STOCK-315),4001009600,,BARREL PLATE - 280 (STOCK-150) (CASTING),2,BOR,Precision CNC Boring (Tie Bar & Bush Bores),3,VEN0000002,Apex Precision VMC Machinists,Bore 4x Tie bar holes to H7 tolerance
4110028700,A-10025,BARREL PLATE - 2350 (STOCK-315),4001009600,,BARREL PLATE - 280 (STOCK-150) (CASTING),3,DRL,CNC Drilling & Tapping (PCD Clamp Holes),1,VEN0000002,Apex Precision VMC Machinists,M16 mould clamp tapped holes as per drawing
4110028700,A-10025,BARREL PLATE - 2350 (STOCK-315),4001009600,,BARREL PLATE - 280 (STOCK-150) (CASTING),4,HT,Stress Relieving & Normalizing Heat Treatment,2,VEN0000004,Gujarat Heat Treaters & Nitriding,Normalize thermal stress at 550°C
4110028700,A-10025,BARREL PLATE - 2350 (STOCK-315),4001009600,,BARREL PLATE - 280 (STOCK-150) (CASTING),5,GRD,Cylindrical & Precision Surface Grinding,1,VEN0000006,Sardar Cylindrical & Surface Grinding,Precision surface grind & rust preventive oil
4110028800,A-10114,INJECTION CYLINDER FRONT CAP - 2350,,,INJECTION CYLINDER FRONT CAP - 2350 (CASTING/RAW MATERIAL),1,MCH,VMC Heavy Face Milling & Edge Truing,2,VEN0000002,Apex Precision VMC Machinists,Rough & finish top/bottom platen face to 0.02mm flat
4110028800,A-10114,INJECTION CYLINDER FRONT CAP - 2350,,,INJECTION CYLINDER FRONT CAP - 2350 (CASTING/RAW MATERIAL),2,BOR,Precision CNC Boring (Tie Bar & Bush Bores),3,VEN0000002,Apex Precision VMC Machinists,Bore 4x Tie bar holes to H7 tolerance
4110028800,A-10114,INJECTION CYLINDER FRONT CAP - 2350,,,INJECTION CYLINDER FRONT CAP - 2350 (CASTING/RAW MATERIAL),3,DRL,CNC Drilling & Tapping (PCD Clamp Holes),1,VEN0000002,Apex Precision VMC Machinists,M16 mould clamp tapped holes as per drawing
4110028800,A-10114,INJECTION CYLINDER FRONT CAP - 2350,,,INJECTION CYLINDER FRONT CAP - 2350 (CASTING/RAW MATERIAL),4,HT,Stress Relieving & Normalizing Heat Treatment,2,VEN0000004,Gujarat Heat Treaters & Nitriding,Normalize thermal stress at 550°C
4110028800,A-10114,INJECTION CYLINDER FRONT CAP - 2350,,,INJECTION CYLINDER FRONT CAP - 2350 (CASTING/RAW MATERIAL),5,GRD,Cylindrical & Precision Surface Grinding,1,VEN0000006,Sardar Cylindrical & Surface Grinding,Precision surface grind & rust preventive oil
4110028900,A-10108,INJECTION CYLINDER END CAP - 2350,,,INJECTION CYLINDER END CAP - 2350 (CASTING/RAW MATERIAL),1,MCH,VMC Heavy Face Milling & Edge Truing,2,VEN0000002,Apex Precision VMC Machinists,Rough & finish top/bottom platen face to 0.02mm flat
4110028900,A-10108,INJECTION CYLINDER END CAP - 2350,,,INJECTION CYLINDER END CAP - 2350 (CASTING/RAW MATERIAL),2,BOR,Precision CNC Boring (Tie Bar & Bush Bores),3,VEN0000002,Apex Precision VMC Machinists,Bore 4x Tie bar holes to H7 tolerance
4110028900,A-10108,INJECTION CYLINDER END CAP - 2350,,,INJECTION CYLINDER END CAP - 2350 (CASTING/RAW MATERIAL),3,DRL,CNC Drilling & Tapping (PCD Clamp Holes),1,VEN0000002,Apex Precision VMC Machinists,M16 mould clamp tapped holes as per drawing
4110028900,A-10108,INJECTION CYLINDER END CAP - 2350,,,INJECTION CYLINDER END CAP - 2350 (CASTING/RAW MATERIAL),4,HT,Stress Relieving & Normalizing Heat Treatment,2,VEN0000004,Gujarat Heat Treaters & Nitriding,Normalize thermal stress at 550°C
4110028900,A-10108,INJECTION CYLINDER END CAP - 2350,,,INJECTION CYLINDER END CAP - 2350 (CASTING/RAW MATERIAL),5,GRD,Cylindrical & Precision Surface Grinding,1,VEN0000006,Sardar Cylindrical & Surface Grinding,Precision surface grind & rust preventive oil
4110029000,A-10096,INJECTION CYLINDER ROD - 2350,4001012500,,INJECTION CYLINDER ROD NUT RETAINER - 280 (CASTING),1,MCH,VMC Heavy Face Milling & Edge Truing,2,VEN0000002,Apex Precision VMC Machinists,Rough & finish top/bottom platen face to 0.02mm flat
4110029000,A-10096,INJECTION CYLINDER ROD - 2350,4001012500,,INJECTION CYLINDER ROD NUT RETAINER - 280 (CASTING),2,BOR,Precision CNC Boring (Tie Bar & Bush Bores),3,VEN0000002,Apex Precision VMC Machinists,Bore 4x Tie bar holes to H7 tolerance
4110029000,A-10096,INJECTION CYLINDER ROD - 2350,4001012500,,INJECTION CYLINDER ROD NUT RETAINER - 280 (CASTING),3,DRL,CNC Drilling & Tapping (PCD Clamp Holes),1,VEN0000002,Apex Precision VMC Machinists,M16 mould clamp tapped holes as per drawing
4110029000,A-10096,INJECTION CYLINDER ROD - 2350,4001012500,,INJECTION CYLINDER ROD NUT RETAINER - 280 (CASTING),4,HT,Stress Relieving & Normalizing Heat Treatment,2,VEN0000004,Gujarat Heat Treaters & Nitriding,Normalize thermal stress at 550°C
4110029000,A-10096,INJECTION CYLINDER ROD - 2350,4001012500,,INJECTION CYLINDER ROD NUT RETAINER - 280 (CASTING),5,GRD,Cylindrical & Precision Surface Grinding,1,VEN0000006,Sardar Cylindrical & Surface Grinding,Precision surface grind & rust preventive oil
4110029100,A-10102,INJECTION PISTON Ø190 - 2350,,,INJECTION PISTON Ø190 - 2350 (CASTING/RAW MATERIAL),1,MCH,VMC Heavy Face Milling & Edge Truing,2,VEN0000002,Apex Precision VMC Machinists,Rough & finish top/bottom platen face to 0.02mm flat
4110029100,A-10102,INJECTION PISTON Ø190 - 2350,,,INJECTION PISTON Ø190 - 2350 (CASTING/RAW MATERIAL),2,BOR,Precision CNC Boring (Tie Bar & Bush Bores),3,VEN0000002,Apex Precision VMC Machinists,Bore 4x Tie bar holes to H7 tolerance
4110029100,A-10102,INJECTION PISTON Ø190 - 2350,,,INJECTION PISTON Ø190 - 2350 (CASTING/RAW MATERIAL),3,DRL,CNC Drilling & Tapping (PCD Clamp Holes),1,VEN0000002,Apex Precision VMC Machinists,M16 mould clamp tapped holes as per drawing
4110029100,A-10102,INJECTION PISTON Ø190 - 2350,,,INJECTION PISTON Ø190 - 2350 (CASTING/RAW MATERIAL),4,HT,Stress Relieving & Normalizing Heat Treatment,2,VEN0000004,Gujarat Heat Treaters & Nitriding,Normalize thermal stress at 550°C
4110029100,A-10102,INJECTION PISTON Ø190 - 2350,,,INJECTION PISTON Ø190 - 2350 (CASTING/RAW MATERIAL),5,GRD,Cylindrical & Precision Surface Grinding,1,VEN0000006,Sardar Cylindrical & Surface Grinding,Precision surface grind & rust preventive oil
4110029200,A-10316,HYDRAULIC ROD BUSH - Ø80,,,HYDRAULIC ROD BUSH - Ø80 (CASTING/RAW MATERIAL),1,MCH,VMC Heavy Face Milling & Edge Truing,2,VEN0000002,Apex Precision VMC Machinists,Rough & finish top/bottom platen face to 0.02mm flat
4110029200,A-10316,HYDRAULIC ROD BUSH - Ø80,,,HYDRAULIC ROD BUSH - Ø80 (CASTING/RAW MATERIAL),2,BOR,Precision CNC Boring (Tie Bar & Bush Bores),3,VEN0000002,Apex Precision VMC Machinists,Bore 4x Tie bar holes to H7 tolerance
4110029200,A-10316,HYDRAULIC ROD BUSH - Ø80,,,HYDRAULIC ROD BUSH - Ø80 (CASTING/RAW MATERIAL),3,DRL,CNC Drilling & Tapping (PCD Clamp Holes),1,VEN0000002,Apex Precision VMC Machinists,M16 mould clamp tapped holes as per drawing
4110029200,A-10316,HYDRAULIC ROD BUSH - Ø80,,,HYDRAULIC ROD BUSH - Ø80 (CASTING/RAW MATERIAL),4,HT,Stress Relieving & Normalizing Heat Treatment,2,VEN0000004,Gujarat Heat Treaters & Nitriding,Normalize thermal stress at 550°C
4110029200,A-10316,HYDRAULIC ROD BUSH - Ø80,,,HYDRAULIC ROD BUSH - Ø80 (CASTING/RAW MATERIAL),5,GRD,Cylindrical & Precision Surface Grinding,1,VEN0000006,Sardar Cylindrical & Surface Grinding,Precision surface grind & rust preventive oil
4110029300,A-10030,BEARING HOUSING - 2350,4001011200,,BEARING HOUSING - 280 (CASTING),1,MCH,VMC Heavy Face Milling & Edge Truing,2,VEN0000002,Apex Precision VMC Machinists,Rough & finish top/bottom platen face to 0.02mm flat
4110029300,A-10030,BEARING HOUSING - 2350,4001011200,,BEARING HOUSING - 280 (CASTING),2,BOR,Precision CNC Boring (Tie Bar & Bush Bores),3,VEN0000002,Apex Precision VMC Machinists,Bore 4x Tie bar holes to H7 tolerance
4110029300,A-10030,BEARING HOUSING - 2350,4001011200,,BEARING HOUSING - 280 (CASTING),3,DRL,CNC Drilling & Tapping (PCD Clamp Holes),1,VEN0000002,Apex Precision VMC Machinists,M16 mould clamp tapped holes as per drawing
4110029300,A-10030,BEARING HOUSING - 2350,4001011200,,BEARING HOUSING - 280 (CASTING),4,HT,Stress Relieving & Normalizing Heat Treatment,2,VEN0000004,Gujarat Heat Treaters & Nitriding,Normalize thermal stress at 550°C
4110029300,A-10030,BEARING HOUSING - 2350,4001011200,,BEARING HOUSING - 280 (CASTING),5,GRD,Cylindrical & Precision Surface Grinding,1,VEN0000006,Sardar Cylindrical & Surface Grinding,Precision surface grind & rust preventive oil
4110029400,A-10043,SCREW DRIVE SHAFT - 2350,,,SCREW DRIVE SHAFT - 2350 (CASTING/RAW MATERIAL),1,MCH,VMC Heavy Face Milling & Edge Truing,2,VEN0000002,Apex Precision VMC Machinists,Rough & finish top/bottom platen face to 0.02mm flat
4110029400,A-10043,SCREW DRIVE SHAFT - 2350,,,SCREW DRIVE SHAFT - 2350 (CASTING/RAW MATERIAL),2,BOR,Precision CNC Boring (Tie Bar & Bush Bores),3,VEN0000002,Apex Precision VMC Machinists,Bore 4x Tie bar holes to H7 tolerance
4110029400,A-10043,SCREW DRIVE SHAFT - 2350,,,SCREW DRIVE SHAFT - 2350 (CASTING/RAW MATERIAL),3,DRL,CNC Drilling & Tapping (PCD Clamp Holes),1,VEN0000002,Apex Precision VMC Machinists,M16 mould clamp tapped holes as per drawing
4110029400,A-10043,SCREW DRIVE SHAFT - 2350,,,SCREW DRIVE SHAFT - 2350 (CASTING/RAW MATERIAL),4,HT,Stress Relieving & Normalizing Heat Treatment,2,VEN0000004,Gujarat Heat Treaters & Nitriding,Normalize thermal stress at 550°C
4110029400,A-10043,SCREW DRIVE SHAFT - 2350,,,SCREW DRIVE SHAFT - 2350 (CASTING/RAW MATERIAL),5,GRD,Cylindrical & Precision Surface Grinding,1,VEN0000006,Sardar Cylindrical & Surface Grinding,Precision surface grind & rust preventive oil
4110029500,A-10080,DRIVE SHAFT OIL SEAL FLANGE - 2350,,,DRIVE SHAFT OIL SEAL FLANGE - 2350 (CASTING/RAW MATERIAL),1,MCH,VMC Heavy Face Milling & Edge Truing,2,VEN0000002,Apex Precision VMC Machinists,Rough & finish top/bottom platen face to 0.02mm flat
4110029500,A-10080,DRIVE SHAFT OIL SEAL FLANGE - 2350,,,DRIVE SHAFT OIL SEAL FLANGE - 2350 (CASTING/RAW MATERIAL),2,BOR,Precision CNC Boring (Tie Bar & Bush Bores),3,VEN0000002,Apex Precision VMC Machinists,Bore 4x Tie bar holes to H7 tolerance
4110029500,A-10080,DRIVE SHAFT OIL SEAL FLANGE - 2350,,,DRIVE SHAFT OIL SEAL FLANGE - 2350 (CASTING/RAW MATERIAL),3,DRL,CNC Drilling & Tapping (PCD Clamp Holes),1,VEN0000002,Apex Precision VMC Machinists,M16 mould clamp tapped holes as per drawing
4110029500,A-10080,DRIVE SHAFT OIL SEAL FLANGE - 2350,,,DRIVE SHAFT OIL SEAL FLANGE - 2350 (CASTING/RAW MATERIAL),4,HT,Stress Relieving & Normalizing Heat Treatment,2,VEN0000004,Gujarat Heat Treaters & Nitriding,Normalize thermal stress at 550°C
4110029500,A-10080,DRIVE SHAFT OIL SEAL FLANGE - 2350,,,DRIVE SHAFT OIL SEAL FLANGE - 2350 (CASTING/RAW MATERIAL),5,GRD,Cylindrical & Precision Surface Grinding,1,VEN0000006,Sardar Cylindrical & Surface Grinding,Precision surface grind & rust preventive oil
4020101600,A-10038,DRIVE SHAFT NUT - 2350 (M110 X 4),,,DRIVE SHAFT NUT - 2350 (M110 X 4) (CASTING/RAW MATERIAL),1,MCH,VMC Heavy Face Milling & Edge Truing,2,VEN0000002,Apex Precision VMC Machinists,Rough & finish top/bottom platen face to 0.02mm flat
4020101600,A-10038,DRIVE SHAFT NUT - 2350 (M110 X 4),,,DRIVE SHAFT NUT - 2350 (M110 X 4) (CASTING/RAW MATERIAL),2,BOR,Precision CNC Boring (Tie Bar & Bush Bores),3,VEN0000002,Apex Precision VMC Machinists,Bore 4x Tie bar holes to H7 tolerance
4020101600,A-10038,DRIVE SHAFT NUT - 2350 (M110 X 4),,,DRIVE SHAFT NUT - 2350 (M110 X 4) (CASTING/RAW MATERIAL),3,DRL,CNC Drilling & Tapping (PCD Clamp Holes),1,VEN0000002,Apex Precision VMC Machinists,M16 mould clamp tapped holes as per drawing
4020101600,A-10038,DRIVE SHAFT NUT - 2350 (M110 X 4),,,DRIVE SHAFT NUT - 2350 (M110 X 4) (CASTING/RAW MATERIAL),4,HT,Stress Relieving & Normalizing Heat Treatment,2,VEN0000004,Gujarat Heat Treaters & Nitriding,Normalize thermal stress at 550°C
4020101600,A-10038,DRIVE SHAFT NUT - 2350 (M110 X 4),,,DRIVE SHAFT NUT - 2350 (M110 X 4) (CASTING/RAW MATERIAL),5,GRD,Cylindrical & Precision Surface Grinding,1,VEN0000006,Sardar Cylindrical & Surface Grinding,Precision surface grind & rust preventive oil
4020101700,A-10034,DRIVE SHAFT CHECK NUT - 2350 (M110 X 4),,,DRIVE SHAFT CHECK NUT - 2350 (M110 X 4) (CASTING/RAW MATERIAL),1,MCH,VMC Heavy Face Milling & Edge Truing,2,VEN0000002,Apex Precision VMC Machinists,Rough & finish top/bottom platen face to 0.02mm flat
4020101700,A-10034,DRIVE SHAFT CHECK NUT - 2350 (M110 X 4),,,DRIVE SHAFT CHECK NUT - 2350 (M110 X 4) (CASTING/RAW MATERIAL),2,BOR,Precision CNC Boring (Tie Bar & Bush Bores),3,VEN0000002,Apex Precision VMC Machinists,Bore 4x Tie bar holes to H7 tolerance
4020101700,A-10034,DRIVE SHAFT CHECK NUT - 2350 (M110 X 4),,,DRIVE SHAFT CHECK NUT - 2350 (M110 X 4) (CASTING/RAW MATERIAL),3,DRL,CNC Drilling & Tapping (PCD Clamp Holes),1,VEN0000002,Apex Precision VMC Machinists,M16 mould clamp tapped holes as per drawing
4020101700,A-10034,DRIVE SHAFT CHECK NUT - 2350 (M110 X 4),,,DRIVE SHAFT CHECK NUT - 2350 (M110 X 4) (CASTING/RAW MATERIAL),4,HT,Stress Relieving & Normalizing Heat Treatment,2,VEN0000004,Gujarat Heat Treaters & Nitriding,Normalize thermal stress at 550°C
4020101700,A-10034,DRIVE SHAFT CHECK NUT - 2350 (M110 X 4),,,DRIVE SHAFT CHECK NUT - 2350 (M110 X 4) (CASTING/RAW MATERIAL),5,GRD,Cylindrical & Precision Surface Grinding,1,VEN0000006,Sardar Cylindrical & Surface Grinding,Precision surface grind & rust preventive oil
4110003800,A-10401,BARREL Ø30 - 280,,,BARREL Ø30 - 280 (CASTING/RAW MATERIAL),1,MCH,VMC Heavy Face Milling & Edge Truing,2,VEN0000002,Apex Precision VMC Machinists,Rough & finish top/bottom platen face to 0.02mm flat
4110003800,A-10401,BARREL Ø30 - 280,,,BARREL Ø30 - 280 (CASTING/RAW MATERIAL),2,BOR,Precision CNC Boring (Tie Bar & Bush Bores),3,VEN0000002,Apex Precision VMC Machinists,Bore 4x Tie bar holes to H7 tolerance
4110003800,A-10401,BARREL Ø30 - 280,,,BARREL Ø30 - 280 (CASTING/RAW MATERIAL),3,DRL,CNC Drilling & Tapping (PCD Clamp Holes),1,VEN0000002,Apex Precision VMC Machinists,M16 mould clamp tapped holes as per drawing
4110003800,A-10401,BARREL Ø30 - 280,,,BARREL Ø30 - 280 (CASTING/RAW MATERIAL),4,HT,Stress Relieving & Normalizing Heat Treatment,2,VEN0000004,Gujarat Heat Treaters & Nitriding,Normalize thermal stress at 550°C
4110003800,A-10401,BARREL Ø30 - 280,,,BARREL Ø30 - 280 (CASTING/RAW MATERIAL),5,GRD,Cylindrical & Precision Surface Grinding,1,VEN0000006,Sardar Cylindrical & Surface Grinding,Precision surface grind & rust preventive oil
4110003900,A-10419,SCREW Ø30 - 280,,,SCREW Ø30 - 280 (CASTING/RAW MATERIAL),1,MCH,VMC Heavy Face Milling & Edge Truing,2,VEN0000002,Apex Precision VMC Machinists,Rough & finish top/bottom platen face to 0.02mm flat
4110003900,A-10419,SCREW Ø30 - 280,,,SCREW Ø30 - 280 (CASTING/RAW MATERIAL),2,BOR,Precision CNC Boring (Tie Bar & Bush Bores),3,VEN0000002,Apex Precision VMC Machinists,Bore 4x Tie bar holes to H7 tolerance
4110003900,A-10419,SCREW Ø30 - 280,,,SCREW Ø30 - 280 (CASTING/RAW MATERIAL),3,DRL,CNC Drilling & Tapping (PCD Clamp Holes),1,VEN0000002,Apex Precision VMC Machinists,M16 mould clamp tapped holes as per drawing
4110003900,A-10419,SCREW Ø30 - 280,,,SCREW Ø30 - 280 (CASTING/RAW MATERIAL),4,HT,Stress Relieving & Normalizing Heat Treatment,2,VEN0000004,Gujarat Heat Treaters & Nitriding,Normalize thermal stress at 550°C
4110003900,A-10419,SCREW Ø30 - 280,,,SCREW Ø30 - 280 (CASTING/RAW MATERIAL),5,GRD,Cylindrical & Precision Surface Grinding,1,VEN0000006,Sardar Cylindrical & Surface Grinding,Precision surface grind & rust preventive oil
4110004300,A-10437,BARREL ADAPT Ø30 - 280,,,BARREL ADAPT Ø30 - 280 (CASTING/RAW MATERIAL),1,MCH,VMC Heavy Face Milling & Edge Truing,2,VEN0000002,Apex Precision VMC Machinists,Rough & finish top/bottom platen face to 0.02mm flat
4110004300,A-10437,BARREL ADAPT Ø30 - 280,,,BARREL ADAPT Ø30 - 280 (CASTING/RAW MATERIAL),2,BOR,Precision CNC Boring (Tie Bar & Bush Bores),3,VEN0000002,Apex Precision VMC Machinists,Bore 4x Tie bar holes to H7 tolerance
4110004300,A-10437,BARREL ADAPT Ø30 - 280,,,BARREL ADAPT Ø30 - 280 (CASTING/RAW MATERIAL),3,DRL,CNC Drilling & Tapping (PCD Clamp Holes),1,VEN0000002,Apex Precision VMC Machinists,M16 mould clamp tapped holes as per drawing
4110004300,A-10437,BARREL ADAPT Ø30 - 280,,,BARREL ADAPT Ø30 - 280 (CASTING/RAW MATERIAL),4,HT,Stress Relieving & Normalizing Heat Treatment,2,VEN0000004,Gujarat Heat Treaters & Nitriding,Normalize thermal stress at 550°C
4110004300,A-10437,BARREL ADAPT Ø30 - 280,,,BARREL ADAPT Ø30 - 280 (CASTING/RAW MATERIAL),5,GRD,Cylindrical & Precision Surface Grinding,1,VEN0000006,Sardar Cylindrical & Surface Grinding,Precision surface grind & rust preventive oil
4110004000,A-10455,SCREW TIP - 30,,,SCREW TIP - 30 (CASTING/RAW MATERIAL),1,MCH,VMC Heavy Face Milling & Edge Truing,2,VEN0000002,Apex Precision VMC Machinists,Rough & finish top/bottom platen face to 0.02mm flat
4110004000,A-10455,SCREW TIP - 30,,,SCREW TIP - 30 (CASTING/RAW MATERIAL),2,BOR,Precision CNC Boring (Tie Bar & Bush Bores),3,VEN0000002,Apex Precision VMC Machinists,Bore 4x Tie bar holes to H7 tolerance
4110004000,A-10455,SCREW TIP - 30,,,SCREW TIP - 30 (CASTING/RAW MATERIAL),3,DRL,CNC Drilling & Tapping (PCD Clamp Holes),1,VEN0000002,Apex Precision VMC Machinists,M16 mould clamp tapped holes as per drawing
4110004000,A-10455,SCREW TIP - 30,,,SCREW TIP - 30 (CASTING/RAW MATERIAL),4,HT,Stress Relieving & Normalizing Heat Treatment,2,VEN0000004,Gujarat Heat Treaters & Nitriding,Normalize thermal stress at 550°C
4110004000,A-10455,SCREW TIP - 30,,,SCREW TIP - 30 (CASTING/RAW MATERIAL),5,GRD,Cylindrical & Precision Surface Grinding,1,VEN0000006,Sardar Cylindrical & Surface Grinding,Precision surface grind & rust preventive oil
4110004100,A-10464,SLIDER - 30,,,SLIDER - 30 (CASTING/RAW MATERIAL),1,MCH,VMC Heavy Face Milling & Edge Truing,2,VEN0000002,Apex Precision VMC Machinists,Rough & finish top/bottom platen face to 0.02mm flat
4110004100,A-10464,SLIDER - 30,,,SLIDER - 30 (CASTING/RAW MATERIAL),2,BOR,Precision CNC Boring (Tie Bar & Bush Bores),3,VEN0000002,Apex Precision VMC Machinists,Bore 4x Tie bar holes to H7 tolerance
4110004100,A-10464,SLIDER - 30,,,SLIDER - 30 (CASTING/RAW MATERIAL),3,DRL,CNC Drilling & Tapping (PCD Clamp Holes),1,VEN0000002,Apex Precision VMC Machinists,M16 mould clamp tapped holes as per drawing
4110004100,A-10464,SLIDER - 30,,,SLIDER - 30 (CASTING/RAW MATERIAL),4,HT,Stress Relieving & Normalizing Heat Treatment,2,VEN0000004,Gujarat Heat Treaters & Nitriding,Normalize thermal stress at 550°C
4110004100,A-10464,SLIDER - 30,,,SLIDER - 30 (CASTING/RAW MATERIAL),5,GRD,Cylindrical & Precision Surface Grinding,1,VEN0000006,Sardar Cylindrical & Surface Grinding,Precision surface grind & rust preventive oil
4110004200,A-10472,SLIDER SEAT - 30,,,SLIDER SEAT - 30 (CASTING/RAW MATERIAL),1,MCH,VMC Heavy Face Milling & Edge Truing,2,VEN0000002,Apex Precision VMC Machinists,Rough & finish top/bottom platen face to 0.02mm flat
4110004200,A-10472,SLIDER SEAT - 30,,,SLIDER SEAT - 30 (CASTING/RAW MATERIAL),2,BOR,Precision CNC Boring (Tie Bar & Bush Bores),3,VEN0000002,Apex Precision VMC Machinists,Bore 4x Tie bar holes to H7 tolerance
4110004200,A-10472,SLIDER SEAT - 30,,,SLIDER SEAT - 30 (CASTING/RAW MATERIAL),3,DRL,CNC Drilling & Tapping (PCD Clamp Holes),1,VEN0000002,Apex Precision VMC Machinists,M16 mould clamp tapped holes as per drawing
4110004200,A-10472,SLIDER SEAT - 30,,,SLIDER SEAT - 30 (CASTING/RAW MATERIAL),4,HT,Stress Relieving & Normalizing Heat Treatment,2,VEN0000004,Gujarat Heat Treaters & Nitriding,Normalize thermal stress at 550°C
4110004200,A-10472,SLIDER SEAT - 30,,,SLIDER SEAT - 30 (CASTING/RAW MATERIAL),5,GRD,Cylindrical & Precision Surface Grinding,1,VEN0000006,Sardar Cylindrical & Surface Grinding,Precision surface grind & rust preventive oil
4110004400,A-10941,NOZZLE TIP LONG - M30 X 2P X 115LG,,,NOZZLE TIP LONG - M30 X 2P X 115LG (CASTING/RAW MATERIAL),1,MCH,VMC Heavy Face Milling & Edge Truing,2,VEN0000002,Apex Precision VMC Machinists,Rough & finish top/bottom platen face to 0.02mm flat
4110004400,A-10941,NOZZLE TIP LONG - M30 X 2P X 115LG,,,NOZZLE TIP LONG - M30 X 2P X 115LG (CASTING/RAW MATERIAL),2,BOR,Precision CNC Boring (Tie Bar & Bush Bores),3,VEN0000002,Apex Precision VMC Machinists,Bore 4x Tie bar holes to H7 tolerance
4110004400,A-10941,NOZZLE TIP LONG - M30 X 2P X 115LG,,,NOZZLE TIP LONG - M30 X 2P X 115LG (CASTING/RAW MATERIAL),3,DRL,CNC Drilling & Tapping (PCD Clamp Holes),1,VEN0000002,Apex Precision VMC Machinists,M16 mould clamp tapped holes as per drawing
4110004400,A-10941,NOZZLE TIP LONG - M30 X 2P X 115LG,,,NOZZLE TIP LONG - M30 X 2P X 115LG (CASTING/RAW MATERIAL),4,HT,Stress Relieving & Normalizing Heat Treatment,2,VEN0000004,Gujarat Heat Treaters & Nitriding,Normalize thermal stress at 550°C
4110004400,A-10941,NOZZLE TIP LONG - M30 X 2P X 115LG,,,NOZZLE TIP LONG - M30 X 2P X 115LG (CASTING/RAW MATERIAL),5,GRD,Cylindrical & Precision Surface Grinding,1,VEN0000006,Sardar Cylindrical & Surface Grinding,Precision surface grind & rust preventive oil
4020101800,A-10364,BARREL NUT M70 X 3P - 280,,,BARREL NUT M70 X 3P - 280 (CASTING/RAW MATERIAL),1,MCH,VMC Heavy Face Milling & Edge Truing,2,VEN0000002,Apex Precision VMC Machinists,Rough & finish top/bottom platen face to 0.02mm flat
4020101800,A-10364,BARREL NUT M70 X 3P - 280,,,BARREL NUT M70 X 3P - 280 (CASTING/RAW MATERIAL),2,BOR,Precision CNC Boring (Tie Bar & Bush Bores),3,VEN0000002,Apex Precision VMC Machinists,Bore 4x Tie bar holes to H7 tolerance
4020101800,A-10364,BARREL NUT M70 X 3P - 280,,,BARREL NUT M70 X 3P - 280 (CASTING/RAW MATERIAL),3,DRL,CNC Drilling & Tapping (PCD Clamp Holes),1,VEN0000002,Apex Precision VMC Machinists,M16 mould clamp tapped holes as per drawing
4020101800,A-10364,BARREL NUT M70 X 3P - 280,,,BARREL NUT M70 X 3P - 280 (CASTING/RAW MATERIAL),4,HT,Stress Relieving & Normalizing Heat Treatment,2,VEN0000004,Gujarat Heat Treaters & Nitriding,Normalize thermal stress at 550°C
4020101800,A-10364,BARREL NUT M70 X 3P - 280,,,BARREL NUT M70 X 3P - 280 (CASTING/RAW MATERIAL),5,GRD,Cylindrical & Precision Surface Grinding,1,VEN0000006,Sardar Cylindrical & Surface Grinding,Precision surface grind & rust preventive oil
4020101900,A-10370,BARREL CHECKNUT M70 X 3P - 280,,,BARREL CHECKNUT M70 X 3P - 280 (CASTING/RAW MATERIAL),1,MCH,VMC Heavy Face Milling & Edge Truing,2,VEN0000002,Apex Precision VMC Machinists,Rough & finish top/bottom platen face to 0.02mm flat
4020101900,A-10370,BARREL CHECKNUT M70 X 3P - 280,,,BARREL CHECKNUT M70 X 3P - 280 (CASTING/RAW MATERIAL),2,BOR,Precision CNC Boring (Tie Bar & Bush Bores),3,VEN0000002,Apex Precision VMC Machinists,Bore 4x Tie bar holes to H7 tolerance
4020101900,A-10370,BARREL CHECKNUT M70 X 3P - 280,,,BARREL CHECKNUT M70 X 3P - 280 (CASTING/RAW MATERIAL),3,DRL,CNC Drilling & Tapping (PCD Clamp Holes),1,VEN0000002,Apex Precision VMC Machinists,M16 mould clamp tapped holes as per drawing
4020101900,A-10370,BARREL CHECKNUT M70 X 3P - 280,,,BARREL CHECKNUT M70 X 3P - 280 (CASTING/RAW MATERIAL),4,HT,Stress Relieving & Normalizing Heat Treatment,2,VEN0000004,Gujarat Heat Treaters & Nitriding,Normalize thermal stress at 550°C
4020101900,A-10370,BARREL CHECKNUT M70 X 3P - 280,,,BARREL CHECKNUT M70 X 3P - 280 (CASTING/RAW MATERIAL),5,GRD,Cylindrical & Precision Surface Grinding,1,VEN0000006,Sardar Cylindrical & Surface Grinding,Precision surface grind & rust preventive oil
4110004500,A-10060,SPLIT COLLAR - 30,,,SPLIT COLLAR - 30 (CASTING/RAW MATERIAL),1,MCH,VMC Heavy Face Milling & Edge Truing,2,VEN0000002,Apex Precision VMC Machinists,Rough & finish top/bottom platen face to 0.02mm flat
4110004500,A-10060,SPLIT COLLAR - 30,,,SPLIT COLLAR - 30 (CASTING/RAW MATERIAL),2,BOR,Precision CNC Boring (Tie Bar & Bush Bores),3,VEN0000002,Apex Precision VMC Machinists,Bore 4x Tie bar holes to H7 tolerance
4110004500,A-10060,SPLIT COLLAR - 30,,,SPLIT COLLAR - 30 (CASTING/RAW MATERIAL),3,DRL,CNC Drilling & Tapping (PCD Clamp Holes),1,VEN0000002,Apex Precision VMC Machinists,M16 mould clamp tapped holes as per drawing
4110004500,A-10060,SPLIT COLLAR - 30,,,SPLIT COLLAR - 30 (CASTING/RAW MATERIAL),4,HT,Stress Relieving & Normalizing Heat Treatment,2,VEN0000004,Gujarat Heat Treaters & Nitriding,Normalize thermal stress at 550°C
4110004500,A-10060,SPLIT COLLAR - 30,,,SPLIT COLLAR - 30 (CASTING/RAW MATERIAL),5,GRD,Cylindrical & Precision Surface Grinding,1,VEN0000006,Sardar Cylindrical & Surface Grinding,Precision surface grind & rust preventive oil
4110004600,A-10044,FEED SCREW COUPLING - 30,,,FEED SCREW COUPLING - 30 (CASTING/RAW MATERIAL),1,MCH,VMC Heavy Face Milling & Edge Truing,2,VEN0000002,Apex Precision VMC Machinists,Rough & finish top/bottom platen face to 0.02mm flat
4110004600,A-10044,FEED SCREW COUPLING - 30,,,FEED SCREW COUPLING - 30 (CASTING/RAW MATERIAL),2,BOR,Precision CNC Boring (Tie Bar & Bush Bores),3,VEN0000002,Apex Precision VMC Machinists,Bore 4x Tie bar holes to H7 tolerance
4110004600,A-10044,FEED SCREW COUPLING - 30,,,FEED SCREW COUPLING - 30 (CASTING/RAW MATERIAL),3,DRL,CNC Drilling & Tapping (PCD Clamp Holes),1,VEN0000002,Apex Precision VMC Machinists,M16 mould clamp tapped holes as per drawing
4110004600,A-10044,FEED SCREW COUPLING - 30,,,FEED SCREW COUPLING - 30 (CASTING/RAW MATERIAL),4,HT,Stress Relieving & Normalizing Heat Treatment,2,VEN0000004,Gujarat Heat Treaters & Nitriding,Normalize thermal stress at 550°C
4110004600,A-10044,FEED SCREW COUPLING - 30,,,FEED SCREW COUPLING - 30 (CASTING/RAW MATERIAL),5,GRD,Cylindrical & Precision Surface Grinding,1,VEN0000006,Sardar Cylindrical & Surface Grinding,Precision surface grind & rust preventive oil
4110004700,A-10790,SCREW KEY - 280,,,SCREW KEY - 280 (CASTING/RAW MATERIAL),1,MCH,VMC Heavy Face Milling & Edge Truing,2,VEN0000002,Apex Precision VMC Machinists,Rough & finish top/bottom platen face to 0.02mm flat
4110004700,A-10790,SCREW KEY - 280,,,SCREW KEY - 280 (CASTING/RAW MATERIAL),2,BOR,Precision CNC Boring (Tie Bar & Bush Bores),3,VEN0000002,Apex Precision VMC Machinists,Bore 4x Tie bar holes to H7 tolerance
4110004700,A-10790,SCREW KEY - 280,,,SCREW KEY - 280 (CASTING/RAW MATERIAL),3,DRL,CNC Drilling & Tapping (PCD Clamp Holes),1,VEN0000002,Apex Precision VMC Machinists,M16 mould clamp tapped holes as per drawing
4110004700,A-10790,SCREW KEY - 280,,,SCREW KEY - 280 (CASTING/RAW MATERIAL),4,HT,Stress Relieving & Normalizing Heat Treatment,2,VEN0000004,Gujarat Heat Treaters & Nitriding,Normalize thermal stress at 550°C
4110004700,A-10790,SCREW KEY - 280,,,SCREW KEY - 280 (CASTING/RAW MATERIAL),5,GRD,Cylindrical & Precision Surface Grinding,1,VEN0000006,Sardar Cylindrical & Surface Grinding,Precision surface grind & rust preventive oil
4110004800,A-10053,BARREL LOCK PIN,,,BARREL LOCK PIN (CASTING/RAW MATERIAL),1,MCH,VMC Heavy Face Milling & Edge Truing,2,VEN0000002,Apex Precision VMC Machinists,Rough & finish top/bottom platen face to 0.02mm flat
4110004800,A-10053,BARREL LOCK PIN,,,BARREL LOCK PIN (CASTING/RAW MATERIAL),2,BOR,Precision CNC Boring (Tie Bar & Bush Bores),3,VEN0000002,Apex Precision VMC Machinists,Bore 4x Tie bar holes to H7 tolerance
4110004800,A-10053,BARREL LOCK PIN,,,BARREL LOCK PIN (CASTING/RAW MATERIAL),3,DRL,CNC Drilling & Tapping (PCD Clamp Holes),1,VEN0000002,Apex Precision VMC Machinists,M16 mould clamp tapped holes as per drawing
4110004800,A-10053,BARREL LOCK PIN,,,BARREL LOCK PIN (CASTING/RAW MATERIAL),4,HT,Stress Relieving & Normalizing Heat Treatment,2,VEN0000004,Gujarat Heat Treaters & Nitriding,Normalize thermal stress at 550°C
4110004800,A-10053,BARREL LOCK PIN,,,BARREL LOCK PIN (CASTING/RAW MATERIAL),5,GRD,Cylindrical & Precision Surface Grinding,1,VEN0000006,Sardar Cylindrical & Surface Grinding,Precision surface grind & rust preventive oil
4110004900,A-10402,BARREL Ø35 - 280,,,BARREL Ø35 - 280 (CASTING/RAW MATERIAL),1,MCH,VMC Heavy Face Milling & Edge Truing,2,VEN0000002,Apex Precision VMC Machinists,Rough & finish top/bottom platen face to 0.02mm flat
4110004900,A-10402,BARREL Ø35 - 280,,,BARREL Ø35 - 280 (CASTING/RAW MATERIAL),2,BOR,Precision CNC Boring (Tie Bar & Bush Bores),3,VEN0000002,Apex Precision VMC Machinists,Bore 4x Tie bar holes to H7 tolerance
4110004900,A-10402,BARREL Ø35 - 280,,,BARREL Ø35 - 280 (CASTING/RAW MATERIAL),3,DRL,CNC Drilling & Tapping (PCD Clamp Holes),1,VEN0000002,Apex Precision VMC Machinists,M16 mould clamp tapped holes as per drawing
4110004900,A-10402,BARREL Ø35 - 280,,,BARREL Ø35 - 280 (CASTING/RAW MATERIAL),4,HT,Stress Relieving & Normalizing Heat Treatment,2,VEN0000004,Gujarat Heat Treaters & Nitriding,Normalize thermal stress at 550°C
4110004900,A-10402,BARREL Ø35 - 280,,,BARREL Ø35 - 280 (CASTING/RAW MATERIAL),5,GRD,Cylindrical & Precision Surface Grinding,1,VEN0000006,Sardar Cylindrical & Surface Grinding,Precision surface grind & rust preventive oil
4110005000,A-10420,SCREW Ø35 - 280,,,SCREW Ø35 - 280 (CASTING/RAW MATERIAL),1,MCH,VMC Heavy Face Milling & Edge Truing,2,VEN0000002,Apex Precision VMC Machinists,Rough & finish top/bottom platen face to 0.02mm flat
4110005000,A-10420,SCREW Ø35 - 280,,,SCREW Ø35 - 280 (CASTING/RAW MATERIAL),2,BOR,Precision CNC Boring (Tie Bar & Bush Bores),3,VEN0000002,Apex Precision VMC Machinists,Bore 4x Tie bar holes to H7 tolerance
4110005000,A-10420,SCREW Ø35 - 280,,,SCREW Ø35 - 280 (CASTING/RAW MATERIAL),3,DRL,CNC Drilling & Tapping (PCD Clamp Holes),1,VEN0000002,Apex Precision VMC Machinists,M16 mould clamp tapped holes as per drawing
4110005000,A-10420,SCREW Ø35 - 280,,,SCREW Ø35 - 280 (CASTING/RAW MATERIAL),4,HT,Stress Relieving & Normalizing Heat Treatment,2,VEN0000004,Gujarat Heat Treaters & Nitriding,Normalize thermal stress at 550°C
4110005000,A-10420,SCREW Ø35 - 280,,,SCREW Ø35 - 280 (CASTING/RAW MATERIAL),5,GRD,Cylindrical & Precision Surface Grinding,1,VEN0000006,Sardar Cylindrical & Surface Grinding,Precision surface grind & rust preventive oil
4110005100,A-10438,BARREL ADAPT Ø35 - 280,,,BARREL ADAPT Ø35 - 280 (CASTING/RAW MATERIAL),1,MCH,VMC Heavy Face Milling & Edge Truing,2,VEN0000002,Apex Precision VMC Machinists,Rough & finish top/bottom platen face to 0.02mm flat
4110005100,A-10438,BARREL ADAPT Ø35 - 280,,,BARREL ADAPT Ø35 - 280 (CASTING/RAW MATERIAL),2,BOR,Precision CNC Boring (Tie Bar & Bush Bores),3,VEN0000002,Apex Precision VMC Machinists,Bore 4x Tie bar holes to H7 tolerance
4110005100,A-10438,BARREL ADAPT Ø35 - 280,,,BARREL ADAPT Ø35 - 280 (CASTING/RAW MATERIAL),3,DRL,CNC Drilling & Tapping (PCD Clamp Holes),1,VEN0000002,Apex Precision VMC Machinists,M16 mould clamp tapped holes as per drawing
4110005100,A-10438,BARREL ADAPT Ø35 - 280,,,BARREL ADAPT Ø35 - 280 (CASTING/RAW MATERIAL),4,HT,Stress Relieving & Normalizing Heat Treatment,2,VEN0000004,Gujarat Heat Treaters & Nitriding,Normalize thermal stress at 550°C
4110005100,A-10438,BARREL ADAPT Ø35 - 280,,,BARREL ADAPT Ø35 - 280 (CASTING/RAW MATERIAL),5,GRD,Cylindrical & Precision Surface Grinding,1,VEN0000006,Sardar Cylindrical & Surface Grinding,Precision surface grind & rust preventive oil
4110005200,A-10456,SCREW TIP - 35,,,SCREW TIP - 35 (CASTING/RAW MATERIAL),1,MCH,VMC Heavy Face Milling & Edge Truing,2,VEN0000002,Apex Precision VMC Machinists,Rough & finish top/bottom platen face to 0.02mm flat
4110005200,A-10456,SCREW TIP - 35,,,SCREW TIP - 35 (CASTING/RAW MATERIAL),2,BOR,Precision CNC Boring (Tie Bar & Bush Bores),3,VEN0000002,Apex Precision VMC Machinists,Bore 4x Tie bar holes to H7 tolerance
4110005200,A-10456,SCREW TIP - 35,,,SCREW TIP - 35 (CASTING/RAW MATERIAL),3,DRL,CNC Drilling & Tapping (PCD Clamp Holes),1,VEN0000002,Apex Precision VMC Machinists,M16 mould clamp tapped holes as per drawing
4110005200,A-10456,SCREW TIP - 35,,,SCREW TIP - 35 (CASTING/RAW MATERIAL),4,HT,Stress Relieving & Normalizing Heat Treatment,2,VEN0000004,Gujarat Heat Treaters & Nitriding,Normalize thermal stress at 550°C
4110005200,A-10456,SCREW TIP - 35,,,SCREW TIP - 35 (CASTING/RAW MATERIAL),5,GRD,Cylindrical & Precision Surface Grinding,1,VEN0000006,Sardar Cylindrical & Surface Grinding,Precision surface grind & rust preventive oil
4110005300,A-10465,SLIDER - 35,,,SLIDER - 35 (CASTING/RAW MATERIAL),1,MCH,VMC Heavy Face Milling & Edge Truing,2,VEN0000002,Apex Precision VMC Machinists,Rough & finish top/bottom platen face to 0.02mm flat
4110005300,A-10465,SLIDER - 35,,,SLIDER - 35 (CASTING/RAW MATERIAL),2,BOR,Precision CNC Boring (Tie Bar & Bush Bores),3,VEN0000002,Apex Precision VMC Machinists,Bore 4x Tie bar holes to H7 tolerance
4110005300,A-10465,SLIDER - 35,,,SLIDER - 35 (CASTING/RAW MATERIAL),3,DRL,CNC Drilling & Tapping (PCD Clamp Holes),1,VEN0000002,Apex Precision VMC Machinists,M16 mould clamp tapped holes as per drawing
4110005300,A-10465,SLIDER - 35,,,SLIDER - 35 (CASTING/RAW MATERIAL),4,HT,Stress Relieving & Normalizing Heat Treatment,2,VEN0000004,Gujarat Heat Treaters & Nitriding,Normalize thermal stress at 550°C
4110005300,A-10465,SLIDER - 35,,,SLIDER - 35 (CASTING/RAW MATERIAL),5,GRD,Cylindrical & Precision Surface Grinding,1,VEN0000006,Sardar Cylindrical & Surface Grinding,Precision surface grind & rust preventive oil
4110005400,A-10473,SLIDER SEAT - 35,,,SLIDER SEAT - 35 (CASTING/RAW MATERIAL),1,MCH,VMC Heavy Face Milling & Edge Truing,2,VEN0000002,Apex Precision VMC Machinists,Rough & finish top/bottom platen face to 0.02mm flat
4110005400,A-10473,SLIDER SEAT - 35,,,SLIDER SEAT - 35 (CASTING/RAW MATERIAL),2,BOR,Precision CNC Boring (Tie Bar & Bush Bores),3,VEN0000002,Apex Precision VMC Machinists,Bore 4x Tie bar holes to H7 tolerance
4110005400,A-10473,SLIDER SEAT - 35,,,SLIDER SEAT - 35 (CASTING/RAW MATERIAL),3,DRL,CNC Drilling & Tapping (PCD Clamp Holes),1,VEN0000002,Apex Precision VMC Machinists,M16 mould clamp tapped holes as per drawing
4110005400,A-10473,SLIDER SEAT - 35,,,SLIDER SEAT - 35 (CASTING/RAW MATERIAL),4,HT,Stress Relieving & Normalizing Heat Treatment,2,VEN0000004,Gujarat Heat Treaters & Nitriding,Normalize thermal stress at 550°C
4110005400,A-10473,SLIDER SEAT - 35,,,SLIDER SEAT - 35 (CASTING/RAW MATERIAL),5,GRD,Cylindrical & Precision Surface Grinding,1,VEN0000006,Sardar Cylindrical & Surface Grinding,Precision surface grind & rust preventive oil
4110005500,A-10403,BARREL Ø40 - 280,,,BARREL Ø40 - 280 (CASTING/RAW MATERIAL),1,MCH,VMC Heavy Face Milling & Edge Truing,2,VEN0000002,Apex Precision VMC Machinists,Rough & finish top/bottom platen face to 0.02mm flat
4110005500,A-10403,BARREL Ø40 - 280,,,BARREL Ø40 - 280 (CASTING/RAW MATERIAL),2,BOR,Precision CNC Boring (Tie Bar & Bush Bores),3,VEN0000002,Apex Precision VMC Machinists,Bore 4x Tie bar holes to H7 tolerance
4110005500,A-10403,BARREL Ø40 - 280,,,BARREL Ø40 - 280 (CASTING/RAW MATERIAL),3,DRL,CNC Drilling & Tapping (PCD Clamp Holes),1,VEN0000002,Apex Precision VMC Machinists,M16 mould clamp tapped holes as per drawing
4110005500,A-10403,BARREL Ø40 - 280,,,BARREL Ø40 - 280 (CASTING/RAW MATERIAL),4,HT,Stress Relieving & Normalizing Heat Treatment,2,VEN0000004,Gujarat Heat Treaters & Nitriding,Normalize thermal stress at 550°C
4110005500,A-10403,BARREL Ø40 - 280,,,BARREL Ø40 - 280 (CASTING/RAW MATERIAL),5,GRD,Cylindrical & Precision Surface Grinding,1,VEN0000006,Sardar Cylindrical & Surface Grinding,Precision surface grind & rust preventive oil
4110005600,A-10421,SCREW Ø40 - 280,,,SCREW Ø40 - 280 (CASTING/RAW MATERIAL),1,MCH,VMC Heavy Face Milling & Edge Truing,2,VEN0000002,Apex Precision VMC Machinists,Rough & finish top/bottom platen face to 0.02mm flat
4110005600,A-10421,SCREW Ø40 - 280,,,SCREW Ø40 - 280 (CASTING/RAW MATERIAL),2,BOR,Precision CNC Boring (Tie Bar & Bush Bores),3,VEN0000002,Apex Precision VMC Machinists,Bore 4x Tie bar holes to H7 tolerance
4110005600,A-10421,SCREW Ø40 - 280,,,SCREW Ø40 - 280 (CASTING/RAW MATERIAL),3,DRL,CNC Drilling & Tapping (PCD Clamp Holes),1,VEN0000002,Apex Precision VMC Machinists,M16 mould clamp tapped holes as per drawing
4110005600,A-10421,SCREW Ø40 - 280,,,SCREW Ø40 - 280 (CASTING/RAW MATERIAL),4,HT,Stress Relieving & Normalizing Heat Treatment,2,VEN0000004,Gujarat Heat Treaters & Nitriding,Normalize thermal stress at 550°C
4110005600,A-10421,SCREW Ø40 - 280,,,SCREW Ø40 - 280 (CASTING/RAW MATERIAL),5,GRD,Cylindrical & Precision Surface Grinding,1,VEN0000006,Sardar Cylindrical & Surface Grinding,Precision surface grind & rust preventive oil
4110005700,A-10439,BARREL ADAPT Ø40 - 280,,,BARREL ADAPT Ø40 - 280 (CASTING/RAW MATERIAL),1,MCH,VMC Heavy Face Milling & Edge Truing,2,VEN0000002,Apex Precision VMC Machinists,Rough & finish top/bottom platen face to 0.02mm flat
4110005700,A-10439,BARREL ADAPT Ø40 - 280,,,BARREL ADAPT Ø40 - 280 (CASTING/RAW MATERIAL),2,BOR,Precision CNC Boring (Tie Bar & Bush Bores),3,VEN0000002,Apex Precision VMC Machinists,Bore 4x Tie bar holes to H7 tolerance
4110005700,A-10439,BARREL ADAPT Ø40 - 280,,,BARREL ADAPT Ø40 - 280 (CASTING/RAW MATERIAL),3,DRL,CNC Drilling & Tapping (PCD Clamp Holes),1,VEN0000002,Apex Precision VMC Machinists,M16 mould clamp tapped holes as per drawing
4110005700,A-10439,BARREL ADAPT Ø40 - 280,,,BARREL ADAPT Ø40 - 280 (CASTING/RAW MATERIAL),4,HT,Stress Relieving & Normalizing Heat Treatment,2,VEN0000004,Gujarat Heat Treaters & Nitriding,Normalize thermal stress at 550°C
4110005700,A-10439,BARREL ADAPT Ø40 - 280,,,BARREL ADAPT Ø40 - 280 (CASTING/RAW MATERIAL),5,GRD,Cylindrical & Precision Surface Grinding,1,VEN0000006,Sardar Cylindrical & Surface Grinding,Precision surface grind & rust preventive oil
4110005800,A-10457,SCREW TIP - 40,,,SCREW TIP - 40 (CASTING/RAW MATERIAL),1,MCH,VMC Heavy Face Milling & Edge Truing,2,VEN0000002,Apex Precision VMC Machinists,Rough & finish top/bottom platen face to 0.02mm flat
4110005800,A-10457,SCREW TIP - 40,,,SCREW TIP - 40 (CASTING/RAW MATERIAL),2,BOR,Precision CNC Boring (Tie Bar & Bush Bores),3,VEN0000002,Apex Precision VMC Machinists,Bore 4x Tie bar holes to H7 tolerance
4110005800,A-10457,SCREW TIP - 40,,,SCREW TIP - 40 (CASTING/RAW MATERIAL),3,DRL,CNC Drilling & Tapping (PCD Clamp Holes),1,VEN0000002,Apex Precision VMC Machinists,M16 mould clamp tapped holes as per drawing
4110005800,A-10457,SCREW TIP - 40,,,SCREW TIP - 40 (CASTING/RAW MATERIAL),4,HT,Stress Relieving & Normalizing Heat Treatment,2,VEN0000004,Gujarat Heat Treaters & Nitriding,Normalize thermal stress at 550°C
4110005800,A-10457,SCREW TIP - 40,,,SCREW TIP - 40 (CASTING/RAW MATERIAL),5,GRD,Cylindrical & Precision Surface Grinding,1,VEN0000006,Sardar Cylindrical & Surface Grinding,Precision surface grind & rust preventive oil
4110005900,A-10466,SLIDER - 40,,,SLIDER - 40 (CASTING/RAW MATERIAL),1,MCH,VMC Heavy Face Milling & Edge Truing,2,VEN0000002,Apex Precision VMC Machinists,Rough & finish top/bottom platen face to 0.02mm flat
4110005900,A-10466,SLIDER - 40,,,SLIDER - 40 (CASTING/RAW MATERIAL),2,BOR,Precision CNC Boring (Tie Bar & Bush Bores),3,VEN0000002,Apex Precision VMC Machinists,Bore 4x Tie bar holes to H7 tolerance
4110005900,A-10466,SLIDER - 40,,,SLIDER - 40 (CASTING/RAW MATERIAL),3,DRL,CNC Drilling & Tapping (PCD Clamp Holes),1,VEN0000002,Apex Precision VMC Machinists,M16 mould clamp tapped holes as per drawing
4110005900,A-10466,SLIDER - 40,,,SLIDER - 40 (CASTING/RAW MATERIAL),4,HT,Stress Relieving & Normalizing Heat Treatment,2,VEN0000004,Gujarat Heat Treaters & Nitriding,Normalize thermal stress at 550°C
4110005900,A-10466,SLIDER - 40,,,SLIDER - 40 (CASTING/RAW MATERIAL),5,GRD,Cylindrical & Precision Surface Grinding,1,VEN0000006,Sardar Cylindrical & Surface Grinding,Precision surface grind & rust preventive oil
4110006000,A-10474,SLIDER SEAT - 40,,,SLIDER SEAT - 40 (CASTING/RAW MATERIAL),1,MCH,VMC Heavy Face Milling & Edge Truing,2,VEN0000002,Apex Precision VMC Machinists,Rough & finish top/bottom platen face to 0.02mm flat
4110006000,A-10474,SLIDER SEAT - 40,,,SLIDER SEAT - 40 (CASTING/RAW MATERIAL),2,BOR,Precision CNC Boring (Tie Bar & Bush Bores),3,VEN0000002,Apex Precision VMC Machinists,Bore 4x Tie bar holes to H7 tolerance
4110006000,A-10474,SLIDER SEAT - 40,,,SLIDER SEAT - 40 (CASTING/RAW MATERIAL),3,DRL,CNC Drilling & Tapping (PCD Clamp Holes),1,VEN0000002,Apex Precision VMC Machinists,M16 mould clamp tapped holes as per drawing
4110006000,A-10474,SLIDER SEAT - 40,,,SLIDER SEAT - 40 (CASTING/RAW MATERIAL),4,HT,Stress Relieving & Normalizing Heat Treatment,2,VEN0000004,Gujarat Heat Treaters & Nitriding,Normalize thermal stress at 550°C
4110006000,A-10474,SLIDER SEAT - 40,,,SLIDER SEAT - 40 (CASTING/RAW MATERIAL),5,GRD,Cylindrical & Precision Surface Grinding,1,VEN0000006,Sardar Cylindrical & Surface Grinding,Precision surface grind & rust preventive oil
4110006100,A-10067,SPLIT COLLAR - 35,,,SPLIT COLLAR - 35 (CASTING/RAW MATERIAL),1,MCH,VMC Heavy Face Milling & Edge Truing,2,VEN0000002,Apex Precision VMC Machinists,Rough & finish top/bottom platen face to 0.02mm flat
4110006100,A-10067,SPLIT COLLAR - 35,,,SPLIT COLLAR - 35 (CASTING/RAW MATERIAL),2,BOR,Precision CNC Boring (Tie Bar & Bush Bores),3,VEN0000002,Apex Precision VMC Machinists,Bore 4x Tie bar holes to H7 tolerance
4110006100,A-10067,SPLIT COLLAR - 35,,,SPLIT COLLAR - 35 (CASTING/RAW MATERIAL),3,DRL,CNC Drilling & Tapping (PCD Clamp Holes),1,VEN0000002,Apex Precision VMC Machinists,M16 mould clamp tapped holes as per drawing
4110006100,A-10067,SPLIT COLLAR - 35,,,SPLIT COLLAR - 35 (CASTING/RAW MATERIAL),4,HT,Stress Relieving & Normalizing Heat Treatment,2,VEN0000004,Gujarat Heat Treaters & Nitriding,Normalize thermal stress at 550°C
4110006100,A-10067,SPLIT COLLAR - 35,,,SPLIT COLLAR - 35 (CASTING/RAW MATERIAL),5,GRD,Cylindrical & Precision Surface Grinding,1,VEN0000006,Sardar Cylindrical & Surface Grinding,Precision surface grind & rust preventive oil
4110006200,A-10045,FEED SCREW COUPLING - 35,,,FEED SCREW COUPLING - 35 (CASTING/RAW MATERIAL),1,MCH,VMC Heavy Face Milling & Edge Truing,2,VEN0000002,Apex Precision VMC Machinists,Rough & finish top/bottom platen face to 0.02mm flat
4110006200,A-10045,FEED SCREW COUPLING - 35,,,FEED SCREW COUPLING - 35 (CASTING/RAW MATERIAL),2,BOR,Precision CNC Boring (Tie Bar & Bush Bores),3,VEN0000002,Apex Precision VMC Machinists,Bore 4x Tie bar holes to H7 tolerance
4110006200,A-10045,FEED SCREW COUPLING - 35,,,FEED SCREW COUPLING - 35 (CASTING/RAW MATERIAL),3,DRL,CNC Drilling & Tapping (PCD Clamp Holes),1,VEN0000002,Apex Precision VMC Machinists,M16 mould clamp tapped holes as per drawing
4110006200,A-10045,FEED SCREW COUPLING - 35,,,FEED SCREW COUPLING - 35 (CASTING/RAW MATERIAL),4,HT,Stress Relieving & Normalizing Heat Treatment,2,VEN0000004,Gujarat Heat Treaters & Nitriding,Normalize thermal stress at 550°C
4110006200,A-10045,FEED SCREW COUPLING - 35,,,FEED SCREW COUPLING - 35 (CASTING/RAW MATERIAL),5,GRD,Cylindrical & Precision Surface Grinding,1,VEN0000006,Sardar Cylindrical & Surface Grinding,Precision surface grind & rust preventive oil
4110011100,A-10404,BARREL Ø35 - 420,,,BARREL Ø35 - 420 (CASTING/RAW MATERIAL),1,MCH,VMC Heavy Face Milling & Edge Truing,2,VEN0000002,Apex Precision VMC Machinists,Rough & finish top/bottom platen face to 0.02mm flat
4110011100,A-10404,BARREL Ø35 - 420,,,BARREL Ø35 - 420 (CASTING/RAW MATERIAL),2,BOR,Precision CNC Boring (Tie Bar & Bush Bores),3,VEN0000002,Apex Precision VMC Machinists,Bore 4x Tie bar holes to H7 tolerance
4110011100,A-10404,BARREL Ø35 - 420,,,BARREL Ø35 - 420 (CASTING/RAW MATERIAL),3,DRL,CNC Drilling & Tapping (PCD Clamp Holes),1,VEN0000002,Apex Precision VMC Machinists,M16 mould clamp tapped holes as per drawing
4110011100,A-10404,BARREL Ø35 - 420,,,BARREL Ø35 - 420 (CASTING/RAW MATERIAL),4,HT,Stress Relieving & Normalizing Heat Treatment,2,VEN0000004,Gujarat Heat Treaters & Nitriding,Normalize thermal stress at 550°C
4110011100,A-10404,BARREL Ø35 - 420,,,BARREL Ø35 - 420 (CASTING/RAW MATERIAL),5,GRD,Cylindrical & Precision Surface Grinding,1,VEN0000006,Sardar Cylindrical & Surface Grinding,Precision surface grind & rust preventive oil
4110011200,A-10422,SCREW Ø35 - 420,,,SCREW Ø35 - 420 (CASTING/RAW MATERIAL),1,MCH,VMC Heavy Face Milling & Edge Truing,2,VEN0000002,Apex Precision VMC Machinists,Rough & finish top/bottom platen face to 0.02mm flat
4110011200,A-10422,SCREW Ø35 - 420,,,SCREW Ø35 - 420 (CASTING/RAW MATERIAL),2,BOR,Precision CNC Boring (Tie Bar & Bush Bores),3,VEN0000002,Apex Precision VMC Machinists,Bore 4x Tie bar holes to H7 tolerance
4110011200,A-10422,SCREW Ø35 - 420,,,SCREW Ø35 - 420 (CASTING/RAW MATERIAL),3,DRL,CNC Drilling & Tapping (PCD Clamp Holes),1,VEN0000002,Apex Precision VMC Machinists,M16 mould clamp tapped holes as per drawing
4110011200,A-10422,SCREW Ø35 - 420,,,SCREW Ø35 - 420 (CASTING/RAW MATERIAL),4,HT,Stress Relieving & Normalizing Heat Treatment,2,VEN0000004,Gujarat Heat Treaters & Nitriding,Normalize thermal stress at 550°C
4110011200,A-10422,SCREW Ø35 - 420,,,SCREW Ø35 - 420 (CASTING/RAW MATERIAL),5,GRD,Cylindrical & Precision Surface Grinding,1,VEN0000006,Sardar Cylindrical & Surface Grinding,Precision surface grind & rust preventive oil
4110011300,A-10440,BARREL ADAPT Ø35 - 420,,,BARREL ADAPT Ø35 - 420 (CASTING/RAW MATERIAL),1,MCH,VMC Heavy Face Milling & Edge Truing,2,VEN0000002,Apex Precision VMC Machinists,Rough & finish top/bottom platen face to 0.02mm flat
4110011300,A-10440,BARREL ADAPT Ø35 - 420,,,BARREL ADAPT Ø35 - 420 (CASTING/RAW MATERIAL),2,BOR,Precision CNC Boring (Tie Bar & Bush Bores),3,VEN0000002,Apex Precision VMC Machinists,Bore 4x Tie bar holes to H7 tolerance
4110011300,A-10440,BARREL ADAPT Ø35 - 420,,,BARREL ADAPT Ø35 - 420 (CASTING/RAW MATERIAL),3,DRL,CNC Drilling & Tapping (PCD Clamp Holes),1,VEN0000002,Apex Precision VMC Machinists,M16 mould clamp tapped holes as per drawing
4110011300,A-10440,BARREL ADAPT Ø35 - 420,,,BARREL ADAPT Ø35 - 420 (CASTING/RAW MATERIAL),4,HT,Stress Relieving & Normalizing Heat Treatment,2,VEN0000004,Gujarat Heat Treaters & Nitriding,Normalize thermal stress at 550°C
4110011300,A-10440,BARREL ADAPT Ø35 - 420,,,BARREL ADAPT Ø35 - 420 (CASTING/RAW MATERIAL),5,GRD,Cylindrical & Precision Surface Grinding,1,VEN0000006,Sardar Cylindrical & Surface Grinding,Precision surface grind & rust preventive oil
4020102000,A-10363,BARREL NUT M80 X 3P - 420,,,BARREL NUT M80 X 3P - 420 (CASTING/RAW MATERIAL),1,MCH,VMC Heavy Face Milling & Edge Truing,2,VEN0000002,Apex Precision VMC Machinists,Rough & finish top/bottom platen face to 0.02mm flat
4020102000,A-10363,BARREL NUT M80 X 3P - 420,,,BARREL NUT M80 X 3P - 420 (CASTING/RAW MATERIAL),2,BOR,Precision CNC Boring (Tie Bar & Bush Bores),3,VEN0000002,Apex Precision VMC Machinists,Bore 4x Tie bar holes to H7 tolerance
4020102000,A-10363,BARREL NUT M80 X 3P - 420,,,BARREL NUT M80 X 3P - 420 (CASTING/RAW MATERIAL),3,DRL,CNC Drilling & Tapping (PCD Clamp Holes),1,VEN0000002,Apex Precision VMC Machinists,M16 mould clamp tapped holes as per drawing
4020102000,A-10363,BARREL NUT M80 X 3P - 420,,,BARREL NUT M80 X 3P - 420 (CASTING/RAW MATERIAL),4,HT,Stress Relieving & Normalizing Heat Treatment,2,VEN0000004,Gujarat Heat Treaters & Nitriding,Normalize thermal stress at 550°C
4020102000,A-10363,BARREL NUT M80 X 3P - 420,,,BARREL NUT M80 X 3P - 420 (CASTING/RAW MATERIAL),5,GRD,Cylindrical & Precision Surface Grinding,1,VEN0000006,Sardar Cylindrical & Surface Grinding,Precision surface grind & rust preventive oil
4020102100,A-10369,BARREL CHECKNUT M80 X 3P - 420,,,BARREL CHECKNUT M80 X 3P - 420 (CASTING/RAW MATERIAL),1,MCH,VMC Heavy Face Milling & Edge Truing,2,VEN0000002,Apex Precision VMC Machinists,Rough & finish top/bottom platen face to 0.02mm flat
4020102100,A-10369,BARREL CHECKNUT M80 X 3P - 420,,,BARREL CHECKNUT M80 X 3P - 420 (CASTING/RAW MATERIAL),2,BOR,Precision CNC Boring (Tie Bar & Bush Bores),3,VEN0000002,Apex Precision VMC Machinists,Bore 4x Tie bar holes to H7 tolerance
4020102100,A-10369,BARREL CHECKNUT M80 X 3P - 420,,,BARREL CHECKNUT M80 X 3P - 420 (CASTING/RAW MATERIAL),3,DRL,CNC Drilling & Tapping (PCD Clamp Holes),1,VEN0000002,Apex Precision VMC Machinists,M16 mould clamp tapped holes as per drawing
4020102100,A-10369,BARREL CHECKNUT M80 X 3P - 420,,,BARREL CHECKNUT M80 X 3P - 420 (CASTING/RAW MATERIAL),4,HT,Stress Relieving & Normalizing Heat Treatment,2,VEN0000004,Gujarat Heat Treaters & Nitriding,Normalize thermal stress at 550°C
4020102100,A-10369,BARREL CHECKNUT M80 X 3P - 420,,,BARREL CHECKNUT M80 X 3P - 420 (CASTING/RAW MATERIAL),5,GRD,Cylindrical & Precision Surface Grinding,1,VEN0000006,Sardar Cylindrical & Surface Grinding,Precision surface grind & rust preventive oil
4110011400,A-10405,BARREL Ø40 - 420,,,BARREL Ø40 - 420 (CASTING/RAW MATERIAL),1,MCH,VMC Heavy Face Milling & Edge Truing,2,VEN0000002,Apex Precision VMC Machinists,Rough & finish top/bottom platen face to 0.02mm flat
4110011400,A-10405,BARREL Ø40 - 420,,,BARREL Ø40 - 420 (CASTING/RAW MATERIAL),2,BOR,Precision CNC Boring (Tie Bar & Bush Bores),3,VEN0000002,Apex Precision VMC Machinists,Bore 4x Tie bar holes to H7 tolerance
4110011400,A-10405,BARREL Ø40 - 420,,,BARREL Ø40 - 420 (CASTING/RAW MATERIAL),3,DRL,CNC Drilling & Tapping (PCD Clamp Holes),1,VEN0000002,Apex Precision VMC Machinists,M16 mould clamp tapped holes as per drawing
4110011400,A-10405,BARREL Ø40 - 420,,,BARREL Ø40 - 420 (CASTING/RAW MATERIAL),4,HT,Stress Relieving & Normalizing Heat Treatment,2,VEN0000004,Gujarat Heat Treaters & Nitriding,Normalize thermal stress at 550°C
4110011400,A-10405,BARREL Ø40 - 420,,,BARREL Ø40 - 420 (CASTING/RAW MATERIAL),5,GRD,Cylindrical & Precision Surface Grinding,1,VEN0000006,Sardar Cylindrical & Surface Grinding,Precision surface grind & rust preventive oil
4110011500,A-10423,SCREW Ø40 - 420,,,SCREW Ø40 - 420 (CASTING/RAW MATERIAL),1,MCH,VMC Heavy Face Milling & Edge Truing,2,VEN0000002,Apex Precision VMC Machinists,Rough & finish top/bottom platen face to 0.02mm flat
4110011500,A-10423,SCREW Ø40 - 420,,,SCREW Ø40 - 420 (CASTING/RAW MATERIAL),2,BOR,Precision CNC Boring (Tie Bar & Bush Bores),3,VEN0000002,Apex Precision VMC Machinists,Bore 4x Tie bar holes to H7 tolerance
4110011500,A-10423,SCREW Ø40 - 420,,,SCREW Ø40 - 420 (CASTING/RAW MATERIAL),3,DRL,CNC Drilling & Tapping (PCD Clamp Holes),1,VEN0000002,Apex Precision VMC Machinists,M16 mould clamp tapped holes as per drawing
4110011500,A-10423,SCREW Ø40 - 420,,,SCREW Ø40 - 420 (CASTING/RAW MATERIAL),4,HT,Stress Relieving & Normalizing Heat Treatment,2,VEN0000004,Gujarat Heat Treaters & Nitriding,Normalize thermal stress at 550°C
4110011500,A-10423,SCREW Ø40 - 420,,,SCREW Ø40 - 420 (CASTING/RAW MATERIAL),5,GRD,Cylindrical & Precision Surface Grinding,1,VEN0000006,Sardar Cylindrical & Surface Grinding,Precision surface grind & rust preventive oil
4110011600,A-10441,BARREL ADAPT Ø40 - 420,,,BARREL ADAPT Ø40 - 420 (CASTING/RAW MATERIAL),1,MCH,VMC Heavy Face Milling & Edge Truing,2,VEN0000002,Apex Precision VMC Machinists,Rough & finish top/bottom platen face to 0.02mm flat
4110011600,A-10441,BARREL ADAPT Ø40 - 420,,,BARREL ADAPT Ø40 - 420 (CASTING/RAW MATERIAL),2,BOR,Precision CNC Boring (Tie Bar & Bush Bores),3,VEN0000002,Apex Precision VMC Machinists,Bore 4x Tie bar holes to H7 tolerance
4110011600,A-10441,BARREL ADAPT Ø40 - 420,,,BARREL ADAPT Ø40 - 420 (CASTING/RAW MATERIAL),3,DRL,CNC Drilling & Tapping (PCD Clamp Holes),1,VEN0000002,Apex Precision VMC Machinists,M16 mould clamp tapped holes as per drawing
4110011600,A-10441,BARREL ADAPT Ø40 - 420,,,BARREL ADAPT Ø40 - 420 (CASTING/RAW MATERIAL),4,HT,Stress Relieving & Normalizing Heat Treatment,2,VEN0000004,Gujarat Heat Treaters & Nitriding,Normalize thermal stress at 550°C
4110011600,A-10441,BARREL ADAPT Ø40 - 420,,,BARREL ADAPT Ø40 - 420 (CASTING/RAW MATERIAL),5,GRD,Cylindrical & Precision Surface Grinding,1,VEN0000006,Sardar Cylindrical & Surface Grinding,Precision surface grind & rust preventive oil
4110011700,A-10406,BARREL Ø45 - 420,,,BARREL Ø45 - 420 (CASTING/RAW MATERIAL),1,MCH,VMC Heavy Face Milling & Edge Truing,2,VEN0000002,Apex Precision VMC Machinists,Rough & finish top/bottom platen face to 0.02mm flat
4110011700,A-10406,BARREL Ø45 - 420,,,BARREL Ø45 - 420 (CASTING/RAW MATERIAL),2,BOR,Precision CNC Boring (Tie Bar & Bush Bores),3,VEN0000002,Apex Precision VMC Machinists,Bore 4x Tie bar holes to H7 tolerance
4110011700,A-10406,BARREL Ø45 - 420,,,BARREL Ø45 - 420 (CASTING/RAW MATERIAL),3,DRL,CNC Drilling & Tapping (PCD Clamp Holes),1,VEN0000002,Apex Precision VMC Machinists,M16 mould clamp tapped holes as per drawing
4110011700,A-10406,BARREL Ø45 - 420,,,BARREL Ø45 - 420 (CASTING/RAW MATERIAL),4,HT,Stress Relieving & Normalizing Heat Treatment,2,VEN0000004,Gujarat Heat Treaters & Nitriding,Normalize thermal stress at 550°C
4110011700,A-10406,BARREL Ø45 - 420,,,BARREL Ø45 - 420 (CASTING/RAW MATERIAL),5,GRD,Cylindrical & Precision Surface Grinding,1,VEN0000006,Sardar Cylindrical & Surface Grinding,Precision surface grind & rust preventive oil
4110011800,A-10424,SCREW Ø45 - 420,,,SCREW Ø45 - 420 (CASTING/RAW MATERIAL),1,MCH,VMC Heavy Face Milling & Edge Truing,2,VEN0000002,Apex Precision VMC Machinists,Rough & finish top/bottom platen face to 0.02mm flat
4110011800,A-10424,SCREW Ø45 - 420,,,SCREW Ø45 - 420 (CASTING/RAW MATERIAL),2,BOR,Precision CNC Boring (Tie Bar & Bush Bores),3,VEN0000002,Apex Precision VMC Machinists,Bore 4x Tie bar holes to H7 tolerance
4110011800,A-10424,SCREW Ø45 - 420,,,SCREW Ø45 - 420 (CASTING/RAW MATERIAL),3,DRL,CNC Drilling & Tapping (PCD Clamp Holes),1,VEN0000002,Apex Precision VMC Machinists,M16 mould clamp tapped holes as per drawing
4110011800,A-10424,SCREW Ø45 - 420,,,SCREW Ø45 - 420 (CASTING/RAW MATERIAL),4,HT,Stress Relieving & Normalizing Heat Treatment,2,VEN0000004,Gujarat Heat Treaters & Nitriding,Normalize thermal stress at 550°C
4110011800,A-10424,SCREW Ø45 - 420,,,SCREW Ø45 - 420 (CASTING/RAW MATERIAL),5,GRD,Cylindrical & Precision Surface Grinding,1,VEN0000006,Sardar Cylindrical & Surface Grinding,Precision surface grind & rust preventive oil
4110011900,A-10442,BARREL ADAPT Ø45 - 420,,,BARREL ADAPT Ø45 - 420 (CASTING/RAW MATERIAL),1,MCH,VMC Heavy Face Milling & Edge Truing,2,VEN0000002,Apex Precision VMC Machinists,Rough & finish top/bottom platen face to 0.02mm flat
4110011900,A-10442,BARREL ADAPT Ø45 - 420,,,BARREL ADAPT Ø45 - 420 (CASTING/RAW MATERIAL),2,BOR,Precision CNC Boring (Tie Bar & Bush Bores),3,VEN0000002,Apex Precision VMC Machinists,Bore 4x Tie bar holes to H7 tolerance
4110011900,A-10442,BARREL ADAPT Ø45 - 420,,,BARREL ADAPT Ø45 - 420 (CASTING/RAW MATERIAL),3,DRL,CNC Drilling & Tapping (PCD Clamp Holes),1,VEN0000002,Apex Precision VMC Machinists,M16 mould clamp tapped holes as per drawing
4110011900,A-10442,BARREL ADAPT Ø45 - 420,,,BARREL ADAPT Ø45 - 420 (CASTING/RAW MATERIAL),4,HT,Stress Relieving & Normalizing Heat Treatment,2,VEN0000004,Gujarat Heat Treaters & Nitriding,Normalize thermal stress at 550°C
4110011900,A-10442,BARREL ADAPT Ø45 - 420,,,BARREL ADAPT Ø45 - 420 (CASTING/RAW MATERIAL),5,GRD,Cylindrical & Precision Surface Grinding,1,VEN0000006,Sardar Cylindrical & Surface Grinding,Precision surface grind & rust preventive oil
4110012000,A-10458,SCREW TIP - 45,,,SCREW TIP - 45 (CASTING/RAW MATERIAL),1,MCH,VMC Heavy Face Milling & Edge Truing,2,VEN0000002,Apex Precision VMC Machinists,Rough & finish top/bottom platen face to 0.02mm flat
4110012000,A-10458,SCREW TIP - 45,,,SCREW TIP - 45 (CASTING/RAW MATERIAL),2,BOR,Precision CNC Boring (Tie Bar & Bush Bores),3,VEN0000002,Apex Precision VMC Machinists,Bore 4x Tie bar holes to H7 tolerance
4110012000,A-10458,SCREW TIP - 45,,,SCREW TIP - 45 (CASTING/RAW MATERIAL),3,DRL,CNC Drilling & Tapping (PCD Clamp Holes),1,VEN0000002,Apex Precision VMC Machinists,M16 mould clamp tapped holes as per drawing
4110012000,A-10458,SCREW TIP - 45,,,SCREW TIP - 45 (CASTING/RAW MATERIAL),4,HT,Stress Relieving & Normalizing Heat Treatment,2,VEN0000004,Gujarat Heat Treaters & Nitriding,Normalize thermal stress at 550°C
4110012000,A-10458,SCREW TIP - 45,,,SCREW TIP - 45 (CASTING/RAW MATERIAL),5,GRD,Cylindrical & Precision Surface Grinding,1,VEN0000006,Sardar Cylindrical & Surface Grinding,Precision surface grind & rust preventive oil
4110012100,A-10467,SLIDER - 45,,,SLIDER - 45 (CASTING/RAW MATERIAL),1,MCH,VMC Heavy Face Milling & Edge Truing,2,VEN0000002,Apex Precision VMC Machinists,Rough & finish top/bottom platen face to 0.02mm flat
4110012100,A-10467,SLIDER - 45,,,SLIDER - 45 (CASTING/RAW MATERIAL),2,BOR,Precision CNC Boring (Tie Bar & Bush Bores),3,VEN0000002,Apex Precision VMC Machinists,Bore 4x Tie bar holes to H7 tolerance
4110012100,A-10467,SLIDER - 45,,,SLIDER - 45 (CASTING/RAW MATERIAL),3,DRL,CNC Drilling & Tapping (PCD Clamp Holes),1,VEN0000002,Apex Precision VMC Machinists,M16 mould clamp tapped holes as per drawing
4110012100,A-10467,SLIDER - 45,,,SLIDER - 45 (CASTING/RAW MATERIAL),4,HT,Stress Relieving & Normalizing Heat Treatment,2,VEN0000004,Gujarat Heat Treaters & Nitriding,Normalize thermal stress at 550°C
4110012100,A-10467,SLIDER - 45,,,SLIDER - 45 (CASTING/RAW MATERIAL),5,GRD,Cylindrical & Precision Surface Grinding,1,VEN0000006,Sardar Cylindrical & Surface Grinding,Precision surface grind & rust preventive oil
4110012200,A-10475,SLIDER SEAT - 45,,,SLIDER SEAT - 45 (CASTING/RAW MATERIAL),1,MCH,VMC Heavy Face Milling & Edge Truing,2,VEN0000002,Apex Precision VMC Machinists,Rough & finish top/bottom platen face to 0.02mm flat
4110012200,A-10475,SLIDER SEAT - 45,,,SLIDER SEAT - 45 (CASTING/RAW MATERIAL),2,BOR,Precision CNC Boring (Tie Bar & Bush Bores),3,VEN0000002,Apex Precision VMC Machinists,Bore 4x Tie bar holes to H7 tolerance
4110012200,A-10475,SLIDER SEAT - 45,,,SLIDER SEAT - 45 (CASTING/RAW MATERIAL),3,DRL,CNC Drilling & Tapping (PCD Clamp Holes),1,VEN0000002,Apex Precision VMC Machinists,M16 mould clamp tapped holes as per drawing
4110012200,A-10475,SLIDER SEAT - 45,,,SLIDER SEAT - 45 (CASTING/RAW MATERIAL),4,HT,Stress Relieving & Normalizing Heat Treatment,2,VEN0000004,Gujarat Heat Treaters & Nitriding,Normalize thermal stress at 550°C
4110012200,A-10475,SLIDER SEAT - 45,,,SLIDER SEAT - 45 (CASTING/RAW MATERIAL),5,GRD,Cylindrical & Precision Surface Grinding,1,VEN0000006,Sardar Cylindrical & Surface Grinding,Precision surface grind & rust preventive oil
4110015900,A-10407,BARREL Ø40 - 635,,,BARREL Ø40 - 635 (CASTING/RAW MATERIAL),1,MCH,VMC Heavy Face Milling & Edge Truing,2,VEN0000002,Apex Precision VMC Machinists,Rough & finish top/bottom platen face to 0.02mm flat
4110015900,A-10407,BARREL Ø40 - 635,,,BARREL Ø40 - 635 (CASTING/RAW MATERIAL),2,BOR,Precision CNC Boring (Tie Bar & Bush Bores),3,VEN0000002,Apex Precision VMC Machinists,Bore 4x Tie bar holes to H7 tolerance
4110015900,A-10407,BARREL Ø40 - 635,,,BARREL Ø40 - 635 (CASTING/RAW MATERIAL),3,DRL,CNC Drilling & Tapping (PCD Clamp Holes),1,VEN0000002,Apex Precision VMC Machinists,M16 mould clamp tapped holes as per drawing
4110015900,A-10407,BARREL Ø40 - 635,,,BARREL Ø40 - 635 (CASTING/RAW MATERIAL),4,HT,Stress Relieving & Normalizing Heat Treatment,2,VEN0000004,Gujarat Heat Treaters & Nitriding,Normalize thermal stress at 550°C
4110015900,A-10407,BARREL Ø40 - 635,,,BARREL Ø40 - 635 (CASTING/RAW MATERIAL),5,GRD,Cylindrical & Precision Surface Grinding,1,VEN0000006,Sardar Cylindrical & Surface Grinding,Precision surface grind & rust preventive oil
4110016000,A-10425,SCREW Ø40 - 635,,,SCREW Ø40 - 635 (CASTING/RAW MATERIAL),1,MCH,VMC Heavy Face Milling & Edge Truing,2,VEN0000002,Apex Precision VMC Machinists,Rough & finish top/bottom platen face to 0.02mm flat
4110016000,A-10425,SCREW Ø40 - 635,,,SCREW Ø40 - 635 (CASTING/RAW MATERIAL),2,BOR,Precision CNC Boring (Tie Bar & Bush Bores),3,VEN0000002,Apex Precision VMC Machinists,Bore 4x Tie bar holes to H7 tolerance
4110016000,A-10425,SCREW Ø40 - 635,,,SCREW Ø40 - 635 (CASTING/RAW MATERIAL),3,DRL,CNC Drilling & Tapping (PCD Clamp Holes),1,VEN0000002,Apex Precision VMC Machinists,M16 mould clamp tapped holes as per drawing
4110016000,A-10425,SCREW Ø40 - 635,,,SCREW Ø40 - 635 (CASTING/RAW MATERIAL),4,HT,Stress Relieving & Normalizing Heat Treatment,2,VEN0000004,Gujarat Heat Treaters & Nitriding,Normalize thermal stress at 550°C
4110016000,A-10425,SCREW Ø40 - 635,,,SCREW Ø40 - 635 (CASTING/RAW MATERIAL),5,GRD,Cylindrical & Precision Surface Grinding,1,VEN0000006,Sardar Cylindrical & Surface Grinding,Precision surface grind & rust preventive oil
4110016100,A-10443,BARREL ADAPT Ø40 - 635,,,BARREL ADAPT Ø40 - 635 (CASTING/RAW MATERIAL),1,MCH,VMC Heavy Face Milling & Edge Truing,2,VEN0000002,Apex Precision VMC Machinists,Rough & finish top/bottom platen face to 0.02mm flat
4110016100,A-10443,BARREL ADAPT Ø40 - 635,,,BARREL ADAPT Ø40 - 635 (CASTING/RAW MATERIAL),2,BOR,Precision CNC Boring (Tie Bar & Bush Bores),3,VEN0000002,Apex Precision VMC Machinists,Bore 4x Tie bar holes to H7 tolerance
4110016100,A-10443,BARREL ADAPT Ø40 - 635,,,BARREL ADAPT Ø40 - 635 (CASTING/RAW MATERIAL),3,DRL,CNC Drilling & Tapping (PCD Clamp Holes),1,VEN0000002,Apex Precision VMC Machinists,M16 mould clamp tapped holes as per drawing
4110016100,A-10443,BARREL ADAPT Ø40 - 635,,,BARREL ADAPT Ø40 - 635 (CASTING/RAW MATERIAL),4,HT,Stress Relieving & Normalizing Heat Treatment,2,VEN0000004,Gujarat Heat Treaters & Nitriding,Normalize thermal stress at 550°C
4110016100,A-10443,BARREL ADAPT Ø40 - 635,,,BARREL ADAPT Ø40 - 635 (CASTING/RAW MATERIAL),5,GRD,Cylindrical & Precision Surface Grinding,1,VEN0000006,Sardar Cylindrical & Surface Grinding,Precision surface grind & rust preventive oil
4020102200,A-10362,BARREL NUT M85 X 3P - 635,,,BARREL NUT M85 X 3P - 635 (CASTING/RAW MATERIAL),1,MCH,VMC Heavy Face Milling & Edge Truing,2,VEN0000002,Apex Precision VMC Machinists,Rough & finish top/bottom platen face to 0.02mm flat
4020102200,A-10362,BARREL NUT M85 X 3P - 635,,,BARREL NUT M85 X 3P - 635 (CASTING/RAW MATERIAL),2,BOR,Precision CNC Boring (Tie Bar & Bush Bores),3,VEN0000002,Apex Precision VMC Machinists,Bore 4x Tie bar holes to H7 tolerance
4020102200,A-10362,BARREL NUT M85 X 3P - 635,,,BARREL NUT M85 X 3P - 635 (CASTING/RAW MATERIAL),3,DRL,CNC Drilling & Tapping (PCD Clamp Holes),1,VEN0000002,Apex Precision VMC Machinists,M16 mould clamp tapped holes as per drawing
4020102200,A-10362,BARREL NUT M85 X 3P - 635,,,BARREL NUT M85 X 3P - 635 (CASTING/RAW MATERIAL),4,HT,Stress Relieving & Normalizing Heat Treatment,2,VEN0000004,Gujarat Heat Treaters & Nitriding,Normalize thermal stress at 550°C
4020102200,A-10362,BARREL NUT M85 X 3P - 635,,,BARREL NUT M85 X 3P - 635 (CASTING/RAW MATERIAL),5,GRD,Cylindrical & Precision Surface Grinding,1,VEN0000006,Sardar Cylindrical & Surface Grinding,Precision surface grind & rust preventive oil
4020102300,A-10368,BARREL CHECKNUT M85 X 3P - 635,,,BARREL CHECKNUT M85 X 3P - 635 (CASTING/RAW MATERIAL),1,MCH,VMC Heavy Face Milling & Edge Truing,2,VEN0000002,Apex Precision VMC Machinists,Rough & finish top/bottom platen face to 0.02mm flat
4020102300,A-10368,BARREL CHECKNUT M85 X 3P - 635,,,BARREL CHECKNUT M85 X 3P - 635 (CASTING/RAW MATERIAL),2,BOR,Precision CNC Boring (Tie Bar & Bush Bores),3,VEN0000002,Apex Precision VMC Machinists,Bore 4x Tie bar holes to H7 tolerance
4020102300,A-10368,BARREL CHECKNUT M85 X 3P - 635,,,BARREL CHECKNUT M85 X 3P - 635 (CASTING/RAW MATERIAL),3,DRL,CNC Drilling & Tapping (PCD Clamp Holes),1,VEN0000002,Apex Precision VMC Machinists,M16 mould clamp tapped holes as per drawing
4020102300,A-10368,BARREL CHECKNUT M85 X 3P - 635,,,BARREL CHECKNUT M85 X 3P - 635 (CASTING/RAW MATERIAL),4,HT,Stress Relieving & Normalizing Heat Treatment,2,VEN0000004,Gujarat Heat Treaters & Nitriding,Normalize thermal stress at 550°C
4020102300,A-10368,BARREL CHECKNUT M85 X 3P - 635,,,BARREL CHECKNUT M85 X 3P - 635 (CASTING/RAW MATERIAL),5,GRD,Cylindrical & Precision Surface Grinding,1,VEN0000006,Sardar Cylindrical & Surface Grinding,Precision surface grind & rust preventive oil
4110016200,A-10064,SPLIT COLLAR - 40,,,SPLIT COLLAR - 40 (CASTING/RAW MATERIAL),1,MCH,VMC Heavy Face Milling & Edge Truing,2,VEN0000002,Apex Precision VMC Machinists,Rough & finish top/bottom platen face to 0.02mm flat
4110016200,A-10064,SPLIT COLLAR - 40,,,SPLIT COLLAR - 40 (CASTING/RAW MATERIAL),2,BOR,Precision CNC Boring (Tie Bar & Bush Bores),3,VEN0000002,Apex Precision VMC Machinists,Bore 4x Tie bar holes to H7 tolerance
4110016200,A-10064,SPLIT COLLAR - 40,,,SPLIT COLLAR - 40 (CASTING/RAW MATERIAL),3,DRL,CNC Drilling & Tapping (PCD Clamp Holes),1,VEN0000002,Apex Precision VMC Machinists,M16 mould clamp tapped holes as per drawing
4110016200,A-10064,SPLIT COLLAR - 40,,,SPLIT COLLAR - 40 (CASTING/RAW MATERIAL),4,HT,Stress Relieving & Normalizing Heat Treatment,2,VEN0000004,Gujarat Heat Treaters & Nitriding,Normalize thermal stress at 550°C
4110016200,A-10064,SPLIT COLLAR - 40,,,SPLIT COLLAR - 40 (CASTING/RAW MATERIAL),5,GRD,Cylindrical & Precision Surface Grinding,1,VEN0000006,Sardar Cylindrical & Surface Grinding,Precision surface grind & rust preventive oil
4110016300,A-10048,FEED SCREW COUPLING - 40,,,FEED SCREW COUPLING - 40 (CASTING/RAW MATERIAL),1,MCH,VMC Heavy Face Milling & Edge Truing,2,VEN0000002,Apex Precision VMC Machinists,Rough & finish top/bottom platen face to 0.02mm flat
4110016300,A-10048,FEED SCREW COUPLING - 40,,,FEED SCREW COUPLING - 40 (CASTING/RAW MATERIAL),2,BOR,Precision CNC Boring (Tie Bar & Bush Bores),3,VEN0000002,Apex Precision VMC Machinists,Bore 4x Tie bar holes to H7 tolerance
4110016300,A-10048,FEED SCREW COUPLING - 40,,,FEED SCREW COUPLING - 40 (CASTING/RAW MATERIAL),3,DRL,CNC Drilling & Tapping (PCD Clamp Holes),1,VEN0000002,Apex Precision VMC Machinists,M16 mould clamp tapped holes as per drawing
4110016300,A-10048,FEED SCREW COUPLING - 40,,,FEED SCREW COUPLING - 40 (CASTING/RAW MATERIAL),4,HT,Stress Relieving & Normalizing Heat Treatment,2,VEN0000004,Gujarat Heat Treaters & Nitriding,Normalize thermal stress at 550°C
4110016300,A-10048,FEED SCREW COUPLING - 40,,,FEED SCREW COUPLING - 40 (CASTING/RAW MATERIAL),5,GRD,Cylindrical & Precision Surface Grinding,1,VEN0000006,Sardar Cylindrical & Surface Grinding,Precision surface grind & rust preventive oil
4110016400,A-10791,SCREW KEY - 635,,,SCREW KEY - 635 (CASTING/RAW MATERIAL),1,MCH,VMC Heavy Face Milling & Edge Truing,2,VEN0000002,Apex Precision VMC Machinists,Rough & finish top/bottom platen face to 0.02mm flat
4110016400,A-10791,SCREW KEY - 635,,,SCREW KEY - 635 (CASTING/RAW MATERIAL),2,BOR,Precision CNC Boring (Tie Bar & Bush Bores),3,VEN0000002,Apex Precision VMC Machinists,Bore 4x Tie bar holes to H7 tolerance
4110016400,A-10791,SCREW KEY - 635,,,SCREW KEY - 635 (CASTING/RAW MATERIAL),3,DRL,CNC Drilling & Tapping (PCD Clamp Holes),1,VEN0000002,Apex Precision VMC Machinists,M16 mould clamp tapped holes as per drawing
4110016400,A-10791,SCREW KEY - 635,,,SCREW KEY - 635 (CASTING/RAW MATERIAL),4,HT,Stress Relieving & Normalizing Heat Treatment,2,VEN0000004,Gujarat Heat Treaters & Nitriding,Normalize thermal stress at 550°C
4110016400,A-10791,SCREW KEY - 635,,,SCREW KEY - 635 (CASTING/RAW MATERIAL),5,GRD,Cylindrical & Precision Surface Grinding,1,VEN0000006,Sardar Cylindrical & Surface Grinding,Precision surface grind & rust preventive oil
4110016500,A-10408,BARREL Ø45 - 635,,,BARREL Ø45 - 635 (CASTING/RAW MATERIAL),1,MCH,VMC Heavy Face Milling & Edge Truing,2,VEN0000002,Apex Precision VMC Machinists,Rough & finish top/bottom platen face to 0.02mm flat
4110016500,A-10408,BARREL Ø45 - 635,,,BARREL Ø45 - 635 (CASTING/RAW MATERIAL),2,BOR,Precision CNC Boring (Tie Bar & Bush Bores),3,VEN0000002,Apex Precision VMC Machinists,Bore 4x Tie bar holes to H7 tolerance
4110016500,A-10408,BARREL Ø45 - 635,,,BARREL Ø45 - 635 (CASTING/RAW MATERIAL),3,DRL,CNC Drilling & Tapping (PCD Clamp Holes),1,VEN0000002,Apex Precision VMC Machinists,M16 mould clamp tapped holes as per drawing
4110016500,A-10408,BARREL Ø45 - 635,,,BARREL Ø45 - 635 (CASTING/RAW MATERIAL),4,HT,Stress Relieving & Normalizing Heat Treatment,2,VEN0000004,Gujarat Heat Treaters & Nitriding,Normalize thermal stress at 550°C
4110016500,A-10408,BARREL Ø45 - 635,,,BARREL Ø45 - 635 (CASTING/RAW MATERIAL),5,GRD,Cylindrical & Precision Surface Grinding,1,VEN0000006,Sardar Cylindrical & Surface Grinding,Precision surface grind & rust preventive oil
4110016600,A-10426,SCREW Ø45 - 635,,,SCREW Ø45 - 635 (CASTING/RAW MATERIAL),1,MCH,VMC Heavy Face Milling & Edge Truing,2,VEN0000002,Apex Precision VMC Machinists,Rough & finish top/bottom platen face to 0.02mm flat
4110016600,A-10426,SCREW Ø45 - 635,,,SCREW Ø45 - 635 (CASTING/RAW MATERIAL),2,BOR,Precision CNC Boring (Tie Bar & Bush Bores),3,VEN0000002,Apex Precision VMC Machinists,Bore 4x Tie bar holes to H7 tolerance
4110016600,A-10426,SCREW Ø45 - 635,,,SCREW Ø45 - 635 (CASTING/RAW MATERIAL),3,DRL,CNC Drilling & Tapping (PCD Clamp Holes),1,VEN0000002,Apex Precision VMC Machinists,M16 mould clamp tapped holes as per drawing
4110016600,A-10426,SCREW Ø45 - 635,,,SCREW Ø45 - 635 (CASTING/RAW MATERIAL),4,HT,Stress Relieving & Normalizing Heat Treatment,2,VEN0000004,Gujarat Heat Treaters & Nitriding,Normalize thermal stress at 550°C
4110016600,A-10426,SCREW Ø45 - 635,,,SCREW Ø45 - 635 (CASTING/RAW MATERIAL),5,GRD,Cylindrical & Precision Surface Grinding,1,VEN0000006,Sardar Cylindrical & Surface Grinding,Precision surface grind & rust preventive oil
4110016700,A-10444,BARREL ADAPT Ø45 - 635,,,BARREL ADAPT Ø45 - 635 (CASTING/RAW MATERIAL),1,MCH,VMC Heavy Face Milling & Edge Truing,2,VEN0000002,Apex Precision VMC Machinists,Rough & finish top/bottom platen face to 0.02mm flat
4110016700,A-10444,BARREL ADAPT Ø45 - 635,,,BARREL ADAPT Ø45 - 635 (CASTING/RAW MATERIAL),2,BOR,Precision CNC Boring (Tie Bar & Bush Bores),3,VEN0000002,Apex Precision VMC Machinists,Bore 4x Tie bar holes to H7 tolerance
4110016700,A-10444,BARREL ADAPT Ø45 - 635,,,BARREL ADAPT Ø45 - 635 (CASTING/RAW MATERIAL),3,DRL,CNC Drilling & Tapping (PCD Clamp Holes),1,VEN0000002,Apex Precision VMC Machinists,M16 mould clamp tapped holes as per drawing
4110016700,A-10444,BARREL ADAPT Ø45 - 635,,,BARREL ADAPT Ø45 - 635 (CASTING/RAW MATERIAL),4,HT,Stress Relieving & Normalizing Heat Treatment,2,VEN0000004,Gujarat Heat Treaters & Nitriding,Normalize thermal stress at 550°C
4110016700,A-10444,BARREL ADAPT Ø45 - 635,,,BARREL ADAPT Ø45 - 635 (CASTING/RAW MATERIAL),5,GRD,Cylindrical & Precision Surface Grinding,1,VEN0000006,Sardar Cylindrical & Surface Grinding,Precision surface grind & rust preventive oil
4110016800,A-10409,BARREL Ø50 - 635,,,BARREL Ø50 - 635 (CASTING/RAW MATERIAL),1,MCH,VMC Heavy Face Milling & Edge Truing,2,VEN0000002,Apex Precision VMC Machinists,Rough & finish top/bottom platen face to 0.02mm flat
4110016800,A-10409,BARREL Ø50 - 635,,,BARREL Ø50 - 635 (CASTING/RAW MATERIAL),2,BOR,Precision CNC Boring (Tie Bar & Bush Bores),3,VEN0000002,Apex Precision VMC Machinists,Bore 4x Tie bar holes to H7 tolerance
4110016800,A-10409,BARREL Ø50 - 635,,,BARREL Ø50 - 635 (CASTING/RAW MATERIAL),3,DRL,CNC Drilling & Tapping (PCD Clamp Holes),1,VEN0000002,Apex Precision VMC Machinists,M16 mould clamp tapped holes as per drawing
4110016800,A-10409,BARREL Ø50 - 635,,,BARREL Ø50 - 635 (CASTING/RAW MATERIAL),4,HT,Stress Relieving & Normalizing Heat Treatment,2,VEN0000004,Gujarat Heat Treaters & Nitriding,Normalize thermal stress at 550°C
4110016800,A-10409,BARREL Ø50 - 635,,,BARREL Ø50 - 635 (CASTING/RAW MATERIAL),5,GRD,Cylindrical & Precision Surface Grinding,1,VEN0000006,Sardar Cylindrical & Surface Grinding,Precision surface grind & rust preventive oil
4110016900,A-10427,SCREW Ø50 - 635,,,SCREW Ø50 - 635 (CASTING/RAW MATERIAL),1,MCH,VMC Heavy Face Milling & Edge Truing,2,VEN0000002,Apex Precision VMC Machinists,Rough & finish top/bottom platen face to 0.02mm flat
4110016900,A-10427,SCREW Ø50 - 635,,,SCREW Ø50 - 635 (CASTING/RAW MATERIAL),2,BOR,Precision CNC Boring (Tie Bar & Bush Bores),3,VEN0000002,Apex Precision VMC Machinists,Bore 4x Tie bar holes to H7 tolerance
4110016900,A-10427,SCREW Ø50 - 635,,,SCREW Ø50 - 635 (CASTING/RAW MATERIAL),3,DRL,CNC Drilling & Tapping (PCD Clamp Holes),1,VEN0000002,Apex Precision VMC Machinists,M16 mould clamp tapped holes as per drawing
4110016900,A-10427,SCREW Ø50 - 635,,,SCREW Ø50 - 635 (CASTING/RAW MATERIAL),4,HT,Stress Relieving & Normalizing Heat Treatment,2,VEN0000004,Gujarat Heat Treaters & Nitriding,Normalize thermal stress at 550°C
4110016900,A-10427,SCREW Ø50 - 635,,,SCREW Ø50 - 635 (CASTING/RAW MATERIAL),5,GRD,Cylindrical & Precision Surface Grinding,1,VEN0000006,Sardar Cylindrical & Surface Grinding,Precision surface grind & rust preventive oil
4110017000,A-10445,BARREL ADAPT Ø50 - 635,,,BARREL ADAPT Ø50 - 635 (CASTING/RAW MATERIAL),1,MCH,VMC Heavy Face Milling & Edge Truing,2,VEN0000002,Apex Precision VMC Machinists,Rough & finish top/bottom platen face to 0.02mm flat
4110017000,A-10445,BARREL ADAPT Ø50 - 635,,,BARREL ADAPT Ø50 - 635 (CASTING/RAW MATERIAL),2,BOR,Precision CNC Boring (Tie Bar & Bush Bores),3,VEN0000002,Apex Precision VMC Machinists,Bore 4x Tie bar holes to H7 tolerance
4110017000,A-10445,BARREL ADAPT Ø50 - 635,,,BARREL ADAPT Ø50 - 635 (CASTING/RAW MATERIAL),3,DRL,CNC Drilling & Tapping (PCD Clamp Holes),1,VEN0000002,Apex Precision VMC Machinists,M16 mould clamp tapped holes as per drawing
4110017000,A-10445,BARREL ADAPT Ø50 - 635,,,BARREL ADAPT Ø50 - 635 (CASTING/RAW MATERIAL),4,HT,Stress Relieving & Normalizing Heat Treatment,2,VEN0000004,Gujarat Heat Treaters & Nitriding,Normalize thermal stress at 550°C
4110017000,A-10445,BARREL ADAPT Ø50 - 635,,,BARREL ADAPT Ø50 - 635 (CASTING/RAW MATERIAL),5,GRD,Cylindrical & Precision Surface Grinding,1,VEN0000006,Sardar Cylindrical & Surface Grinding,Precision surface grind & rust preventive oil
4110017100,A-10459,SCREW TIP - 50,,,SCREW TIP - 50 (CASTING/RAW MATERIAL),1,MCH,VMC Heavy Face Milling & Edge Truing,2,VEN0000002,Apex Precision VMC Machinists,Rough & finish top/bottom platen face to 0.02mm flat
4110017100,A-10459,SCREW TIP - 50,,,SCREW TIP - 50 (CASTING/RAW MATERIAL),2,BOR,Precision CNC Boring (Tie Bar & Bush Bores),3,VEN0000002,Apex Precision VMC Machinists,Bore 4x Tie bar holes to H7 tolerance
4110017100,A-10459,SCREW TIP - 50,,,SCREW TIP - 50 (CASTING/RAW MATERIAL),3,DRL,CNC Drilling & Tapping (PCD Clamp Holes),1,VEN0000002,Apex Precision VMC Machinists,M16 mould clamp tapped holes as per drawing
4110017100,A-10459,SCREW TIP - 50,,,SCREW TIP - 50 (CASTING/RAW MATERIAL),4,HT,Stress Relieving & Normalizing Heat Treatment,2,VEN0000004,Gujarat Heat Treaters & Nitriding,Normalize thermal stress at 550°C
4110017100,A-10459,SCREW TIP - 50,,,SCREW TIP - 50 (CASTING/RAW MATERIAL),5,GRD,Cylindrical & Precision Surface Grinding,1,VEN0000006,Sardar Cylindrical & Surface Grinding,Precision surface grind & rust preventive oil
4110017200,A-10468,SLIDER - 50,,,SLIDER - 50 (CASTING/RAW MATERIAL),1,MCH,VMC Heavy Face Milling & Edge Truing,2,VEN0000002,Apex Precision VMC Machinists,Rough & finish top/bottom platen face to 0.02mm flat
4110017200,A-10468,SLIDER - 50,,,SLIDER - 50 (CASTING/RAW MATERIAL),2,BOR,Precision CNC Boring (Tie Bar & Bush Bores),3,VEN0000002,Apex Precision VMC Machinists,Bore 4x Tie bar holes to H7 tolerance
4110017200,A-10468,SLIDER - 50,,,SLIDER - 50 (CASTING/RAW MATERIAL),3,DRL,CNC Drilling & Tapping (PCD Clamp Holes),1,VEN0000002,Apex Precision VMC Machinists,M16 mould clamp tapped holes as per drawing
4110017200,A-10468,SLIDER - 50,,,SLIDER - 50 (CASTING/RAW MATERIAL),4,HT,Stress Relieving & Normalizing Heat Treatment,2,VEN0000004,Gujarat Heat Treaters & Nitriding,Normalize thermal stress at 550°C
4110017200,A-10468,SLIDER - 50,,,SLIDER - 50 (CASTING/RAW MATERIAL),5,GRD,Cylindrical & Precision Surface Grinding,1,VEN0000006,Sardar Cylindrical & Surface Grinding,Precision surface grind & rust preventive oil
4110017300,A-10476,SLIDER SEAT - 50,,,SLIDER SEAT - 50 (CASTING/RAW MATERIAL),1,MCH,VMC Heavy Face Milling & Edge Truing,2,VEN0000002,Apex Precision VMC Machinists,Rough & finish top/bottom platen face to 0.02mm flat
4110017300,A-10476,SLIDER SEAT - 50,,,SLIDER SEAT - 50 (CASTING/RAW MATERIAL),2,BOR,Precision CNC Boring (Tie Bar & Bush Bores),3,VEN0000002,Apex Precision VMC Machinists,Bore 4x Tie bar holes to H7 tolerance
4110017300,A-10476,SLIDER SEAT - 50,,,SLIDER SEAT - 50 (CASTING/RAW MATERIAL),3,DRL,CNC Drilling & Tapping (PCD Clamp Holes),1,VEN0000002,Apex Precision VMC Machinists,M16 mould clamp tapped holes as per drawing
4110017300,A-10476,SLIDER SEAT - 50,,,SLIDER SEAT - 50 (CASTING/RAW MATERIAL),4,HT,Stress Relieving & Normalizing Heat Treatment,2,VEN0000004,Gujarat Heat Treaters & Nitriding,Normalize thermal stress at 550°C
4110017300,A-10476,SLIDER SEAT - 50,,,SLIDER SEAT - 50 (CASTING/RAW MATERIAL),5,GRD,Cylindrical & Precision Surface Grinding,1,VEN0000006,Sardar Cylindrical & Surface Grinding,Precision surface grind & rust preventive oil
4110021500,A-10410,BARREL Ø45 - 905,,,BARREL Ø45 - 905 (CASTING/RAW MATERIAL),1,MCH,VMC Heavy Face Milling & Edge Truing,2,VEN0000002,Apex Precision VMC Machinists,Rough & finish top/bottom platen face to 0.02mm flat
4110021500,A-10410,BARREL Ø45 - 905,,,BARREL Ø45 - 905 (CASTING/RAW MATERIAL),2,BOR,Precision CNC Boring (Tie Bar & Bush Bores),3,VEN0000002,Apex Precision VMC Machinists,Bore 4x Tie bar holes to H7 tolerance
4110021500,A-10410,BARREL Ø45 - 905,,,BARREL Ø45 - 905 (CASTING/RAW MATERIAL),3,DRL,CNC Drilling & Tapping (PCD Clamp Holes),1,VEN0000002,Apex Precision VMC Machinists,M16 mould clamp tapped holes as per drawing
4110021500,A-10410,BARREL Ø45 - 905,,,BARREL Ø45 - 905 (CASTING/RAW MATERIAL),4,HT,Stress Relieving & Normalizing Heat Treatment,2,VEN0000004,Gujarat Heat Treaters & Nitriding,Normalize thermal stress at 550°C
4110021500,A-10410,BARREL Ø45 - 905,,,BARREL Ø45 - 905 (CASTING/RAW MATERIAL),5,GRD,Cylindrical & Precision Surface Grinding,1,VEN0000006,Sardar Cylindrical & Surface Grinding,Precision surface grind & rust preventive oil
4110021600,A-10428,SCREW Ø45 - 905,,,SCREW Ø45 - 905 (CASTING/RAW MATERIAL),1,MCH,VMC Heavy Face Milling & Edge Truing,2,VEN0000002,Apex Precision VMC Machinists,Rough & finish top/bottom platen face to 0.02mm flat
4110021600,A-10428,SCREW Ø45 - 905,,,SCREW Ø45 - 905 (CASTING/RAW MATERIAL),2,BOR,Precision CNC Boring (Tie Bar & Bush Bores),3,VEN0000002,Apex Precision VMC Machinists,Bore 4x Tie bar holes to H7 tolerance
4110021600,A-10428,SCREW Ø45 - 905,,,SCREW Ø45 - 905 (CASTING/RAW MATERIAL),3,DRL,CNC Drilling & Tapping (PCD Clamp Holes),1,VEN0000002,Apex Precision VMC Machinists,M16 mould clamp tapped holes as per drawing
4110021600,A-10428,SCREW Ø45 - 905,,,SCREW Ø45 - 905 (CASTING/RAW MATERIAL),4,HT,Stress Relieving & Normalizing Heat Treatment,2,VEN0000004,Gujarat Heat Treaters & Nitriding,Normalize thermal stress at 550°C
4110021600,A-10428,SCREW Ø45 - 905,,,SCREW Ø45 - 905 (CASTING/RAW MATERIAL),5,GRD,Cylindrical & Precision Surface Grinding,1,VEN0000006,Sardar Cylindrical & Surface Grinding,Precision surface grind & rust preventive oil
4110021700,A-10446,BARREL ADAPT Ø45 - 905,,,BARREL ADAPT Ø45 - 905 (CASTING/RAW MATERIAL),1,MCH,VMC Heavy Face Milling & Edge Truing,2,VEN0000002,Apex Precision VMC Machinists,Rough & finish top/bottom platen face to 0.02mm flat
4110021700,A-10446,BARREL ADAPT Ø45 - 905,,,BARREL ADAPT Ø45 - 905 (CASTING/RAW MATERIAL),2,BOR,Precision CNC Boring (Tie Bar & Bush Bores),3,VEN0000002,Apex Precision VMC Machinists,Bore 4x Tie bar holes to H7 tolerance
4110021700,A-10446,BARREL ADAPT Ø45 - 905,,,BARREL ADAPT Ø45 - 905 (CASTING/RAW MATERIAL),3,DRL,CNC Drilling & Tapping (PCD Clamp Holes),1,VEN0000002,Apex Precision VMC Machinists,M16 mould clamp tapped holes as per drawing
4110021700,A-10446,BARREL ADAPT Ø45 - 905,,,BARREL ADAPT Ø45 - 905 (CASTING/RAW MATERIAL),4,HT,Stress Relieving & Normalizing Heat Treatment,2,VEN0000004,Gujarat Heat Treaters & Nitriding,Normalize thermal stress at 550°C
4110021700,A-10446,BARREL ADAPT Ø45 - 905,,,BARREL ADAPT Ø45 - 905 (CASTING/RAW MATERIAL),5,GRD,Cylindrical & Precision Surface Grinding,1,VEN0000006,Sardar Cylindrical & Surface Grinding,Precision surface grind & rust preventive oil
4110021800,A-10942,NOZZLE TIP LONG - M45 X 3P X 153LG,,,NOZZLE TIP LONG - M45 X 3P X 153LG (CASTING/RAW MATERIAL),1,MCH,VMC Heavy Face Milling & Edge Truing,2,VEN0000002,Apex Precision VMC Machinists,Rough & finish top/bottom platen face to 0.02mm flat
4110021800,A-10942,NOZZLE TIP LONG - M45 X 3P X 153LG,,,NOZZLE TIP LONG - M45 X 3P X 153LG (CASTING/RAW MATERIAL),2,BOR,Precision CNC Boring (Tie Bar & Bush Bores),3,VEN0000002,Apex Precision VMC Machinists,Bore 4x Tie bar holes to H7 tolerance
4110021800,A-10942,NOZZLE TIP LONG - M45 X 3P X 153LG,,,NOZZLE TIP LONG - M45 X 3P X 153LG (CASTING/RAW MATERIAL),3,DRL,CNC Drilling & Tapping (PCD Clamp Holes),1,VEN0000002,Apex Precision VMC Machinists,M16 mould clamp tapped holes as per drawing
4110021800,A-10942,NOZZLE TIP LONG - M45 X 3P X 153LG,,,NOZZLE TIP LONG - M45 X 3P X 153LG (CASTING/RAW MATERIAL),4,HT,Stress Relieving & Normalizing Heat Treatment,2,VEN0000004,Gujarat Heat Treaters & Nitriding,Normalize thermal stress at 550°C
4110021800,A-10942,NOZZLE TIP LONG - M45 X 3P X 153LG,,,NOZZLE TIP LONG - M45 X 3P X 153LG (CASTING/RAW MATERIAL),5,GRD,Cylindrical & Precision Surface Grinding,1,VEN0000006,Sardar Cylindrical & Surface Grinding,Precision surface grind & rust preventive oil
4020102400,A-10361,BARREL NUT M95 X4P - 905,,,BARREL NUT M95 X4P - 905 (CASTING/RAW MATERIAL),1,MCH,VMC Heavy Face Milling & Edge Truing,2,VEN0000002,Apex Precision VMC Machinists,Rough & finish top/bottom platen face to 0.02mm flat
4020102400,A-10361,BARREL NUT M95 X4P - 905,,,BARREL NUT M95 X4P - 905 (CASTING/RAW MATERIAL),2,BOR,Precision CNC Boring (Tie Bar & Bush Bores),3,VEN0000002,Apex Precision VMC Machinists,Bore 4x Tie bar holes to H7 tolerance
4020102400,A-10361,BARREL NUT M95 X4P - 905,,,BARREL NUT M95 X4P - 905 (CASTING/RAW MATERIAL),3,DRL,CNC Drilling & Tapping (PCD Clamp Holes),1,VEN0000002,Apex Precision VMC Machinists,M16 mould clamp tapped holes as per drawing
4020102400,A-10361,BARREL NUT M95 X4P - 905,,,BARREL NUT M95 X4P - 905 (CASTING/RAW MATERIAL),4,HT,Stress Relieving & Normalizing Heat Treatment,2,VEN0000004,Gujarat Heat Treaters & Nitriding,Normalize thermal stress at 550°C
4020102400,A-10361,BARREL NUT M95 X4P - 905,,,BARREL NUT M95 X4P - 905 (CASTING/RAW MATERIAL),5,GRD,Cylindrical & Precision Surface Grinding,1,VEN0000006,Sardar Cylindrical & Surface Grinding,Precision surface grind & rust preventive oil
4020102500,A-10367,BARREL CHECKNUT M95 X 4P - 905,,,BARREL CHECKNUT M95 X 4P - 905 (CASTING/RAW MATERIAL),1,MCH,VMC Heavy Face Milling & Edge Truing,2,VEN0000002,Apex Precision VMC Machinists,Rough & finish top/bottom platen face to 0.02mm flat
4020102500,A-10367,BARREL CHECKNUT M95 X 4P - 905,,,BARREL CHECKNUT M95 X 4P - 905 (CASTING/RAW MATERIAL),2,BOR,Precision CNC Boring (Tie Bar & Bush Bores),3,VEN0000002,Apex Precision VMC Machinists,Bore 4x Tie bar holes to H7 tolerance
4020102500,A-10367,BARREL CHECKNUT M95 X 4P - 905,,,BARREL CHECKNUT M95 X 4P - 905 (CASTING/RAW MATERIAL),3,DRL,CNC Drilling & Tapping (PCD Clamp Holes),1,VEN0000002,Apex Precision VMC Machinists,M16 mould clamp tapped holes as per drawing
4020102500,A-10367,BARREL CHECKNUT M95 X 4P - 905,,,BARREL CHECKNUT M95 X 4P - 905 (CASTING/RAW MATERIAL),4,HT,Stress Relieving & Normalizing Heat Treatment,2,VEN0000004,Gujarat Heat Treaters & Nitriding,Normalize thermal stress at 550°C
4020102500,A-10367,BARREL CHECKNUT M95 X 4P - 905,,,BARREL CHECKNUT M95 X 4P - 905 (CASTING/RAW MATERIAL),5,GRD,Cylindrical & Precision Surface Grinding,1,VEN0000006,Sardar Cylindrical & Surface Grinding,Precision surface grind & rust preventive oil
4110021900,A-10063,SPLIT COLLAR - 45,,,SPLIT COLLAR - 45 (CASTING/RAW MATERIAL),1,MCH,VMC Heavy Face Milling & Edge Truing,2,VEN0000002,Apex Precision VMC Machinists,Rough & finish top/bottom platen face to 0.02mm flat
4110021900,A-10063,SPLIT COLLAR - 45,,,SPLIT COLLAR - 45 (CASTING/RAW MATERIAL),2,BOR,Precision CNC Boring (Tie Bar & Bush Bores),3,VEN0000002,Apex Precision VMC Machinists,Bore 4x Tie bar holes to H7 tolerance
4110021900,A-10063,SPLIT COLLAR - 45,,,SPLIT COLLAR - 45 (CASTING/RAW MATERIAL),3,DRL,CNC Drilling & Tapping (PCD Clamp Holes),1,VEN0000002,Apex Precision VMC Machinists,M16 mould clamp tapped holes as per drawing
4110021900,A-10063,SPLIT COLLAR - 45,,,SPLIT COLLAR - 45 (CASTING/RAW MATERIAL),4,HT,Stress Relieving & Normalizing Heat Treatment,2,VEN0000004,Gujarat Heat Treaters & Nitriding,Normalize thermal stress at 550°C
4110021900,A-10063,SPLIT COLLAR - 45,,,SPLIT COLLAR - 45 (CASTING/RAW MATERIAL),5,GRD,Cylindrical & Precision Surface Grinding,1,VEN0000006,Sardar Cylindrical & Surface Grinding,Precision surface grind & rust preventive oil
4110022000,A-10051,FEED SCREW COUPLING - 45,,,FEED SCREW COUPLING - 45 (CASTING/RAW MATERIAL),1,MCH,VMC Heavy Face Milling & Edge Truing,2,VEN0000002,Apex Precision VMC Machinists,Rough & finish top/bottom platen face to 0.02mm flat
4110022000,A-10051,FEED SCREW COUPLING - 45,,,FEED SCREW COUPLING - 45 (CASTING/RAW MATERIAL),2,BOR,Precision CNC Boring (Tie Bar & Bush Bores),3,VEN0000002,Apex Precision VMC Machinists,Bore 4x Tie bar holes to H7 tolerance
4110022000,A-10051,FEED SCREW COUPLING - 45,,,FEED SCREW COUPLING - 45 (CASTING/RAW MATERIAL),3,DRL,CNC Drilling & Tapping (PCD Clamp Holes),1,VEN0000002,Apex Precision VMC Machinists,M16 mould clamp tapped holes as per drawing
4110022000,A-10051,FEED SCREW COUPLING - 45,,,FEED SCREW COUPLING - 45 (CASTING/RAW MATERIAL),4,HT,Stress Relieving & Normalizing Heat Treatment,2,VEN0000004,Gujarat Heat Treaters & Nitriding,Normalize thermal stress at 550°C
4110022000,A-10051,FEED SCREW COUPLING - 45,,,FEED SCREW COUPLING - 45 (CASTING/RAW MATERIAL),5,GRD,Cylindrical & Precision Surface Grinding,1,VEN0000006,Sardar Cylindrical & Surface Grinding,Precision surface grind & rust preventive oil
4110022100,A-10792,SCREW KEY - 905,,,SCREW KEY - 905 (CASTING/RAW MATERIAL),1,MCH,VMC Heavy Face Milling & Edge Truing,2,VEN0000002,Apex Precision VMC Machinists,Rough & finish top/bottom platen face to 0.02mm flat
4110022100,A-10792,SCREW KEY - 905,,,SCREW KEY - 905 (CASTING/RAW MATERIAL),2,BOR,Precision CNC Boring (Tie Bar & Bush Bores),3,VEN0000002,Apex Precision VMC Machinists,Bore 4x Tie bar holes to H7 tolerance
4110022100,A-10792,SCREW KEY - 905,,,SCREW KEY - 905 (CASTING/RAW MATERIAL),3,DRL,CNC Drilling & Tapping (PCD Clamp Holes),1,VEN0000002,Apex Precision VMC Machinists,M16 mould clamp tapped holes as per drawing
4110022100,A-10792,SCREW KEY - 905,,,SCREW KEY - 905 (CASTING/RAW MATERIAL),4,HT,Stress Relieving & Normalizing Heat Treatment,2,VEN0000004,Gujarat Heat Treaters & Nitriding,Normalize thermal stress at 550°C
4110022100,A-10792,SCREW KEY - 905,,,SCREW KEY - 905 (CASTING/RAW MATERIAL),5,GRD,Cylindrical & Precision Surface Grinding,1,VEN0000006,Sardar Cylindrical & Surface Grinding,Precision surface grind & rust preventive oil
4110022200,A-10411,BARREL Ø50 - 905,,,BARREL Ø50 - 905 (CASTING/RAW MATERIAL),1,MCH,VMC Heavy Face Milling & Edge Truing,2,VEN0000002,Apex Precision VMC Machinists,Rough & finish top/bottom platen face to 0.02mm flat
4110022200,A-10411,BARREL Ø50 - 905,,,BARREL Ø50 - 905 (CASTING/RAW MATERIAL),2,BOR,Precision CNC Boring (Tie Bar & Bush Bores),3,VEN0000002,Apex Precision VMC Machinists,Bore 4x Tie bar holes to H7 tolerance
4110022200,A-10411,BARREL Ø50 - 905,,,BARREL Ø50 - 905 (CASTING/RAW MATERIAL),3,DRL,CNC Drilling & Tapping (PCD Clamp Holes),1,VEN0000002,Apex Precision VMC Machinists,M16 mould clamp tapped holes as per drawing
4110022200,A-10411,BARREL Ø50 - 905,,,BARREL Ø50 - 905 (CASTING/RAW MATERIAL),4,HT,Stress Relieving & Normalizing Heat Treatment,2,VEN0000004,Gujarat Heat Treaters & Nitriding,Normalize thermal stress at 550°C
4110022200,A-10411,BARREL Ø50 - 905,,,BARREL Ø50 - 905 (CASTING/RAW MATERIAL),5,GRD,Cylindrical & Precision Surface Grinding,1,VEN0000006,Sardar Cylindrical & Surface Grinding,Precision surface grind & rust preventive oil
4110022300,A-10429,SCREW Ø50 - 905,,,SCREW Ø50 - 905 (CASTING/RAW MATERIAL),1,MCH,VMC Heavy Face Milling & Edge Truing,2,VEN0000002,Apex Precision VMC Machinists,Rough & finish top/bottom platen face to 0.02mm flat
4110022300,A-10429,SCREW Ø50 - 905,,,SCREW Ø50 - 905 (CASTING/RAW MATERIAL),2,BOR,Precision CNC Boring (Tie Bar & Bush Bores),3,VEN0000002,Apex Precision VMC Machinists,Bore 4x Tie bar holes to H7 tolerance
4110022300,A-10429,SCREW Ø50 - 905,,,SCREW Ø50 - 905 (CASTING/RAW MATERIAL),3,DRL,CNC Drilling & Tapping (PCD Clamp Holes),1,VEN0000002,Apex Precision VMC Machinists,M16 mould clamp tapped holes as per drawing
4110022300,A-10429,SCREW Ø50 - 905,,,SCREW Ø50 - 905 (CASTING/RAW MATERIAL),4,HT,Stress Relieving & Normalizing Heat Treatment,2,VEN0000004,Gujarat Heat Treaters & Nitriding,Normalize thermal stress at 550°C
4110022300,A-10429,SCREW Ø50 - 905,,,SCREW Ø50 - 905 (CASTING/RAW MATERIAL),5,GRD,Cylindrical & Precision Surface Grinding,1,VEN0000006,Sardar Cylindrical & Surface Grinding,Precision surface grind & rust preventive oil
4110022400,A-10447,BARREL ADAPT Ø50 - 905,,,BARREL ADAPT Ø50 - 905 (CASTING/RAW MATERIAL),1,MCH,VMC Heavy Face Milling & Edge Truing,2,VEN0000002,Apex Precision VMC Machinists,Rough & finish top/bottom platen face to 0.02mm flat
4110022400,A-10447,BARREL ADAPT Ø50 - 905,,,BARREL ADAPT Ø50 - 905 (CASTING/RAW MATERIAL),2,BOR,Precision CNC Boring (Tie Bar & Bush Bores),3,VEN0000002,Apex Precision VMC Machinists,Bore 4x Tie bar holes to H7 tolerance
4110022400,A-10447,BARREL ADAPT Ø50 - 905,,,BARREL ADAPT Ø50 - 905 (CASTING/RAW MATERIAL),3,DRL,CNC Drilling & Tapping (PCD Clamp Holes),1,VEN0000002,Apex Precision VMC Machinists,M16 mould clamp tapped holes as per drawing
4110022400,A-10447,BARREL ADAPT Ø50 - 905,,,BARREL ADAPT Ø50 - 905 (CASTING/RAW MATERIAL),4,HT,Stress Relieving & Normalizing Heat Treatment,2,VEN0000004,Gujarat Heat Treaters & Nitriding,Normalize thermal stress at 550°C
4110022400,A-10447,BARREL ADAPT Ø50 - 905,,,BARREL ADAPT Ø50 - 905 (CASTING/RAW MATERIAL),5,GRD,Cylindrical & Precision Surface Grinding,1,VEN0000006,Sardar Cylindrical & Surface Grinding,Precision surface grind & rust preventive oil
4110022500,A-10412,BARREL Ø60 - 905,,,BARREL Ø60 - 905 (CASTING/RAW MATERIAL),1,MCH,VMC Heavy Face Milling & Edge Truing,2,VEN0000002,Apex Precision VMC Machinists,Rough & finish top/bottom platen face to 0.02mm flat
4110022500,A-10412,BARREL Ø60 - 905,,,BARREL Ø60 - 905 (CASTING/RAW MATERIAL),2,BOR,Precision CNC Boring (Tie Bar & Bush Bores),3,VEN0000002,Apex Precision VMC Machinists,Bore 4x Tie bar holes to H7 tolerance
4110022500,A-10412,BARREL Ø60 - 905,,,BARREL Ø60 - 905 (CASTING/RAW MATERIAL),3,DRL,CNC Drilling & Tapping (PCD Clamp Holes),1,VEN0000002,Apex Precision VMC Machinists,M16 mould clamp tapped holes as per drawing
4110022500,A-10412,BARREL Ø60 - 905,,,BARREL Ø60 - 905 (CASTING/RAW MATERIAL),4,HT,Stress Relieving & Normalizing Heat Treatment,2,VEN0000004,Gujarat Heat Treaters & Nitriding,Normalize thermal stress at 550°C
4110022500,A-10412,BARREL Ø60 - 905,,,BARREL Ø60 - 905 (CASTING/RAW MATERIAL),5,GRD,Cylindrical & Precision Surface Grinding,1,VEN0000006,Sardar Cylindrical & Surface Grinding,Precision surface grind & rust preventive oil
4110022600,A-10430,SCREW Ø60 - 905,,,SCREW Ø60 - 905 (CASTING/RAW MATERIAL),1,MCH,VMC Heavy Face Milling & Edge Truing,2,VEN0000002,Apex Precision VMC Machinists,Rough & finish top/bottom platen face to 0.02mm flat
4110022600,A-10430,SCREW Ø60 - 905,,,SCREW Ø60 - 905 (CASTING/RAW MATERIAL),2,BOR,Precision CNC Boring (Tie Bar & Bush Bores),3,VEN0000002,Apex Precision VMC Machinists,Bore 4x Tie bar holes to H7 tolerance
4110022600,A-10430,SCREW Ø60 - 905,,,SCREW Ø60 - 905 (CASTING/RAW MATERIAL),3,DRL,CNC Drilling & Tapping (PCD Clamp Holes),1,VEN0000002,Apex Precision VMC Machinists,M16 mould clamp tapped holes as per drawing
4110022600,A-10430,SCREW Ø60 - 905,,,SCREW Ø60 - 905 (CASTING/RAW MATERIAL),4,HT,Stress Relieving & Normalizing Heat Treatment,2,VEN0000004,Gujarat Heat Treaters & Nitriding,Normalize thermal stress at 550°C
4110022600,A-10430,SCREW Ø60 - 905,,,SCREW Ø60 - 905 (CASTING/RAW MATERIAL),5,GRD,Cylindrical & Precision Surface Grinding,1,VEN0000006,Sardar Cylindrical & Surface Grinding,Precision surface grind & rust preventive oil
4110022700,A-10448,BARREL ADAPT Ø60 - 905,,,BARREL ADAPT Ø60 - 905 (CASTING/RAW MATERIAL),1,MCH,VMC Heavy Face Milling & Edge Truing,2,VEN0000002,Apex Precision VMC Machinists,Rough & finish top/bottom platen face to 0.02mm flat
4110022700,A-10448,BARREL ADAPT Ø60 - 905,,,BARREL ADAPT Ø60 - 905 (CASTING/RAW MATERIAL),2,BOR,Precision CNC Boring (Tie Bar & Bush Bores),3,VEN0000002,Apex Precision VMC Machinists,Bore 4x Tie bar holes to H7 tolerance
4110022700,A-10448,BARREL ADAPT Ø60 - 905,,,BARREL ADAPT Ø60 - 905 (CASTING/RAW MATERIAL),3,DRL,CNC Drilling & Tapping (PCD Clamp Holes),1,VEN0000002,Apex Precision VMC Machinists,M16 mould clamp tapped holes as per drawing
4110022700,A-10448,BARREL ADAPT Ø60 - 905,,,BARREL ADAPT Ø60 - 905 (CASTING/RAW MATERIAL),4,HT,Stress Relieving & Normalizing Heat Treatment,2,VEN0000004,Gujarat Heat Treaters & Nitriding,Normalize thermal stress at 550°C
4110022700,A-10448,BARREL ADAPT Ø60 - 905,,,BARREL ADAPT Ø60 - 905 (CASTING/RAW MATERIAL),5,GRD,Cylindrical & Precision Surface Grinding,1,VEN0000006,Sardar Cylindrical & Surface Grinding,Precision surface grind & rust preventive oil
4110022800,A-10460,SCREW TIP - 60,,,SCREW TIP - 60 (CASTING/RAW MATERIAL),1,MCH,VMC Heavy Face Milling & Edge Truing,2,VEN0000002,Apex Precision VMC Machinists,Rough & finish top/bottom platen face to 0.02mm flat
4110022800,A-10460,SCREW TIP - 60,,,SCREW TIP - 60 (CASTING/RAW MATERIAL),2,BOR,Precision CNC Boring (Tie Bar & Bush Bores),3,VEN0000002,Apex Precision VMC Machinists,Bore 4x Tie bar holes to H7 tolerance
4110022800,A-10460,SCREW TIP - 60,,,SCREW TIP - 60 (CASTING/RAW MATERIAL),3,DRL,CNC Drilling & Tapping (PCD Clamp Holes),1,VEN0000002,Apex Precision VMC Machinists,M16 mould clamp tapped holes as per drawing
4110022800,A-10460,SCREW TIP - 60,,,SCREW TIP - 60 (CASTING/RAW MATERIAL),4,HT,Stress Relieving & Normalizing Heat Treatment,2,VEN0000004,Gujarat Heat Treaters & Nitriding,Normalize thermal stress at 550°C
4110022800,A-10460,SCREW TIP - 60,,,SCREW TIP - 60 (CASTING/RAW MATERIAL),5,GRD,Cylindrical & Precision Surface Grinding,1,VEN0000006,Sardar Cylindrical & Surface Grinding,Precision surface grind & rust preventive oil
4110022900,A-10469,SLIDER - 60,,,SLIDER - 60 (CASTING/RAW MATERIAL),1,MCH,VMC Heavy Face Milling & Edge Truing,2,VEN0000002,Apex Precision VMC Machinists,Rough & finish top/bottom platen face to 0.02mm flat
4110022900,A-10469,SLIDER - 60,,,SLIDER - 60 (CASTING/RAW MATERIAL),2,BOR,Precision CNC Boring (Tie Bar & Bush Bores),3,VEN0000002,Apex Precision VMC Machinists,Bore 4x Tie bar holes to H7 tolerance
4110022900,A-10469,SLIDER - 60,,,SLIDER - 60 (CASTING/RAW MATERIAL),3,DRL,CNC Drilling & Tapping (PCD Clamp Holes),1,VEN0000002,Apex Precision VMC Machinists,M16 mould clamp tapped holes as per drawing
4110022900,A-10469,SLIDER - 60,,,SLIDER - 60 (CASTING/RAW MATERIAL),4,HT,Stress Relieving & Normalizing Heat Treatment,2,VEN0000004,Gujarat Heat Treaters & Nitriding,Normalize thermal stress at 550°C
4110022900,A-10469,SLIDER - 60,,,SLIDER - 60 (CASTING/RAW MATERIAL),5,GRD,Cylindrical & Precision Surface Grinding,1,VEN0000006,Sardar Cylindrical & Surface Grinding,Precision surface grind & rust preventive oil
4110023000,A-10477,SLIDER SEAT - 60,,,SLIDER SEAT - 60 (CASTING/RAW MATERIAL),1,MCH,VMC Heavy Face Milling & Edge Truing,2,VEN0000002,Apex Precision VMC Machinists,Rough & finish top/bottom platen face to 0.02mm flat
4110023000,A-10477,SLIDER SEAT - 60,,,SLIDER SEAT - 60 (CASTING/RAW MATERIAL),2,BOR,Precision CNC Boring (Tie Bar & Bush Bores),3,VEN0000002,Apex Precision VMC Machinists,Bore 4x Tie bar holes to H7 tolerance
4110023000,A-10477,SLIDER SEAT - 60,,,SLIDER SEAT - 60 (CASTING/RAW MATERIAL),3,DRL,CNC Drilling & Tapping (PCD Clamp Holes),1,VEN0000002,Apex Precision VMC Machinists,M16 mould clamp tapped holes as per drawing
4110023000,A-10477,SLIDER SEAT - 60,,,SLIDER SEAT - 60 (CASTING/RAW MATERIAL),4,HT,Stress Relieving & Normalizing Heat Treatment,2,VEN0000004,Gujarat Heat Treaters & Nitriding,Normalize thermal stress at 550°C
4110023000,A-10477,SLIDER SEAT - 60,,,SLIDER SEAT - 60 (CASTING/RAW MATERIAL),5,GRD,Cylindrical & Precision Surface Grinding,1,VEN0000006,Sardar Cylindrical & Surface Grinding,Precision surface grind & rust preventive oil
4110026600,A-10413,BARREL Ø50 - 1520,,,BARREL Ø50 - 1520 (CASTING/RAW MATERIAL),1,MCH,VMC Heavy Face Milling & Edge Truing,2,VEN0000002,Apex Precision VMC Machinists,Rough & finish top/bottom platen face to 0.02mm flat
4110026600,A-10413,BARREL Ø50 - 1520,,,BARREL Ø50 - 1520 (CASTING/RAW MATERIAL),2,BOR,Precision CNC Boring (Tie Bar & Bush Bores),3,VEN0000002,Apex Precision VMC Machinists,Bore 4x Tie bar holes to H7 tolerance
4110026600,A-10413,BARREL Ø50 - 1520,,,BARREL Ø50 - 1520 (CASTING/RAW MATERIAL),3,DRL,CNC Drilling & Tapping (PCD Clamp Holes),1,VEN0000002,Apex Precision VMC Machinists,M16 mould clamp tapped holes as per drawing
4110026600,A-10413,BARREL Ø50 - 1520,,,BARREL Ø50 - 1520 (CASTING/RAW MATERIAL),4,HT,Stress Relieving & Normalizing Heat Treatment,2,VEN0000004,Gujarat Heat Treaters & Nitriding,Normalize thermal stress at 550°C
4110026600,A-10413,BARREL Ø50 - 1520,,,BARREL Ø50 - 1520 (CASTING/RAW MATERIAL),5,GRD,Cylindrical & Precision Surface Grinding,1,VEN0000006,Sardar Cylindrical & Surface Grinding,Precision surface grind & rust preventive oil
4110026700,A-10431,SCREW Ø50 - 1520,,,SCREW Ø50 - 1520 (CASTING/RAW MATERIAL),1,MCH,VMC Heavy Face Milling & Edge Truing,2,VEN0000002,Apex Precision VMC Machinists,Rough & finish top/bottom platen face to 0.02mm flat
4110026700,A-10431,SCREW Ø50 - 1520,,,SCREW Ø50 - 1520 (CASTING/RAW MATERIAL),2,BOR,Precision CNC Boring (Tie Bar & Bush Bores),3,VEN0000002,Apex Precision VMC Machinists,Bore 4x Tie bar holes to H7 tolerance
4110026700,A-10431,SCREW Ø50 - 1520,,,SCREW Ø50 - 1520 (CASTING/RAW MATERIAL),3,DRL,CNC Drilling & Tapping (PCD Clamp Holes),1,VEN0000002,Apex Precision VMC Machinists,M16 mould clamp tapped holes as per drawing
4110026700,A-10431,SCREW Ø50 - 1520,,,SCREW Ø50 - 1520 (CASTING/RAW MATERIAL),4,HT,Stress Relieving & Normalizing Heat Treatment,2,VEN0000004,Gujarat Heat Treaters & Nitriding,Normalize thermal stress at 550°C
4110026700,A-10431,SCREW Ø50 - 1520,,,SCREW Ø50 - 1520 (CASTING/RAW MATERIAL),5,GRD,Cylindrical & Precision Surface Grinding,1,VEN0000006,Sardar Cylindrical & Surface Grinding,Precision surface grind & rust preventive oil
4110026800,A-10449,BARREL ADAPT Ø50 - 1520,,,BARREL ADAPT Ø50 - 1520 (CASTING/RAW MATERIAL),1,MCH,VMC Heavy Face Milling & Edge Truing,2,VEN0000002,Apex Precision VMC Machinists,Rough & finish top/bottom platen face to 0.02mm flat
4110026800,A-10449,BARREL ADAPT Ø50 - 1520,,,BARREL ADAPT Ø50 - 1520 (CASTING/RAW MATERIAL),2,BOR,Precision CNC Boring (Tie Bar & Bush Bores),3,VEN0000002,Apex Precision VMC Machinists,Bore 4x Tie bar holes to H7 tolerance
4110026800,A-10449,BARREL ADAPT Ø50 - 1520,,,BARREL ADAPT Ø50 - 1520 (CASTING/RAW MATERIAL),3,DRL,CNC Drilling & Tapping (PCD Clamp Holes),1,VEN0000002,Apex Precision VMC Machinists,M16 mould clamp tapped holes as per drawing
4110026800,A-10449,BARREL ADAPT Ø50 - 1520,,,BARREL ADAPT Ø50 - 1520 (CASTING/RAW MATERIAL),4,HT,Stress Relieving & Normalizing Heat Treatment,2,VEN0000004,Gujarat Heat Treaters & Nitriding,Normalize thermal stress at 550°C
4110026800,A-10449,BARREL ADAPT Ø50 - 1520,,,BARREL ADAPT Ø50 - 1520 (CASTING/RAW MATERIAL),5,GRD,Cylindrical & Precision Surface Grinding,1,VEN0000006,Sardar Cylindrical & Surface Grinding,Precision surface grind & rust preventive oil
4020102600,A-10360,BARREL NUT M105 X 4P - 1520,,,BARREL NUT M105 X 4P - 1520 (CASTING/RAW MATERIAL),1,MCH,VMC Heavy Face Milling & Edge Truing,2,VEN0000002,Apex Precision VMC Machinists,Rough & finish top/bottom platen face to 0.02mm flat
4020102600,A-10360,BARREL NUT M105 X 4P - 1520,,,BARREL NUT M105 X 4P - 1520 (CASTING/RAW MATERIAL),2,BOR,Precision CNC Boring (Tie Bar & Bush Bores),3,VEN0000002,Apex Precision VMC Machinists,Bore 4x Tie bar holes to H7 tolerance
4020102600,A-10360,BARREL NUT M105 X 4P - 1520,,,BARREL NUT M105 X 4P - 1520 (CASTING/RAW MATERIAL),3,DRL,CNC Drilling & Tapping (PCD Clamp Holes),1,VEN0000002,Apex Precision VMC Machinists,M16 mould clamp tapped holes as per drawing
4020102600,A-10360,BARREL NUT M105 X 4P - 1520,,,BARREL NUT M105 X 4P - 1520 (CASTING/RAW MATERIAL),4,HT,Stress Relieving & Normalizing Heat Treatment,2,VEN0000004,Gujarat Heat Treaters & Nitriding,Normalize thermal stress at 550°C
4020102600,A-10360,BARREL NUT M105 X 4P - 1520,,,BARREL NUT M105 X 4P - 1520 (CASTING/RAW MATERIAL),5,GRD,Cylindrical & Precision Surface Grinding,1,VEN0000006,Sardar Cylindrical & Surface Grinding,Precision surface grind & rust preventive oil
4020102700,A-10366,BARREL CHECKNUT M105 X 4P - 1520,,,BARREL CHECKNUT M105 X 4P - 1520 (CASTING/RAW MATERIAL),1,MCH,VMC Heavy Face Milling & Edge Truing,2,VEN0000002,Apex Precision VMC Machinists,Rough & finish top/bottom platen face to 0.02mm flat
4020102700,A-10366,BARREL CHECKNUT M105 X 4P - 1520,,,BARREL CHECKNUT M105 X 4P - 1520 (CASTING/RAW MATERIAL),2,BOR,Precision CNC Boring (Tie Bar & Bush Bores),3,VEN0000002,Apex Precision VMC Machinists,Bore 4x Tie bar holes to H7 tolerance
4020102700,A-10366,BARREL CHECKNUT M105 X 4P - 1520,,,BARREL CHECKNUT M105 X 4P - 1520 (CASTING/RAW MATERIAL),3,DRL,CNC Drilling & Tapping (PCD Clamp Holes),1,VEN0000002,Apex Precision VMC Machinists,M16 mould clamp tapped holes as per drawing
4020102700,A-10366,BARREL CHECKNUT M105 X 4P - 1520,,,BARREL CHECKNUT M105 X 4P - 1520 (CASTING/RAW MATERIAL),4,HT,Stress Relieving & Normalizing Heat Treatment,2,VEN0000004,Gujarat Heat Treaters & Nitriding,Normalize thermal stress at 550°C
4020102700,A-10366,BARREL CHECKNUT M105 X 4P - 1520,,,BARREL CHECKNUT M105 X 4P - 1520 (CASTING/RAW MATERIAL),5,GRD,Cylindrical & Precision Surface Grinding,1,VEN0000006,Sardar Cylindrical & Surface Grinding,Precision surface grind & rust preventive oil
4110026900,A-10070,SPLIT COLLAR - 50,,,SPLIT COLLAR - 50 (CASTING/RAW MATERIAL),1,MCH,VMC Heavy Face Milling & Edge Truing,2,VEN0000002,Apex Precision VMC Machinists,Rough & finish top/bottom platen face to 0.02mm flat
4110026900,A-10070,SPLIT COLLAR - 50,,,SPLIT COLLAR - 50 (CASTING/RAW MATERIAL),2,BOR,Precision CNC Boring (Tie Bar & Bush Bores),3,VEN0000002,Apex Precision VMC Machinists,Bore 4x Tie bar holes to H7 tolerance
4110026900,A-10070,SPLIT COLLAR - 50,,,SPLIT COLLAR - 50 (CASTING/RAW MATERIAL),3,DRL,CNC Drilling & Tapping (PCD Clamp Holes),1,VEN0000002,Apex Precision VMC Machinists,M16 mould clamp tapped holes as per drawing
4110026900,A-10070,SPLIT COLLAR - 50,,,SPLIT COLLAR - 50 (CASTING/RAW MATERIAL),4,HT,Stress Relieving & Normalizing Heat Treatment,2,VEN0000004,Gujarat Heat Treaters & Nitriding,Normalize thermal stress at 550°C
4110026900,A-10070,SPLIT COLLAR - 50,,,SPLIT COLLAR - 50 (CASTING/RAW MATERIAL),5,GRD,Cylindrical & Precision Surface Grinding,1,VEN0000006,Sardar Cylindrical & Surface Grinding,Precision surface grind & rust preventive oil
4110027000,A-10054,FEED SCREW COUPLING - 50,,,FEED SCREW COUPLING - 50 (CASTING/RAW MATERIAL),1,MCH,VMC Heavy Face Milling & Edge Truing,2,VEN0000002,Apex Precision VMC Machinists,Rough & finish top/bottom platen face to 0.02mm flat
4110027000,A-10054,FEED SCREW COUPLING - 50,,,FEED SCREW COUPLING - 50 (CASTING/RAW MATERIAL),2,BOR,Precision CNC Boring (Tie Bar & Bush Bores),3,VEN0000002,Apex Precision VMC Machinists,Bore 4x Tie bar holes to H7 tolerance
4110027000,A-10054,FEED SCREW COUPLING - 50,,,FEED SCREW COUPLING - 50 (CASTING/RAW MATERIAL),3,DRL,CNC Drilling & Tapping (PCD Clamp Holes),1,VEN0000002,Apex Precision VMC Machinists,M16 mould clamp tapped holes as per drawing
4110027000,A-10054,FEED SCREW COUPLING - 50,,,FEED SCREW COUPLING - 50 (CASTING/RAW MATERIAL),4,HT,Stress Relieving & Normalizing Heat Treatment,2,VEN0000004,Gujarat Heat Treaters & Nitriding,Normalize thermal stress at 550°C
4110027000,A-10054,FEED SCREW COUPLING - 50,,,FEED SCREW COUPLING - 50 (CASTING/RAW MATERIAL),5,GRD,Cylindrical & Precision Surface Grinding,1,VEN0000006,Sardar Cylindrical & Surface Grinding,Precision surface grind & rust preventive oil
4110027100,A-10793,SCREW KEY - 1520,,,SCREW KEY - 1520 (CASTING/RAW MATERIAL),1,MCH,VMC Heavy Face Milling & Edge Truing,2,VEN0000002,Apex Precision VMC Machinists,Rough & finish top/bottom platen face to 0.02mm flat
4110027100,A-10793,SCREW KEY - 1520,,,SCREW KEY - 1520 (CASTING/RAW MATERIAL),2,BOR,Precision CNC Boring (Tie Bar & Bush Bores),3,VEN0000002,Apex Precision VMC Machinists,Bore 4x Tie bar holes to H7 tolerance
4110027100,A-10793,SCREW KEY - 1520,,,SCREW KEY - 1520 (CASTING/RAW MATERIAL),3,DRL,CNC Drilling & Tapping (PCD Clamp Holes),1,VEN0000002,Apex Precision VMC Machinists,M16 mould clamp tapped holes as per drawing
4110027100,A-10793,SCREW KEY - 1520,,,SCREW KEY - 1520 (CASTING/RAW MATERIAL),4,HT,Stress Relieving & Normalizing Heat Treatment,2,VEN0000004,Gujarat Heat Treaters & Nitriding,Normalize thermal stress at 550°C
4110027100,A-10793,SCREW KEY - 1520,,,SCREW KEY - 1520 (CASTING/RAW MATERIAL),5,GRD,Cylindrical & Precision Surface Grinding,1,VEN0000006,Sardar Cylindrical & Surface Grinding,Precision surface grind & rust preventive oil
4110027200,A-10414,BARREL Ø60 - 1520,,,BARREL Ø60 - 1520 (CASTING/RAW MATERIAL),1,MCH,VMC Heavy Face Milling & Edge Truing,2,VEN0000002,Apex Precision VMC Machinists,Rough & finish top/bottom platen face to 0.02mm flat
4110027200,A-10414,BARREL Ø60 - 1520,,,BARREL Ø60 - 1520 (CASTING/RAW MATERIAL),2,BOR,Precision CNC Boring (Tie Bar & Bush Bores),3,VEN0000002,Apex Precision VMC Machinists,Bore 4x Tie bar holes to H7 tolerance
4110027200,A-10414,BARREL Ø60 - 1520,,,BARREL Ø60 - 1520 (CASTING/RAW MATERIAL),3,DRL,CNC Drilling & Tapping (PCD Clamp Holes),1,VEN0000002,Apex Precision VMC Machinists,M16 mould clamp tapped holes as per drawing
4110027200,A-10414,BARREL Ø60 - 1520,,,BARREL Ø60 - 1520 (CASTING/RAW MATERIAL),4,HT,Stress Relieving & Normalizing Heat Treatment,2,VEN0000004,Gujarat Heat Treaters & Nitriding,Normalize thermal stress at 550°C
4110027200,A-10414,BARREL Ø60 - 1520,,,BARREL Ø60 - 1520 (CASTING/RAW MATERIAL),5,GRD,Cylindrical & Precision Surface Grinding,1,VEN0000006,Sardar Cylindrical & Surface Grinding,Precision surface grind & rust preventive oil
4110027300,A-10432,SCREW Ø60 - 1520,,,SCREW Ø60 - 1520 (CASTING/RAW MATERIAL),1,MCH,VMC Heavy Face Milling & Edge Truing,2,VEN0000002,Apex Precision VMC Machinists,Rough & finish top/bottom platen face to 0.02mm flat
4110027300,A-10432,SCREW Ø60 - 1520,,,SCREW Ø60 - 1520 (CASTING/RAW MATERIAL),2,BOR,Precision CNC Boring (Tie Bar & Bush Bores),3,VEN0000002,Apex Precision VMC Machinists,Bore 4x Tie bar holes to H7 tolerance
4110027300,A-10432,SCREW Ø60 - 1520,,,SCREW Ø60 - 1520 (CASTING/RAW MATERIAL),3,DRL,CNC Drilling & Tapping (PCD Clamp Holes),1,VEN0000002,Apex Precision VMC Machinists,M16 mould clamp tapped holes as per drawing
4110027300,A-10432,SCREW Ø60 - 1520,,,SCREW Ø60 - 1520 (CASTING/RAW MATERIAL),4,HT,Stress Relieving & Normalizing Heat Treatment,2,VEN0000004,Gujarat Heat Treaters & Nitriding,Normalize thermal stress at 550°C
4110027300,A-10432,SCREW Ø60 - 1520,,,SCREW Ø60 - 1520 (CASTING/RAW MATERIAL),5,GRD,Cylindrical & Precision Surface Grinding,1,VEN0000006,Sardar Cylindrical & Surface Grinding,Precision surface grind & rust preventive oil
4110027400,A-10450,BARREL ADAPT Ø60 - 1520,,,BARREL ADAPT Ø60 - 1520 (CASTING/RAW MATERIAL),1,MCH,VMC Heavy Face Milling & Edge Truing,2,VEN0000002,Apex Precision VMC Machinists,Rough & finish top/bottom platen face to 0.02mm flat
4110027400,A-10450,BARREL ADAPT Ø60 - 1520,,,BARREL ADAPT Ø60 - 1520 (CASTING/RAW MATERIAL),2,BOR,Precision CNC Boring (Tie Bar & Bush Bores),3,VEN0000002,Apex Precision VMC Machinists,Bore 4x Tie bar holes to H7 tolerance
4110027400,A-10450,BARREL ADAPT Ø60 - 1520,,,BARREL ADAPT Ø60 - 1520 (CASTING/RAW MATERIAL),3,DRL,CNC Drilling & Tapping (PCD Clamp Holes),1,VEN0000002,Apex Precision VMC Machinists,M16 mould clamp tapped holes as per drawing
4110027400,A-10450,BARREL ADAPT Ø60 - 1520,,,BARREL ADAPT Ø60 - 1520 (CASTING/RAW MATERIAL),4,HT,Stress Relieving & Normalizing Heat Treatment,2,VEN0000004,Gujarat Heat Treaters & Nitriding,Normalize thermal stress at 550°C
4110027400,A-10450,BARREL ADAPT Ø60 - 1520,,,BARREL ADAPT Ø60 - 1520 (CASTING/RAW MATERIAL),5,GRD,Cylindrical & Precision Surface Grinding,1,VEN0000006,Sardar Cylindrical & Surface Grinding,Precision surface grind & rust preventive oil
4110027500,A-10415,BARREL Ø70 - 1520,,,BARREL Ø70 - 1520 (CASTING/RAW MATERIAL),1,MCH,VMC Heavy Face Milling & Edge Truing,2,VEN0000002,Apex Precision VMC Machinists,Rough & finish top/bottom platen face to 0.02mm flat
4110027500,A-10415,BARREL Ø70 - 1520,,,BARREL Ø70 - 1520 (CASTING/RAW MATERIAL),2,BOR,Precision CNC Boring (Tie Bar & Bush Bores),3,VEN0000002,Apex Precision VMC Machinists,Bore 4x Tie bar holes to H7 tolerance
4110027500,A-10415,BARREL Ø70 - 1520,,,BARREL Ø70 - 1520 (CASTING/RAW MATERIAL),3,DRL,CNC Drilling & Tapping (PCD Clamp Holes),1,VEN0000002,Apex Precision VMC Machinists,M16 mould clamp tapped holes as per drawing
4110027500,A-10415,BARREL Ø70 - 1520,,,BARREL Ø70 - 1520 (CASTING/RAW MATERIAL),4,HT,Stress Relieving & Normalizing Heat Treatment,2,VEN0000004,Gujarat Heat Treaters & Nitriding,Normalize thermal stress at 550°C
4110027500,A-10415,BARREL Ø70 - 1520,,,BARREL Ø70 - 1520 (CASTING/RAW MATERIAL),5,GRD,Cylindrical & Precision Surface Grinding,1,VEN0000006,Sardar Cylindrical & Surface Grinding,Precision surface grind & rust preventive oil
4110027600,A-10433,SCREW Ø70 - 1520,,,SCREW Ø70 - 1520 (CASTING/RAW MATERIAL),1,MCH,VMC Heavy Face Milling & Edge Truing,2,VEN0000002,Apex Precision VMC Machinists,Rough & finish top/bottom platen face to 0.02mm flat
4110027600,A-10433,SCREW Ø70 - 1520,,,SCREW Ø70 - 1520 (CASTING/RAW MATERIAL),2,BOR,Precision CNC Boring (Tie Bar & Bush Bores),3,VEN0000002,Apex Precision VMC Machinists,Bore 4x Tie bar holes to H7 tolerance
4110027600,A-10433,SCREW Ø70 - 1520,,,SCREW Ø70 - 1520 (CASTING/RAW MATERIAL),3,DRL,CNC Drilling & Tapping (PCD Clamp Holes),1,VEN0000002,Apex Precision VMC Machinists,M16 mould clamp tapped holes as per drawing
4110027600,A-10433,SCREW Ø70 - 1520,,,SCREW Ø70 - 1520 (CASTING/RAW MATERIAL),4,HT,Stress Relieving & Normalizing Heat Treatment,2,VEN0000004,Gujarat Heat Treaters & Nitriding,Normalize thermal stress at 550°C
4110027600,A-10433,SCREW Ø70 - 1520,,,SCREW Ø70 - 1520 (CASTING/RAW MATERIAL),5,GRD,Cylindrical & Precision Surface Grinding,1,VEN0000006,Sardar Cylindrical & Surface Grinding,Precision surface grind & rust preventive oil
4110027700,A-10451,BARREL ADAPT Ø70 - 1520,,,BARREL ADAPT Ø70 - 1520 (CASTING/RAW MATERIAL),1,MCH,VMC Heavy Face Milling & Edge Truing,2,VEN0000002,Apex Precision VMC Machinists,Rough & finish top/bottom platen face to 0.02mm flat
4110027700,A-10451,BARREL ADAPT Ø70 - 1520,,,BARREL ADAPT Ø70 - 1520 (CASTING/RAW MATERIAL),2,BOR,Precision CNC Boring (Tie Bar & Bush Bores),3,VEN0000002,Apex Precision VMC Machinists,Bore 4x Tie bar holes to H7 tolerance
4110027700,A-10451,BARREL ADAPT Ø70 - 1520,,,BARREL ADAPT Ø70 - 1520 (CASTING/RAW MATERIAL),3,DRL,CNC Drilling & Tapping (PCD Clamp Holes),1,VEN0000002,Apex Precision VMC Machinists,M16 mould clamp tapped holes as per drawing
4110027700,A-10451,BARREL ADAPT Ø70 - 1520,,,BARREL ADAPT Ø70 - 1520 (CASTING/RAW MATERIAL),4,HT,Stress Relieving & Normalizing Heat Treatment,2,VEN0000004,Gujarat Heat Treaters & Nitriding,Normalize thermal stress at 550°C
4110027700,A-10451,BARREL ADAPT Ø70 - 1520,,,BARREL ADAPT Ø70 - 1520 (CASTING/RAW MATERIAL),5,GRD,Cylindrical & Precision Surface Grinding,1,VEN0000006,Sardar Cylindrical & Surface Grinding,Precision surface grind & rust preventive oil
4110027800,A-10461,SCREW TIP - 70,,,SCREW TIP - 70 (CASTING/RAW MATERIAL),1,MCH,VMC Heavy Face Milling & Edge Truing,2,VEN0000002,Apex Precision VMC Machinists,Rough & finish top/bottom platen face to 0.02mm flat
4110027800,A-10461,SCREW TIP - 70,,,SCREW TIP - 70 (CASTING/RAW MATERIAL),2,BOR,Precision CNC Boring (Tie Bar & Bush Bores),3,VEN0000002,Apex Precision VMC Machinists,Bore 4x Tie bar holes to H7 tolerance
4110027800,A-10461,SCREW TIP - 70,,,SCREW TIP - 70 (CASTING/RAW MATERIAL),3,DRL,CNC Drilling & Tapping (PCD Clamp Holes),1,VEN0000002,Apex Precision VMC Machinists,M16 mould clamp tapped holes as per drawing
4110027800,A-10461,SCREW TIP - 70,,,SCREW TIP - 70 (CASTING/RAW MATERIAL),4,HT,Stress Relieving & Normalizing Heat Treatment,2,VEN0000004,Gujarat Heat Treaters & Nitriding,Normalize thermal stress at 550°C
4110027800,A-10461,SCREW TIP - 70,,,SCREW TIP - 70 (CASTING/RAW MATERIAL),5,GRD,Cylindrical & Precision Surface Grinding,1,VEN0000006,Sardar Cylindrical & Surface Grinding,Precision surface grind & rust preventive oil
4110027900,A-10470,SLIDER - 70,,,SLIDER - 70 (CASTING/RAW MATERIAL),1,MCH,VMC Heavy Face Milling & Edge Truing,2,VEN0000002,Apex Precision VMC Machinists,Rough & finish top/bottom platen face to 0.02mm flat
4110027900,A-10470,SLIDER - 70,,,SLIDER - 70 (CASTING/RAW MATERIAL),2,BOR,Precision CNC Boring (Tie Bar & Bush Bores),3,VEN0000002,Apex Precision VMC Machinists,Bore 4x Tie bar holes to H7 tolerance
4110027900,A-10470,SLIDER - 70,,,SLIDER - 70 (CASTING/RAW MATERIAL),3,DRL,CNC Drilling & Tapping (PCD Clamp Holes),1,VEN0000002,Apex Precision VMC Machinists,M16 mould clamp tapped holes as per drawing
4110027900,A-10470,SLIDER - 70,,,SLIDER - 70 (CASTING/RAW MATERIAL),4,HT,Stress Relieving & Normalizing Heat Treatment,2,VEN0000004,Gujarat Heat Treaters & Nitriding,Normalize thermal stress at 550°C
4110027900,A-10470,SLIDER - 70,,,SLIDER - 70 (CASTING/RAW MATERIAL),5,GRD,Cylindrical & Precision Surface Grinding,1,VEN0000006,Sardar Cylindrical & Surface Grinding,Precision surface grind & rust preventive oil
4110028000,A-10478,SLIDER SEAT - 70,,,SLIDER SEAT - 70 (CASTING/RAW MATERIAL),1,MCH,VMC Heavy Face Milling & Edge Truing,2,VEN0000002,Apex Precision VMC Machinists,Rough & finish top/bottom platen face to 0.02mm flat
4110028000,A-10478,SLIDER SEAT - 70,,,SLIDER SEAT - 70 (CASTING/RAW MATERIAL),2,BOR,Precision CNC Boring (Tie Bar & Bush Bores),3,VEN0000002,Apex Precision VMC Machinists,Bore 4x Tie bar holes to H7 tolerance
4110028000,A-10478,SLIDER SEAT - 70,,,SLIDER SEAT - 70 (CASTING/RAW MATERIAL),3,DRL,CNC Drilling & Tapping (PCD Clamp Holes),1,VEN0000002,Apex Precision VMC Machinists,M16 mould clamp tapped holes as per drawing
4110028000,A-10478,SLIDER SEAT - 70,,,SLIDER SEAT - 70 (CASTING/RAW MATERIAL),4,HT,Stress Relieving & Normalizing Heat Treatment,2,VEN0000004,Gujarat Heat Treaters & Nitriding,Normalize thermal stress at 550°C
4110028000,A-10478,SLIDER SEAT - 70,,,SLIDER SEAT - 70 (CASTING/RAW MATERIAL),5,GRD,Cylindrical & Precision Surface Grinding,1,VEN0000006,Sardar Cylindrical & Surface Grinding,Precision surface grind & rust preventive oil
4110029600,A-10416,BARREL Ø60 - 2350,,,BARREL Ø60 - 2350 (CASTING/RAW MATERIAL),1,MCH,VMC Heavy Face Milling & Edge Truing,2,VEN0000002,Apex Precision VMC Machinists,Rough & finish top/bottom platen face to 0.02mm flat
4110029600,A-10416,BARREL Ø60 - 2350,,,BARREL Ø60 - 2350 (CASTING/RAW MATERIAL),2,BOR,Precision CNC Boring (Tie Bar & Bush Bores),3,VEN0000002,Apex Precision VMC Machinists,Bore 4x Tie bar holes to H7 tolerance
4110029600,A-10416,BARREL Ø60 - 2350,,,BARREL Ø60 - 2350 (CASTING/RAW MATERIAL),3,DRL,CNC Drilling & Tapping (PCD Clamp Holes),1,VEN0000002,Apex Precision VMC Machinists,M16 mould clamp tapped holes as per drawing
4110029600,A-10416,BARREL Ø60 - 2350,,,BARREL Ø60 - 2350 (CASTING/RAW MATERIAL),4,HT,Stress Relieving & Normalizing Heat Treatment,2,VEN0000004,Gujarat Heat Treaters & Nitriding,Normalize thermal stress at 550°C
4110029600,A-10416,BARREL Ø60 - 2350,,,BARREL Ø60 - 2350 (CASTING/RAW MATERIAL),5,GRD,Cylindrical & Precision Surface Grinding,1,VEN0000006,Sardar Cylindrical & Surface Grinding,Precision surface grind & rust preventive oil
4110029700,A-10434,SCREW Ø60 - 2350,,,SCREW Ø60 - 2350 (CASTING/RAW MATERIAL),1,MCH,VMC Heavy Face Milling & Edge Truing,2,VEN0000002,Apex Precision VMC Machinists,Rough & finish top/bottom platen face to 0.02mm flat
4110029700,A-10434,SCREW Ø60 - 2350,,,SCREW Ø60 - 2350 (CASTING/RAW MATERIAL),2,BOR,Precision CNC Boring (Tie Bar & Bush Bores),3,VEN0000002,Apex Precision VMC Machinists,Bore 4x Tie bar holes to H7 tolerance
4110029700,A-10434,SCREW Ø60 - 2350,,,SCREW Ø60 - 2350 (CASTING/RAW MATERIAL),3,DRL,CNC Drilling & Tapping (PCD Clamp Holes),1,VEN0000002,Apex Precision VMC Machinists,M16 mould clamp tapped holes as per drawing
4110029700,A-10434,SCREW Ø60 - 2350,,,SCREW Ø60 - 2350 (CASTING/RAW MATERIAL),4,HT,Stress Relieving & Normalizing Heat Treatment,2,VEN0000004,Gujarat Heat Treaters & Nitriding,Normalize thermal stress at 550°C
4110029700,A-10434,SCREW Ø60 - 2350,,,SCREW Ø60 - 2350 (CASTING/RAW MATERIAL),5,GRD,Cylindrical & Precision Surface Grinding,1,VEN0000006,Sardar Cylindrical & Surface Grinding,Precision surface grind & rust preventive oil
4110029800,A-10452,BARREL ADAPT Ø60 - 2350,,,BARREL ADAPT Ø60 - 2350 (CASTING/RAW MATERIAL),1,MCH,VMC Heavy Face Milling & Edge Truing,2,VEN0000002,Apex Precision VMC Machinists,Rough & finish top/bottom platen face to 0.02mm flat
4110029800,A-10452,BARREL ADAPT Ø60 - 2350,,,BARREL ADAPT Ø60 - 2350 (CASTING/RAW MATERIAL),2,BOR,Precision CNC Boring (Tie Bar & Bush Bores),3,VEN0000002,Apex Precision VMC Machinists,Bore 4x Tie bar holes to H7 tolerance
4110029800,A-10452,BARREL ADAPT Ø60 - 2350,,,BARREL ADAPT Ø60 - 2350 (CASTING/RAW MATERIAL),3,DRL,CNC Drilling & Tapping (PCD Clamp Holes),1,VEN0000002,Apex Precision VMC Machinists,M16 mould clamp tapped holes as per drawing
4110029800,A-10452,BARREL ADAPT Ø60 - 2350,,,BARREL ADAPT Ø60 - 2350 (CASTING/RAW MATERIAL),4,HT,Stress Relieving & Normalizing Heat Treatment,2,VEN0000004,Gujarat Heat Treaters & Nitriding,Normalize thermal stress at 550°C
4110029800,A-10452,BARREL ADAPT Ø60 - 2350,,,BARREL ADAPT Ø60 - 2350 (CASTING/RAW MATERIAL),5,GRD,Cylindrical & Precision Surface Grinding,1,VEN0000006,Sardar Cylindrical & Surface Grinding,Precision surface grind & rust preventive oil
4020102800,A-10359,BARREL NUT M120 X 4P - 2350,,,BARREL NUT M120 X 4P - 2350 (CASTING/RAW MATERIAL),1,MCH,VMC Heavy Face Milling & Edge Truing,2,VEN0000002,Apex Precision VMC Machinists,Rough & finish top/bottom platen face to 0.02mm flat
4020102800,A-10359,BARREL NUT M120 X 4P - 2350,,,BARREL NUT M120 X 4P - 2350 (CASTING/RAW MATERIAL),2,BOR,Precision CNC Boring (Tie Bar & Bush Bores),3,VEN0000002,Apex Precision VMC Machinists,Bore 4x Tie bar holes to H7 tolerance
4020102800,A-10359,BARREL NUT M120 X 4P - 2350,,,BARREL NUT M120 X 4P - 2350 (CASTING/RAW MATERIAL),3,DRL,CNC Drilling & Tapping (PCD Clamp Holes),1,VEN0000002,Apex Precision VMC Machinists,M16 mould clamp tapped holes as per drawing
4020102800,A-10359,BARREL NUT M120 X 4P - 2350,,,BARREL NUT M120 X 4P - 2350 (CASTING/RAW MATERIAL),4,HT,Stress Relieving & Normalizing Heat Treatment,2,VEN0000004,Gujarat Heat Treaters & Nitriding,Normalize thermal stress at 550°C
4020102800,A-10359,BARREL NUT M120 X 4P - 2350,,,BARREL NUT M120 X 4P - 2350 (CASTING/RAW MATERIAL),5,GRD,Cylindrical & Precision Surface Grinding,1,VEN0000006,Sardar Cylindrical & Surface Grinding,Precision surface grind & rust preventive oil
4020102900,A-10365,BARREL CHECKNUT M120 X 4P - 2350,,,BARREL CHECKNUT M120 X 4P - 2350 (CASTING/RAW MATERIAL),1,MCH,VMC Heavy Face Milling & Edge Truing,2,VEN0000002,Apex Precision VMC Machinists,Rough & finish top/bottom platen face to 0.02mm flat
4020102900,A-10365,BARREL CHECKNUT M120 X 4P - 2350,,,BARREL CHECKNUT M120 X 4P - 2350 (CASTING/RAW MATERIAL),2,BOR,Precision CNC Boring (Tie Bar & Bush Bores),3,VEN0000002,Apex Precision VMC Machinists,Bore 4x Tie bar holes to H7 tolerance
4020102900,A-10365,BARREL CHECKNUT M120 X 4P - 2350,,,BARREL CHECKNUT M120 X 4P - 2350 (CASTING/RAW MATERIAL),3,DRL,CNC Drilling & Tapping (PCD Clamp Holes),1,VEN0000002,Apex Precision VMC Machinists,M16 mould clamp tapped holes as per drawing
4020102900,A-10365,BARREL CHECKNUT M120 X 4P - 2350,,,BARREL CHECKNUT M120 X 4P - 2350 (CASTING/RAW MATERIAL),4,HT,Stress Relieving & Normalizing Heat Treatment,2,VEN0000004,Gujarat Heat Treaters & Nitriding,Normalize thermal stress at 550°C
4020102900,A-10365,BARREL CHECKNUT M120 X 4P - 2350,,,BARREL CHECKNUT M120 X 4P - 2350 (CASTING/RAW MATERIAL),5,GRD,Cylindrical & Precision Surface Grinding,1,VEN0000006,Sardar Cylindrical & Surface Grinding,Precision surface grind & rust preventive oil
4110029900,A-10073,SPLIT COLLAR - 60,,,SPLIT COLLAR - 60 (CASTING/RAW MATERIAL),1,MCH,VMC Heavy Face Milling & Edge Truing,2,VEN0000002,Apex Precision VMC Machinists,Rough & finish top/bottom platen face to 0.02mm flat
4110029900,A-10073,SPLIT COLLAR - 60,,,SPLIT COLLAR - 60 (CASTING/RAW MATERIAL),2,BOR,Precision CNC Boring (Tie Bar & Bush Bores),3,VEN0000002,Apex Precision VMC Machinists,Bore 4x Tie bar holes to H7 tolerance
4110029900,A-10073,SPLIT COLLAR - 60,,,SPLIT COLLAR - 60 (CASTING/RAW MATERIAL),3,DRL,CNC Drilling & Tapping (PCD Clamp Holes),1,VEN0000002,Apex Precision VMC Machinists,M16 mould clamp tapped holes as per drawing
4110029900,A-10073,SPLIT COLLAR - 60,,,SPLIT COLLAR - 60 (CASTING/RAW MATERIAL),4,HT,Stress Relieving & Normalizing Heat Treatment,2,VEN0000004,Gujarat Heat Treaters & Nitriding,Normalize thermal stress at 550°C
4110029900,A-10073,SPLIT COLLAR - 60,,,SPLIT COLLAR - 60 (CASTING/RAW MATERIAL),5,GRD,Cylindrical & Precision Surface Grinding,1,VEN0000006,Sardar Cylindrical & Surface Grinding,Precision surface grind & rust preventive oil
4110030000,A-10057,FEED SCREW COUPLING - 60,,,FEED SCREW COUPLING - 60 (CASTING/RAW MATERIAL),1,MCH,VMC Heavy Face Milling & Edge Truing,2,VEN0000002,Apex Precision VMC Machinists,Rough & finish top/bottom platen face to 0.02mm flat
4110030000,A-10057,FEED SCREW COUPLING - 60,,,FEED SCREW COUPLING - 60 (CASTING/RAW MATERIAL),2,BOR,Precision CNC Boring (Tie Bar & Bush Bores),3,VEN0000002,Apex Precision VMC Machinists,Bore 4x Tie bar holes to H7 tolerance
4110030000,A-10057,FEED SCREW COUPLING - 60,,,FEED SCREW COUPLING - 60 (CASTING/RAW MATERIAL),3,DRL,CNC Drilling & Tapping (PCD Clamp Holes),1,VEN0000002,Apex Precision VMC Machinists,M16 mould clamp tapped holes as per drawing
4110030000,A-10057,FEED SCREW COUPLING - 60,,,FEED SCREW COUPLING - 60 (CASTING/RAW MATERIAL),4,HT,Stress Relieving & Normalizing Heat Treatment,2,VEN0000004,Gujarat Heat Treaters & Nitriding,Normalize thermal stress at 550°C
4110030000,A-10057,FEED SCREW COUPLING - 60,,,FEED SCREW COUPLING - 60 (CASTING/RAW MATERIAL),5,GRD,Cylindrical & Precision Surface Grinding,1,VEN0000006,Sardar Cylindrical & Surface Grinding,Precision surface grind & rust preventive oil
4110030100,A-10794,SCREW KEY - 2350,,,SCREW KEY - 2350 (CASTING/RAW MATERIAL),1,MCH,VMC Heavy Face Milling & Edge Truing,2,VEN0000002,Apex Precision VMC Machinists,Rough & finish top/bottom platen face to 0.02mm flat
4110030100,A-10794,SCREW KEY - 2350,,,SCREW KEY - 2350 (CASTING/RAW MATERIAL),2,BOR,Precision CNC Boring (Tie Bar & Bush Bores),3,VEN0000002,Apex Precision VMC Machinists,Bore 4x Tie bar holes to H7 tolerance
4110030100,A-10794,SCREW KEY - 2350,,,SCREW KEY - 2350 (CASTING/RAW MATERIAL),3,DRL,CNC Drilling & Tapping (PCD Clamp Holes),1,VEN0000002,Apex Precision VMC Machinists,M16 mould clamp tapped holes as per drawing
4110030100,A-10794,SCREW KEY - 2350,,,SCREW KEY - 2350 (CASTING/RAW MATERIAL),4,HT,Stress Relieving & Normalizing Heat Treatment,2,VEN0000004,Gujarat Heat Treaters & Nitriding,Normalize thermal stress at 550°C
4110030100,A-10794,SCREW KEY - 2350,,,SCREW KEY - 2350 (CASTING/RAW MATERIAL),5,GRD,Cylindrical & Precision Surface Grinding,1,VEN0000006,Sardar Cylindrical & Surface Grinding,Precision surface grind & rust preventive oil
4110030200,A-10417,BARREL Ø70 - 2350,,,BARREL Ø70 - 2350 (CASTING/RAW MATERIAL),1,MCH,VMC Heavy Face Milling & Edge Truing,2,VEN0000002,Apex Precision VMC Machinists,Rough & finish top/bottom platen face to 0.02mm flat
4110030200,A-10417,BARREL Ø70 - 2350,,,BARREL Ø70 - 2350 (CASTING/RAW MATERIAL),2,BOR,Precision CNC Boring (Tie Bar & Bush Bores),3,VEN0000002,Apex Precision VMC Machinists,Bore 4x Tie bar holes to H7 tolerance
4110030200,A-10417,BARREL Ø70 - 2350,,,BARREL Ø70 - 2350 (CASTING/RAW MATERIAL),3,DRL,CNC Drilling & Tapping (PCD Clamp Holes),1,VEN0000002,Apex Precision VMC Machinists,M16 mould clamp tapped holes as per drawing
4110030200,A-10417,BARREL Ø70 - 2350,,,BARREL Ø70 - 2350 (CASTING/RAW MATERIAL),4,HT,Stress Relieving & Normalizing Heat Treatment,2,VEN0000004,Gujarat Heat Treaters & Nitriding,Normalize thermal stress at 550°C
4110030200,A-10417,BARREL Ø70 - 2350,,,BARREL Ø70 - 2350 (CASTING/RAW MATERIAL),5,GRD,Cylindrical & Precision Surface Grinding,1,VEN0000006,Sardar Cylindrical & Surface Grinding,Precision surface grind & rust preventive oil
4110030300,A-10435,SCREW Ø70 - 2350,,,SCREW Ø70 - 2350 (CASTING/RAW MATERIAL),1,MCH,VMC Heavy Face Milling & Edge Truing,2,VEN0000002,Apex Precision VMC Machinists,Rough & finish top/bottom platen face to 0.02mm flat
4110030300,A-10435,SCREW Ø70 - 2350,,,SCREW Ø70 - 2350 (CASTING/RAW MATERIAL),2,BOR,Precision CNC Boring (Tie Bar & Bush Bores),3,VEN0000002,Apex Precision VMC Machinists,Bore 4x Tie bar holes to H7 tolerance
4110030300,A-10435,SCREW Ø70 - 2350,,,SCREW Ø70 - 2350 (CASTING/RAW MATERIAL),3,DRL,CNC Drilling & Tapping (PCD Clamp Holes),1,VEN0000002,Apex Precision VMC Machinists,M16 mould clamp tapped holes as per drawing
4110030300,A-10435,SCREW Ø70 - 2350,,,SCREW Ø70 - 2350 (CASTING/RAW MATERIAL),4,HT,Stress Relieving & Normalizing Heat Treatment,2,VEN0000004,Gujarat Heat Treaters & Nitriding,Normalize thermal stress at 550°C
4110030300,A-10435,SCREW Ø70 - 2350,,,SCREW Ø70 - 2350 (CASTING/RAW MATERIAL),5,GRD,Cylindrical & Precision Surface Grinding,1,VEN0000006,Sardar Cylindrical & Surface Grinding,Precision surface grind & rust preventive oil
4110030400,A-10453,BARREL ADAPT Ø70 - 2350,,,BARREL ADAPT Ø70 - 2350 (CASTING/RAW MATERIAL),1,MCH,VMC Heavy Face Milling & Edge Truing,2,VEN0000002,Apex Precision VMC Machinists,Rough & finish top/bottom platen face to 0.02mm flat
4110030400,A-10453,BARREL ADAPT Ø70 - 2350,,,BARREL ADAPT Ø70 - 2350 (CASTING/RAW MATERIAL),2,BOR,Precision CNC Boring (Tie Bar & Bush Bores),3,VEN0000002,Apex Precision VMC Machinists,Bore 4x Tie bar holes to H7 tolerance
4110030400,A-10453,BARREL ADAPT Ø70 - 2350,,,BARREL ADAPT Ø70 - 2350 (CASTING/RAW MATERIAL),3,DRL,CNC Drilling & Tapping (PCD Clamp Holes),1,VEN0000002,Apex Precision VMC Machinists,M16 mould clamp tapped holes as per drawing
4110030400,A-10453,BARREL ADAPT Ø70 - 2350,,,BARREL ADAPT Ø70 - 2350 (CASTING/RAW MATERIAL),4,HT,Stress Relieving & Normalizing Heat Treatment,2,VEN0000004,Gujarat Heat Treaters & Nitriding,Normalize thermal stress at 550°C
4110030400,A-10453,BARREL ADAPT Ø70 - 2350,,,BARREL ADAPT Ø70 - 2350 (CASTING/RAW MATERIAL),5,GRD,Cylindrical & Precision Surface Grinding,1,VEN0000006,Sardar Cylindrical & Surface Grinding,Precision surface grind & rust preventive oil
4110030500,A-10418,BARREL Ø80 - 2350,,,BARREL Ø80 - 2350 (CASTING/RAW MATERIAL),1,MCH,VMC Heavy Face Milling & Edge Truing,2,VEN0000002,Apex Precision VMC Machinists,Rough & finish top/bottom platen face to 0.02mm flat
4110030500,A-10418,BARREL Ø80 - 2350,,,BARREL Ø80 - 2350 (CASTING/RAW MATERIAL),2,BOR,Precision CNC Boring (Tie Bar & Bush Bores),3,VEN0000002,Apex Precision VMC Machinists,Bore 4x Tie bar holes to H7 tolerance
4110030500,A-10418,BARREL Ø80 - 2350,,,BARREL Ø80 - 2350 (CASTING/RAW MATERIAL),3,DRL,CNC Drilling & Tapping (PCD Clamp Holes),1,VEN0000002,Apex Precision VMC Machinists,M16 mould clamp tapped holes as per drawing
4110030500,A-10418,BARREL Ø80 - 2350,,,BARREL Ø80 - 2350 (CASTING/RAW MATERIAL),4,HT,Stress Relieving & Normalizing Heat Treatment,2,VEN0000004,Gujarat Heat Treaters & Nitriding,Normalize thermal stress at 550°C
4110030500,A-10418,BARREL Ø80 - 2350,,,BARREL Ø80 - 2350 (CASTING/RAW MATERIAL),5,GRD,Cylindrical & Precision Surface Grinding,1,VEN0000006,Sardar Cylindrical & Surface Grinding,Precision surface grind & rust preventive oil
4110030600,A-10436,SCREW Ø80 - 2350,,,SCREW Ø80 - 2350 (CASTING/RAW MATERIAL),1,MCH,VMC Heavy Face Milling & Edge Truing,2,VEN0000002,Apex Precision VMC Machinists,Rough & finish top/bottom platen face to 0.02mm flat
4110030600,A-10436,SCREW Ø80 - 2350,,,SCREW Ø80 - 2350 (CASTING/RAW MATERIAL),2,BOR,Precision CNC Boring (Tie Bar & Bush Bores),3,VEN0000002,Apex Precision VMC Machinists,Bore 4x Tie bar holes to H7 tolerance
4110030600,A-10436,SCREW Ø80 - 2350,,,SCREW Ø80 - 2350 (CASTING/RAW MATERIAL),3,DRL,CNC Drilling & Tapping (PCD Clamp Holes),1,VEN0000002,Apex Precision VMC Machinists,M16 mould clamp tapped holes as per drawing
4110030600,A-10436,SCREW Ø80 - 2350,,,SCREW Ø80 - 2350 (CASTING/RAW MATERIAL),4,HT,Stress Relieving & Normalizing Heat Treatment,2,VEN0000004,Gujarat Heat Treaters & Nitriding,Normalize thermal stress at 550°C
4110030600,A-10436,SCREW Ø80 - 2350,,,SCREW Ø80 - 2350 (CASTING/RAW MATERIAL),5,GRD,Cylindrical & Precision Surface Grinding,1,VEN0000006,Sardar Cylindrical & Surface Grinding,Precision surface grind & rust preventive oil
4110030700,A-10454,BARREL ADAPT Ø80 - 2350,,,BARREL ADAPT Ø80 - 2350 (CASTING/RAW MATERIAL),1,MCH,VMC Heavy Face Milling & Edge Truing,2,VEN0000002,Apex Precision VMC Machinists,Rough & finish top/bottom platen face to 0.02mm flat
4110030700,A-10454,BARREL ADAPT Ø80 - 2350,,,BARREL ADAPT Ø80 - 2350 (CASTING/RAW MATERIAL),2,BOR,Precision CNC Boring (Tie Bar & Bush Bores),3,VEN0000002,Apex Precision VMC Machinists,Bore 4x Tie bar holes to H7 tolerance
4110030700,A-10454,BARREL ADAPT Ø80 - 2350,,,BARREL ADAPT Ø80 - 2350 (CASTING/RAW MATERIAL),3,DRL,CNC Drilling & Tapping (PCD Clamp Holes),1,VEN0000002,Apex Precision VMC Machinists,M16 mould clamp tapped holes as per drawing
4110030700,A-10454,BARREL ADAPT Ø80 - 2350,,,BARREL ADAPT Ø80 - 2350 (CASTING/RAW MATERIAL),4,HT,Stress Relieving & Normalizing Heat Treatment,2,VEN0000004,Gujarat Heat Treaters & Nitriding,Normalize thermal stress at 550°C
4110030700,A-10454,BARREL ADAPT Ø80 - 2350,,,BARREL ADAPT Ø80 - 2350 (CASTING/RAW MATERIAL),5,GRD,Cylindrical & Precision Surface Grinding,1,VEN0000006,Sardar Cylindrical & Surface Grinding,Precision surface grind & rust preventive oil
4110030800,A-10462,SCREW TIP - 80,,,SCREW TIP - 80 (CASTING/RAW MATERIAL),1,MCH,VMC Heavy Face Milling & Edge Truing,2,VEN0000002,Apex Precision VMC Machinists,Rough & finish top/bottom platen face to 0.02mm flat
4110030800,A-10462,SCREW TIP - 80,,,SCREW TIP - 80 (CASTING/RAW MATERIAL),2,BOR,Precision CNC Boring (Tie Bar & Bush Bores),3,VEN0000002,Apex Precision VMC Machinists,Bore 4x Tie bar holes to H7 tolerance
4110030800,A-10462,SCREW TIP - 80,,,SCREW TIP - 80 (CASTING/RAW MATERIAL),3,DRL,CNC Drilling & Tapping (PCD Clamp Holes),1,VEN0000002,Apex Precision VMC Machinists,M16 mould clamp tapped holes as per drawing
4110030800,A-10462,SCREW TIP - 80,,,SCREW TIP - 80 (CASTING/RAW MATERIAL),4,HT,Stress Relieving & Normalizing Heat Treatment,2,VEN0000004,Gujarat Heat Treaters & Nitriding,Normalize thermal stress at 550°C
4110030800,A-10462,SCREW TIP - 80,,,SCREW TIP - 80 (CASTING/RAW MATERIAL),5,GRD,Cylindrical & Precision Surface Grinding,1,VEN0000006,Sardar Cylindrical & Surface Grinding,Precision surface grind & rust preventive oil
4110030900,A-10471,SLIDER - 80,,,SLIDER - 80 (CASTING/RAW MATERIAL),1,MCH,VMC Heavy Face Milling & Edge Truing,2,VEN0000002,Apex Precision VMC Machinists,Rough & finish top/bottom platen face to 0.02mm flat
4110030900,A-10471,SLIDER - 80,,,SLIDER - 80 (CASTING/RAW MATERIAL),2,BOR,Precision CNC Boring (Tie Bar & Bush Bores),3,VEN0000002,Apex Precision VMC Machinists,Bore 4x Tie bar holes to H7 tolerance
4110030900,A-10471,SLIDER - 80,,,SLIDER - 80 (CASTING/RAW MATERIAL),3,DRL,CNC Drilling & Tapping (PCD Clamp Holes),1,VEN0000002,Apex Precision VMC Machinists,M16 mould clamp tapped holes as per drawing
4110030900,A-10471,SLIDER - 80,,,SLIDER - 80 (CASTING/RAW MATERIAL),4,HT,Stress Relieving & Normalizing Heat Treatment,2,VEN0000004,Gujarat Heat Treaters & Nitriding,Normalize thermal stress at 550°C
4110030900,A-10471,SLIDER - 80,,,SLIDER - 80 (CASTING/RAW MATERIAL),5,GRD,Cylindrical & Precision Surface Grinding,1,VEN0000006,Sardar Cylindrical & Surface Grinding,Precision surface grind & rust preventive oil
4110031000,A-10479,SLIDER SEAT - 80,,,SLIDER SEAT - 80 (CASTING/RAW MATERIAL),1,MCH,VMC Heavy Face Milling & Edge Truing,2,VEN0000002,Apex Precision VMC Machinists,Rough & finish top/bottom platen face to 0.02mm flat
4110031000,A-10479,SLIDER SEAT - 80,,,SLIDER SEAT - 80 (CASTING/RAW MATERIAL),2,BOR,Precision CNC Boring (Tie Bar & Bush Bores),3,VEN0000002,Apex Precision VMC Machinists,Bore 4x Tie bar holes to H7 tolerance
4110031000,A-10479,SLIDER SEAT - 80,,,SLIDER SEAT - 80 (CASTING/RAW MATERIAL),3,DRL,CNC Drilling & Tapping (PCD Clamp Holes),1,VEN0000002,Apex Precision VMC Machinists,M16 mould clamp tapped holes as per drawing
4110031000,A-10479,SLIDER SEAT - 80,,,SLIDER SEAT - 80 (CASTING/RAW MATERIAL),4,HT,Stress Relieving & Normalizing Heat Treatment,2,VEN0000004,Gujarat Heat Treaters & Nitriding,Normalize thermal stress at 550°C
4110031000,A-10479,SLIDER SEAT - 80,,,SLIDER SEAT - 80 (CASTING/RAW MATERIAL),5,GRD,Cylindrical & Precision Surface Grinding,1,VEN0000006,Sardar Cylindrical & Surface Grinding,Precision surface grind & rust preventive oil
