Finished Part Code,Finished Old Code,Finished Item Name,Raw Casting Part Code,Raw Casting Old Code,Raw Casting Name,Step No,Process Short Code,Process Name,Estimated Days,Vendors,Vendor Names,Remarks
4110006300,A-10352,INJECTION MANIFOLD - NG10,,,C45 / HYDRAULIC STEEL MANIFOLD BLOCK FOR INJECTION MANIFOLD - NG10,1,MCH,Heavy VMC Face & Profile Milling,2,VEN0000002,Apex Precision VMC Machinists,CNC turning and facing register bore to tolerance
4110006300,A-10352,INJECTION MANIFOLD - NG10,,,C45 / HYDRAULIC STEEL MANIFOLD BLOCK FOR INJECTION MANIFOLD - NG10,2,BOR,Precision CNC Line Boring (H7),2,VEN0000002,Apex Precision VMC Machinists,Line boring spigot and locating bores to H7
4110006300,A-10352,INJECTION MANIFOLD - NG10,,,C45 / HYDRAULIC STEEL MANIFOLD BLOCK FOR INJECTION MANIFOLD - NG10,3,DRL,CNC Pattern Drilling & Tapping (PCD),1,VEN0000002,Apex Precision VMC Machinists,PCD drilling and tapped mounting ports
4110006400,A-11197,LOCKING MANIFOLD NG10-NG6-NG6,,,C45 / HYDRAULIC STEEL MANIFOLD BLOCK FOR LOCKING MANIFOLD NG10-NG6-NG6,1,MCH,Heavy VMC Face & Profile Milling,2,VEN0000002,Apex Precision VMC Machinists,CNC turning and facing register bore to tolerance
4110006400,A-11197,LOCKING MANIFOLD NG10-NG6-NG6,,,C45 / HYDRAULIC STEEL MANIFOLD BLOCK FOR LOCKING MANIFOLD NG10-NG6-NG6,2,BOR,Precision CNC Line Boring (H7),2,VEN0000002,Apex Precision VMC Machinists,Line boring spigot and locating bores to H7
4110006400,A-11197,LOCKING MANIFOLD NG10-NG6-NG6,,,C45 / HYDRAULIC STEEL MANIFOLD BLOCK FOR LOCKING MANIFOLD NG10-NG6-NG6,3,DRL,CNC Pattern Drilling & Tapping (PCD),1,VEN0000002,Apex Precision VMC Machinists,PCD drilling and tapped mounting ports
4110006500,A-10355,EJECTOR MANIFOLD NG6,,,C45 / HYDRAULIC STEEL MANIFOLD BLOCK FOR EJECTOR MANIFOLD NG6,1,MCH,Heavy VMC Face & Profile Milling,2,VEN0000002,Apex Precision VMC Machinists,CNC turning and facing register bore to tolerance
4110006500,A-10355,EJECTOR MANIFOLD NG6,,,C45 / HYDRAULIC STEEL MANIFOLD BLOCK FOR EJECTOR MANIFOLD NG6,2,BOR,Precision CNC Line Boring (H7),2,VEN0000002,Apex Precision VMC Machinists,Line boring spigot and locating bores to H7
4110006500,A-10355,EJECTOR MANIFOLD NG6,,,C45 / HYDRAULIC STEEL MANIFOLD BLOCK FOR EJECTOR MANIFOLD NG6,3,DRL,CNC Pattern Drilling & Tapping (PCD),1,VEN0000002,Apex Precision VMC Machinists,PCD drilling and tapped mounting ports
4110006600,A-10351,PRESSURE MANIFOLD BG06,,,C45 / HYDRAULIC STEEL MANIFOLD BLOCK FOR PRESSURE MANIFOLD BG06,1,MCH,Heavy VMC Face & Profile Milling,2,VEN0000002,Apex Precision VMC Machinists,CNC turning and facing register bore to tolerance
4110006600,A-10351,PRESSURE MANIFOLD BG06,,,C45 / HYDRAULIC STEEL MANIFOLD BLOCK FOR PRESSURE MANIFOLD BG06,2,BOR,Precision CNC Line Boring (H7),2,VEN0000002,Apex Precision VMC Machinists,Line boring spigot and locating bores to H7
4110006600,A-10351,PRESSURE MANIFOLD BG06,,,C45 / HYDRAULIC STEEL MANIFOLD BLOCK FOR PRESSURE MANIFOLD BG06,3,DRL,CNC Pattern Drilling & Tapping (PCD),1,VEN0000002,Apex Precision VMC Machinists,PCD drilling and tapped mounting ports
4110006700,A-10795,EJECTOR ROD - 90 TON,,,RAW STOCK / FORGING FOR EJECTOR ROD - 90 TON,1,MCH,Heavy VMC Face & Profile Milling,2,VEN0000002,Apex Precision VMC Machinists,CNC turning and facing register bore to tolerance
4110006700,A-10795,EJECTOR ROD - 90 TON,,,RAW STOCK / FORGING FOR EJECTOR ROD - 90 TON,2,BOR,Precision CNC Line Boring (H7),2,VEN0000002,Apex Precision VMC Machinists,Line boring spigot and locating bores to H7
4110006700,A-10795,EJECTOR ROD - 90 TON,,,RAW STOCK / FORGING FOR EJECTOR ROD - 90 TON,3,DRL,CNC Pattern Drilling & Tapping (PCD),1,VEN0000002,Apex Precision VMC Machinists,PCD drilling and tapped mounting ports
4110006800,A-10118,NOZZLE CYLINDER EXTENSION ROD 90-280,,,RAW STOCK / FORGING FOR NOZZLE CYLINDER EXTENSION ROD 90-280,1,MCH,Heavy VMC Face & Profile Milling,2,VEN0000002,Apex Precision VMC Machinists,CNC turning and facing register bore to tolerance
4110006800,A-10118,NOZZLE CYLINDER EXTENSION ROD 90-280,,,RAW STOCK / FORGING FOR NOZZLE CYLINDER EXTENSION ROD 90-280,2,BOR,Precision CNC Line Boring (H7),2,VEN0000002,Apex Precision VMC Machinists,Line boring spigot and locating bores to H7
4110006800,A-10118,NOZZLE CYLINDER EXTENSION ROD 90-280,,,RAW STOCK / FORGING FOR NOZZLE CYLINDER EXTENSION ROD 90-280,3,DRL,CNC Pattern Drilling & Tapping (PCD),1,VEN0000002,Apex Precision VMC Machinists,PCD drilling and tapped mounting ports
4110006900,A-10115,NOZZLE CYLINDER EXTENSION ROD MTG,,,RAW STOCK / FORGING FOR NOZZLE CYLINDER EXTENSION ROD MTG,1,MCH,Heavy VMC Face & Profile Milling,2,VEN0000002,Apex Precision VMC Machinists,CNC turning and facing register bore to tolerance
4110006900,A-10115,NOZZLE CYLINDER EXTENSION ROD MTG,,,RAW STOCK / FORGING FOR NOZZLE CYLINDER EXTENSION ROD MTG,2,BOR,Precision CNC Line Boring (H7),2,VEN0000002,Apex Precision VMC Machinists,Line boring spigot and locating bores to H7
4110006900,A-10115,NOZZLE CYLINDER EXTENSION ROD MTG,,,RAW STOCK / FORGING FOR NOZZLE CYLINDER EXTENSION ROD MTG,3,DRL,CNC Pattern Drilling & Tapping (PCD),1,VEN0000002,Apex Precision VMC Machinists,PCD drilling and tapped mounting ports
4110007000,A-10116,NOZZLE CYLINDER EXTENSION ROD MTG BUSH,,,SAE 660 / CuSn7ZnPb CONTINUOUS CAST BRONZE HOLLOW BAR FOR NOZZLE CYLINDER EXTENSION ROD MTG BUSH,1,MCH,Heavy VMC Face & Profile Milling,1,VEN0000002,Apex Precision VMC Machinists,Rough & finish turning OD/ID and lubrication grooves
4110007000,A-10116,NOZZLE CYLINDER EXTENSION ROD MTG BUSH,,,SAE 660 / CuSn7ZnPb CONTINUOUS CAST BRONZE HOLLOW BAR FOR NOZZLE CYLINDER EXTENSION ROD MTG BUSH,2,HON,Deep Hole Diamond Honing (Ra 0.1 µm),1,VEN0000006,Sardar Cylindrical & Surface Grinding,Diamond honing internal bore to H7 tolerance
4110007000,A-10116,NOZZLE CYLINDER EXTENSION ROD MTG BUSH,,,SAE 660 / CuSn7ZnPb CONTINUOUS CAST BRONZE HOLLOW BAR FOR NOZZLE CYLINDER EXTENSION ROD MTG BUSH,3,GRD,Precision Cylindrical & Surface Grinding,1,VEN0000006,Sardar Cylindrical & Surface Grinding,Finish OD grinding to m6 fit
4110007100,A-10348,NOZZLE CYLINDER STOP LIMIT SWITCH OPERATING PIN,,,RAW STOCK / FORGING FOR NOZZLE CYLINDER STOP LIMIT SWITCH OPERATING PIN,1,MCH,Heavy VMC Face & Profile Milling,2,VEN0000002,Apex Precision VMC Machinists,CNC turning and facing register bore to tolerance
4110007100,A-10348,NOZZLE CYLINDER STOP LIMIT SWITCH OPERATING PIN,,,RAW STOCK / FORGING FOR NOZZLE CYLINDER STOP LIMIT SWITCH OPERATING PIN,2,BOR,Precision CNC Line Boring (H7),2,VEN0000002,Apex Precision VMC Machinists,Line boring spigot and locating bores to H7
4110007100,A-10348,NOZZLE CYLINDER STOP LIMIT SWITCH OPERATING PIN,,,RAW STOCK / FORGING FOR NOZZLE CYLINDER STOP LIMIT SWITCH OPERATING PIN,3,DRL,CNC Pattern Drilling & Tapping (PCD),1,VEN0000002,Apex Precision VMC Machinists,PCD drilling and tapped mounting ports
4110007200,A-10349,NOZZLE CYLINDER STOP SLIDER,,,RAW STOCK / FORGING FOR NOZZLE CYLINDER STOP SLIDER,1,MCH,Heavy VMC Face & Profile Milling,2,VEN0000002,Apex Precision VMC Machinists,CNC turning and facing register bore to tolerance
4110007200,A-10349,NOZZLE CYLINDER STOP SLIDER,,,RAW STOCK / FORGING FOR NOZZLE CYLINDER STOP SLIDER,2,BOR,Precision CNC Line Boring (H7),2,VEN0000002,Apex Precision VMC Machinists,Line boring spigot and locating bores to H7
4110007200,A-10349,NOZZLE CYLINDER STOP SLIDER,,,RAW STOCK / FORGING FOR NOZZLE CYLINDER STOP SLIDER,3,DRL,CNC Pattern Drilling & Tapping (PCD),1,VEN0000002,Apex Precision VMC Machinists,PCD drilling and tapped mounting ports
4110007300,A-12014,INJECTION UNIT SETTING BLOCK,,,RAW STOCK / FORGING FOR INJECTION UNIT SETTING BLOCK,1,MCH,Heavy VMC Face & Profile Milling,2,VEN0000002,Apex Precision VMC Machinists,CNC turning and facing register bore to tolerance
4110007300,A-12014,INJECTION UNIT SETTING BLOCK,,,RAW STOCK / FORGING FOR INJECTION UNIT SETTING BLOCK,2,BOR,Precision CNC Line Boring (H7),2,VEN0000002,Apex Precision VMC Machinists,Line boring spigot and locating bores to H7
4110007300,A-12014,INJECTION UNIT SETTING BLOCK,,,RAW STOCK / FORGING FOR INJECTION UNIT SETTING BLOCK,3,DRL,CNC Pattern Drilling & Tapping (PCD),1,VEN0000002,Apex Precision VMC Machinists,PCD drilling and tapped mounting ports
4110007400,A-10011,INJECTION FRAME MTG BOLT M27 X 35LG,,,RAW STOCK / FORGING FOR INJECTION FRAME MTG BOLT M27 X 35LG,1,MCH,Heavy VMC Face & Profile Milling,2,VEN0000002,Apex Precision VMC Machinists,CNC turning and facing register bore to tolerance
4110007400,A-10011,INJECTION FRAME MTG BOLT M27 X 35LG,,,RAW STOCK / FORGING FOR INJECTION FRAME MTG BOLT M27 X 35LG,2,BOR,Precision CNC Line Boring (H7),2,VEN0000002,Apex Precision VMC Machinists,Line boring spigot and locating bores to H7
4110007400,A-10011,INJECTION FRAME MTG BOLT M27 X 35LG,,,RAW STOCK / FORGING FOR INJECTION FRAME MTG BOLT M27 X 35LG,3,DRL,CNC Pattern Drilling & Tapping (PCD),1,VEN0000002,Apex Precision VMC Machinists,PCD drilling and tapped mounting ports
4110007500,A-10588,INJECTION GUARD MTG STUD,,,RAW STOCK / FORGING FOR INJECTION GUARD MTG STUD,1,MCH,Heavy VMC Face & Profile Milling,2,VEN0000002,Apex Precision VMC Machinists,CNC turning and facing register bore to tolerance
4110007500,A-10588,INJECTION GUARD MTG STUD,,,RAW STOCK / FORGING FOR INJECTION GUARD MTG STUD,2,BOR,Precision CNC Line Boring (H7),2,VEN0000002,Apex Precision VMC Machinists,Line boring spigot and locating bores to H7
4110007500,A-10588,INJECTION GUARD MTG STUD,,,RAW STOCK / FORGING FOR INJECTION GUARD MTG STUD,3,DRL,CNC Pattern Drilling & Tapping (PCD),1,VEN0000002,Apex Precision VMC Machinists,PCD drilling and tapped mounting ports
4110007600,A-10800,CROSS HEAD LIMIT SWITCH OPERATING PIN-90,,,RAW STOCK / FORGING FOR CROSS HEAD LIMIT SWITCH OPERATING PIN-90,1,MCH,Heavy VMC Face & Profile Milling,2,VEN0000002,Apex Precision VMC Machinists,CNC turning and facing register bore to tolerance
4110007600,A-10800,CROSS HEAD LIMIT SWITCH OPERATING PIN-90,,,RAW STOCK / FORGING FOR CROSS HEAD LIMIT SWITCH OPERATING PIN-90,2,BOR,Precision CNC Line Boring (H7),2,VEN0000002,Apex Precision VMC Machinists,Line boring spigot and locating bores to H7
4110007600,A-10800,CROSS HEAD LIMIT SWITCH OPERATING PIN-90,,,RAW STOCK / FORGING FOR CROSS HEAD LIMIT SWITCH OPERATING PIN-90,3,DRL,CNC Pattern Drilling & Tapping (PCD),1,VEN0000002,Apex Precision VMC Machinists,PCD drilling and tapped mounting ports
4110007700,A-10350,MOLD HEIGHT STOP LIMIT SWITCH OPERATING PIN-90 TON,,,RAW STOCK / FORGING FOR MOLD HEIGHT STOP LIMIT SWITCH OPERATING PIN-90 TON,1,MCH,Heavy VMC Face & Profile Milling,2,VEN0000002,Apex Precision VMC Machinists,CNC turning and facing register bore to tolerance
4110007700,A-10350,MOLD HEIGHT STOP LIMIT SWITCH OPERATING PIN-90 TON,,,RAW STOCK / FORGING FOR MOLD HEIGHT STOP LIMIT SWITCH OPERATING PIN-90 TON,2,BOR,Precision CNC Line Boring (H7),2,VEN0000002,Apex Precision VMC Machinists,Line boring spigot and locating bores to H7
4110007700,A-10350,MOLD HEIGHT STOP LIMIT SWITCH OPERATING PIN-90 TON,,,RAW STOCK / FORGING FOR MOLD HEIGHT STOP LIMIT SWITCH OPERATING PIN-90 TON,3,DRL,CNC Pattern Drilling & Tapping (PCD),1,VEN0000002,Apex Precision VMC Machinists,PCD drilling and tapped mounting ports
4110007800,A-10385,INJECTION MANIFOLD MTG PLATE - 280,,,C45 / HYDRAULIC STEEL MANIFOLD BLOCK FOR INJECTION MANIFOLD MTG PLATE - 280,1,MCH,Heavy VMC Face & Profile Milling,2,VEN0000002,Apex Precision VMC Machinists,CNC turning and facing register bore to tolerance
4110007800,A-10385,INJECTION MANIFOLD MTG PLATE - 280,,,C45 / HYDRAULIC STEEL MANIFOLD BLOCK FOR INJECTION MANIFOLD MTG PLATE - 280,2,BOR,Precision CNC Line Boring (H7),2,VEN0000002,Apex Precision VMC Machinists,Line boring spigot and locating bores to H7
4110007800,A-10385,INJECTION MANIFOLD MTG PLATE - 280,,,C45 / HYDRAULIC STEEL MANIFOLD BLOCK FOR INJECTION MANIFOLD MTG PLATE - 280,3,DRL,CNC Pattern Drilling & Tapping (PCD),1,VEN0000002,Apex Precision VMC Machinists,PCD drilling and tapped mounting ports
4110007900,A-10386,INJECTION MANIFOLD MTG STRIP - 280,,,C45 / HYDRAULIC STEEL MANIFOLD BLOCK FOR INJECTION MANIFOLD MTG STRIP - 280,1,MCH,Heavy VMC Face & Profile Milling,2,VEN0000002,Apex Precision VMC Machinists,CNC turning and facing register bore to tolerance
4110007900,A-10386,INJECTION MANIFOLD MTG STRIP - 280,,,C45 / HYDRAULIC STEEL MANIFOLD BLOCK FOR INJECTION MANIFOLD MTG STRIP - 280,2,BOR,Precision CNC Line Boring (H7),2,VEN0000002,Apex Precision VMC Machinists,Line boring spigot and locating bores to H7
4110007900,A-10386,INJECTION MANIFOLD MTG STRIP - 280,,,C45 / HYDRAULIC STEEL MANIFOLD BLOCK FOR INJECTION MANIFOLD MTG STRIP - 280,3,DRL,CNC Pattern Drilling & Tapping (PCD),1,VEN0000002,Apex Precision VMC Machinists,PCD drilling and tapped mounting ports
4110008000,A-12035,GREASE PUMP MOUNTING PLATE,,,RAW STOCK / FORGING FOR GREASE PUMP MOUNTING PLATE,1,MCH,Heavy VMC Face & Profile Milling,2,VEN0000002,Apex Precision VMC Machinists,CNC turning and facing register bore to tolerance
4110008000,A-12035,GREASE PUMP MOUNTING PLATE,,,RAW STOCK / FORGING FOR GREASE PUMP MOUNTING PLATE,2,BOR,Precision CNC Line Boring (H7),2,VEN0000002,Apex Precision VMC Machinists,Line boring spigot and locating bores to H7
4110008000,A-12035,GREASE PUMP MOUNTING PLATE,,,RAW STOCK / FORGING FOR GREASE PUMP MOUNTING PLATE,3,DRL,CNC Pattern Drilling & Tapping (PCD),1,VEN0000002,Apex Precision VMC Machinists,PCD drilling and tapped mounting ports
3130800100,A-10705,JUNCTION BOX COVER,,,RAW STOCK / FORGING FOR JUNCTION BOX COVER,1,MCH,Heavy VMC Face & Profile Milling,2,VEN0000002,Apex Precision VMC Machinists,CNC turning and facing register bore to tolerance
3130800100,A-10705,JUNCTION BOX COVER,,,RAW STOCK / FORGING FOR JUNCTION BOX COVER,2,BOR,Precision CNC Line Boring (H7),2,VEN0000002,Apex Precision VMC Machinists,Line boring spigot and locating bores to H7
3130800100,A-10705,JUNCTION BOX COVER,,,RAW STOCK / FORGING FOR JUNCTION BOX COVER,3,DRL,CNC Pattern Drilling & Tapping (PCD),1,VEN0000002,Apex Precision VMC Machinists,PCD drilling and tapped mounting ports
3131100500,A-10068,CROSS HEAD LOCKING LIMIT STOP PIN MTG BRACKET,,,RAW STOCK / FORGING FOR CROSS HEAD LOCKING LIMIT STOP PIN MTG BRACKET,1,MCH,Heavy VMC Face & Profile Milling,2,VEN0000002,Apex Precision VMC Machinists,CNC turning and facing register bore to tolerance
3131100500,A-10068,CROSS HEAD LOCKING LIMIT STOP PIN MTG BRACKET,,,RAW STOCK / FORGING FOR CROSS HEAD LOCKING LIMIT STOP PIN MTG BRACKET,2,BOR,Precision CNC Line Boring (H7),2,VEN0000002,Apex Precision VMC Machinists,Line boring spigot and locating bores to H7
3131100500,A-10068,CROSS HEAD LOCKING LIMIT STOP PIN MTG BRACKET,,,RAW STOCK / FORGING FOR CROSS HEAD LOCKING LIMIT STOP PIN MTG BRACKET,3,DRL,CNC Pattern Drilling & Tapping (PCD),1,VEN0000002,Apex Precision VMC Machinists,PCD drilling and tapped mounting ports
3131100700,A-10345,EJECTOR LINEAR MTG BRACKET,,,RAW STOCK / FORGING FOR EJECTOR LINEAR MTG BRACKET,1,MCH,Heavy VMC Face & Profile Milling,2,VEN0000002,Apex Precision VMC Machinists,CNC turning and facing register bore to tolerance
3131100700,A-10345,EJECTOR LINEAR MTG BRACKET,,,RAW STOCK / FORGING FOR EJECTOR LINEAR MTG BRACKET,2,BOR,Precision CNC Line Boring (H7),2,VEN0000002,Apex Precision VMC Machinists,Line boring spigot and locating bores to H7
3131100700,A-10345,EJECTOR LINEAR MTG BRACKET,,,RAW STOCK / FORGING FOR EJECTOR LINEAR MTG BRACKET,3,DRL,CNC Pattern Drilling & Tapping (PCD),1,VEN0000002,Apex Precision VMC Machinists,PCD drilling and tapped mounting ports
3131101000,A-10055,INJECTION LINEAR MOUNTING BRACKET - 280,,,RAW STOCK / FORGING FOR INJECTION LINEAR MOUNTING BRACKET - 280,1,MCH,Heavy VMC Face & Profile Milling,2,VEN0000002,Apex Precision VMC Machinists,CNC turning and facing register bore to tolerance
3131101000,A-10055,INJECTION LINEAR MOUNTING BRACKET - 280,,,RAW STOCK / FORGING FOR INJECTION LINEAR MOUNTING BRACKET - 280,2,BOR,Precision CNC Line Boring (H7),2,VEN0000002,Apex Precision VMC Machinists,Line boring spigot and locating bores to H7
3131101000,A-10055,INJECTION LINEAR MOUNTING BRACKET - 280,,,RAW STOCK / FORGING FOR INJECTION LINEAR MOUNTING BRACKET - 280,3,DRL,CNC Pattern Drilling & Tapping (PCD),1,VEN0000002,Apex Precision VMC Machinists,PCD drilling and tapped mounting ports
3131101100,A-10069,INJECTION LINEAR SHAFT MTG BRACKET - 280,,,RAW STOCK / FORGING FOR INJECTION LINEAR SHAFT MTG BRACKET - 280,1,MCH,Heavy VMC Face & Profile Milling,2,VEN0000002,Apex Precision VMC Machinists,CNC turning and facing register bore to tolerance
3131101100,A-10069,INJECTION LINEAR SHAFT MTG BRACKET - 280,,,RAW STOCK / FORGING FOR INJECTION LINEAR SHAFT MTG BRACKET - 280,2,BOR,Precision CNC Line Boring (H7),2,VEN0000002,Apex Precision VMC Machinists,Line boring spigot and locating bores to H7
3131101100,A-10069,INJECTION LINEAR SHAFT MTG BRACKET - 280,,,RAW STOCK / FORGING FOR INJECTION LINEAR SHAFT MTG BRACKET - 280,3,DRL,CNC Pattern Drilling & Tapping (PCD),1,VEN0000002,Apex Precision VMC Machinists,PCD drilling and tapped mounting ports
3131300100,A-10497,INJECTION GUARD SUPPORT BRACKET - 280,,,RAW STOCK / FORGING FOR INJECTION GUARD SUPPORT BRACKET - 280,1,MCH,Heavy VMC Face & Profile Milling,2,VEN0000002,Apex Precision VMC Machinists,CNC turning and facing register bore to tolerance
3131300100,A-10497,INJECTION GUARD SUPPORT BRACKET - 280,,,RAW STOCK / FORGING FOR INJECTION GUARD SUPPORT BRACKET - 280,2,BOR,Precision CNC Line Boring (H7),2,VEN0000002,Apex Precision VMC Machinists,Line boring spigot and locating bores to H7
3131300100,A-10497,INJECTION GUARD SUPPORT BRACKET - 280,,,RAW STOCK / FORGING FOR INJECTION GUARD SUPPORT BRACKET - 280,3,DRL,CNC Pattern Drilling & Tapping (PCD),1,VEN0000002,Apex Precision VMC Machinists,PCD drilling and tapped mounting ports
4110012300,A-10796,EJECTOR ROD - 110 TON,,,RAW STOCK / FORGING FOR EJECTOR ROD - 110 TON,1,MCH,Heavy VMC Face & Profile Milling,2,VEN0000002,Apex Precision VMC Machinists,CNC turning and facing register bore to tolerance
4110012300,A-10796,EJECTOR ROD - 110 TON,,,RAW STOCK / FORGING FOR EJECTOR ROD - 110 TON,2,BOR,Precision CNC Line Boring (H7),2,VEN0000002,Apex Precision VMC Machinists,Line boring spigot and locating bores to H7
4110012300,A-10796,EJECTOR ROD - 110 TON,,,RAW STOCK / FORGING FOR EJECTOR ROD - 110 TON,3,DRL,CNC Pattern Drilling & Tapping (PCD),1,VEN0000002,Apex Precision VMC Machinists,PCD drilling and tapped mounting ports
4110012400,A-10392,NOZZLE CYLINDER EXTENSION ROD 110-420,,,RAW STOCK / FORGING FOR NOZZLE CYLINDER EXTENSION ROD 110-420,1,MCH,Heavy VMC Face & Profile Milling,2,VEN0000002,Apex Precision VMC Machinists,CNC turning and facing register bore to tolerance
4110012400,A-10392,NOZZLE CYLINDER EXTENSION ROD 110-420,,,RAW STOCK / FORGING FOR NOZZLE CYLINDER EXTENSION ROD 110-420,2,BOR,Precision CNC Line Boring (H7),2,VEN0000002,Apex Precision VMC Machinists,Line boring spigot and locating bores to H7
4110012400,A-10392,NOZZLE CYLINDER EXTENSION ROD 110-420,,,RAW STOCK / FORGING FOR NOZZLE CYLINDER EXTENSION ROD 110-420,3,DRL,CNC Pattern Drilling & Tapping (PCD),1,VEN0000002,Apex Precision VMC Machinists,PCD drilling and tapped mounting ports
4110012600,A-10387,INJECTION MANIFOLD MTG PLATE - 420,,,C45 / HYDRAULIC STEEL MANIFOLD BLOCK FOR INJECTION MANIFOLD MTG PLATE - 420,1,MCH,Heavy VMC Face & Profile Milling,2,VEN0000002,Apex Precision VMC Machinists,CNC turning and facing register bore to tolerance
4110012600,A-10387,INJECTION MANIFOLD MTG PLATE - 420,,,C45 / HYDRAULIC STEEL MANIFOLD BLOCK FOR INJECTION MANIFOLD MTG PLATE - 420,2,BOR,Precision CNC Line Boring (H7),2,VEN0000002,Apex Precision VMC Machinists,Line boring spigot and locating bores to H7
4110012600,A-10387,INJECTION MANIFOLD MTG PLATE - 420,,,C45 / HYDRAULIC STEEL MANIFOLD BLOCK FOR INJECTION MANIFOLD MTG PLATE - 420,3,DRL,CNC Pattern Drilling & Tapping (PCD),1,VEN0000002,Apex Precision VMC Machinists,PCD drilling and tapped mounting ports
4110012700,A-10491,INJECTION MANIFOLD MTG STRIP - 420,,,C45 / HYDRAULIC STEEL MANIFOLD BLOCK FOR INJECTION MANIFOLD MTG STRIP - 420,1,MCH,Heavy VMC Face & Profile Milling,2,VEN0000002,Apex Precision VMC Machinists,CNC turning and facing register bore to tolerance
4110012700,A-10491,INJECTION MANIFOLD MTG STRIP - 420,,,C45 / HYDRAULIC STEEL MANIFOLD BLOCK FOR INJECTION MANIFOLD MTG STRIP - 420,2,BOR,Precision CNC Line Boring (H7),2,VEN0000002,Apex Precision VMC Machinists,Line boring spigot and locating bores to H7
4110012700,A-10491,INJECTION MANIFOLD MTG STRIP - 420,,,C45 / HYDRAULIC STEEL MANIFOLD BLOCK FOR INJECTION MANIFOLD MTG STRIP - 420,3,DRL,CNC Pattern Drilling & Tapping (PCD),1,VEN0000002,Apex Precision VMC Machinists,PCD drilling and tapped mounting ports
3131101400,A-10056,INJECTION LINEAR MOUNTING BRACKET - 420,,,RAW STOCK / FORGING FOR INJECTION LINEAR MOUNTING BRACKET - 420,1,MCH,Heavy VMC Face & Profile Milling,2,VEN0000002,Apex Precision VMC Machinists,CNC turning and facing register bore to tolerance
3131101400,A-10056,INJECTION LINEAR MOUNTING BRACKET - 420,,,RAW STOCK / FORGING FOR INJECTION LINEAR MOUNTING BRACKET - 420,2,BOR,Precision CNC Line Boring (H7),2,VEN0000002,Apex Precision VMC Machinists,Line boring spigot and locating bores to H7
3131101400,A-10056,INJECTION LINEAR MOUNTING BRACKET - 420,,,RAW STOCK / FORGING FOR INJECTION LINEAR MOUNTING BRACKET - 420,3,DRL,CNC Pattern Drilling & Tapping (PCD),1,VEN0000002,Apex Precision VMC Machinists,PCD drilling and tapped mounting ports
3131300200,A-10496,INJECTION GUARD SUPPORT BRACKET - 420,,,RAW STOCK / FORGING FOR INJECTION GUARD SUPPORT BRACKET - 420,1,MCH,Heavy VMC Face & Profile Milling,2,VEN0000002,Apex Precision VMC Machinists,CNC turning and facing register bore to tolerance
3131300200,A-10496,INJECTION GUARD SUPPORT BRACKET - 420,,,RAW STOCK / FORGING FOR INJECTION GUARD SUPPORT BRACKET - 420,2,BOR,Precision CNC Line Boring (H7),2,VEN0000002,Apex Precision VMC Machinists,Line boring spigot and locating bores to H7
3131300200,A-10496,INJECTION GUARD SUPPORT BRACKET - 420,,,RAW STOCK / FORGING FOR INJECTION GUARD SUPPORT BRACKET - 420,3,DRL,CNC Pattern Drilling & Tapping (PCD),1,VEN0000002,Apex Precision VMC Machinists,PCD drilling and tapped mounting ports
4110017400,A-10353,INJECTION MANIFOLD - NG16,,,C45 / HYDRAULIC STEEL MANIFOLD BLOCK FOR INJECTION MANIFOLD - NG16,1,MCH,Heavy VMC Face & Profile Milling,2,VEN0000002,Apex Precision VMC Machinists,CNC turning and facing register bore to tolerance
4110017400,A-10353,INJECTION MANIFOLD - NG16,,,C45 / HYDRAULIC STEEL MANIFOLD BLOCK FOR INJECTION MANIFOLD - NG16,2,BOR,Precision CNC Line Boring (H7),2,VEN0000002,Apex Precision VMC Machinists,Line boring spigot and locating bores to H7
4110017400,A-10353,INJECTION MANIFOLD - NG16,,,C45 / HYDRAULIC STEEL MANIFOLD BLOCK FOR INJECTION MANIFOLD - NG16,3,DRL,CNC Pattern Drilling & Tapping (PCD),1,VEN0000002,Apex Precision VMC Machinists,PCD drilling and tapped mounting ports
4110017500,A-11196,LOCKING MANIFOLD NG16-NG6-NG6,,,C45 / HYDRAULIC STEEL MANIFOLD BLOCK FOR LOCKING MANIFOLD NG16-NG6-NG6,1,MCH,Heavy VMC Face & Profile Milling,2,VEN0000002,Apex Precision VMC Machinists,CNC turning and facing register bore to tolerance
4110017500,A-11196,LOCKING MANIFOLD NG16-NG6-NG6,,,C45 / HYDRAULIC STEEL MANIFOLD BLOCK FOR LOCKING MANIFOLD NG16-NG6-NG6,2,BOR,Precision CNC Line Boring (H7),2,VEN0000002,Apex Precision VMC Machinists,Line boring spigot and locating bores to H7
4110017500,A-11196,LOCKING MANIFOLD NG16-NG6-NG6,,,C45 / HYDRAULIC STEEL MANIFOLD BLOCK FOR LOCKING MANIFOLD NG16-NG6-NG6,3,DRL,CNC Pattern Drilling & Tapping (PCD),1,VEN0000002,Apex Precision VMC Machinists,PCD drilling and tapped mounting ports
4110017600,A-10354,EJECTOR MANIFOLD NG10,,,C45 / HYDRAULIC STEEL MANIFOLD BLOCK FOR EJECTOR MANIFOLD NG10,1,MCH,Heavy VMC Face & Profile Milling,2,VEN0000002,Apex Precision VMC Machinists,CNC turning and facing register bore to tolerance
4110017600,A-10354,EJECTOR MANIFOLD NG10,,,C45 / HYDRAULIC STEEL MANIFOLD BLOCK FOR EJECTOR MANIFOLD NG10,2,BOR,Precision CNC Line Boring (H7),2,VEN0000002,Apex Precision VMC Machinists,Line boring spigot and locating bores to H7
4110017600,A-10354,EJECTOR MANIFOLD NG10,,,C45 / HYDRAULIC STEEL MANIFOLD BLOCK FOR EJECTOR MANIFOLD NG10,3,DRL,CNC Pattern Drilling & Tapping (PCD),1,VEN0000002,Apex Precision VMC Machinists,PCD drilling and tapped mounting ports
4110017700,A-10797,EJECTOR ROD - 140 TON,,,RAW STOCK / FORGING FOR EJECTOR ROD - 140 TON,1,MCH,Heavy VMC Face & Profile Milling,2,VEN0000002,Apex Precision VMC Machinists,CNC turning and facing register bore to tolerance
4110017700,A-10797,EJECTOR ROD - 140 TON,,,RAW STOCK / FORGING FOR EJECTOR ROD - 140 TON,2,BOR,Precision CNC Line Boring (H7),2,VEN0000002,Apex Precision VMC Machinists,Line boring spigot and locating bores to H7
4110017700,A-10797,EJECTOR ROD - 140 TON,,,RAW STOCK / FORGING FOR EJECTOR ROD - 140 TON,3,DRL,CNC Pattern Drilling & Tapping (PCD),1,VEN0000002,Apex Precision VMC Machinists,PCD drilling and tapped mounting ports
4110017800,A-10393,NOZZLE CYLINDER EXTENSION ROD 140-635,,,RAW STOCK / FORGING FOR NOZZLE CYLINDER EXTENSION ROD 140-635,1,MCH,Heavy VMC Face & Profile Milling,2,VEN0000002,Apex Precision VMC Machinists,CNC turning and facing register bore to tolerance
4110017800,A-10393,NOZZLE CYLINDER EXTENSION ROD 140-635,,,RAW STOCK / FORGING FOR NOZZLE CYLINDER EXTENSION ROD 140-635,2,BOR,Precision CNC Line Boring (H7),2,VEN0000002,Apex Precision VMC Machinists,Line boring spigot and locating bores to H7
4110017800,A-10393,NOZZLE CYLINDER EXTENSION ROD 140-635,,,RAW STOCK / FORGING FOR NOZZLE CYLINDER EXTENSION ROD 140-635,3,DRL,CNC Pattern Drilling & Tapping (PCD),1,VEN0000002,Apex Precision VMC Machinists,PCD drilling and tapped mounting ports
4110017900,A-12052,CROSS HEAD LIMIT SWITCH OPERATING PIN-140,,,RAW STOCK / FORGING FOR CROSS HEAD LIMIT SWITCH OPERATING PIN-140,1,MCH,Heavy VMC Face & Profile Milling,2,VEN0000002,Apex Precision VMC Machinists,CNC turning and facing register bore to tolerance
4110017900,A-12052,CROSS HEAD LIMIT SWITCH OPERATING PIN-140,,,RAW STOCK / FORGING FOR CROSS HEAD LIMIT SWITCH OPERATING PIN-140,2,BOR,Precision CNC Line Boring (H7),2,VEN0000002,Apex Precision VMC Machinists,Line boring spigot and locating bores to H7
4110017900,A-12052,CROSS HEAD LIMIT SWITCH OPERATING PIN-140,,,RAW STOCK / FORGING FOR CROSS HEAD LIMIT SWITCH OPERATING PIN-140,3,DRL,CNC Pattern Drilling & Tapping (PCD),1,VEN0000002,Apex Precision VMC Machinists,PCD drilling and tapped mounting ports
4110018000,A-10703,MOLD HEIGHT STOP LIMIT SWITCH OPERATING PIN-140 TON,,,RAW STOCK / FORGING FOR MOLD HEIGHT STOP LIMIT SWITCH OPERATING PIN-140 TON,1,MCH,Heavy VMC Face & Profile Milling,2,VEN0000002,Apex Precision VMC Machinists,CNC turning and facing register bore to tolerance
4110018000,A-10703,MOLD HEIGHT STOP LIMIT SWITCH OPERATING PIN-140 TON,,,RAW STOCK / FORGING FOR MOLD HEIGHT STOP LIMIT SWITCH OPERATING PIN-140 TON,2,BOR,Precision CNC Line Boring (H7),2,VEN0000002,Apex Precision VMC Machinists,Line boring spigot and locating bores to H7
4110018000,A-10703,MOLD HEIGHT STOP LIMIT SWITCH OPERATING PIN-140 TON,,,RAW STOCK / FORGING FOR MOLD HEIGHT STOP LIMIT SWITCH OPERATING PIN-140 TON,3,DRL,CNC Pattern Drilling & Tapping (PCD),1,VEN0000002,Apex Precision VMC Machinists,PCD drilling and tapped mounting ports
4110018100,A-10388,INJECTION MANIFOLD MTG PLATE - 635,,,C45 / HYDRAULIC STEEL MANIFOLD BLOCK FOR INJECTION MANIFOLD MTG PLATE - 635,1,MCH,Heavy VMC Face & Profile Milling,2,VEN0000002,Apex Precision VMC Machinists,CNC turning and facing register bore to tolerance
4110018100,A-10388,INJECTION MANIFOLD MTG PLATE - 635,,,C45 / HYDRAULIC STEEL MANIFOLD BLOCK FOR INJECTION MANIFOLD MTG PLATE - 635,2,BOR,Precision CNC Line Boring (H7),2,VEN0000002,Apex Precision VMC Machinists,Line boring spigot and locating bores to H7
4110018100,A-10388,INJECTION MANIFOLD MTG PLATE - 635,,,C45 / HYDRAULIC STEEL MANIFOLD BLOCK FOR INJECTION MANIFOLD MTG PLATE - 635,3,DRL,CNC Pattern Drilling & Tapping (PCD),1,VEN0000002,Apex Precision VMC Machinists,PCD drilling and tapped mounting ports
4110018200,A-10490,INJECTION MANIFOLD MTG STRIP - 635,,,C45 / HYDRAULIC STEEL MANIFOLD BLOCK FOR INJECTION MANIFOLD MTG STRIP - 635,1,MCH,Heavy VMC Face & Profile Milling,2,VEN0000002,Apex Precision VMC Machinists,CNC turning and facing register bore to tolerance
4110018200,A-10490,INJECTION MANIFOLD MTG STRIP - 635,,,C45 / HYDRAULIC STEEL MANIFOLD BLOCK FOR INJECTION MANIFOLD MTG STRIP - 635,2,BOR,Precision CNC Line Boring (H7),2,VEN0000002,Apex Precision VMC Machinists,Line boring spigot and locating bores to H7
4110018200,A-10490,INJECTION MANIFOLD MTG STRIP - 635,,,C45 / HYDRAULIC STEEL MANIFOLD BLOCK FOR INJECTION MANIFOLD MTG STRIP - 635,3,DRL,CNC Pattern Drilling & Tapping (PCD),1,VEN0000002,Apex Precision VMC Machinists,PCD drilling and tapped mounting ports
3131101500,A-10058,INJECTION LINEAR MOUNTING BRACKET - 635,,,RAW STOCK / FORGING FOR INJECTION LINEAR MOUNTING BRACKET - 635,1,MCH,Heavy VMC Face & Profile Milling,2,VEN0000002,Apex Precision VMC Machinists,CNC turning and facing register bore to tolerance
3131101500,A-10058,INJECTION LINEAR MOUNTING BRACKET - 635,,,RAW STOCK / FORGING FOR INJECTION LINEAR MOUNTING BRACKET - 635,2,BOR,Precision CNC Line Boring (H7),2,VEN0000002,Apex Precision VMC Machinists,Line boring spigot and locating bores to H7
3131101500,A-10058,INJECTION LINEAR MOUNTING BRACKET - 635,,,RAW STOCK / FORGING FOR INJECTION LINEAR MOUNTING BRACKET - 635,3,DRL,CNC Pattern Drilling & Tapping (PCD),1,VEN0000002,Apex Precision VMC Machinists,PCD drilling and tapped mounting ports
3131300300,A-10600,INJECTION GUARD SUPPORT BRACKET - 635,,,RAW STOCK / FORGING FOR INJECTION GUARD SUPPORT BRACKET - 635,1,MCH,Heavy VMC Face & Profile Milling,2,VEN0000002,Apex Precision VMC Machinists,CNC turning and facing register bore to tolerance
3131300300,A-10600,INJECTION GUARD SUPPORT BRACKET - 635,,,RAW STOCK / FORGING FOR INJECTION GUARD SUPPORT BRACKET - 635,2,BOR,Precision CNC Line Boring (H7),2,VEN0000002,Apex Precision VMC Machinists,Line boring spigot and locating bores to H7
3131300300,A-10600,INJECTION GUARD SUPPORT BRACKET - 635,,,RAW STOCK / FORGING FOR INJECTION GUARD SUPPORT BRACKET - 635,3,DRL,CNC Pattern Drilling & Tapping (PCD),1,VEN0000002,Apex Precision VMC Machinists,PCD drilling and tapped mounting ports
6160100500,,DSG-03-3C4-D24 (YUKEN),,,RAW STOCK / FORGING FOR DSG-03-3C4-D24 (YUKEN),1,MCH,Heavy VMC Face & Profile Milling,2,VEN0000002,Apex Precision VMC Machinists,CNC turning and facing register bore to tolerance
6160100500,,DSG-03-3C4-D24 (YUKEN),,,RAW STOCK / FORGING FOR DSG-03-3C4-D24 (YUKEN),2,BOR,Precision CNC Line Boring (H7),2,VEN0000002,Apex Precision VMC Machinists,Line boring spigot and locating bores to H7
6160100500,,DSG-03-3C4-D24 (YUKEN),,,RAW STOCK / FORGING FOR DSG-03-3C4-D24 (YUKEN),3,DRL,CNC Pattern Drilling & Tapping (PCD),1,VEN0000002,Apex Precision VMC Machinists,PCD drilling and tapped mounting ports
4110023100,A-10798,EJECTOR ROD - 170 TON,,,RAW STOCK / FORGING FOR EJECTOR ROD - 170 TON,1,MCH,Heavy VMC Face & Profile Milling,2,VEN0000002,Apex Precision VMC Machinists,CNC turning and facing register bore to tolerance
4110023100,A-10798,EJECTOR ROD - 170 TON,,,RAW STOCK / FORGING FOR EJECTOR ROD - 170 TON,2,BOR,Precision CNC Line Boring (H7),2,VEN0000002,Apex Precision VMC Machinists,Line boring spigot and locating bores to H7
4110023100,A-10798,EJECTOR ROD - 170 TON,,,RAW STOCK / FORGING FOR EJECTOR ROD - 170 TON,3,DRL,CNC Pattern Drilling & Tapping (PCD),1,VEN0000002,Apex Precision VMC Machinists,PCD drilling and tapped mounting ports
4110023200,A-10394,NOZZLE CYLINDER EXTENSION ROD 170-905,,,RAW STOCK / FORGING FOR NOZZLE CYLINDER EXTENSION ROD 170-905,1,MCH,Heavy VMC Face & Profile Milling,2,VEN0000002,Apex Precision VMC Machinists,CNC turning and facing register bore to tolerance
4110023200,A-10394,NOZZLE CYLINDER EXTENSION ROD 170-905,,,RAW STOCK / FORGING FOR NOZZLE CYLINDER EXTENSION ROD 170-905,2,BOR,Precision CNC Line Boring (H7),2,VEN0000002,Apex Precision VMC Machinists,Line boring spigot and locating bores to H7
4110023200,A-10394,NOZZLE CYLINDER EXTENSION ROD 170-905,,,RAW STOCK / FORGING FOR NOZZLE CYLINDER EXTENSION ROD 170-905,3,DRL,CNC Pattern Drilling & Tapping (PCD),1,VEN0000002,Apex Precision VMC Machinists,PCD drilling and tapped mounting ports
4110023300,A-10927,CROSS HEAD LIMIT SWITCH OPERATING PIN-170,,,RAW STOCK / FORGING FOR CROSS HEAD LIMIT SWITCH OPERATING PIN-170,1,MCH,Heavy VMC Face & Profile Milling,2,VEN0000002,Apex Precision VMC Machinists,CNC turning and facing register bore to tolerance
4110023300,A-10927,CROSS HEAD LIMIT SWITCH OPERATING PIN-170,,,RAW STOCK / FORGING FOR CROSS HEAD LIMIT SWITCH OPERATING PIN-170,2,BOR,Precision CNC Line Boring (H7),2,VEN0000002,Apex Precision VMC Machinists,Line boring spigot and locating bores to H7
4110023300,A-10927,CROSS HEAD LIMIT SWITCH OPERATING PIN-170,,,RAW STOCK / FORGING FOR CROSS HEAD LIMIT SWITCH OPERATING PIN-170,3,DRL,CNC Pattern Drilling & Tapping (PCD),1,VEN0000002,Apex Precision VMC Machinists,PCD drilling and tapped mounting ports
4110023400,A-10389,INJECTION MANIFOLD MTG PLATE - 905,,,C45 / HYDRAULIC STEEL MANIFOLD BLOCK FOR INJECTION MANIFOLD MTG PLATE - 905,1,MCH,Heavy VMC Face & Profile Milling,2,VEN0000002,Apex Precision VMC Machinists,CNC turning and facing register bore to tolerance
4110023400,A-10389,INJECTION MANIFOLD MTG PLATE - 905,,,C45 / HYDRAULIC STEEL MANIFOLD BLOCK FOR INJECTION MANIFOLD MTG PLATE - 905,2,BOR,Precision CNC Line Boring (H7),2,VEN0000002,Apex Precision VMC Machinists,Line boring spigot and locating bores to H7
4110023400,A-10389,INJECTION MANIFOLD MTG PLATE - 905,,,C45 / HYDRAULIC STEEL MANIFOLD BLOCK FOR INJECTION MANIFOLD MTG PLATE - 905,3,DRL,CNC Pattern Drilling & Tapping (PCD),1,VEN0000002,Apex Precision VMC Machinists,PCD drilling and tapped mounting ports
3131101600,A-10059,INJECTION LINEAR MOUNTING BRACKET - 905,,,RAW STOCK / FORGING FOR INJECTION LINEAR MOUNTING BRACKET - 905,1,MCH,Heavy VMC Face & Profile Milling,2,VEN0000002,Apex Precision VMC Machinists,CNC turning and facing register bore to tolerance
3131101600,A-10059,INJECTION LINEAR MOUNTING BRACKET - 905,,,RAW STOCK / FORGING FOR INJECTION LINEAR MOUNTING BRACKET - 905,2,BOR,Precision CNC Line Boring (H7),2,VEN0000002,Apex Precision VMC Machinists,Line boring spigot and locating bores to H7
3131101600,A-10059,INJECTION LINEAR MOUNTING BRACKET - 905,,,RAW STOCK / FORGING FOR INJECTION LINEAR MOUNTING BRACKET - 905,3,DRL,CNC Pattern Drilling & Tapping (PCD),1,VEN0000002,Apex Precision VMC Machinists,PCD drilling and tapped mounting ports
3131300400,A-10601,INJECTION GUARD SUPPORT BRACKET - 905,,,RAW STOCK / FORGING FOR INJECTION GUARD SUPPORT BRACKET - 905,1,MCH,Heavy VMC Face & Profile Milling,2,VEN0000002,Apex Precision VMC Machinists,CNC turning and facing register bore to tolerance
3131300400,A-10601,INJECTION GUARD SUPPORT BRACKET - 905,,,RAW STOCK / FORGING FOR INJECTION GUARD SUPPORT BRACKET - 905,2,BOR,Precision CNC Line Boring (H7),2,VEN0000002,Apex Precision VMC Machinists,Line boring spigot and locating bores to H7
3131300400,A-10601,INJECTION GUARD SUPPORT BRACKET - 905,,,RAW STOCK / FORGING FOR INJECTION GUARD SUPPORT BRACKET - 905,3,DRL,CNC Pattern Drilling & Tapping (PCD),1,VEN0000002,Apex Precision VMC Machinists,PCD drilling and tapped mounting ports
4110028100,EJECTOR ROD - 90 TON,EJECTOR ROD - 200 TON,,,RAW STOCK / FORGING FOR EJECTOR ROD - 200 TON,1,MCH,Heavy VMC Face & Profile Milling,2,VEN0000002,Apex Precision VMC Machinists,CNC turning and facing register bore to tolerance
4110028100,EJECTOR ROD - 90 TON,EJECTOR ROD - 200 TON,,,RAW STOCK / FORGING FOR EJECTOR ROD - 200 TON,2,BOR,Precision CNC Line Boring (H7),2,VEN0000002,Apex Precision VMC Machinists,Line boring spigot and locating bores to H7
4110028100,EJECTOR ROD - 90 TON,EJECTOR ROD - 200 TON,,,RAW STOCK / FORGING FOR EJECTOR ROD - 200 TON,3,DRL,CNC Pattern Drilling & Tapping (PCD),1,VEN0000002,Apex Precision VMC Machinists,PCD drilling and tapped mounting ports
4110028200,NZL CYL EXT ROD 90 280,NOZZLE CYLINDER EXTENSION ROD 200-1520,,,RAW STOCK / FORGING FOR NOZZLE CYLINDER EXTENSION ROD 200-1520,1,MCH,Heavy VMC Face & Profile Milling,2,VEN0000002,Apex Precision VMC Machinists,CNC turning and facing register bore to tolerance
4110028200,NZL CYL EXT ROD 90 280,NOZZLE CYLINDER EXTENSION ROD 200-1520,,,RAW STOCK / FORGING FOR NOZZLE CYLINDER EXTENSION ROD 200-1520,2,BOR,Precision CNC Line Boring (H7),2,VEN0000002,Apex Precision VMC Machinists,Line boring spigot and locating bores to H7
4110028200,NZL CYL EXT ROD 90 280,NOZZLE CYLINDER EXTENSION ROD 200-1520,,,RAW STOCK / FORGING FOR NOZZLE CYLINDER EXTENSION ROD 200-1520,3,DRL,CNC Pattern Drilling & Tapping (PCD),1,VEN0000002,Apex Precision VMC Machinists,PCD drilling and tapped mounting ports
4110028300,CROS HEAD STOPER,CROSS HEAD LIMIT SWITCH OPERATING PIN-200,,,RAW STOCK / FORGING FOR CROSS HEAD LIMIT SWITCH OPERATING PIN-200,1,MCH,Heavy VMC Face & Profile Milling,2,VEN0000002,Apex Precision VMC Machinists,CNC turning and facing register bore to tolerance
4110028300,CROS HEAD STOPER,CROSS HEAD LIMIT SWITCH OPERATING PIN-200,,,RAW STOCK / FORGING FOR CROSS HEAD LIMIT SWITCH OPERATING PIN-200,2,BOR,Precision CNC Line Boring (H7),2,VEN0000002,Apex Precision VMC Machinists,Line boring spigot and locating bores to H7
4110028300,CROS HEAD STOPER,CROSS HEAD LIMIT SWITCH OPERATING PIN-200,,,RAW STOCK / FORGING FOR CROSS HEAD LIMIT SWITCH OPERATING PIN-200,3,DRL,CNC Pattern Drilling & Tapping (PCD),1,VEN0000002,Apex Precision VMC Machinists,PCD drilling and tapped mounting ports
4110028400,INJ MANIF MTG PLAT-280,INJECTION MANIFOLD MTG PLATE - 1520,,,C45 / HYDRAULIC STEEL MANIFOLD BLOCK FOR INJECTION MANIFOLD MTG PLATE - 1520,1,MCH,Heavy VMC Face & Profile Milling,2,VEN0000002,Apex Precision VMC Machinists,CNC turning and facing register bore to tolerance
4110028400,INJ MANIF MTG PLAT-280,INJECTION MANIFOLD MTG PLATE - 1520,,,C45 / HYDRAULIC STEEL MANIFOLD BLOCK FOR INJECTION MANIFOLD MTG PLATE - 1520,2,BOR,Precision CNC Line Boring (H7),2,VEN0000002,Apex Precision VMC Machinists,Line boring spigot and locating bores to H7
4110028400,INJ MANIF MTG PLAT-280,INJECTION MANIFOLD MTG PLATE - 1520,,,C45 / HYDRAULIC STEEL MANIFOLD BLOCK FOR INJECTION MANIFOLD MTG PLATE - 1520,3,DRL,CNC Pattern Drilling & Tapping (PCD),1,VEN0000002,Apex Precision VMC Machinists,PCD drilling and tapped mounting ports
3131101700,INJE LINI MTG-280 (4),INJECTION LINEAR MOUNTING BRACKET - 1520,,,RAW STOCK / FORGING FOR INJECTION LINEAR MOUNTING BRACKET - 1520,1,MCH,Heavy VMC Face & Profile Milling,2,VEN0000002,Apex Precision VMC Machinists,CNC turning and facing register bore to tolerance
3131101700,INJE LINI MTG-280 (4),INJECTION LINEAR MOUNTING BRACKET - 1520,,,RAW STOCK / FORGING FOR INJECTION LINEAR MOUNTING BRACKET - 1520,2,BOR,Precision CNC Line Boring (H7),2,VEN0000002,Apex Precision VMC Machinists,Line boring spigot and locating bores to H7
3131101700,INJE LINI MTG-280 (4),INJECTION LINEAR MOUNTING BRACKET - 1520,,,RAW STOCK / FORGING FOR INJECTION LINEAR MOUNTING BRACKET - 1520,3,DRL,CNC Pattern Drilling & Tapping (PCD),1,VEN0000002,Apex Precision VMC Machinists,PCD drilling and tapped mounting ports
3131101800,INJE LINI STOP-280 (4),INJECTION LINEAR SHAFT MTG BRACKET - 1520,,,RAW STOCK / FORGING FOR INJECTION LINEAR SHAFT MTG BRACKET - 1520,1,MCH,Heavy VMC Face & Profile Milling,2,VEN0000002,Apex Precision VMC Machinists,CNC turning and facing register bore to tolerance
3131101800,INJE LINI STOP-280 (4),INJECTION LINEAR SHAFT MTG BRACKET - 1520,,,RAW STOCK / FORGING FOR INJECTION LINEAR SHAFT MTG BRACKET - 1520,2,BOR,Precision CNC Line Boring (H7),2,VEN0000002,Apex Precision VMC Machinists,Line boring spigot and locating bores to H7
3131101800,INJE LINI STOP-280 (4),INJECTION LINEAR SHAFT MTG BRACKET - 1520,,,RAW STOCK / FORGING FOR INJECTION LINEAR SHAFT MTG BRACKET - 1520,3,DRL,CNC Pattern Drilling & Tapping (PCD),1,VEN0000002,Apex Precision VMC Machinists,PCD drilling and tapped mounting ports
3131300500,INJE GUARD SUPP-280 (6),INJECTION GUARD SUPPORT BRACKET - 1520,,,RAW STOCK / FORGING FOR INJECTION GUARD SUPPORT BRACKET - 1520,1,MCH,Heavy VMC Face & Profile Milling,2,VEN0000002,Apex Precision VMC Machinists,CNC turning and facing register bore to tolerance
3131300500,INJE GUARD SUPP-280 (6),INJECTION GUARD SUPPORT BRACKET - 1520,,,RAW STOCK / FORGING FOR INJECTION GUARD SUPPORT BRACKET - 1520,2,BOR,Precision CNC Line Boring (H7),2,VEN0000002,Apex Precision VMC Machinists,Line boring spigot and locating bores to H7
3131300500,INJE GUARD SUPP-280 (6),INJECTION GUARD SUPPORT BRACKET - 1520,,,RAW STOCK / FORGING FOR INJECTION GUARD SUPPORT BRACKET - 1520,3,DRL,CNC Pattern Drilling & Tapping (PCD),1,VEN0000002,Apex Precision VMC Machinists,PCD drilling and tapped mounting ports
4110000100,A-10145,STATIONARY PLATE TOGGLE - 90 TON,4001000100,11201,STATIONARY PLATE TOGGLE - 90 TON (CASTING),1,MCH,Heavy VMC Face & Profile Milling,2,VEN0000002,Apex Precision VMC Machinists,Rough & finish top/bottom platen face to 0.02mm flat
4110000100,A-10145,STATIONARY PLATE TOGGLE - 90 TON,4001000100,11201,STATIONARY PLATE TOGGLE - 90 TON (CASTING),2,BOR,Precision CNC Line Boring (H7),3,VEN0000002,Apex Precision VMC Machinists,Bore 4x Tie bar holes to H7 tolerance
4110000100,A-10145,STATIONARY PLATE TOGGLE - 90 TON,4001000100,11201,STATIONARY PLATE TOGGLE - 90 TON (CASTING),3,DRL,CNC Pattern Drilling & Tapping (PCD),1,VEN0000002,Apex Precision VMC Machinists,M16/M20 mould clamp tapped holes as per drawing
4110000100,A-10145,STATIONARY PLATE TOGGLE - 90 TON,4001000100,11201,STATIONARY PLATE TOGGLE - 90 TON (CASTING),4,HT,Stress Relieving & Normalizing Heat Treatment,2,VEN0000004,Gujarat Heat Treaters & Nitriding,Normalize thermal stress at 550°C
4110000100,A-10145,STATIONARY PLATE TOGGLE - 90 TON,4001000100,11201,STATIONARY PLATE TOGGLE - 90 TON (CASTING),5,GRD,Precision Cylindrical & Surface Grinding,1,VEN0000006,Sardar Cylindrical & Surface Grinding,Precision surface grind to Ra 0.4 µm & rust preventive oil
4110000200,A-10150,MOVING PLATE TOGGLE - 90 TON,4001001200,11202,MOVING PLATE TOGGLE - 90 TON (CASTING),1,MCH,Heavy VMC Face & Profile Milling,2,VEN0000002,Apex Precision VMC Machinists,Rough & finish top/bottom platen face to 0.02mm flat
4110000200,A-10150,MOVING PLATE TOGGLE - 90 TON,4001001200,11202,MOVING PLATE TOGGLE - 90 TON (CASTING),2,BOR,Precision CNC Line Boring (H7),3,VEN0000002,Apex Precision VMC Machinists,Bore 4x Tie bar holes to H7 tolerance
4110000200,A-10150,MOVING PLATE TOGGLE - 90 TON,4001001200,11202,MOVING PLATE TOGGLE - 90 TON (CASTING),3,DRL,CNC Pattern Drilling & Tapping (PCD),1,VEN0000002,Apex Precision VMC Machinists,M16/M20 mould clamp tapped holes as per drawing
4110000200,A-10150,MOVING PLATE TOGGLE - 90 TON,4001001200,11202,MOVING PLATE TOGGLE - 90 TON (CASTING),4,HT,Stress Relieving & Normalizing Heat Treatment,2,VEN0000004,Gujarat Heat Treaters & Nitriding,Normalize thermal stress at 550°C
4110000200,A-10150,MOVING PLATE TOGGLE - 90 TON,4001001200,11202,MOVING PLATE TOGGLE - 90 TON (CASTING),5,GRD,Precision Cylindrical & Surface Grinding,1,VEN0000006,Sardar Cylindrical & Surface Grinding,Precision surface grind to Ra 0.4 µm & rust preventive oil
4110000300,A-10185,END PLATE - 90 TON,4001002300,11203,END PLATE - 90 TON (CASTING),1,MCH,Heavy VMC Face & Profile Milling,2,VEN0000002,Apex Precision VMC Machinists,Rough & finish top/bottom platen face to 0.02mm flat
4110000300,A-10185,END PLATE - 90 TON,4001002300,11203,END PLATE - 90 TON (CASTING),2,BOR,Precision CNC Line Boring (H7),3,VEN0000002,Apex Precision VMC Machinists,Bore 4x Tie bar holes to H7 tolerance
4110000300,A-10185,END PLATE - 90 TON,4001002300,11203,END PLATE - 90 TON (CASTING),3,DRL,CNC Pattern Drilling & Tapping (PCD),1,VEN0000002,Apex Precision VMC Machinists,M16/M20 mould clamp tapped holes as per drawing
4110000300,A-10185,END PLATE - 90 TON,4001002300,11203,END PLATE - 90 TON (CASTING),4,HT,Stress Relieving & Normalizing Heat Treatment,2,VEN0000004,Gujarat Heat Treaters & Nitriding,Normalize thermal stress at 550°C
4110000300,A-10185,END PLATE - 90 TON,4001002300,11203,END PLATE - 90 TON (CASTING),5,GRD,Precision Cylindrical & Surface Grinding,1,VEN0000006,Sardar Cylindrical & Surface Grinding,Precision surface grind to Ra 0.4 µm & rust preventive oil
4110000400,A-10223,EJECTOR PLATE - 90 TON,,,RAW STOCK / FORGING FOR EJECTOR PLATE - 90 TON,1,MCH,Heavy VMC Face & Profile Milling,2,VEN0000002,Apex Precision VMC Machinists,CNC turning and facing register bore to tolerance
4110000400,A-10223,EJECTOR PLATE - 90 TON,,,RAW STOCK / FORGING FOR EJECTOR PLATE - 90 TON,2,BOR,Precision CNC Line Boring (H7),2,VEN0000002,Apex Precision VMC Machinists,Line boring spigot and locating bores to H7
4110000400,A-10223,EJECTOR PLATE - 90 TON,,,RAW STOCK / FORGING FOR EJECTOR PLATE - 90 TON,3,DRL,CNC Pattern Drilling & Tapping (PCD),1,VEN0000002,Apex Precision VMC Machinists,PCD drilling and tapped mounting ports
4110000500,A-10180,CROSS HEAD - 90 TON,4001003600,11204,CROSS HEAD - 90 TON (CASTING),1,MCH,Heavy VMC Face & Profile Milling,2,VEN0000002,Apex Precision VMC Machinists,"Side faces, triangular profile and pivot bosses milled on 4-axis CNC"
4110000500,A-10180,CROSS HEAD - 90 TON,4001003600,11204,CROSS HEAD - 90 TON (CASTING),2,BOR,Precision CNC Line Boring (H7),2,VEN0000002,Apex Precision VMC Machinists,Line bore pivot pin holes with 0.015mm center-to-center pitch accuracy
4110000500,A-10180,CROSS HEAD - 90 TON,4001003600,11204,CROSS HEAD - 90 TON (CASTING),3,NIT,Deep Gas Nitriding & Hardening (65-68 HRC),2,VEN0000004,Gujarat Heat Treaters & Nitriding,Gas nitriding 500-600 HV case depth 0.3mm
4110000500,A-10180,CROSS HEAD - 90 TON,4001003600,11204,CROSS HEAD - 90 TON (CASTING),4,BSH,Phosphor Bronze Bushing Press-Fit & Honing,1,VEN0000002,Apex Precision VMC Machinists,Phosphor bronze bushing press fit and ID diamond honing
4110000600,A-10175,CROSS HEAD LINK - 90 TON,4001004200,11207,CROSS HEAD LINK - 90 TON (CASTING),1,MCH,Heavy VMC Face & Profile Milling,2,VEN0000002,Apex Precision VMC Machinists,"Side faces, triangular profile and pivot bosses milled on 4-axis CNC"
4110000600,A-10175,CROSS HEAD LINK - 90 TON,4001004200,11207,CROSS HEAD LINK - 90 TON (CASTING),2,BOR,Precision CNC Line Boring (H7),2,VEN0000002,Apex Precision VMC Machinists,Line bore pivot pin holes with 0.015mm center-to-center pitch accuracy
4110000600,A-10175,CROSS HEAD LINK - 90 TON,4001004200,11207,CROSS HEAD LINK - 90 TON (CASTING),3,NIT,Deep Gas Nitriding & Hardening (65-68 HRC),2,VEN0000004,Gujarat Heat Treaters & Nitriding,Gas nitriding 500-600 HV case depth 0.3mm
4110000600,A-10175,CROSS HEAD LINK - 90 TON,4001004200,11207,CROSS HEAD LINK - 90 TON (CASTING),4,BSH,Phosphor Bronze Bushing Press-Fit & Honing,1,VEN0000002,Apex Precision VMC Machinists,Phosphor bronze bushing press fit and ID diamond honing
4110000700,A-10155,BINARY LINK - 90 TON,4001004800,11205,BINARY LINK - 90 TON (CASTING),1,MCH,Heavy VMC Face & Profile Milling,2,VEN0000002,Apex Precision VMC Machinists,"Side faces, triangular profile and pivot bosses milled on 4-axis CNC"
4110000700,A-10155,BINARY LINK - 90 TON,4001004800,11205,BINARY LINK - 90 TON (CASTING),2,BOR,Precision CNC Line Boring (H7),2,VEN0000002,Apex Precision VMC Machinists,Line bore pivot pin holes with 0.015mm center-to-center pitch accuracy
4110000700,A-10155,BINARY LINK - 90 TON,4001004800,11205,BINARY LINK - 90 TON (CASTING),3,NIT,Deep Gas Nitriding & Hardening (65-68 HRC),2,VEN0000004,Gujarat Heat Treaters & Nitriding,Gas nitriding 500-600 HV case depth 0.3mm
4110000700,A-10155,BINARY LINK - 90 TON,4001004800,11205,BINARY LINK - 90 TON (CASTING),4,BSH,Phosphor Bronze Bushing Press-Fit & Honing,1,VEN0000002,Apex Precision VMC Machinists,Phosphor bronze bushing press fit and ID diamond honing
4110000800,A-10170,TERNARY LINK - 90 TON,4001005400,11206,TERNARY LINK - 90 TON (CASTING),1,MCH,Heavy VMC Face & Profile Milling,2,VEN0000002,Apex Precision VMC Machinists,"Side faces, triangular profile and pivot bosses milled on 4-axis CNC"
4110000800,A-10170,TERNARY LINK - 90 TON,4001005400,11206,TERNARY LINK - 90 TON (CASTING),2,BOR,Precision CNC Line Boring (H7),2,VEN0000002,Apex Precision VMC Machinists,Line bore pivot pin holes with 0.015mm center-to-center pitch accuracy
4110000800,A-10170,TERNARY LINK - 90 TON,4001005400,11206,TERNARY LINK - 90 TON (CASTING),3,NIT,Deep Gas Nitriding & Hardening (65-68 HRC),2,VEN0000004,Gujarat Heat Treaters & Nitriding,Gas nitriding 500-600 HV case depth 0.3mm
4110000800,A-10170,TERNARY LINK - 90 TON,4001005400,11206,TERNARY LINK - 90 TON (CASTING),4,BSH,Phosphor Bronze Bushing Press-Fit & Honing,1,VEN0000002,Apex Precision VMC Machinists,Phosphor bronze bushing press fit and ID diamond honing
4110000900,A-10168,TERNARY LINK RH - 90 TON,4001005400,11206,TERNARY LINK - 90 TON (CASTING),1,MCH,Heavy VMC Face & Profile Milling,2,VEN0000002,Apex Precision VMC Machinists,"Side faces, triangular profile and pivot bosses milled on 4-axis CNC"
4110000900,A-10168,TERNARY LINK RH - 90 TON,4001005400,11206,TERNARY LINK - 90 TON (CASTING),2,BOR,Precision CNC Line Boring (H7),2,VEN0000002,Apex Precision VMC Machinists,Line bore pivot pin holes with 0.015mm center-to-center pitch accuracy
4110000900,A-10168,TERNARY LINK RH - 90 TON,4001005400,11206,TERNARY LINK - 90 TON (CASTING),3,NIT,Deep Gas Nitriding & Hardening (65-68 HRC),2,VEN0000004,Gujarat Heat Treaters & Nitriding,Gas nitriding 500-600 HV case depth 0.3mm
4110000900,A-10168,TERNARY LINK RH - 90 TON,4001005400,11206,TERNARY LINK - 90 TON (CASTING),4,BSH,Phosphor Bronze Bushing Press-Fit & Honing,1,VEN0000002,Apex Precision VMC Machinists,Phosphor bronze bushing press fit and ID diamond honing
4110001000,A-10169,TERNARY LINK LH - 90 TON,4001005400,11206,TERNARY LINK - 90 TON (CASTING),1,MCH,Heavy VMC Face & Profile Milling,2,VEN0000002,Apex Precision VMC Machinists,"Side faces, triangular profile and pivot bosses milled on 4-axis CNC"
4110001000,A-10169,TERNARY LINK LH - 90 TON,4001005400,11206,TERNARY LINK - 90 TON (CASTING),2,BOR,Precision CNC Line Boring (H7),2,VEN0000002,Apex Precision VMC Machinists,Line bore pivot pin holes with 0.015mm center-to-center pitch accuracy
4110001000,A-10169,TERNARY LINK LH - 90 TON,4001005400,11206,TERNARY LINK - 90 TON (CASTING),3,NIT,Deep Gas Nitriding & Hardening (65-68 HRC),2,VEN0000004,Gujarat Heat Treaters & Nitriding,Gas nitriding 500-600 HV case depth 0.3mm
4110001000,A-10169,TERNARY LINK LH - 90 TON,4001005400,11206,TERNARY LINK - 90 TON (CASTING),4,BSH,Phosphor Bronze Bushing Press-Fit & Honing,1,VEN0000002,Apex Precision VMC Machinists,Phosphor bronze bushing press fit and ID diamond honing
4110001100,A-10255,GEAR NUT RETAINER - 90 TON,4001006900,11210,GEAR NUT RETAINER - 90 TON (CASTING),1,MCH,Heavy VMC Face & Profile Milling,2,VEN0000002,Apex Precision VMC Machinists,CNC turning and facing register bore to tolerance
4110001100,A-10255,GEAR NUT RETAINER - 90 TON,4001006900,11210,GEAR NUT RETAINER - 90 TON (CASTING),2,BOR,Precision CNC Line Boring (H7),2,VEN0000002,Apex Precision VMC Machinists,Line boring spigot and locating bores to H7
4110001100,A-10255,GEAR NUT RETAINER - 90 TON,4001006900,11210,GEAR NUT RETAINER - 90 TON (CASTING),3,DRL,CNC Pattern Drilling & Tapping (PCD),1,VEN0000002,Apex Precision VMC Machinists,PCD drilling and tapped mounting ports
4110001200,A-10263,DIE HEIGHT MOTOR MTG BRACKET - 90 TON,4001007500,11209,DIE HEIGHT MOTOR MTG BRACKET - 90 TON (CASTING),1,MCH,Heavy VMC Face & Profile Milling,2,VEN0000002,Apex Precision VMC Machinists,CNC turning and facing register bore to tolerance
4110001200,A-10263,DIE HEIGHT MOTOR MTG BRACKET - 90 TON,4001007500,11209,DIE HEIGHT MOTOR MTG BRACKET - 90 TON (CASTING),2,BOR,Precision CNC Line Boring (H7),2,VEN0000002,Apex Precision VMC Machinists,Line boring spigot and locating bores to H7
4110001200,A-10263,DIE HEIGHT MOTOR MTG BRACKET - 90 TON,4001007500,11209,DIE HEIGHT MOTOR MTG BRACKET - 90 TON (CASTING),3,DRL,CNC Pattern Drilling & Tapping (PCD),1,VEN0000002,Apex Precision VMC Machinists,PCD drilling and tapped mounting ports
4110001300,A-10136,TIE BAR Ø65 - 90 TON TOGGLE,,,EN19 / 42CrMo4 ROUND BAR (FORGED & PEEL-TURNED) FOR TIE BAR Ø65 - 90 TON TOGGLE,1,MCH,Heavy VMC Face & Profile Milling,3,VEN0000002,Apex Precision VMC Machinists,Rough turn OD leaving 0.8mm grinding allowance
4110001300,A-10136,TIE BAR Ø65 - 90 TON TOGGLE,,,EN19 / 42CrMo4 ROUND BAR (FORGED & PEEL-TURNED) FOR TIE BAR Ø65 - 90 TON TOGGLE,2,MCH,Heavy VMC Face & Profile Milling,2,VEN0000002,Apex Precision VMC Machinists,Precision buttress thread whirling for split nut clamping
4110001300,A-10136,TIE BAR Ø65 - 90 TON TOGGLE,,,EN19 / 42CrMo4 ROUND BAR (FORGED & PEEL-TURNED) FOR TIE BAR Ø65 - 90 TON TOGGLE,3,IND,Medium Frequency Induction Hardening,3,VEN0000004,Gujarat Heat Treaters & Nitriding,"Full length induction hardening to 52-56 HRC, 2.5mm depth"
4110001300,A-10136,TIE BAR Ø65 - 90 TON TOGGLE,,,EN19 / 42CrMo4 ROUND BAR (FORGED & PEEL-TURNED) FOR TIE BAR Ø65 - 90 TON TOGGLE,4,GRD,Precision Cylindrical & Surface Grinding,2,VEN0000006,Sardar Cylindrical & Surface Grinding,"Centerless cylindrical grinding to h6 tolerance, straightness 0.02/m"
4110001300,A-10136,TIE BAR Ø65 - 90 TON TOGGLE,,,EN19 / 42CrMo4 ROUND BAR (FORGED & PEEL-TURNED) FOR TIE BAR Ø65 - 90 TON TOGGLE,5,PLT,Hard Chrome Plating (25-30 Microns),3,VEN0000007,Hard Chrome Plating Corporation,Hard chrome plating (25-30 microns) & mirror polish to Ra 0.15 µm
4110001400,A-10126,TIE BAR LOCATING PLATE - 90 TON,,,RAW STOCK / FORGING FOR TIE BAR LOCATING PLATE - 90 TON,1,MCH,Heavy VMC Face & Profile Milling,3,VEN0000002,Apex Precision VMC Machinists,Rough turn OD leaving 0.8mm grinding allowance
4110001400,A-10126,TIE BAR LOCATING PLATE - 90 TON,,,RAW STOCK / FORGING FOR TIE BAR LOCATING PLATE - 90 TON,2,MCH,Heavy VMC Face & Profile Milling,2,VEN0000002,Apex Precision VMC Machinists,Precision buttress thread whirling for split nut clamping
4110001400,A-10126,TIE BAR LOCATING PLATE - 90 TON,,,RAW STOCK / FORGING FOR TIE BAR LOCATING PLATE - 90 TON,3,IND,Medium Frequency Induction Hardening,3,VEN0000004,Gujarat Heat Treaters & Nitriding,"Full length induction hardening to 52-56 HRC, 2.5mm depth"
4110001400,A-10126,TIE BAR LOCATING PLATE - 90 TON,,,RAW STOCK / FORGING FOR TIE BAR LOCATING PLATE - 90 TON,4,GRD,Precision Cylindrical & Surface Grinding,2,VEN0000006,Sardar Cylindrical & Surface Grinding,"Centerless cylindrical grinding to h6 tolerance, straightness 0.02/m"
4110001400,A-10126,TIE BAR LOCATING PLATE - 90 TON,,,RAW STOCK / FORGING FOR TIE BAR LOCATING PLATE - 90 TON,5,PLT,Hard Chrome Plating (25-30 Microns),3,VEN0000007,Hard Chrome Plating Corporation,Hard chrome plating (25-30 microns) & mirror polish to Ra 0.15 µm
4110001500,A-10334,TOGGLE SMALL PIN Ø30 - 90 TON,,,RAW STOCK / FORGING FOR TOGGLE SMALL PIN Ø30 - 90 TON,1,MCH,Heavy VMC Face & Profile Milling,2,VEN0000002,Apex Precision VMC Machinists,CNC turning and facing register bore to tolerance
4110001500,A-10334,TOGGLE SMALL PIN Ø30 - 90 TON,,,RAW STOCK / FORGING FOR TOGGLE SMALL PIN Ø30 - 90 TON,2,BOR,Precision CNC Line Boring (H7),2,VEN0000002,Apex Precision VMC Machinists,Line boring spigot and locating bores to H7
4110001500,A-10334,TOGGLE SMALL PIN Ø30 - 90 TON,,,RAW STOCK / FORGING FOR TOGGLE SMALL PIN Ø30 - 90 TON,3,DRL,CNC Pattern Drilling & Tapping (PCD),1,VEN0000002,Apex Precision VMC Machinists,PCD drilling and tapped mounting ports
4110001600,A-10186,TOGGLE SMALL PIN LOCKING STRIP – 90 TON,,,RAW STOCK / FORGING FOR TOGGLE SMALL PIN LOCKING STRIP – 90 TON,1,MCH,Heavy VMC Face & Profile Milling,2,VEN0000002,Apex Precision VMC Machinists,CNC turning and facing register bore to tolerance
4110001600,A-10186,TOGGLE SMALL PIN LOCKING STRIP – 90 TON,,,RAW STOCK / FORGING FOR TOGGLE SMALL PIN LOCKING STRIP – 90 TON,2,BOR,Precision CNC Line Boring (H7),2,VEN0000002,Apex Precision VMC Machinists,Line boring spigot and locating bores to H7
4110001600,A-10186,TOGGLE SMALL PIN LOCKING STRIP – 90 TON,,,RAW STOCK / FORGING FOR TOGGLE SMALL PIN LOCKING STRIP – 90 TON,3,DRL,CNC Pattern Drilling & Tapping (PCD),1,VEN0000002,Apex Precision VMC Machinists,PCD drilling and tapped mounting ports
4110001700,A-10329,TOGGLE BIG PIN Ø55 - 90 TON,,,RAW STOCK / FORGING FOR TOGGLE BIG PIN Ø55 - 90 TON,1,MCH,Heavy VMC Face & Profile Milling,2,VEN0000002,Apex Precision VMC Machinists,CNC turning and facing register bore to tolerance
4110001700,A-10329,TOGGLE BIG PIN Ø55 - 90 TON,,,RAW STOCK / FORGING FOR TOGGLE BIG PIN Ø55 - 90 TON,2,BOR,Precision CNC Line Boring (H7),2,VEN0000002,Apex Precision VMC Machinists,Line boring spigot and locating bores to H7
4110001700,A-10329,TOGGLE BIG PIN Ø55 - 90 TON,,,RAW STOCK / FORGING FOR TOGGLE BIG PIN Ø55 - 90 TON,3,DRL,CNC Pattern Drilling & Tapping (PCD),1,VEN0000002,Apex Precision VMC Machinists,PCD drilling and tapped mounting ports
4110001800,A-10215,CROSS HEAD GUIDE ROD Ø45 - 90 TON,,,EN8D / CK45 INDUCTION HARDENED CHROME STEEL ROD FOR CROSS HEAD GUIDE ROD Ø45 - 90 TON,1,MCH,Heavy VMC Face & Profile Milling,3,VEN0000002,Apex Precision VMC Machinists,Rough turn OD leaving 0.8mm grinding allowance
4110001800,A-10215,CROSS HEAD GUIDE ROD Ø45 - 90 TON,,,EN8D / CK45 INDUCTION HARDENED CHROME STEEL ROD FOR CROSS HEAD GUIDE ROD Ø45 - 90 TON,2,MCH,Heavy VMC Face & Profile Milling,2,VEN0000002,Apex Precision VMC Machinists,Precision buttress thread whirling for split nut clamping
4110001800,A-10215,CROSS HEAD GUIDE ROD Ø45 - 90 TON,,,EN8D / CK45 INDUCTION HARDENED CHROME STEEL ROD FOR CROSS HEAD GUIDE ROD Ø45 - 90 TON,3,IND,Medium Frequency Induction Hardening,3,VEN0000004,Gujarat Heat Treaters & Nitriding,"Full length induction hardening to 52-56 HRC, 2.5mm depth"
4110001800,A-10215,CROSS HEAD GUIDE ROD Ø45 - 90 TON,,,EN8D / CK45 INDUCTION HARDENED CHROME STEEL ROD FOR CROSS HEAD GUIDE ROD Ø45 - 90 TON,4,GRD,Precision Cylindrical & Surface Grinding,2,VEN0000006,Sardar Cylindrical & Surface Grinding,"Centerless cylindrical grinding to h6 tolerance, straightness 0.02/m"
4110001800,A-10215,CROSS HEAD GUIDE ROD Ø45 - 90 TON,,,EN8D / CK45 INDUCTION HARDENED CHROME STEEL ROD FOR CROSS HEAD GUIDE ROD Ø45 - 90 TON,5,PLT,Hard Chrome Plating (25-30 Microns),3,VEN0000007,Hard Chrome Plating Corporation,Hard chrome plating (25-30 microns) & mirror polish to Ra 0.15 µm
4110001900,A-10220,CROSS HEAD GUIDE ROD LOCATING PLATE - 90 TON,,,EN8D / CK45 INDUCTION HARDENED CHROME STEEL ROD FOR CROSS HEAD GUIDE ROD LOCATING PLATE - 90 TON,1,MCH,Heavy VMC Face & Profile Milling,3,VEN0000002,Apex Precision VMC Machinists,Rough turn OD leaving 0.8mm grinding allowance
4110001900,A-10220,CROSS HEAD GUIDE ROD LOCATING PLATE - 90 TON,,,EN8D / CK45 INDUCTION HARDENED CHROME STEEL ROD FOR CROSS HEAD GUIDE ROD LOCATING PLATE - 90 TON,2,MCH,Heavy VMC Face & Profile Milling,2,VEN0000002,Apex Precision VMC Machinists,Precision buttress thread whirling for split nut clamping
4110001900,A-10220,CROSS HEAD GUIDE ROD LOCATING PLATE - 90 TON,,,EN8D / CK45 INDUCTION HARDENED CHROME STEEL ROD FOR CROSS HEAD GUIDE ROD LOCATING PLATE - 90 TON,3,IND,Medium Frequency Induction Hardening,3,VEN0000004,Gujarat Heat Treaters & Nitriding,"Full length induction hardening to 52-56 HRC, 2.5mm depth"
4110001900,A-10220,CROSS HEAD GUIDE ROD LOCATING PLATE - 90 TON,,,EN8D / CK45 INDUCTION HARDENED CHROME STEEL ROD FOR CROSS HEAD GUIDE ROD LOCATING PLATE - 90 TON,4,GRD,Precision Cylindrical & Surface Grinding,2,VEN0000006,Sardar Cylindrical & Surface Grinding,"Centerless cylindrical grinding to h6 tolerance, straightness 0.02/m"
4110001900,A-10220,CROSS HEAD GUIDE ROD LOCATING PLATE - 90 TON,,,EN8D / CK45 INDUCTION HARDENED CHROME STEEL ROD FOR CROSS HEAD GUIDE ROD LOCATING PLATE - 90 TON,5,PLT,Hard Chrome Plating (25-30 Microns),3,VEN0000007,Hard Chrome Plating Corporation,Hard chrome plating (25-30 microns) & mirror polish to Ra 0.15 µm
4110002000,A-10205,MOVING PLATE WIPER RETAINER - 90 TON,,,RAW STOCK / FORGING FOR MOVING PLATE WIPER RETAINER - 90 TON,1,MCH,Heavy VMC Face & Profile Milling,2,VEN0000002,Apex Precision VMC Machinists,CNC turning and facing register bore to tolerance
4110002000,A-10205,MOVING PLATE WIPER RETAINER - 90 TON,,,RAW STOCK / FORGING FOR MOVING PLATE WIPER RETAINER - 90 TON,2,BOR,Precision CNC Line Boring (H7),2,VEN0000002,Apex Precision VMC Machinists,Line boring spigot and locating bores to H7
4110002000,A-10205,MOVING PLATE WIPER RETAINER - 90 TON,,,RAW STOCK / FORGING FOR MOVING PLATE WIPER RETAINER - 90 TON,3,DRL,CNC Pattern Drilling & Tapping (PCD),1,VEN0000002,Apex Precision VMC Machinists,PCD drilling and tapped mounting ports
4110002100,A-10463,NOZZLE TIP LOCATING RING Ø160 - 90 TON,,,RAW STOCK / FORGING FOR NOZZLE TIP LOCATING RING Ø160 - 90 TON,1,MCH,Heavy VMC Face & Profile Milling,2,VEN0000002,Apex Precision VMC Machinists,CNC turning and facing register bore to tolerance
4110002100,A-10463,NOZZLE TIP LOCATING RING Ø160 - 90 TON,,,RAW STOCK / FORGING FOR NOZZLE TIP LOCATING RING Ø160 - 90 TON,2,BOR,Precision CNC Line Boring (H7),2,VEN0000002,Apex Precision VMC Machinists,Line boring spigot and locating bores to H7
4110002100,A-10463,NOZZLE TIP LOCATING RING Ø160 - 90 TON,,,RAW STOCK / FORGING FOR NOZZLE TIP LOCATING RING Ø160 - 90 TON,3,DRL,CNC Pattern Drilling & Tapping (PCD),1,VEN0000002,Apex Precision VMC Machinists,PCD drilling and tapped mounting ports
4110002200,A-10221,EJECTOR CYLINDER MTG PLATE - 90 TON,,,RAW STOCK / FORGING FOR EJECTOR CYLINDER MTG PLATE - 90 TON,1,MCH,Heavy VMC Face & Profile Milling,2,VEN0000002,Apex Precision VMC Machinists,CNC turning and facing register bore to tolerance
4110002200,A-10221,EJECTOR CYLINDER MTG PLATE - 90 TON,,,RAW STOCK / FORGING FOR EJECTOR CYLINDER MTG PLATE - 90 TON,2,BOR,Precision CNC Line Boring (H7),2,VEN0000002,Apex Precision VMC Machinists,Line boring spigot and locating bores to H7
4110002200,A-10221,EJECTOR CYLINDER MTG PLATE - 90 TON,,,RAW STOCK / FORGING FOR EJECTOR CYLINDER MTG PLATE - 90 TON,3,DRL,CNC Pattern Drilling & Tapping (PCD),1,VEN0000002,Apex Precision VMC Machinists,PCD drilling and tapped mounting ports
4110002300,A-10229,EJECTOR PLATE GUIDE ROD - 90 TON,,,EN8D / CK45 INDUCTION HARDENED CHROME STEEL ROD FOR EJECTOR PLATE GUIDE ROD - 90 TON,1,MCH,Heavy VMC Face & Profile Milling,3,VEN0000002,Apex Precision VMC Machinists,Rough turn OD leaving 0.8mm grinding allowance
4110002300,A-10229,EJECTOR PLATE GUIDE ROD - 90 TON,,,EN8D / CK45 INDUCTION HARDENED CHROME STEEL ROD FOR EJECTOR PLATE GUIDE ROD - 90 TON,2,MCH,Heavy VMC Face & Profile Milling,2,VEN0000002,Apex Precision VMC Machinists,Precision buttress thread whirling for split nut clamping
4110002300,A-10229,EJECTOR PLATE GUIDE ROD - 90 TON,,,EN8D / CK45 INDUCTION HARDENED CHROME STEEL ROD FOR EJECTOR PLATE GUIDE ROD - 90 TON,3,IND,Medium Frequency Induction Hardening,3,VEN0000004,Gujarat Heat Treaters & Nitriding,"Full length induction hardening to 52-56 HRC, 2.5mm depth"
4110002300,A-10229,EJECTOR PLATE GUIDE ROD - 90 TON,,,EN8D / CK45 INDUCTION HARDENED CHROME STEEL ROD FOR EJECTOR PLATE GUIDE ROD - 90 TON,4,GRD,Precision Cylindrical & Surface Grinding,2,VEN0000006,Sardar Cylindrical & Surface Grinding,"Centerless cylindrical grinding to h6 tolerance, straightness 0.02/m"
4110002300,A-10229,EJECTOR PLATE GUIDE ROD - 90 TON,,,EN8D / CK45 INDUCTION HARDENED CHROME STEEL ROD FOR EJECTOR PLATE GUIDE ROD - 90 TON,5,PLT,Hard Chrome Plating (25-30 Microns),3,VEN0000007,Hard Chrome Plating Corporation,Hard chrome plating (25-30 microns) & mirror polish to Ra 0.15 µm
4110002400,A-10264,MOLD HEIGHT ADJUSTMENT GEAR - 90 TON (MODULE-3 TEETH-18),,,RAW STOCK / FORGING FOR MOLD HEIGHT ADJUSTMENT GEAR - 90 TON (MODULE-3 TEETH-18),1,MCH,Heavy VMC Face & Profile Milling,2,VEN0000002,Apex Precision VMC Machinists,CNC turning and facing register bore to tolerance
4110002400,A-10264,MOLD HEIGHT ADJUSTMENT GEAR - 90 TON (MODULE-3 TEETH-18),,,RAW STOCK / FORGING FOR MOLD HEIGHT ADJUSTMENT GEAR - 90 TON (MODULE-3 TEETH-18),2,BOR,Precision CNC Line Boring (H7),2,VEN0000002,Apex Precision VMC Machinists,Line boring spigot and locating bores to H7
4110002400,A-10264,MOLD HEIGHT ADJUSTMENT GEAR - 90 TON (MODULE-3 TEETH-18),,,RAW STOCK / FORGING FOR MOLD HEIGHT ADJUSTMENT GEAR - 90 TON (MODULE-3 TEETH-18),3,DRL,CNC Pattern Drilling & Tapping (PCD),1,VEN0000002,Apex Precision VMC Machinists,PCD drilling and tapped mounting ports
4110002500,A-10261,SUN GEAR BEARING SUPPORT SHAFT,,,RAW STOCK / FORGING FOR SUN GEAR BEARING SUPPORT SHAFT,1,MCH,Heavy VMC Face & Profile Milling,2,VEN0000002,Apex Precision VMC Machinists,"CNC turning OD, ID bore and mounting face"
4110002500,A-10261,SUN GEAR BEARING SUPPORT SHAFT,,,RAW STOCK / FORGING FOR SUN GEAR BEARING SUPPORT SHAFT,2,HOB,Precision Gear Hobbing & Pinion Cutting,3,VEN0000005,Maruti Precision Gear Works,Precision gear hobbing as per DIN Class 8 standard
4110002500,A-10261,SUN GEAR BEARING SUPPORT SHAFT,,,RAW STOCK / FORGING FOR SUN GEAR BEARING SUPPORT SHAFT,3,HT,Stress Relieving & Normalizing Heat Treatment,2,VEN0000004,Gujarat Heat Treaters & Nitriding,"Case hardening teeth to 58-62 HRC, core 32 HRC"
4110002500,A-10261,SUN GEAR BEARING SUPPORT SHAFT,,,RAW STOCK / FORGING FOR SUN GEAR BEARING SUPPORT SHAFT,4,GGRD,DIN Class 6 Gear Teeth Profile Grinding,2,VEN0000005,Maruti Precision Gear Works,DIN Class 6 profile grinding for silent operation
4010100200,A-10260,SUN GEAR - 90 TON (MODULE-3 TEETH-159),4001006300,11208,SUN GEAR - 90 TON (MODULE-3 TEETH-159) (CASTING),1,MCH,Heavy VMC Face & Profile Milling,2,VEN0000002,Apex Precision VMC Machinists,"CNC turning OD, ID bore and mounting face"
4010100200,A-10260,SUN GEAR - 90 TON (MODULE-3 TEETH-159),4001006300,11208,SUN GEAR - 90 TON (MODULE-3 TEETH-159) (CASTING),2,HOB,Precision Gear Hobbing & Pinion Cutting,3,VEN0000005,Maruti Precision Gear Works,Precision gear hobbing as per DIN Class 8 standard
4010100200,A-10260,SUN GEAR - 90 TON (MODULE-3 TEETH-159),4001006300,11208,SUN GEAR - 90 TON (MODULE-3 TEETH-159) (CASTING),3,HT,Stress Relieving & Normalizing Heat Treatment,2,VEN0000004,Gujarat Heat Treaters & Nitriding,"Case hardening teeth to 58-62 HRC, core 32 HRC"
4010100200,A-10260,SUN GEAR - 90 TON (MODULE-3 TEETH-159),4001006300,11208,SUN GEAR - 90 TON (MODULE-3 TEETH-159) (CASTING),4,GGRD,DIN Class 6 Gear Teeth Profile Grinding,2,VEN0000005,Maruti Precision Gear Works,DIN Class 6 profile grinding for silent operation
4020100100,A-10089,TIE BAR NUT M65 X 3 - 90 TON TOGGLE,,,RAW STOCK / FORGING FOR TIE BAR NUT M65 X 3 - 90 TON TOGGLE,1,MCH,Heavy VMC Face & Profile Milling,3,VEN0000002,Apex Precision VMC Machinists,Rough turn OD leaving 0.8mm grinding allowance
4020100100,A-10089,TIE BAR NUT M65 X 3 - 90 TON TOGGLE,,,RAW STOCK / FORGING FOR TIE BAR NUT M65 X 3 - 90 TON TOGGLE,2,MCH,Heavy VMC Face & Profile Milling,2,VEN0000002,Apex Precision VMC Machinists,Precision buttress thread whirling for split nut clamping
4020100100,A-10089,TIE BAR NUT M65 X 3 - 90 TON TOGGLE,,,RAW STOCK / FORGING FOR TIE BAR NUT M65 X 3 - 90 TON TOGGLE,3,IND,Medium Frequency Induction Hardening,3,VEN0000004,Gujarat Heat Treaters & Nitriding,"Full length induction hardening to 52-56 HRC, 2.5mm depth"
4020100100,A-10089,TIE BAR NUT M65 X 3 - 90 TON TOGGLE,,,RAW STOCK / FORGING FOR TIE BAR NUT M65 X 3 - 90 TON TOGGLE,4,GRD,Precision Cylindrical & Surface Grinding,2,VEN0000006,Sardar Cylindrical & Surface Grinding,"Centerless cylindrical grinding to h6 tolerance, straightness 0.02/m"
4020100100,A-10089,TIE BAR NUT M65 X 3 - 90 TON TOGGLE,,,RAW STOCK / FORGING FOR TIE BAR NUT M65 X 3 - 90 TON TOGGLE,5,PLT,Hard Chrome Plating (25-30 Microns),3,VEN0000007,Hard Chrome Plating Corporation,Hard chrome plating (25-30 microns) & mirror polish to Ra 0.15 µm
4010100800,A-10241,GEAR NUT - 90 TON (MODULE-3 TEETH-46),,,20MnCr5 CASE HARDENING STEEL BILLET FOR GEAR NUT - 90 TON (MODULE-3 TEETH-46),1,MCH,Heavy VMC Face & Profile Milling,2,VEN0000002,Apex Precision VMC Machinists,CNC turning and facing register bore to tolerance
4010100800,A-10241,GEAR NUT - 90 TON (MODULE-3 TEETH-46),,,20MnCr5 CASE HARDENING STEEL BILLET FOR GEAR NUT - 90 TON (MODULE-3 TEETH-46),2,BOR,Precision CNC Line Boring (H7),2,VEN0000002,Apex Precision VMC Machinists,Line boring spigot and locating bores to H7
4010100800,A-10241,GEAR NUT - 90 TON (MODULE-3 TEETH-46),,,20MnCr5 CASE HARDENING STEEL BILLET FOR GEAR NUT - 90 TON (MODULE-3 TEETH-46),3,DRL,CNC Pattern Drilling & Tapping (PCD),1,VEN0000002,Apex Precision VMC Machinists,PCD drilling and tapped mounting ports
4030100100,A-10246,GEAR NUT SPACER - 90 TON,,,20MnCr5 CASE HARDENING STEEL BILLET FOR GEAR NUT SPACER - 90 TON,1,MCH,Heavy VMC Face & Profile Milling,2,VEN0000002,Apex Precision VMC Machinists,CNC turning and facing register bore to tolerance
4030100100,A-10246,GEAR NUT SPACER - 90 TON,,,20MnCr5 CASE HARDENING STEEL BILLET FOR GEAR NUT SPACER - 90 TON,2,BOR,Precision CNC Line Boring (H7),2,VEN0000002,Apex Precision VMC Machinists,Line boring spigot and locating bores to H7
4030100100,A-10246,GEAR NUT SPACER - 90 TON,,,20MnCr5 CASE HARDENING STEEL BILLET FOR GEAR NUT SPACER - 90 TON,3,DRL,CNC Pattern Drilling & Tapping (PCD),1,VEN0000002,Apex Precision VMC Machinists,PCD drilling and tapped mounting ports
4030200100,A-10262,SP WASHER Ø35 X Ø12.5 X 10 THK,,,RAW STOCK / FORGING FOR SP WASHER Ø35 X Ø12.5 X 10 THK,1,MCH,Heavy VMC Face & Profile Milling,2,VEN0000002,Apex Precision VMC Machinists,CNC turning and facing register bore to tolerance
4030200100,A-10262,SP WASHER Ø35 X Ø12.5 X 10 THK,,,RAW STOCK / FORGING FOR SP WASHER Ø35 X Ø12.5 X 10 THK,2,BOR,Precision CNC Line Boring (H7),2,VEN0000002,Apex Precision VMC Machinists,Line boring spigot and locating bores to H7
4030200100,A-10262,SP WASHER Ø35 X Ø12.5 X 10 THK,,,RAW STOCK / FORGING FOR SP WASHER Ø35 X Ø12.5 X 10 THK,3,DRL,CNC Pattern Drilling & Tapping (PCD),1,VEN0000002,Apex Precision VMC Machinists,PCD drilling and tapped mounting ports
4040100100,A-10206,MOVING PLATE BUSH Ø80 X Ø65 X 40LG - 90 TON,,,SAE 660 / CuSn7ZnPb CONTINUOUS CAST BRONZE HOLLOW BAR FOR MOVING PLATE BUSH Ø80 X Ø65 X 40LG - 90 TON,1,MCH,Heavy VMC Face & Profile Milling,1,VEN0000002,Apex Precision VMC Machinists,Rough & finish turning OD/ID and lubrication grooves
4040100100,A-10206,MOVING PLATE BUSH Ø80 X Ø65 X 40LG - 90 TON,,,SAE 660 / CuSn7ZnPb CONTINUOUS CAST BRONZE HOLLOW BAR FOR MOVING PLATE BUSH Ø80 X Ø65 X 40LG - 90 TON,2,HON,Deep Hole Diamond Honing (Ra 0.1 µm),1,VEN0000006,Sardar Cylindrical & Surface Grinding,Diamond honing internal bore to H7 tolerance
4040100100,A-10206,MOVING PLATE BUSH Ø80 X Ø65 X 40LG - 90 TON,,,SAE 660 / CuSn7ZnPb CONTINUOUS CAST BRONZE HOLLOW BAR FOR MOVING PLATE BUSH Ø80 X Ø65 X 40LG - 90 TON,3,GRD,Precision Cylindrical & Surface Grinding,1,VEN0000006,Sardar Cylindrical & Surface Grinding,Finish OD grinding to m6 fit
4040100700,A-10985,CROSS HEAD BUSH Ø55 X Ø45 X 30LG - 90 TON,,,SAE 660 / CuSn7ZnPb CONTINUOUS CAST BRONZE HOLLOW BAR FOR CROSS HEAD BUSH Ø55 X Ø45 X 30LG - 90 TON,1,MCH,Heavy VMC Face & Profile Milling,1,VEN0000002,Apex Precision VMC Machinists,Rough & finish turning OD/ID and lubrication grooves
4040100700,A-10985,CROSS HEAD BUSH Ø55 X Ø45 X 30LG - 90 TON,,,SAE 660 / CuSn7ZnPb CONTINUOUS CAST BRONZE HOLLOW BAR FOR CROSS HEAD BUSH Ø55 X Ø45 X 30LG - 90 TON,2,HON,Deep Hole Diamond Honing (Ra 0.1 µm),1,VEN0000006,Sardar Cylindrical & Surface Grinding,Diamond honing internal bore to H7 tolerance
4040100700,A-10985,CROSS HEAD BUSH Ø55 X Ø45 X 30LG - 90 TON,,,SAE 660 / CuSn7ZnPb CONTINUOUS CAST BRONZE HOLLOW BAR FOR CROSS HEAD BUSH Ø55 X Ø45 X 30LG - 90 TON,3,GRD,Precision Cylindrical & Surface Grinding,1,VEN0000006,Sardar Cylindrical & Surface Grinding,Finish OD grinding to m6 fit
4040200100,A-10191,TOGGLE SMALL GRAPHITE BUSH Ø40 X Ø30 X 55LG - 90 TON,,,SAE 660 / CuSn7ZnPb CONTINUOUS CAST BRONZE HOLLOW BAR FOR TOGGLE SMALL GRAPHITE BUSH Ø40 X Ø30 X 55LG - 90 TON,1,MCH,Heavy VMC Face & Profile Milling,1,VEN0000002,Apex Precision VMC Machinists,Rough & finish turning OD/ID and lubrication grooves
4040200100,A-10191,TOGGLE SMALL GRAPHITE BUSH Ø40 X Ø30 X 55LG - 90 TON,,,SAE 660 / CuSn7ZnPb CONTINUOUS CAST BRONZE HOLLOW BAR FOR TOGGLE SMALL GRAPHITE BUSH Ø40 X Ø30 X 55LG - 90 TON,2,HON,Deep Hole Diamond Honing (Ra 0.1 µm),1,VEN0000006,Sardar Cylindrical & Surface Grinding,Diamond honing internal bore to H7 tolerance
4040200100,A-10191,TOGGLE SMALL GRAPHITE BUSH Ø40 X Ø30 X 55LG - 90 TON,,,SAE 660 / CuSn7ZnPb CONTINUOUS CAST BRONZE HOLLOW BAR FOR TOGGLE SMALL GRAPHITE BUSH Ø40 X Ø30 X 55LG - 90 TON,3,GRD,Precision Cylindrical & Surface Grinding,1,VEN0000006,Sardar Cylindrical & Surface Grinding,Finish OD grinding to m6 fit
4040200700,A-10196,TOGGLE BIG GRAPHITE BUSH Ø70 X Ø55 X 60LG - 90 TON,,,SAE 660 / CuSn7ZnPb CONTINUOUS CAST BRONZE HOLLOW BAR FOR TOGGLE BIG GRAPHITE BUSH Ø70 X Ø55 X 60LG - 90 TON,1,MCH,Heavy VMC Face & Profile Milling,1,VEN0000002,Apex Precision VMC Machinists,Rough & finish turning OD/ID and lubrication grooves
4040200700,A-10196,TOGGLE BIG GRAPHITE BUSH Ø70 X Ø55 X 60LG - 90 TON,,,SAE 660 / CuSn7ZnPb CONTINUOUS CAST BRONZE HOLLOW BAR FOR TOGGLE BIG GRAPHITE BUSH Ø70 X Ø55 X 60LG - 90 TON,2,HON,Deep Hole Diamond Honing (Ra 0.1 µm),1,VEN0000006,Sardar Cylindrical & Surface Grinding,Diamond honing internal bore to H7 tolerance
4040200700,A-10196,TOGGLE BIG GRAPHITE BUSH Ø70 X Ø55 X 60LG - 90 TON,,,SAE 660 / CuSn7ZnPb CONTINUOUS CAST BRONZE HOLLOW BAR FOR TOGGLE BIG GRAPHITE BUSH Ø70 X Ø55 X 60LG - 90 TON,3,GRD,Precision Cylindrical & Surface Grinding,1,VEN0000006,Sardar Cylindrical & Surface Grinding,Finish OD grinding to m6 fit
4110008600,A-10144,STATIONARY PLATE TOGGLE - 110 TON,4001000200,12201,STATIONARY PLATE TOGGLE - 110 TON (CASTING),1,MCH,Heavy VMC Face & Profile Milling,2,VEN0000002,Apex Precision VMC Machinists,Rough & finish top/bottom platen face to 0.02mm flat
4110008600,A-10144,STATIONARY PLATE TOGGLE - 110 TON,4001000200,12201,STATIONARY PLATE TOGGLE - 110 TON (CASTING),2,BOR,Precision CNC Line Boring (H7),3,VEN0000002,Apex Precision VMC Machinists,Bore 4x Tie bar holes to H7 tolerance
4110008600,A-10144,STATIONARY PLATE TOGGLE - 110 TON,4001000200,12201,STATIONARY PLATE TOGGLE - 110 TON (CASTING),3,DRL,CNC Pattern Drilling & Tapping (PCD),1,VEN0000002,Apex Precision VMC Machinists,M16/M20 mould clamp tapped holes as per drawing
4110008600,A-10144,STATIONARY PLATE TOGGLE - 110 TON,4001000200,12201,STATIONARY PLATE TOGGLE - 110 TON (CASTING),4,HT,Stress Relieving & Normalizing Heat Treatment,2,VEN0000004,Gujarat Heat Treaters & Nitriding,Normalize thermal stress at 550°C
4110008600,A-10144,STATIONARY PLATE TOGGLE - 110 TON,4001000200,12201,STATIONARY PLATE TOGGLE - 110 TON (CASTING),5,GRD,Precision Cylindrical & Surface Grinding,1,VEN0000006,Sardar Cylindrical & Surface Grinding,Precision surface grind to Ra 0.4 µm & rust preventive oil
4110008700,A-10149,MOVING PLATE TOGGLE - 110 TON,4001001300,12202,MOVING PLATE TOGGLE - 110 TON (CASTING),1,MCH,Heavy VMC Face & Profile Milling,2,VEN0000002,Apex Precision VMC Machinists,Rough & finish top/bottom platen face to 0.02mm flat
4110008700,A-10149,MOVING PLATE TOGGLE - 110 TON,4001001300,12202,MOVING PLATE TOGGLE - 110 TON (CASTING),2,BOR,Precision CNC Line Boring (H7),3,VEN0000002,Apex Precision VMC Machinists,Bore 4x Tie bar holes to H7 tolerance
4110008700,A-10149,MOVING PLATE TOGGLE - 110 TON,4001001300,12202,MOVING PLATE TOGGLE - 110 TON (CASTING),3,DRL,CNC Pattern Drilling & Tapping (PCD),1,VEN0000002,Apex Precision VMC Machinists,M16/M20 mould clamp tapped holes as per drawing
4110008700,A-10149,MOVING PLATE TOGGLE - 110 TON,4001001300,12202,MOVING PLATE TOGGLE - 110 TON (CASTING),4,HT,Stress Relieving & Normalizing Heat Treatment,2,VEN0000004,Gujarat Heat Treaters & Nitriding,Normalize thermal stress at 550°C
4110008700,A-10149,MOVING PLATE TOGGLE - 110 TON,4001001300,12202,MOVING PLATE TOGGLE - 110 TON (CASTING),5,GRD,Precision Cylindrical & Surface Grinding,1,VEN0000006,Sardar Cylindrical & Surface Grinding,Precision surface grind to Ra 0.4 µm & rust preventive oil
4110008800,A-10184,END PLATE - 110 TON,4001002400,12203,END PLATE - 110 TON (CASTING),1,MCH,Heavy VMC Face & Profile Milling,2,VEN0000002,Apex Precision VMC Machinists,Rough & finish top/bottom platen face to 0.02mm flat
4110008800,A-10184,END PLATE - 110 TON,4001002400,12203,END PLATE - 110 TON (CASTING),2,BOR,Precision CNC Line Boring (H7),3,VEN0000002,Apex Precision VMC Machinists,Bore 4x Tie bar holes to H7 tolerance
4110008800,A-10184,END PLATE - 110 TON,4001002400,12203,END PLATE - 110 TON (CASTING),3,DRL,CNC Pattern Drilling & Tapping (PCD),1,VEN0000002,Apex Precision VMC Machinists,M16/M20 mould clamp tapped holes as per drawing
4110008800,A-10184,END PLATE - 110 TON,4001002400,12203,END PLATE - 110 TON (CASTING),4,HT,Stress Relieving & Normalizing Heat Treatment,2,VEN0000004,Gujarat Heat Treaters & Nitriding,Normalize thermal stress at 550°C
4110008800,A-10184,END PLATE - 110 TON,4001002400,12203,END PLATE - 110 TON (CASTING),5,GRD,Precision Cylindrical & Surface Grinding,1,VEN0000006,Sardar Cylindrical & Surface Grinding,Precision surface grind to Ra 0.4 µm & rust preventive oil
4110008900,A-10179,CROSS HEAD - 110 TON,4001003700,12204,CROSS HEAD - 110 TON (CASTING),1,MCH,Heavy VMC Face & Profile Milling,2,VEN0000002,Apex Precision VMC Machinists,"Side faces, triangular profile and pivot bosses milled on 4-axis CNC"
4110008900,A-10179,CROSS HEAD - 110 TON,4001003700,12204,CROSS HEAD - 110 TON (CASTING),2,BOR,Precision CNC Line Boring (H7),2,VEN0000002,Apex Precision VMC Machinists,Line bore pivot pin holes with 0.015mm center-to-center pitch accuracy
4110008900,A-10179,CROSS HEAD - 110 TON,4001003700,12204,CROSS HEAD - 110 TON (CASTING),3,NIT,Deep Gas Nitriding & Hardening (65-68 HRC),2,VEN0000004,Gujarat Heat Treaters & Nitriding,Gas nitriding 500-600 HV case depth 0.3mm
4110008900,A-10179,CROSS HEAD - 110 TON,4001003700,12204,CROSS HEAD - 110 TON (CASTING),4,BSH,Phosphor Bronze Bushing Press-Fit & Honing,1,VEN0000002,Apex Precision VMC Machinists,Phosphor bronze bushing press fit and ID diamond honing
4110009000,A-10174,CROSS HEAD LINK - 110 TON,4001004300,12207,CROSS HEAD LINK - 110 TON (CASTING),1,MCH,Heavy VMC Face & Profile Milling,2,VEN0000002,Apex Precision VMC Machinists,"Side faces, triangular profile and pivot bosses milled on 4-axis CNC"
4110009000,A-10174,CROSS HEAD LINK - 110 TON,4001004300,12207,CROSS HEAD LINK - 110 TON (CASTING),2,BOR,Precision CNC Line Boring (H7),2,VEN0000002,Apex Precision VMC Machinists,Line bore pivot pin holes with 0.015mm center-to-center pitch accuracy
4110009000,A-10174,CROSS HEAD LINK - 110 TON,4001004300,12207,CROSS HEAD LINK - 110 TON (CASTING),3,NIT,Deep Gas Nitriding & Hardening (65-68 HRC),2,VEN0000004,Gujarat Heat Treaters & Nitriding,Gas nitriding 500-600 HV case depth 0.3mm
4110009000,A-10174,CROSS HEAD LINK - 110 TON,4001004300,12207,CROSS HEAD LINK - 110 TON (CASTING),4,BSH,Phosphor Bronze Bushing Press-Fit & Honing,1,VEN0000002,Apex Precision VMC Machinists,Phosphor bronze bushing press fit and ID diamond honing
4110009100,A-10154,BINARY LINK - 110 TON,4001004900,12205,BINARY LINK - 110 TON (CASTING),1,MCH,Heavy VMC Face & Profile Milling,2,VEN0000002,Apex Precision VMC Machinists,"Side faces, triangular profile and pivot bosses milled on 4-axis CNC"
4110009100,A-10154,BINARY LINK - 110 TON,4001004900,12205,BINARY LINK - 110 TON (CASTING),2,BOR,Precision CNC Line Boring (H7),2,VEN0000002,Apex Precision VMC Machinists,Line bore pivot pin holes with 0.015mm center-to-center pitch accuracy
4110009100,A-10154,BINARY LINK - 110 TON,4001004900,12205,BINARY LINK - 110 TON (CASTING),3,NIT,Deep Gas Nitriding & Hardening (65-68 HRC),2,VEN0000004,Gujarat Heat Treaters & Nitriding,Gas nitriding 500-600 HV case depth 0.3mm
4110009100,A-10154,BINARY LINK - 110 TON,4001004900,12205,BINARY LINK - 110 TON (CASTING),4,BSH,Phosphor Bronze Bushing Press-Fit & Honing,1,VEN0000002,Apex Precision VMC Machinists,Phosphor bronze bushing press fit and ID diamond honing
4110009200,A-10166,TERNARY LINK - 110 TON,4001005500,12206,TERNARY LINK - 110 TON (CASTING),1,MCH,Heavy VMC Face & Profile Milling,2,VEN0000002,Apex Precision VMC Machinists,"Side faces, triangular profile and pivot bosses milled on 4-axis CNC"
4110009200,A-10166,TERNARY LINK - 110 TON,4001005500,12206,TERNARY LINK - 110 TON (CASTING),2,BOR,Precision CNC Line Boring (H7),2,VEN0000002,Apex Precision VMC Machinists,Line bore pivot pin holes with 0.015mm center-to-center pitch accuracy
4110009200,A-10166,TERNARY LINK - 110 TON,4001005500,12206,TERNARY LINK - 110 TON (CASTING),3,NIT,Deep Gas Nitriding & Hardening (65-68 HRC),2,VEN0000004,Gujarat Heat Treaters & Nitriding,Gas nitriding 500-600 HV case depth 0.3mm
4110009200,A-10166,TERNARY LINK - 110 TON,4001005500,12206,TERNARY LINK - 110 TON (CASTING),4,BSH,Phosphor Bronze Bushing Press-Fit & Honing,1,VEN0000002,Apex Precision VMC Machinists,Phosphor bronze bushing press fit and ID diamond honing
4110009300,A-10165,TERNARY LINK RH - 110 TON,4001005500,12206,TERNARY LINK - 110 TON (CASTING),1,MCH,Heavy VMC Face & Profile Milling,2,VEN0000002,Apex Precision VMC Machinists,"Side faces, triangular profile and pivot bosses milled on 4-axis CNC"
4110009300,A-10165,TERNARY LINK RH - 110 TON,4001005500,12206,TERNARY LINK - 110 TON (CASTING),2,BOR,Precision CNC Line Boring (H7),2,VEN0000002,Apex Precision VMC Machinists,Line bore pivot pin holes with 0.015mm center-to-center pitch accuracy
4110009300,A-10165,TERNARY LINK RH - 110 TON,4001005500,12206,TERNARY LINK - 110 TON (CASTING),3,NIT,Deep Gas Nitriding & Hardening (65-68 HRC),2,VEN0000004,Gujarat Heat Treaters & Nitriding,Gas nitriding 500-600 HV case depth 0.3mm
4110009300,A-10165,TERNARY LINK RH - 110 TON,4001005500,12206,TERNARY LINK - 110 TON (CASTING),4,BSH,Phosphor Bronze Bushing Press-Fit & Honing,1,VEN0000002,Apex Precision VMC Machinists,Phosphor bronze bushing press fit and ID diamond honing
4110009400,A-10167,TERNARY LINK LH - 110 TON,4001005500,12206,TERNARY LINK - 110 TON (CASTING),1,MCH,Heavy VMC Face & Profile Milling,2,VEN0000002,Apex Precision VMC Machinists,"Side faces, triangular profile and pivot bosses milled on 4-axis CNC"
4110009400,A-10167,TERNARY LINK LH - 110 TON,4001005500,12206,TERNARY LINK - 110 TON (CASTING),2,BOR,Precision CNC Line Boring (H7),2,VEN0000002,Apex Precision VMC Machinists,Line bore pivot pin holes with 0.015mm center-to-center pitch accuracy
4110009400,A-10167,TERNARY LINK LH - 110 TON,4001005500,12206,TERNARY LINK - 110 TON (CASTING),3,NIT,Deep Gas Nitriding & Hardening (65-68 HRC),2,VEN0000004,Gujarat Heat Treaters & Nitriding,Gas nitriding 500-600 HV case depth 0.3mm
4110009400,A-10167,TERNARY LINK LH - 110 TON,4001005500,12206,TERNARY LINK - 110 TON (CASTING),4,BSH,Phosphor Bronze Bushing Press-Fit & Honing,1,VEN0000002,Apex Precision VMC Machinists,Phosphor bronze bushing press fit and ID diamond honing
4110009500,A-10254,GEAR NUT RETAINER - 110 TON,4001007000,12209,GEAR NUT RETAINER - 110 TON (CASTING),1,MCH,Heavy VMC Face & Profile Milling,2,VEN0000002,Apex Precision VMC Machinists,CNC turning and facing register bore to tolerance
4110009500,A-10254,GEAR NUT RETAINER - 110 TON,4001007000,12209,GEAR NUT RETAINER - 110 TON (CASTING),2,BOR,Precision CNC Line Boring (H7),2,VEN0000002,Apex Precision VMC Machinists,Line boring spigot and locating bores to H7
4110009500,A-10254,GEAR NUT RETAINER - 110 TON,4001007000,12209,GEAR NUT RETAINER - 110 TON (CASTING),3,DRL,CNC Pattern Drilling & Tapping (PCD),1,VEN0000002,Apex Precision VMC Machinists,PCD drilling and tapped mounting ports
4110009600,A-10137,TIE BAR Ø70 - 110 TON TOGGLE,,,EN19 / 42CrMo4 ROUND BAR (FORGED & PEEL-TURNED) FOR TIE BAR Ø70 - 110 TON TOGGLE,1,MCH,Heavy VMC Face & Profile Milling,3,VEN0000002,Apex Precision VMC Machinists,Rough turn OD leaving 0.8mm grinding allowance
4110009600,A-10137,TIE BAR Ø70 - 110 TON TOGGLE,,,EN19 / 42CrMo4 ROUND BAR (FORGED & PEEL-TURNED) FOR TIE BAR Ø70 - 110 TON TOGGLE,2,MCH,Heavy VMC Face & Profile Milling,2,VEN0000002,Apex Precision VMC Machinists,Precision buttress thread whirling for split nut clamping
4110009600,A-10137,TIE BAR Ø70 - 110 TON TOGGLE,,,EN19 / 42CrMo4 ROUND BAR (FORGED & PEEL-TURNED) FOR TIE BAR Ø70 - 110 TON TOGGLE,3,IND,Medium Frequency Induction Hardening,3,VEN0000004,Gujarat Heat Treaters & Nitriding,"Full length induction hardening to 52-56 HRC, 2.5mm depth"
4110009600,A-10137,TIE BAR Ø70 - 110 TON TOGGLE,,,EN19 / 42CrMo4 ROUND BAR (FORGED & PEEL-TURNED) FOR TIE BAR Ø70 - 110 TON TOGGLE,4,GRD,Precision Cylindrical & Surface Grinding,2,VEN0000006,Sardar Cylindrical & Surface Grinding,"Centerless cylindrical grinding to h6 tolerance, straightness 0.02/m"
4110009600,A-10137,TIE BAR Ø70 - 110 TON TOGGLE,,,EN19 / 42CrMo4 ROUND BAR (FORGED & PEEL-TURNED) FOR TIE BAR Ø70 - 110 TON TOGGLE,5,PLT,Hard Chrome Plating (25-30 Microns),3,VEN0000007,Hard Chrome Plating Corporation,Hard chrome plating (25-30 microns) & mirror polish to Ra 0.15 µm
4110009700,A-10127,TIE BAR LOCATING PLATE - 110 TON,,,RAW STOCK / FORGING FOR TIE BAR LOCATING PLATE - 110 TON,1,MCH,Heavy VMC Face & Profile Milling,3,VEN0000002,Apex Precision VMC Machinists,Rough turn OD leaving 0.8mm grinding allowance
4110009700,A-10127,TIE BAR LOCATING PLATE - 110 TON,,,RAW STOCK / FORGING FOR TIE BAR LOCATING PLATE - 110 TON,2,MCH,Heavy VMC Face & Profile Milling,2,VEN0000002,Apex Precision VMC Machinists,Precision buttress thread whirling for split nut clamping
4110009700,A-10127,TIE BAR LOCATING PLATE - 110 TON,,,RAW STOCK / FORGING FOR TIE BAR LOCATING PLATE - 110 TON,3,IND,Medium Frequency Induction Hardening,3,VEN0000004,Gujarat Heat Treaters & Nitriding,"Full length induction hardening to 52-56 HRC, 2.5mm depth"
4110009700,A-10127,TIE BAR LOCATING PLATE - 110 TON,,,RAW STOCK / FORGING FOR TIE BAR LOCATING PLATE - 110 TON,4,GRD,Precision Cylindrical & Surface Grinding,2,VEN0000006,Sardar Cylindrical & Surface Grinding,"Centerless cylindrical grinding to h6 tolerance, straightness 0.02/m"
4110009700,A-10127,TIE BAR LOCATING PLATE - 110 TON,,,RAW STOCK / FORGING FOR TIE BAR LOCATING PLATE - 110 TON,5,PLT,Hard Chrome Plating (25-30 Microns),3,VEN0000007,Hard Chrome Plating Corporation,Hard chrome plating (25-30 microns) & mirror polish to Ra 0.15 µm
4110009800,A-10335,TOGGLE SMALL PIN Ø35 - 110 TON,,,RAW STOCK / FORGING FOR TOGGLE SMALL PIN Ø35 - 110 TON,1,MCH,Heavy VMC Face & Profile Milling,2,VEN0000002,Apex Precision VMC Machinists,CNC turning and facing register bore to tolerance
4110009800,A-10335,TOGGLE SMALL PIN Ø35 - 110 TON,,,RAW STOCK / FORGING FOR TOGGLE SMALL PIN Ø35 - 110 TON,2,BOR,Precision CNC Line Boring (H7),2,VEN0000002,Apex Precision VMC Machinists,Line boring spigot and locating bores to H7
4110009800,A-10335,TOGGLE SMALL PIN Ø35 - 110 TON,,,RAW STOCK / FORGING FOR TOGGLE SMALL PIN Ø35 - 110 TON,3,DRL,CNC Pattern Drilling & Tapping (PCD),1,VEN0000002,Apex Precision VMC Machinists,PCD drilling and tapped mounting ports
4110009900,A-10187,TOGGLE SMALL PIN LOCKING STRIP – 110 TON,,,RAW STOCK / FORGING FOR TOGGLE SMALL PIN LOCKING STRIP – 110 TON,1,MCH,Heavy VMC Face & Profile Milling,2,VEN0000002,Apex Precision VMC Machinists,CNC turning and facing register bore to tolerance
4110009900,A-10187,TOGGLE SMALL PIN LOCKING STRIP – 110 TON,,,RAW STOCK / FORGING FOR TOGGLE SMALL PIN LOCKING STRIP – 110 TON,2,BOR,Precision CNC Line Boring (H7),2,VEN0000002,Apex Precision VMC Machinists,Line boring spigot and locating bores to H7
4110009900,A-10187,TOGGLE SMALL PIN LOCKING STRIP – 110 TON,,,RAW STOCK / FORGING FOR TOGGLE SMALL PIN LOCKING STRIP – 110 TON,3,DRL,CNC Pattern Drilling & Tapping (PCD),1,VEN0000002,Apex Precision VMC Machinists,PCD drilling and tapped mounting ports
4110010000,A-10330,TOGGLE BIG PIN Ø60 - 110 TON,,,RAW STOCK / FORGING FOR TOGGLE BIG PIN Ø60 - 110 TON,1,MCH,Heavy VMC Face & Profile Milling,2,VEN0000002,Apex Precision VMC Machinists,CNC turning and facing register bore to tolerance
4110010000,A-10330,TOGGLE BIG PIN Ø60 - 110 TON,,,RAW STOCK / FORGING FOR TOGGLE BIG PIN Ø60 - 110 TON,2,BOR,Precision CNC Line Boring (H7),2,VEN0000002,Apex Precision VMC Machinists,Line boring spigot and locating bores to H7
4110010000,A-10330,TOGGLE BIG PIN Ø60 - 110 TON,,,RAW STOCK / FORGING FOR TOGGLE BIG PIN Ø60 - 110 TON,3,DRL,CNC Pattern Drilling & Tapping (PCD),1,VEN0000002,Apex Precision VMC Machinists,PCD drilling and tapped mounting ports
4110010100,A-10214,CROSS HEAD GUIDE ROD Ø50 - 110 TON,,,EN8D / CK45 INDUCTION HARDENED CHROME STEEL ROD FOR CROSS HEAD GUIDE ROD Ø50 - 110 TON,1,MCH,Heavy VMC Face & Profile Milling,3,VEN0000002,Apex Precision VMC Machinists,Rough turn OD leaving 0.8mm grinding allowance
4110010100,A-10214,CROSS HEAD GUIDE ROD Ø50 - 110 TON,,,EN8D / CK45 INDUCTION HARDENED CHROME STEEL ROD FOR CROSS HEAD GUIDE ROD Ø50 - 110 TON,2,MCH,Heavy VMC Face & Profile Milling,2,VEN0000002,Apex Precision VMC Machinists,Precision buttress thread whirling for split nut clamping
4110010100,A-10214,CROSS HEAD GUIDE ROD Ø50 - 110 TON,,,EN8D / CK45 INDUCTION HARDENED CHROME STEEL ROD FOR CROSS HEAD GUIDE ROD Ø50 - 110 TON,3,IND,Medium Frequency Induction Hardening,3,VEN0000004,Gujarat Heat Treaters & Nitriding,"Full length induction hardening to 52-56 HRC, 2.5mm depth"
4110010100,A-10214,CROSS HEAD GUIDE ROD Ø50 - 110 TON,,,EN8D / CK45 INDUCTION HARDENED CHROME STEEL ROD FOR CROSS HEAD GUIDE ROD Ø50 - 110 TON,4,GRD,Precision Cylindrical & Surface Grinding,2,VEN0000006,Sardar Cylindrical & Surface Grinding,"Centerless cylindrical grinding to h6 tolerance, straightness 0.02/m"
4110010100,A-10214,CROSS HEAD GUIDE ROD Ø50 - 110 TON,,,EN8D / CK45 INDUCTION HARDENED CHROME STEEL ROD FOR CROSS HEAD GUIDE ROD Ø50 - 110 TON,5,PLT,Hard Chrome Plating (25-30 Microns),3,VEN0000007,Hard Chrome Plating Corporation,Hard chrome plating (25-30 microns) & mirror polish to Ra 0.15 µm
4110010200,A-10219,CROSS HEAD GUIDE ROD LOCATING PLATE - 110 TON,,,EN8D / CK45 INDUCTION HARDENED CHROME STEEL ROD FOR CROSS HEAD GUIDE ROD LOCATING PLATE - 110 TON,1,MCH,Heavy VMC Face & Profile Milling,3,VEN0000002,Apex Precision VMC Machinists,Rough turn OD leaving 0.8mm grinding allowance
4110010200,A-10219,CROSS HEAD GUIDE ROD LOCATING PLATE - 110 TON,,,EN8D / CK45 INDUCTION HARDENED CHROME STEEL ROD FOR CROSS HEAD GUIDE ROD LOCATING PLATE - 110 TON,2,MCH,Heavy VMC Face & Profile Milling,2,VEN0000002,Apex Precision VMC Machinists,Precision buttress thread whirling for split nut clamping
4110010200,A-10219,CROSS HEAD GUIDE ROD LOCATING PLATE - 110 TON,,,EN8D / CK45 INDUCTION HARDENED CHROME STEEL ROD FOR CROSS HEAD GUIDE ROD LOCATING PLATE - 110 TON,3,IND,Medium Frequency Induction Hardening,3,VEN0000004,Gujarat Heat Treaters & Nitriding,"Full length induction hardening to 52-56 HRC, 2.5mm depth"
4110010200,A-10219,CROSS HEAD GUIDE ROD LOCATING PLATE - 110 TON,,,EN8D / CK45 INDUCTION HARDENED CHROME STEEL ROD FOR CROSS HEAD GUIDE ROD LOCATING PLATE - 110 TON,4,GRD,Precision Cylindrical & Surface Grinding,2,VEN0000006,Sardar Cylindrical & Surface Grinding,"Centerless cylindrical grinding to h6 tolerance, straightness 0.02/m"
4110010200,A-10219,CROSS HEAD GUIDE ROD LOCATING PLATE - 110 TON,,,EN8D / CK45 INDUCTION HARDENED CHROME STEEL ROD FOR CROSS HEAD GUIDE ROD LOCATING PLATE - 110 TON,5,PLT,Hard Chrome Plating (25-30 Microns),3,VEN0000007,Hard Chrome Plating Corporation,Hard chrome plating (25-30 microns) & mirror polish to Ra 0.15 µm
4110010300,A-10204,MOVING PLATE WIPER RETAINER - 110 TON,,,RAW STOCK / FORGING FOR MOVING PLATE WIPER RETAINER - 110 TON,1,MCH,Heavy VMC Face & Profile Milling,2,VEN0000002,Apex Precision VMC Machinists,CNC turning and facing register bore to tolerance
4110010300,A-10204,MOVING PLATE WIPER RETAINER - 110 TON,,,RAW STOCK / FORGING FOR MOVING PLATE WIPER RETAINER - 110 TON,2,BOR,Precision CNC Line Boring (H7),2,VEN0000002,Apex Precision VMC Machinists,Line boring spigot and locating bores to H7
4110010300,A-10204,MOVING PLATE WIPER RETAINER - 110 TON,,,RAW STOCK / FORGING FOR MOVING PLATE WIPER RETAINER - 110 TON,3,DRL,CNC Pattern Drilling & Tapping (PCD),1,VEN0000002,Apex Precision VMC Machinists,PCD drilling and tapped mounting ports
4110010400,A-10228,EJECTOR PLATE GUIDE ROD - 110 TON,,,EN8D / CK45 INDUCTION HARDENED CHROME STEEL ROD FOR EJECTOR PLATE GUIDE ROD - 110 TON,1,MCH,Heavy VMC Face & Profile Milling,3,VEN0000002,Apex Precision VMC Machinists,Rough turn OD leaving 0.8mm grinding allowance
4110010400,A-10228,EJECTOR PLATE GUIDE ROD - 110 TON,,,EN8D / CK45 INDUCTION HARDENED CHROME STEEL ROD FOR EJECTOR PLATE GUIDE ROD - 110 TON,2,MCH,Heavy VMC Face & Profile Milling,2,VEN0000002,Apex Precision VMC Machinists,Precision buttress thread whirling for split nut clamping
4110010400,A-10228,EJECTOR PLATE GUIDE ROD - 110 TON,,,EN8D / CK45 INDUCTION HARDENED CHROME STEEL ROD FOR EJECTOR PLATE GUIDE ROD - 110 TON,3,IND,Medium Frequency Induction Hardening,3,VEN0000004,Gujarat Heat Treaters & Nitriding,"Full length induction hardening to 52-56 HRC, 2.5mm depth"
4110010400,A-10228,EJECTOR PLATE GUIDE ROD - 110 TON,,,EN8D / CK45 INDUCTION HARDENED CHROME STEEL ROD FOR EJECTOR PLATE GUIDE ROD - 110 TON,4,GRD,Precision Cylindrical & Surface Grinding,2,VEN0000006,Sardar Cylindrical & Surface Grinding,"Centerless cylindrical grinding to h6 tolerance, straightness 0.02/m"
4110010400,A-10228,EJECTOR PLATE GUIDE ROD - 110 TON,,,EN8D / CK45 INDUCTION HARDENED CHROME STEEL ROD FOR EJECTOR PLATE GUIDE ROD - 110 TON,5,PLT,Hard Chrome Plating (25-30 Microns),3,VEN0000007,Hard Chrome Plating Corporation,Hard chrome plating (25-30 microns) & mirror polish to Ra 0.15 µm
4010100300,A-10259,SUN GEAR - 110 TON (MODULE-3 TEETH-178),4001006400,12208,SUN GEAR - 110 TON (MODULE-3 TEETH-178) (CASTING),1,MCH,Heavy VMC Face & Profile Milling,2,VEN0000002,Apex Precision VMC Machinists,"CNC turning OD, ID bore and mounting face"
4010100300,A-10259,SUN GEAR - 110 TON (MODULE-3 TEETH-178),4001006400,12208,SUN GEAR - 110 TON (MODULE-3 TEETH-178) (CASTING),2,HOB,Precision Gear Hobbing & Pinion Cutting,3,VEN0000005,Maruti Precision Gear Works,Precision gear hobbing as per DIN Class 8 standard
4010100300,A-10259,SUN GEAR - 110 TON (MODULE-3 TEETH-178),4001006400,12208,SUN GEAR - 110 TON (MODULE-3 TEETH-178) (CASTING),3,HT,Stress Relieving & Normalizing Heat Treatment,2,VEN0000004,Gujarat Heat Treaters & Nitriding,"Case hardening teeth to 58-62 HRC, core 32 HRC"
4010100300,A-10259,SUN GEAR - 110 TON (MODULE-3 TEETH-178),4001006400,12208,SUN GEAR - 110 TON (MODULE-3 TEETH-178) (CASTING),4,GGRD,DIN Class 6 Gear Teeth Profile Grinding,2,VEN0000005,Maruti Precision Gear Works,DIN Class 6 profile grinding for silent operation
4020100200,A-10090,TIE BAR NUT M70 X 3 - 110 TON TOGGLE,,,RAW STOCK / FORGING FOR TIE BAR NUT M70 X 3 - 110 TON TOGGLE,1,MCH,Heavy VMC Face & Profile Milling,3,VEN0000002,Apex Precision VMC Machinists,Rough turn OD leaving 0.8mm grinding allowance
4020100200,A-10090,TIE BAR NUT M70 X 3 - 110 TON TOGGLE,,,RAW STOCK / FORGING FOR TIE BAR NUT M70 X 3 - 110 TON TOGGLE,2,MCH,Heavy VMC Face & Profile Milling,2,VEN0000002,Apex Precision VMC Machinists,Precision buttress thread whirling for split nut clamping
4020100200,A-10090,TIE BAR NUT M70 X 3 - 110 TON TOGGLE,,,RAW STOCK / FORGING FOR TIE BAR NUT M70 X 3 - 110 TON TOGGLE,3,IND,Medium Frequency Induction Hardening,3,VEN0000004,Gujarat Heat Treaters & Nitriding,"Full length induction hardening to 52-56 HRC, 2.5mm depth"
4020100200,A-10090,TIE BAR NUT M70 X 3 - 110 TON TOGGLE,,,RAW STOCK / FORGING FOR TIE BAR NUT M70 X 3 - 110 TON TOGGLE,4,GRD,Precision Cylindrical & Surface Grinding,2,VEN0000006,Sardar Cylindrical & Surface Grinding,"Centerless cylindrical grinding to h6 tolerance, straightness 0.02/m"
4020100200,A-10090,TIE BAR NUT M70 X 3 - 110 TON TOGGLE,,,RAW STOCK / FORGING FOR TIE BAR NUT M70 X 3 - 110 TON TOGGLE,5,PLT,Hard Chrome Plating (25-30 Microns),3,VEN0000007,Hard Chrome Plating Corporation,Hard chrome plating (25-30 microns) & mirror polish to Ra 0.15 µm
4010100900,A-10242,GEAR NUT - 110 TON (MODULE-3 TEETH-48),,,20MnCr5 CASE HARDENING STEEL BILLET FOR GEAR NUT - 110 TON (MODULE-3 TEETH-48),1,MCH,Heavy VMC Face & Profile Milling,2,VEN0000002,Apex Precision VMC Machinists,CNC turning and facing register bore to tolerance
4010100900,A-10242,GEAR NUT - 110 TON (MODULE-3 TEETH-48),,,20MnCr5 CASE HARDENING STEEL BILLET FOR GEAR NUT - 110 TON (MODULE-3 TEETH-48),2,BOR,Precision CNC Line Boring (H7),2,VEN0000002,Apex Precision VMC Machinists,Line boring spigot and locating bores to H7
4010100900,A-10242,GEAR NUT - 110 TON (MODULE-3 TEETH-48),,,20MnCr5 CASE HARDENING STEEL BILLET FOR GEAR NUT - 110 TON (MODULE-3 TEETH-48),3,DRL,CNC Pattern Drilling & Tapping (PCD),1,VEN0000002,Apex Precision VMC Machinists,PCD drilling and tapped mounting ports
4030100200,A-10247,GEAR NUT SPACER - 110 TON,,,20MnCr5 CASE HARDENING STEEL BILLET FOR GEAR NUT SPACER - 110 TON,1,MCH,Heavy VMC Face & Profile Milling,2,VEN0000002,Apex Precision VMC Machinists,CNC turning and facing register bore to tolerance
4030100200,A-10247,GEAR NUT SPACER - 110 TON,,,20MnCr5 CASE HARDENING STEEL BILLET FOR GEAR NUT SPACER - 110 TON,2,BOR,Precision CNC Line Boring (H7),2,VEN0000002,Apex Precision VMC Machinists,Line boring spigot and locating bores to H7
4030100200,A-10247,GEAR NUT SPACER - 110 TON,,,20MnCr5 CASE HARDENING STEEL BILLET FOR GEAR NUT SPACER - 110 TON,3,DRL,CNC Pattern Drilling & Tapping (PCD),1,VEN0000002,Apex Precision VMC Machinists,PCD drilling and tapped mounting ports
4040100200,A-10207,MOVING PLATE BUSH Ø85 X Ø70 X 45LG - 110 TON,,,SAE 660 / CuSn7ZnPb CONTINUOUS CAST BRONZE HOLLOW BAR FOR MOVING PLATE BUSH Ø85 X Ø70 X 45LG - 110 TON,1,MCH,Heavy VMC Face & Profile Milling,1,VEN0000002,Apex Precision VMC Machinists,Rough & finish turning OD/ID and lubrication grooves
4040100200,A-10207,MOVING PLATE BUSH Ø85 X Ø70 X 45LG - 110 TON,,,SAE 660 / CuSn7ZnPb CONTINUOUS CAST BRONZE HOLLOW BAR FOR MOVING PLATE BUSH Ø85 X Ø70 X 45LG - 110 TON,2,HON,Deep Hole Diamond Honing (Ra 0.1 µm),1,VEN0000006,Sardar Cylindrical & Surface Grinding,Diamond honing internal bore to H7 tolerance
4040100200,A-10207,MOVING PLATE BUSH Ø85 X Ø70 X 45LG - 110 TON,,,SAE 660 / CuSn7ZnPb CONTINUOUS CAST BRONZE HOLLOW BAR FOR MOVING PLATE BUSH Ø85 X Ø70 X 45LG - 110 TON,3,GRD,Precision Cylindrical & Surface Grinding,1,VEN0000006,Sardar Cylindrical & Surface Grinding,Finish OD grinding to m6 fit
4040100800,A-10986,CROSS HEAD BUSH Ø60 X Ø50 X 30LG - 110 TON,,,SAE 660 / CuSn7ZnPb CONTINUOUS CAST BRONZE HOLLOW BAR FOR CROSS HEAD BUSH Ø60 X Ø50 X 30LG - 110 TON,1,MCH,Heavy VMC Face & Profile Milling,1,VEN0000002,Apex Precision VMC Machinists,Rough & finish turning OD/ID and lubrication grooves
4040100800,A-10986,CROSS HEAD BUSH Ø60 X Ø50 X 30LG - 110 TON,,,SAE 660 / CuSn7ZnPb CONTINUOUS CAST BRONZE HOLLOW BAR FOR CROSS HEAD BUSH Ø60 X Ø50 X 30LG - 110 TON,2,HON,Deep Hole Diamond Honing (Ra 0.1 µm),1,VEN0000006,Sardar Cylindrical & Surface Grinding,Diamond honing internal bore to H7 tolerance
4040100800,A-10986,CROSS HEAD BUSH Ø60 X Ø50 X 30LG - 110 TON,,,SAE 660 / CuSn7ZnPb CONTINUOUS CAST BRONZE HOLLOW BAR FOR CROSS HEAD BUSH Ø60 X Ø50 X 30LG - 110 TON,3,GRD,Precision Cylindrical & Surface Grinding,1,VEN0000006,Sardar Cylindrical & Surface Grinding,Finish OD grinding to m6 fit
4040200200,A-10192,TOGGLE SMALL GRAPHITE BUSH Ø45 X Ø35 X 60LG - 110 TON,,,SAE 660 / CuSn7ZnPb CONTINUOUS CAST BRONZE HOLLOW BAR FOR TOGGLE SMALL GRAPHITE BUSH Ø45 X Ø35 X 60LG - 110 TON,1,MCH,Heavy VMC Face & Profile Milling,1,VEN0000002,Apex Precision VMC Machinists,Rough & finish turning OD/ID and lubrication grooves
4040200200,A-10192,TOGGLE SMALL GRAPHITE BUSH Ø45 X Ø35 X 60LG - 110 TON,,,SAE 660 / CuSn7ZnPb CONTINUOUS CAST BRONZE HOLLOW BAR FOR TOGGLE SMALL GRAPHITE BUSH Ø45 X Ø35 X 60LG - 110 TON,2,HON,Deep Hole Diamond Honing (Ra 0.1 µm),1,VEN0000006,Sardar Cylindrical & Surface Grinding,Diamond honing internal bore to H7 tolerance
4040200200,A-10192,TOGGLE SMALL GRAPHITE BUSH Ø45 X Ø35 X 60LG - 110 TON,,,SAE 660 / CuSn7ZnPb CONTINUOUS CAST BRONZE HOLLOW BAR FOR TOGGLE SMALL GRAPHITE BUSH Ø45 X Ø35 X 60LG - 110 TON,3,GRD,Precision Cylindrical & Surface Grinding,1,VEN0000006,Sardar Cylindrical & Surface Grinding,Finish OD grinding to m6 fit
4040200800,A-10197,TOGGLE BIG GRAPHITE BUSH Ø75 X Ø60 X 70LG - 110 TON,,,SAE 660 / CuSn7ZnPb CONTINUOUS CAST BRONZE HOLLOW BAR FOR TOGGLE BIG GRAPHITE BUSH Ø75 X Ø60 X 70LG - 110 TON,1,MCH,Heavy VMC Face & Profile Milling,1,VEN0000002,Apex Precision VMC Machinists,Rough & finish turning OD/ID and lubrication grooves
4040200800,A-10197,TOGGLE BIG GRAPHITE BUSH Ø75 X Ø60 X 70LG - 110 TON,,,SAE 660 / CuSn7ZnPb CONTINUOUS CAST BRONZE HOLLOW BAR FOR TOGGLE BIG GRAPHITE BUSH Ø75 X Ø60 X 70LG - 110 TON,2,HON,Deep Hole Diamond Honing (Ra 0.1 µm),1,VEN0000006,Sardar Cylindrical & Surface Grinding,Diamond honing internal bore to H7 tolerance
4040200800,A-10197,TOGGLE BIG GRAPHITE BUSH Ø75 X Ø60 X 70LG - 110 TON,,,SAE 660 / CuSn7ZnPb CONTINUOUS CAST BRONZE HOLLOW BAR FOR TOGGLE BIG GRAPHITE BUSH Ø75 X Ø60 X 70LG - 110 TON,3,GRD,Precision Cylindrical & Surface Grinding,1,VEN0000006,Sardar Cylindrical & Surface Grinding,Finish OD grinding to m6 fit
4110012800,A-10143,STATIONARY PLATE TOGGLE - 140 TON,4001000300,13201,STATIONARY PLATE TOGGLE - 140 TON (CASTING),1,MCH,Heavy VMC Face & Profile Milling,2,VEN0000002,Apex Precision VMC Machinists,Rough & finish top/bottom platen face to 0.02mm flat
4110012800,A-10143,STATIONARY PLATE TOGGLE - 140 TON,4001000300,13201,STATIONARY PLATE TOGGLE - 140 TON (CASTING),2,BOR,Precision CNC Line Boring (H7),3,VEN0000002,Apex Precision VMC Machinists,Bore 4x Tie bar holes to H7 tolerance
4110012800,A-10143,STATIONARY PLATE TOGGLE - 140 TON,4001000300,13201,STATIONARY PLATE TOGGLE - 140 TON (CASTING),3,DRL,CNC Pattern Drilling & Tapping (PCD),1,VEN0000002,Apex Precision VMC Machinists,M16/M20 mould clamp tapped holes as per drawing
4110012800,A-10143,STATIONARY PLATE TOGGLE - 140 TON,4001000300,13201,STATIONARY PLATE TOGGLE - 140 TON (CASTING),4,HT,Stress Relieving & Normalizing Heat Treatment,2,VEN0000004,Gujarat Heat Treaters & Nitriding,Normalize thermal stress at 550°C
4110012800,A-10143,STATIONARY PLATE TOGGLE - 140 TON,4001000300,13201,STATIONARY PLATE TOGGLE - 140 TON (CASTING),5,GRD,Precision Cylindrical & Surface Grinding,1,VEN0000006,Sardar Cylindrical & Surface Grinding,Precision surface grind to Ra 0.4 µm & rust preventive oil
4110012900,A-10148,MOVING PLATE TOGGLE - 140 TON,4001001400,13202,MOVING PLATE  TOGGLE - 140 TON (CASTING),1,MCH,Heavy VMC Face & Profile Milling,2,VEN0000002,Apex Precision VMC Machinists,Rough & finish top/bottom platen face to 0.02mm flat
4110012900,A-10148,MOVING PLATE TOGGLE - 140 TON,4001001400,13202,MOVING PLATE  TOGGLE - 140 TON (CASTING),2,BOR,Precision CNC Line Boring (H7),3,VEN0000002,Apex Precision VMC Machinists,Bore 4x Tie bar holes to H7 tolerance
4110012900,A-10148,MOVING PLATE TOGGLE - 140 TON,4001001400,13202,MOVING PLATE  TOGGLE - 140 TON (CASTING),3,DRL,CNC Pattern Drilling & Tapping (PCD),1,VEN0000002,Apex Precision VMC Machinists,M16/M20 mould clamp tapped holes as per drawing
4110012900,A-10148,MOVING PLATE TOGGLE - 140 TON,4001001400,13202,MOVING PLATE  TOGGLE - 140 TON (CASTING),4,HT,Stress Relieving & Normalizing Heat Treatment,2,VEN0000004,Gujarat Heat Treaters & Nitriding,Normalize thermal stress at 550°C
4110012900,A-10148,MOVING PLATE TOGGLE - 140 TON,4001001400,13202,MOVING PLATE  TOGGLE - 140 TON (CASTING),5,GRD,Precision Cylindrical & Surface Grinding,1,VEN0000006,Sardar Cylindrical & Surface Grinding,Precision surface grind to Ra 0.4 µm & rust preventive oil
4110013000,A-10183,END PLATE - 140 TON,4001002500,13203,END PLATE - 140 TON (CASTING),1,MCH,Heavy VMC Face & Profile Milling,2,VEN0000002,Apex Precision VMC Machinists,Rough & finish top/bottom platen face to 0.02mm flat
4110013000,A-10183,END PLATE - 140 TON,4001002500,13203,END PLATE - 140 TON (CASTING),2,BOR,Precision CNC Line Boring (H7),3,VEN0000002,Apex Precision VMC Machinists,Bore 4x Tie bar holes to H7 tolerance
4110013000,A-10183,END PLATE - 140 TON,4001002500,13203,END PLATE - 140 TON (CASTING),3,DRL,CNC Pattern Drilling & Tapping (PCD),1,VEN0000002,Apex Precision VMC Machinists,M16/M20 mould clamp tapped holes as per drawing
4110013000,A-10183,END PLATE - 140 TON,4001002500,13203,END PLATE - 140 TON (CASTING),4,HT,Stress Relieving & Normalizing Heat Treatment,2,VEN0000004,Gujarat Heat Treaters & Nitriding,Normalize thermal stress at 550°C
4110013000,A-10183,END PLATE - 140 TON,4001002500,13203,END PLATE - 140 TON (CASTING),5,GRD,Precision Cylindrical & Surface Grinding,1,VEN0000006,Sardar Cylindrical & Surface Grinding,Precision surface grind to Ra 0.4 µm & rust preventive oil
4110013100,A-10178,CROSS HEAD - 140 TON,4001003800,13204,CROSS HEAD - 140 TON (CASTING),1,MCH,Heavy VMC Face & Profile Milling,2,VEN0000002,Apex Precision VMC Machinists,"Side faces, triangular profile and pivot bosses milled on 4-axis CNC"
4110013100,A-10178,CROSS HEAD - 140 TON,4001003800,13204,CROSS HEAD - 140 TON (CASTING),2,BOR,Precision CNC Line Boring (H7),2,VEN0000002,Apex Precision VMC Machinists,Line bore pivot pin holes with 0.015mm center-to-center pitch accuracy
4110013100,A-10178,CROSS HEAD - 140 TON,4001003800,13204,CROSS HEAD - 140 TON (CASTING),3,NIT,Deep Gas Nitriding & Hardening (65-68 HRC),2,VEN0000004,Gujarat Heat Treaters & Nitriding,Gas nitriding 500-600 HV case depth 0.3mm
4110013100,A-10178,CROSS HEAD - 140 TON,4001003800,13204,CROSS HEAD - 140 TON (CASTING),4,BSH,Phosphor Bronze Bushing Press-Fit & Honing,1,VEN0000002,Apex Precision VMC Machinists,Phosphor bronze bushing press fit and ID diamond honing
4110013200,A-10173,CROSS HEAD LINK - 140 TON,4001004400,13207,CROSS HEAD LINK - 140 TON (CASTING),1,MCH,Heavy VMC Face & Profile Milling,2,VEN0000002,Apex Precision VMC Machinists,"Side faces, triangular profile and pivot bosses milled on 4-axis CNC"
4110013200,A-10173,CROSS HEAD LINK - 140 TON,4001004400,13207,CROSS HEAD LINK - 140 TON (CASTING),2,BOR,Precision CNC Line Boring (H7),2,VEN0000002,Apex Precision VMC Machinists,Line bore pivot pin holes with 0.015mm center-to-center pitch accuracy
4110013200,A-10173,CROSS HEAD LINK - 140 TON,4001004400,13207,CROSS HEAD LINK - 140 TON (CASTING),3,NIT,Deep Gas Nitriding & Hardening (65-68 HRC),2,VEN0000004,Gujarat Heat Treaters & Nitriding,Gas nitriding 500-600 HV case depth 0.3mm
4110013200,A-10173,CROSS HEAD LINK - 140 TON,4001004400,13207,CROSS HEAD LINK - 140 TON (CASTING),4,BSH,Phosphor Bronze Bushing Press-Fit & Honing,1,VEN0000002,Apex Precision VMC Machinists,Phosphor bronze bushing press fit and ID diamond honing
4110013300,A-10153,BINARY LINK - 140 TON,4001005000,13205,BINARY LINK - 140 TON (CASTING),1,MCH,Heavy VMC Face & Profile Milling,2,VEN0000002,Apex Precision VMC Machinists,"Side faces, triangular profile and pivot bosses milled on 4-axis CNC"
4110013300,A-10153,BINARY LINK - 140 TON,4001005000,13205,BINARY LINK - 140 TON (CASTING),2,BOR,Precision CNC Line Boring (H7),2,VEN0000002,Apex Precision VMC Machinists,Line bore pivot pin holes with 0.015mm center-to-center pitch accuracy
4110013300,A-10153,BINARY LINK - 140 TON,4001005000,13205,BINARY LINK - 140 TON (CASTING),3,NIT,Deep Gas Nitriding & Hardening (65-68 HRC),2,VEN0000004,Gujarat Heat Treaters & Nitriding,Gas nitriding 500-600 HV case depth 0.3mm
4110013300,A-10153,BINARY LINK - 140 TON,4001005000,13205,BINARY LINK - 140 TON (CASTING),4,BSH,Phosphor Bronze Bushing Press-Fit & Honing,1,VEN0000002,Apex Precision VMC Machinists,Phosphor bronze bushing press fit and ID diamond honing
4110013400,A-10163,TERNARY LINK - 140 TON,4001005600,13206,TERNARY LINK - 140 TON (CASTING),1,MCH,Heavy VMC Face & Profile Milling,2,VEN0000002,Apex Precision VMC Machinists,"Side faces, triangular profile and pivot bosses milled on 4-axis CNC"
4110013400,A-10163,TERNARY LINK - 140 TON,4001005600,13206,TERNARY LINK - 140 TON (CASTING),2,BOR,Precision CNC Line Boring (H7),2,VEN0000002,Apex Precision VMC Machinists,Line bore pivot pin holes with 0.015mm center-to-center pitch accuracy
4110013400,A-10163,TERNARY LINK - 140 TON,4001005600,13206,TERNARY LINK - 140 TON (CASTING),3,NIT,Deep Gas Nitriding & Hardening (65-68 HRC),2,VEN0000004,Gujarat Heat Treaters & Nitriding,Gas nitriding 500-600 HV case depth 0.3mm
4110013400,A-10163,TERNARY LINK - 140 TON,4001005600,13206,TERNARY LINK - 140 TON (CASTING),4,BSH,Phosphor Bronze Bushing Press-Fit & Honing,1,VEN0000002,Apex Precision VMC Machinists,Phosphor bronze bushing press fit and ID diamond honing
4110013500,A-10162,TERNARY LINK RH - 140 TON,4001005600,13206,TERNARY LINK - 140 TON (CASTING),1,MCH,Heavy VMC Face & Profile Milling,2,VEN0000002,Apex Precision VMC Machinists,"Side faces, triangular profile and pivot bosses milled on 4-axis CNC"
4110013500,A-10162,TERNARY LINK RH - 140 TON,4001005600,13206,TERNARY LINK - 140 TON (CASTING),2,BOR,Precision CNC Line Boring (H7),2,VEN0000002,Apex Precision VMC Machinists,Line bore pivot pin holes with 0.015mm center-to-center pitch accuracy
4110013500,A-10162,TERNARY LINK RH - 140 TON,4001005600,13206,TERNARY LINK - 140 TON (CASTING),3,NIT,Deep Gas Nitriding & Hardening (65-68 HRC),2,VEN0000004,Gujarat Heat Treaters & Nitriding,Gas nitriding 500-600 HV case depth 0.3mm
4110013500,A-10162,TERNARY LINK RH - 140 TON,4001005600,13206,TERNARY LINK - 140 TON (CASTING),4,BSH,Phosphor Bronze Bushing Press-Fit & Honing,1,VEN0000002,Apex Precision VMC Machinists,Phosphor bronze bushing press fit and ID diamond honing
4110013600,A-10164,TERNARY LINK LH - 140 TON,4001005600,13206,TERNARY LINK - 140 TON (CASTING),1,MCH,Heavy VMC Face & Profile Milling,2,VEN0000002,Apex Precision VMC Machinists,"Side faces, triangular profile and pivot bosses milled on 4-axis CNC"
4110013600,A-10164,TERNARY LINK LH - 140 TON,4001005600,13206,TERNARY LINK - 140 TON (CASTING),2,BOR,Precision CNC Line Boring (H7),2,VEN0000002,Apex Precision VMC Machinists,Line bore pivot pin holes with 0.015mm center-to-center pitch accuracy
4110013600,A-10164,TERNARY LINK LH - 140 TON,4001005600,13206,TERNARY LINK - 140 TON (CASTING),3,NIT,Deep Gas Nitriding & Hardening (65-68 HRC),2,VEN0000004,Gujarat Heat Treaters & Nitriding,Gas nitriding 500-600 HV case depth 0.3mm
4110013600,A-10164,TERNARY LINK LH - 140 TON,4001005600,13206,TERNARY LINK - 140 TON (CASTING),4,BSH,Phosphor Bronze Bushing Press-Fit & Honing,1,VEN0000002,Apex Precision VMC Machinists,Phosphor bronze bushing press fit and ID diamond honing
4110013700,A-10253,GEAR NUT RETAINER - 140 TON,4001007100,13209,GEAR NUT RETAINER - 140 TON (CASTING),1,MCH,Heavy VMC Face & Profile Milling,2,VEN0000002,Apex Precision VMC Machinists,CNC turning and facing register bore to tolerance
4110013700,A-10253,GEAR NUT RETAINER - 140 TON,4001007100,13209,GEAR NUT RETAINER - 140 TON (CASTING),2,BOR,Precision CNC Line Boring (H7),2,VEN0000002,Apex Precision VMC Machinists,Line boring spigot and locating bores to H7
4110013700,A-10253,GEAR NUT RETAINER - 140 TON,4001007100,13209,GEAR NUT RETAINER - 140 TON (CASTING),3,DRL,CNC Pattern Drilling & Tapping (PCD),1,VEN0000002,Apex Precision VMC Machinists,PCD drilling and tapped mounting ports
4110013800,A-10231,MOVING PLATE SLIDING BLOCK - 140 TON,,,RAW STOCK / FORGING FOR MOVING PLATE SLIDING BLOCK - 140 TON,1,MCH,Heavy VMC Face & Profile Milling,2,VEN0000002,Apex Precision VMC Machinists,CNC turning and facing register bore to tolerance
4110013800,A-10231,MOVING PLATE SLIDING BLOCK - 140 TON,,,RAW STOCK / FORGING FOR MOVING PLATE SLIDING BLOCK - 140 TON,2,BOR,Precision CNC Line Boring (H7),2,VEN0000002,Apex Precision VMC Machinists,Line boring spigot and locating bores to H7
4110013800,A-10231,MOVING PLATE SLIDING BLOCK - 140 TON,,,RAW STOCK / FORGING FOR MOVING PLATE SLIDING BLOCK - 140 TON,3,DRL,CNC Pattern Drilling & Tapping (PCD),1,VEN0000002,Apex Precision VMC Machinists,PCD drilling and tapped mounting ports
4110013900,A-10138,TIE BAR Ø80 - 140 TON TOGGLE,,,EN19 / 42CrMo4 ROUND BAR (FORGED & PEEL-TURNED) FOR TIE BAR Ø80 - 140 TON TOGGLE,1,MCH,Heavy VMC Face & Profile Milling,3,VEN0000002,Apex Precision VMC Machinists,Rough turn OD leaving 0.8mm grinding allowance
4110013900,A-10138,TIE BAR Ø80 - 140 TON TOGGLE,,,EN19 / 42CrMo4 ROUND BAR (FORGED & PEEL-TURNED) FOR TIE BAR Ø80 - 140 TON TOGGLE,2,MCH,Heavy VMC Face & Profile Milling,2,VEN0000002,Apex Precision VMC Machinists,Precision buttress thread whirling for split nut clamping
4110013900,A-10138,TIE BAR Ø80 - 140 TON TOGGLE,,,EN19 / 42CrMo4 ROUND BAR (FORGED & PEEL-TURNED) FOR TIE BAR Ø80 - 140 TON TOGGLE,3,IND,Medium Frequency Induction Hardening,3,VEN0000004,Gujarat Heat Treaters & Nitriding,"Full length induction hardening to 52-56 HRC, 2.5mm depth"
4110013900,A-10138,TIE BAR Ø80 - 140 TON TOGGLE,,,EN19 / 42CrMo4 ROUND BAR (FORGED & PEEL-TURNED) FOR TIE BAR Ø80 - 140 TON TOGGLE,4,GRD,Precision Cylindrical & Surface Grinding,2,VEN0000006,Sardar Cylindrical & Surface Grinding,"Centerless cylindrical grinding to h6 tolerance, straightness 0.02/m"
4110013900,A-10138,TIE BAR Ø80 - 140 TON TOGGLE,,,EN19 / 42CrMo4 ROUND BAR (FORGED & PEEL-TURNED) FOR TIE BAR Ø80 - 140 TON TOGGLE,5,PLT,Hard Chrome Plating (25-30 Microns),3,VEN0000007,Hard Chrome Plating Corporation,Hard chrome plating (25-30 microns) & mirror polish to Ra 0.15 µm
4110014000,A-10128,TIE BAR LOCATING PLATE - 140 TON,,,RAW STOCK / FORGING FOR TIE BAR LOCATING PLATE - 140 TON,1,MCH,Heavy VMC Face & Profile Milling,3,VEN0000002,Apex Precision VMC Machinists,Rough turn OD leaving 0.8mm grinding allowance
4110014000,A-10128,TIE BAR LOCATING PLATE - 140 TON,,,RAW STOCK / FORGING FOR TIE BAR LOCATING PLATE - 140 TON,2,MCH,Heavy VMC Face & Profile Milling,2,VEN0000002,Apex Precision VMC Machinists,Precision buttress thread whirling for split nut clamping
4110014000,A-10128,TIE BAR LOCATING PLATE - 140 TON,,,RAW STOCK / FORGING FOR TIE BAR LOCATING PLATE - 140 TON,3,IND,Medium Frequency Induction Hardening,3,VEN0000004,Gujarat Heat Treaters & Nitriding,"Full length induction hardening to 52-56 HRC, 2.5mm depth"
4110014000,A-10128,TIE BAR LOCATING PLATE - 140 TON,,,RAW STOCK / FORGING FOR TIE BAR LOCATING PLATE - 140 TON,4,GRD,Precision Cylindrical & Surface Grinding,2,VEN0000006,Sardar Cylindrical & Surface Grinding,"Centerless cylindrical grinding to h6 tolerance, straightness 0.02/m"
4110014000,A-10128,TIE BAR LOCATING PLATE - 140 TON,,,RAW STOCK / FORGING FOR TIE BAR LOCATING PLATE - 140 TON,5,PLT,Hard Chrome Plating (25-30 Microns),3,VEN0000007,Hard Chrome Plating Corporation,Hard chrome plating (25-30 microns) & mirror polish to Ra 0.15 µm
4110014100,A-10336,TOGGLE SMALL PIN Ø40 - 140 TON,,,RAW STOCK / FORGING FOR TOGGLE SMALL PIN Ø40 - 140 TON,1,MCH,Heavy VMC Face & Profile Milling,2,VEN0000002,Apex Precision VMC Machinists,CNC turning and facing register bore to tolerance
4110014100,A-10336,TOGGLE SMALL PIN Ø40 - 140 TON,,,RAW STOCK / FORGING FOR TOGGLE SMALL PIN Ø40 - 140 TON,2,BOR,Precision CNC Line Boring (H7),2,VEN0000002,Apex Precision VMC Machinists,Line boring spigot and locating bores to H7
4110014100,A-10336,TOGGLE SMALL PIN Ø40 - 140 TON,,,RAW STOCK / FORGING FOR TOGGLE SMALL PIN Ø40 - 140 TON,3,DRL,CNC Pattern Drilling & Tapping (PCD),1,VEN0000002,Apex Precision VMC Machinists,PCD drilling and tapped mounting ports
4110014200,A-10189,TOGGLE SMALL PIN LOCKING STRIP – 140 TON,,,RAW STOCK / FORGING FOR TOGGLE SMALL PIN LOCKING STRIP – 140 TON,1,MCH,Heavy VMC Face & Profile Milling,2,VEN0000002,Apex Precision VMC Machinists,CNC turning and facing register bore to tolerance
4110014200,A-10189,TOGGLE SMALL PIN LOCKING STRIP – 140 TON,,,RAW STOCK / FORGING FOR TOGGLE SMALL PIN LOCKING STRIP – 140 TON,2,BOR,Precision CNC Line Boring (H7),2,VEN0000002,Apex Precision VMC Machinists,Line boring spigot and locating bores to H7
4110014200,A-10189,TOGGLE SMALL PIN LOCKING STRIP – 140 TON,,,RAW STOCK / FORGING FOR TOGGLE SMALL PIN LOCKING STRIP – 140 TON,3,DRL,CNC Pattern Drilling & Tapping (PCD),1,VEN0000002,Apex Precision VMC Machinists,PCD drilling and tapped mounting ports
4110014300,A-10331,TOGGLE BIG PIN Ø70 - 140 TON,,,RAW STOCK / FORGING FOR TOGGLE BIG PIN Ø70 - 140 TON,1,MCH,Heavy VMC Face & Profile Milling,2,VEN0000002,Apex Precision VMC Machinists,CNC turning and facing register bore to tolerance
4110014300,A-10331,TOGGLE BIG PIN Ø70 - 140 TON,,,RAW STOCK / FORGING FOR TOGGLE BIG PIN Ø70 - 140 TON,2,BOR,Precision CNC Line Boring (H7),2,VEN0000002,Apex Precision VMC Machinists,Line boring spigot and locating bores to H7
4110014300,A-10331,TOGGLE BIG PIN Ø70 - 140 TON,,,RAW STOCK / FORGING FOR TOGGLE BIG PIN Ø70 - 140 TON,3,DRL,CNC Pattern Drilling & Tapping (PCD),1,VEN0000002,Apex Precision VMC Machinists,PCD drilling and tapped mounting ports
4110014400,A-10213,CROSS HEAD GUIDE ROD Ø55 - 140 TON,,,EN8D / CK45 INDUCTION HARDENED CHROME STEEL ROD FOR CROSS HEAD GUIDE ROD Ø55 - 140 TON,1,MCH,Heavy VMC Face & Profile Milling,3,VEN0000002,Apex Precision VMC Machinists,Rough turn OD leaving 0.8mm grinding allowance
4110014400,A-10213,CROSS HEAD GUIDE ROD Ø55 - 140 TON,,,EN8D / CK45 INDUCTION HARDENED CHROME STEEL ROD FOR CROSS HEAD GUIDE ROD Ø55 - 140 TON,2,MCH,Heavy VMC Face & Profile Milling,2,VEN0000002,Apex Precision VMC Machinists,Precision buttress thread whirling for split nut clamping
4110014400,A-10213,CROSS HEAD GUIDE ROD Ø55 - 140 TON,,,EN8D / CK45 INDUCTION HARDENED CHROME STEEL ROD FOR CROSS HEAD GUIDE ROD Ø55 - 140 TON,3,IND,Medium Frequency Induction Hardening,3,VEN0000004,Gujarat Heat Treaters & Nitriding,"Full length induction hardening to 52-56 HRC, 2.5mm depth"
4110014400,A-10213,CROSS HEAD GUIDE ROD Ø55 - 140 TON,,,EN8D / CK45 INDUCTION HARDENED CHROME STEEL ROD FOR CROSS HEAD GUIDE ROD Ø55 - 140 TON,4,GRD,Precision Cylindrical & Surface Grinding,2,VEN0000006,Sardar Cylindrical & Surface Grinding,"Centerless cylindrical grinding to h6 tolerance, straightness 0.02/m"
4110014400,A-10213,CROSS HEAD GUIDE ROD Ø55 - 140 TON,,,EN8D / CK45 INDUCTION HARDENED CHROME STEEL ROD FOR CROSS HEAD GUIDE ROD Ø55 - 140 TON,5,PLT,Hard Chrome Plating (25-30 Microns),3,VEN0000007,Hard Chrome Plating Corporation,Hard chrome plating (25-30 microns) & mirror polish to Ra 0.15 µm
4110014500,A-10218,CROSS HEAD GUIDE ROD LOCATING PLATE - 140 TON,,,EN8D / CK45 INDUCTION HARDENED CHROME STEEL ROD FOR CROSS HEAD GUIDE ROD LOCATING PLATE - 140 TON,1,MCH,Heavy VMC Face & Profile Milling,3,VEN0000002,Apex Precision VMC Machinists,Rough turn OD leaving 0.8mm grinding allowance
4110014500,A-10218,CROSS HEAD GUIDE ROD LOCATING PLATE - 140 TON,,,EN8D / CK45 INDUCTION HARDENED CHROME STEEL ROD FOR CROSS HEAD GUIDE ROD LOCATING PLATE - 140 TON,2,MCH,Heavy VMC Face & Profile Milling,2,VEN0000002,Apex Precision VMC Machinists,Precision buttress thread whirling for split nut clamping
4110014500,A-10218,CROSS HEAD GUIDE ROD LOCATING PLATE - 140 TON,,,EN8D / CK45 INDUCTION HARDENED CHROME STEEL ROD FOR CROSS HEAD GUIDE ROD LOCATING PLATE - 140 TON,3,IND,Medium Frequency Induction Hardening,3,VEN0000004,Gujarat Heat Treaters & Nitriding,"Full length induction hardening to 52-56 HRC, 2.5mm depth"
4110014500,A-10218,CROSS HEAD GUIDE ROD LOCATING PLATE - 140 TON,,,EN8D / CK45 INDUCTION HARDENED CHROME STEEL ROD FOR CROSS HEAD GUIDE ROD LOCATING PLATE - 140 TON,4,GRD,Precision Cylindrical & Surface Grinding,2,VEN0000006,Sardar Cylindrical & Surface Grinding,"Centerless cylindrical grinding to h6 tolerance, straightness 0.02/m"
4110014500,A-10218,CROSS HEAD GUIDE ROD LOCATING PLATE - 140 TON,,,EN8D / CK45 INDUCTION HARDENED CHROME STEEL ROD FOR CROSS HEAD GUIDE ROD LOCATING PLATE - 140 TON,5,PLT,Hard Chrome Plating (25-30 Microns),3,VEN0000007,Hard Chrome Plating Corporation,Hard chrome plating (25-30 microns) & mirror polish to Ra 0.15 µm
4110014600,A-10203,MOVING PLATE WIPER RETAINER - 140 TON,,,RAW STOCK / FORGING FOR MOVING PLATE WIPER RETAINER - 140 TON,1,MCH,Heavy VMC Face & Profile Milling,2,VEN0000002,Apex Precision VMC Machinists,CNC turning and facing register bore to tolerance
4110014600,A-10203,MOVING PLATE WIPER RETAINER - 140 TON,,,RAW STOCK / FORGING FOR MOVING PLATE WIPER RETAINER - 140 TON,2,BOR,Precision CNC Line Boring (H7),2,VEN0000002,Apex Precision VMC Machinists,Line boring spigot and locating bores to H7
4110014600,A-10203,MOVING PLATE WIPER RETAINER - 140 TON,,,RAW STOCK / FORGING FOR MOVING PLATE WIPER RETAINER - 140 TON,3,DRL,CNC Pattern Drilling & Tapping (PCD),1,VEN0000002,Apex Precision VMC Machinists,PCD drilling and tapped mounting ports
4110014700,A-10227,EJECTOR PLATE GUIDE ROD - 140 TON,,,EN8D / CK45 INDUCTION HARDENED CHROME STEEL ROD FOR EJECTOR PLATE GUIDE ROD - 140 TON,1,MCH,Heavy VMC Face & Profile Milling,3,VEN0000002,Apex Precision VMC Machinists,Rough turn OD leaving 0.8mm grinding allowance
4110014700,A-10227,EJECTOR PLATE GUIDE ROD - 140 TON,,,EN8D / CK45 INDUCTION HARDENED CHROME STEEL ROD FOR EJECTOR PLATE GUIDE ROD - 140 TON,2,MCH,Heavy VMC Face & Profile Milling,2,VEN0000002,Apex Precision VMC Machinists,Precision buttress thread whirling for split nut clamping
4110014700,A-10227,EJECTOR PLATE GUIDE ROD - 140 TON,,,EN8D / CK45 INDUCTION HARDENED CHROME STEEL ROD FOR EJECTOR PLATE GUIDE ROD - 140 TON,3,IND,Medium Frequency Induction Hardening,3,VEN0000004,Gujarat Heat Treaters & Nitriding,"Full length induction hardening to 52-56 HRC, 2.5mm depth"
4110014700,A-10227,EJECTOR PLATE GUIDE ROD - 140 TON,,,EN8D / CK45 INDUCTION HARDENED CHROME STEEL ROD FOR EJECTOR PLATE GUIDE ROD - 140 TON,4,GRD,Precision Cylindrical & Surface Grinding,2,VEN0000006,Sardar Cylindrical & Surface Grinding,"Centerless cylindrical grinding to h6 tolerance, straightness 0.02/m"
4110014700,A-10227,EJECTOR PLATE GUIDE ROD - 140 TON,,,EN8D / CK45 INDUCTION HARDENED CHROME STEEL ROD FOR EJECTOR PLATE GUIDE ROD - 140 TON,5,PLT,Hard Chrome Plating (25-30 Microns),3,VEN0000007,Hard Chrome Plating Corporation,Hard chrome plating (25-30 microns) & mirror polish to Ra 0.15 µm
4010100400,A-10258,SUN GEAR - 140 TON (MODULE-3 TEETH-197),4001006500,13208,SUN GEAR - 140 TON (MODULE-3 TEETH-197) (CASTING),1,MCH,Heavy VMC Face & Profile Milling,2,VEN0000002,Apex Precision VMC Machinists,"CNC turning OD, ID bore and mounting face"
4010100400,A-10258,SUN GEAR - 140 TON (MODULE-3 TEETH-197),4001006500,13208,SUN GEAR - 140 TON (MODULE-3 TEETH-197) (CASTING),2,HOB,Precision Gear Hobbing & Pinion Cutting,3,VEN0000005,Maruti Precision Gear Works,Precision gear hobbing as per DIN Class 8 standard
4010100400,A-10258,SUN GEAR - 140 TON (MODULE-3 TEETH-197),4001006500,13208,SUN GEAR - 140 TON (MODULE-3 TEETH-197) (CASTING),3,HT,Stress Relieving & Normalizing Heat Treatment,2,VEN0000004,Gujarat Heat Treaters & Nitriding,"Case hardening teeth to 58-62 HRC, core 32 HRC"
4010100400,A-10258,SUN GEAR - 140 TON (MODULE-3 TEETH-197),4001006500,13208,SUN GEAR - 140 TON (MODULE-3 TEETH-197) (CASTING),4,GGRD,DIN Class 6 Gear Teeth Profile Grinding,2,VEN0000005,Maruti Precision Gear Works,DIN Class 6 profile grinding for silent operation
4020100300,A-10133,TIE BAR NUT M80 X 3 - 140 TON TOGGLE,,,RAW STOCK / FORGING FOR TIE BAR NUT M80 X 3 - 140 TON TOGGLE,1,MCH,Heavy VMC Face & Profile Milling,3,VEN0000002,Apex Precision VMC Machinists,Rough turn OD leaving 0.8mm grinding allowance
4020100300,A-10133,TIE BAR NUT M80 X 3 - 140 TON TOGGLE,,,RAW STOCK / FORGING FOR TIE BAR NUT M80 X 3 - 140 TON TOGGLE,2,MCH,Heavy VMC Face & Profile Milling,2,VEN0000002,Apex Precision VMC Machinists,Precision buttress thread whirling for split nut clamping
4020100300,A-10133,TIE BAR NUT M80 X 3 - 140 TON TOGGLE,,,RAW STOCK / FORGING FOR TIE BAR NUT M80 X 3 - 140 TON TOGGLE,3,IND,Medium Frequency Induction Hardening,3,VEN0000004,Gujarat Heat Treaters & Nitriding,"Full length induction hardening to 52-56 HRC, 2.5mm depth"
4020100300,A-10133,TIE BAR NUT M80 X 3 - 140 TON TOGGLE,,,RAW STOCK / FORGING FOR TIE BAR NUT M80 X 3 - 140 TON TOGGLE,4,GRD,Precision Cylindrical & Surface Grinding,2,VEN0000006,Sardar Cylindrical & Surface Grinding,"Centerless cylindrical grinding to h6 tolerance, straightness 0.02/m"
4020100300,A-10133,TIE BAR NUT M80 X 3 - 140 TON TOGGLE,,,RAW STOCK / FORGING FOR TIE BAR NUT M80 X 3 - 140 TON TOGGLE,5,PLT,Hard Chrome Plating (25-30 Microns),3,VEN0000007,Hard Chrome Plating Corporation,Hard chrome plating (25-30 microns) & mirror polish to Ra 0.15 µm
4010101000,A-10243,GEAR NUT - 140 TON (MODULE-3 TEETH-53),,,20MnCr5 CASE HARDENING STEEL BILLET FOR GEAR NUT - 140 TON (MODULE-3 TEETH-53),1,MCH,Heavy VMC Face & Profile Milling,2,VEN0000002,Apex Precision VMC Machinists,CNC turning and facing register bore to tolerance
4010101000,A-10243,GEAR NUT - 140 TON (MODULE-3 TEETH-53),,,20MnCr5 CASE HARDENING STEEL BILLET FOR GEAR NUT - 140 TON (MODULE-3 TEETH-53),2,BOR,Precision CNC Line Boring (H7),2,VEN0000002,Apex Precision VMC Machinists,Line boring spigot and locating bores to H7
4010101000,A-10243,GEAR NUT - 140 TON (MODULE-3 TEETH-53),,,20MnCr5 CASE HARDENING STEEL BILLET FOR GEAR NUT - 140 TON (MODULE-3 TEETH-53),3,DRL,CNC Pattern Drilling & Tapping (PCD),1,VEN0000002,Apex Precision VMC Machinists,PCD drilling and tapped mounting ports
4030100300,A-10248,GEAR NUT SPACER - 140 TON,,,20MnCr5 CASE HARDENING STEEL BILLET FOR GEAR NUT SPACER - 140 TON,1,MCH,Heavy VMC Face & Profile Milling,2,VEN0000002,Apex Precision VMC Machinists,CNC turning and facing register bore to tolerance
4030100300,A-10248,GEAR NUT SPACER - 140 TON,,,20MnCr5 CASE HARDENING STEEL BILLET FOR GEAR NUT SPACER - 140 TON,2,BOR,Precision CNC Line Boring (H7),2,VEN0000002,Apex Precision VMC Machinists,Line boring spigot and locating bores to H7
4030100300,A-10248,GEAR NUT SPACER - 140 TON,,,20MnCr5 CASE HARDENING STEEL BILLET FOR GEAR NUT SPACER - 140 TON,3,DRL,CNC Pattern Drilling & Tapping (PCD),1,VEN0000002,Apex Precision VMC Machinists,PCD drilling and tapped mounting ports
4040100300,A-10208,MOVING PLATE BUSH Ø95 X Ø80 X 50LG - 140 TON,,,SAE 660 / CuSn7ZnPb CONTINUOUS CAST BRONZE HOLLOW BAR FOR MOVING PLATE BUSH Ø95 X Ø80 X 50LG - 140 TON,1,MCH,Heavy VMC Face & Profile Milling,1,VEN0000002,Apex Precision VMC Machinists,Rough & finish turning OD/ID and lubrication grooves
4040100300,A-10208,MOVING PLATE BUSH Ø95 X Ø80 X 50LG - 140 TON,,,SAE 660 / CuSn7ZnPb CONTINUOUS CAST BRONZE HOLLOW BAR FOR MOVING PLATE BUSH Ø95 X Ø80 X 50LG - 140 TON,2,HON,Deep Hole Diamond Honing (Ra 0.1 µm),1,VEN0000006,Sardar Cylindrical & Surface Grinding,Diamond honing internal bore to H7 tolerance
4040100300,A-10208,MOVING PLATE BUSH Ø95 X Ø80 X 50LG - 140 TON,,,SAE 660 / CuSn7ZnPb CONTINUOUS CAST BRONZE HOLLOW BAR FOR MOVING PLATE BUSH Ø95 X Ø80 X 50LG - 140 TON,3,GRD,Precision Cylindrical & Surface Grinding,1,VEN0000006,Sardar Cylindrical & Surface Grinding,Finish OD grinding to m6 fit
4040100900,A-10987,CROSS HEAD BUSH Ø65 X Ø55 X 33LG - 140 TON,,,SAE 660 / CuSn7ZnPb CONTINUOUS CAST BRONZE HOLLOW BAR FOR CROSS HEAD BUSH Ø65 X Ø55 X 33LG - 140 TON,1,MCH,Heavy VMC Face & Profile Milling,1,VEN0000002,Apex Precision VMC Machinists,Rough & finish turning OD/ID and lubrication grooves
4040100900,A-10987,CROSS HEAD BUSH Ø65 X Ø55 X 33LG - 140 TON,,,SAE 660 / CuSn7ZnPb CONTINUOUS CAST BRONZE HOLLOW BAR FOR CROSS HEAD BUSH Ø65 X Ø55 X 33LG - 140 TON,2,HON,Deep Hole Diamond Honing (Ra 0.1 µm),1,VEN0000006,Sardar Cylindrical & Surface Grinding,Diamond honing internal bore to H7 tolerance
4040100900,A-10987,CROSS HEAD BUSH Ø65 X Ø55 X 33LG - 140 TON,,,SAE 660 / CuSn7ZnPb CONTINUOUS CAST BRONZE HOLLOW BAR FOR CROSS HEAD BUSH Ø65 X Ø55 X 33LG - 140 TON,3,GRD,Precision Cylindrical & Surface Grinding,1,VEN0000006,Sardar Cylindrical & Surface Grinding,Finish OD grinding to m6 fit
4040200300,A-10193,TOGGLE SMALL GRAPHITE BUSH Ø50 X Ø40 X 65LG - 140 TON,,,SAE 660 / CuSn7ZnPb CONTINUOUS CAST BRONZE HOLLOW BAR FOR TOGGLE SMALL GRAPHITE BUSH Ø50 X Ø40 X 65LG - 140 TON,1,MCH,Heavy VMC Face & Profile Milling,1,VEN0000002,Apex Precision VMC Machinists,Rough & finish turning OD/ID and lubrication grooves
4040200300,A-10193,TOGGLE SMALL GRAPHITE BUSH Ø50 X Ø40 X 65LG - 140 TON,,,SAE 660 / CuSn7ZnPb CONTINUOUS CAST BRONZE HOLLOW BAR FOR TOGGLE SMALL GRAPHITE BUSH Ø50 X Ø40 X 65LG - 140 TON,2,HON,Deep Hole Diamond Honing (Ra 0.1 µm),1,VEN0000006,Sardar Cylindrical & Surface Grinding,Diamond honing internal bore to H7 tolerance
4040200300,A-10193,TOGGLE SMALL GRAPHITE BUSH Ø50 X Ø40 X 65LG - 140 TON,,,SAE 660 / CuSn7ZnPb CONTINUOUS CAST BRONZE HOLLOW BAR FOR TOGGLE SMALL GRAPHITE BUSH Ø50 X Ø40 X 65LG - 140 TON,3,GRD,Precision Cylindrical & Surface Grinding,1,VEN0000006,Sardar Cylindrical & Surface Grinding,Finish OD grinding to m6 fit
4040200900,A-10199,TOGGLE BIG GRAPHITE BUSH Ø85 X Ø70 X 75LG - 140 TON,,,SAE 660 / CuSn7ZnPb CONTINUOUS CAST BRONZE HOLLOW BAR FOR TOGGLE BIG GRAPHITE BUSH Ø85 X Ø70 X 75LG - 140 TON,1,MCH,Heavy VMC Face & Profile Milling,1,VEN0000002,Apex Precision VMC Machinists,Rough & finish turning OD/ID and lubrication grooves
4040200900,A-10199,TOGGLE BIG GRAPHITE BUSH Ø85 X Ø70 X 75LG - 140 TON,,,SAE 660 / CuSn7ZnPb CONTINUOUS CAST BRONZE HOLLOW BAR FOR TOGGLE BIG GRAPHITE BUSH Ø85 X Ø70 X 75LG - 140 TON,2,HON,Deep Hole Diamond Honing (Ra 0.1 µm),1,VEN0000006,Sardar Cylindrical & Surface Grinding,Diamond honing internal bore to H7 tolerance
4040200900,A-10199,TOGGLE BIG GRAPHITE BUSH Ø85 X Ø70 X 75LG - 140 TON,,,SAE 660 / CuSn7ZnPb CONTINUOUS CAST BRONZE HOLLOW BAR FOR TOGGLE BIG GRAPHITE BUSH Ø85 X Ø70 X 75LG - 140 TON,3,GRD,Precision Cylindrical & Surface Grinding,1,VEN0000006,Sardar Cylindrical & Surface Grinding,Finish OD grinding to m6 fit
4110018300,A-10142,STATIONARY PLATE TOGGLE - 170 TON,4001000400,14201,STATIONARY PLATE TOGGLE - 170 TON (CASTING),1,MCH,Heavy VMC Face & Profile Milling,2,VEN0000002,Apex Precision VMC Machinists,Rough & finish top/bottom platen face to 0.02mm flat
4110018300,A-10142,STATIONARY PLATE TOGGLE - 170 TON,4001000400,14201,STATIONARY PLATE TOGGLE - 170 TON (CASTING),2,BOR,Precision CNC Line Boring (H7),3,VEN0000002,Apex Precision VMC Machinists,Bore 4x Tie bar holes to H7 tolerance
4110018300,A-10142,STATIONARY PLATE TOGGLE - 170 TON,4001000400,14201,STATIONARY PLATE TOGGLE - 170 TON (CASTING),3,DRL,CNC Pattern Drilling & Tapping (PCD),1,VEN0000002,Apex Precision VMC Machinists,M16/M20 mould clamp tapped holes as per drawing
4110018300,A-10142,STATIONARY PLATE TOGGLE - 170 TON,4001000400,14201,STATIONARY PLATE TOGGLE - 170 TON (CASTING),4,HT,Stress Relieving & Normalizing Heat Treatment,2,VEN0000004,Gujarat Heat Treaters & Nitriding,Normalize thermal stress at 550°C
4110018300,A-10142,STATIONARY PLATE TOGGLE - 170 TON,4001000400,14201,STATIONARY PLATE TOGGLE - 170 TON (CASTING),5,GRD,Precision Cylindrical & Surface Grinding,1,VEN0000006,Sardar Cylindrical & Surface Grinding,Precision surface grind to Ra 0.4 µm & rust preventive oil
4110018400,A-10147,MOVING PLATE TOGGLE - 170 TON,4001001500,14202,MOVING PLATE TOGGLE - 170 TON (CASTING),1,MCH,Heavy VMC Face & Profile Milling,2,VEN0000002,Apex Precision VMC Machinists,Rough & finish top/bottom platen face to 0.02mm flat
4110018400,A-10147,MOVING PLATE TOGGLE - 170 TON,4001001500,14202,MOVING PLATE TOGGLE - 170 TON (CASTING),2,BOR,Precision CNC Line Boring (H7),3,VEN0000002,Apex Precision VMC Machinists,Bore 4x Tie bar holes to H7 tolerance
4110018400,A-10147,MOVING PLATE TOGGLE - 170 TON,4001001500,14202,MOVING PLATE TOGGLE - 170 TON (CASTING),3,DRL,CNC Pattern Drilling & Tapping (PCD),1,VEN0000002,Apex Precision VMC Machinists,M16/M20 mould clamp tapped holes as per drawing
4110018400,A-10147,MOVING PLATE TOGGLE - 170 TON,4001001500,14202,MOVING PLATE TOGGLE - 170 TON (CASTING),4,HT,Stress Relieving & Normalizing Heat Treatment,2,VEN0000004,Gujarat Heat Treaters & Nitriding,Normalize thermal stress at 550°C
4110018400,A-10147,MOVING PLATE TOGGLE - 170 TON,4001001500,14202,MOVING PLATE TOGGLE - 170 TON (CASTING),5,GRD,Precision Cylindrical & Surface Grinding,1,VEN0000006,Sardar Cylindrical & Surface Grinding,Precision surface grind to Ra 0.4 µm & rust preventive oil
4110018500,A-10182,END PLATE - 170 TON,4001002600,14203,END PLATE - 170 TON (CASTING),1,MCH,Heavy VMC Face & Profile Milling,2,VEN0000002,Apex Precision VMC Machinists,Rough & finish top/bottom platen face to 0.02mm flat
4110018500,A-10182,END PLATE - 170 TON,4001002600,14203,END PLATE - 170 TON (CASTING),2,BOR,Precision CNC Line Boring (H7),3,VEN0000002,Apex Precision VMC Machinists,Bore 4x Tie bar holes to H7 tolerance
4110018500,A-10182,END PLATE - 170 TON,4001002600,14203,END PLATE - 170 TON (CASTING),3,DRL,CNC Pattern Drilling & Tapping (PCD),1,VEN0000002,Apex Precision VMC Machinists,M16/M20 mould clamp tapped holes as per drawing
4110018500,A-10182,END PLATE - 170 TON,4001002600,14203,END PLATE - 170 TON (CASTING),4,HT,Stress Relieving & Normalizing Heat Treatment,2,VEN0000004,Gujarat Heat Treaters & Nitriding,Normalize thermal stress at 550°C
4110018500,A-10182,END PLATE - 170 TON,4001002600,14203,END PLATE - 170 TON (CASTING),5,GRD,Precision Cylindrical & Surface Grinding,1,VEN0000006,Sardar Cylindrical & Surface Grinding,Precision surface grind to Ra 0.4 µm & rust preventive oil
4110018600,A-10177,CROSS HEAD - 170 TON,4001003900,14204,CROSS HEAD - 170 TON (CASTING),1,MCH,Heavy VMC Face & Profile Milling,2,VEN0000002,Apex Precision VMC Machinists,"Side faces, triangular profile and pivot bosses milled on 4-axis CNC"
4110018600,A-10177,CROSS HEAD - 170 TON,4001003900,14204,CROSS HEAD - 170 TON (CASTING),2,BOR,Precision CNC Line Boring (H7),2,VEN0000002,Apex Precision VMC Machinists,Line bore pivot pin holes with 0.015mm center-to-center pitch accuracy
4110018600,A-10177,CROSS HEAD - 170 TON,4001003900,14204,CROSS HEAD - 170 TON (CASTING),3,NIT,Deep Gas Nitriding & Hardening (65-68 HRC),2,VEN0000004,Gujarat Heat Treaters & Nitriding,Gas nitriding 500-600 HV case depth 0.3mm
4110018600,A-10177,CROSS HEAD - 170 TON,4001003900,14204,CROSS HEAD - 170 TON (CASTING),4,BSH,Phosphor Bronze Bushing Press-Fit & Honing,1,VEN0000002,Apex Precision VMC Machinists,Phosphor bronze bushing press fit and ID diamond honing
4110018700,A-10172,CROSS HEAD LINK - 170 TON,4001004500,14207,CROSS HEAD LINK - 170 TON (CASTING),1,MCH,Heavy VMC Face & Profile Milling,2,VEN0000002,Apex Precision VMC Machinists,"Side faces, triangular profile and pivot bosses milled on 4-axis CNC"
4110018700,A-10172,CROSS HEAD LINK - 170 TON,4001004500,14207,CROSS HEAD LINK - 170 TON (CASTING),2,BOR,Precision CNC Line Boring (H7),2,VEN0000002,Apex Precision VMC Machinists,Line bore pivot pin holes with 0.015mm center-to-center pitch accuracy
4110018700,A-10172,CROSS HEAD LINK - 170 TON,4001004500,14207,CROSS HEAD LINK - 170 TON (CASTING),3,NIT,Deep Gas Nitriding & Hardening (65-68 HRC),2,VEN0000004,Gujarat Heat Treaters & Nitriding,Gas nitriding 500-600 HV case depth 0.3mm
4110018700,A-10172,CROSS HEAD LINK - 170 TON,4001004500,14207,CROSS HEAD LINK - 170 TON (CASTING),4,BSH,Phosphor Bronze Bushing Press-Fit & Honing,1,VEN0000002,Apex Precision VMC Machinists,Phosphor bronze bushing press fit and ID diamond honing
4110018800,A-10152,BINARY LINK - 170 TON,4001005100,14205,BINARY LINK - 170 TON (CASTING),1,MCH,Heavy VMC Face & Profile Milling,2,VEN0000002,Apex Precision VMC Machinists,"Side faces, triangular profile and pivot bosses milled on 4-axis CNC"
4110018800,A-10152,BINARY LINK - 170 TON,4001005100,14205,BINARY LINK - 170 TON (CASTING),2,BOR,Precision CNC Line Boring (H7),2,VEN0000002,Apex Precision VMC Machinists,Line bore pivot pin holes with 0.015mm center-to-center pitch accuracy
4110018800,A-10152,BINARY LINK - 170 TON,4001005100,14205,BINARY LINK - 170 TON (CASTING),3,NIT,Deep Gas Nitriding & Hardening (65-68 HRC),2,VEN0000004,Gujarat Heat Treaters & Nitriding,Gas nitriding 500-600 HV case depth 0.3mm
4110018800,A-10152,BINARY LINK - 170 TON,4001005100,14205,BINARY LINK - 170 TON (CASTING),4,BSH,Phosphor Bronze Bushing Press-Fit & Honing,1,VEN0000002,Apex Precision VMC Machinists,Phosphor bronze bushing press fit and ID diamond honing
4110018900,A-10160,TERNARY LINK - 170 TON,4001005600,13206,TERNARY LINK - 140 TON (CASTING),1,MCH,Heavy VMC Face & Profile Milling,2,VEN0000002,Apex Precision VMC Machinists,"Side faces, triangular profile and pivot bosses milled on 4-axis CNC"
4110018900,A-10160,TERNARY LINK - 170 TON,4001005600,13206,TERNARY LINK - 140 TON (CASTING),2,BOR,Precision CNC Line Boring (H7),2,VEN0000002,Apex Precision VMC Machinists,Line bore pivot pin holes with 0.015mm center-to-center pitch accuracy
4110018900,A-10160,TERNARY LINK - 170 TON,4001005600,13206,TERNARY LINK - 140 TON (CASTING),3,NIT,Deep Gas Nitriding & Hardening (65-68 HRC),2,VEN0000004,Gujarat Heat Treaters & Nitriding,Gas nitriding 500-600 HV case depth 0.3mm
4110018900,A-10160,TERNARY LINK - 170 TON,4001005600,13206,TERNARY LINK - 140 TON (CASTING),4,BSH,Phosphor Bronze Bushing Press-Fit & Honing,1,VEN0000002,Apex Precision VMC Machinists,Phosphor bronze bushing press fit and ID diamond honing
4110019000,A-10161,TERNARY LINK RH - 170 TON,4001005600,13206,TERNARY LINK - 140 TON (CASTING),1,MCH,Heavy VMC Face & Profile Milling,2,VEN0000002,Apex Precision VMC Machinists,"Side faces, triangular profile and pivot bosses milled on 4-axis CNC"
4110019000,A-10161,TERNARY LINK RH - 170 TON,4001005600,13206,TERNARY LINK - 140 TON (CASTING),2,BOR,Precision CNC Line Boring (H7),2,VEN0000002,Apex Precision VMC Machinists,Line bore pivot pin holes with 0.015mm center-to-center pitch accuracy
4110019000,A-10161,TERNARY LINK RH - 170 TON,4001005600,13206,TERNARY LINK - 140 TON (CASTING),3,NIT,Deep Gas Nitriding & Hardening (65-68 HRC),2,VEN0000004,Gujarat Heat Treaters & Nitriding,Gas nitriding 500-600 HV case depth 0.3mm
4110019000,A-10161,TERNARY LINK RH - 170 TON,4001005600,13206,TERNARY LINK - 140 TON (CASTING),4,BSH,Phosphor Bronze Bushing Press-Fit & Honing,1,VEN0000002,Apex Precision VMC Machinists,Phosphor bronze bushing press fit and ID diamond honing
4110019100,A-10159,TERNARY LINK LH - 170 TON,4001005600,13206,TERNARY LINK - 140 TON (CASTING),1,MCH,Heavy VMC Face & Profile Milling,2,VEN0000002,Apex Precision VMC Machinists,"Side faces, triangular profile and pivot bosses milled on 4-axis CNC"
4110019100,A-10159,TERNARY LINK LH - 170 TON,4001005600,13206,TERNARY LINK - 140 TON (CASTING),2,BOR,Precision CNC Line Boring (H7),2,VEN0000002,Apex Precision VMC Machinists,Line bore pivot pin holes with 0.015mm center-to-center pitch accuracy
4110019100,A-10159,TERNARY LINK LH - 170 TON,4001005600,13206,TERNARY LINK - 140 TON (CASTING),3,NIT,Deep Gas Nitriding & Hardening (65-68 HRC),2,VEN0000004,Gujarat Heat Treaters & Nitriding,Gas nitriding 500-600 HV case depth 0.3mm
4110019100,A-10159,TERNARY LINK LH - 170 TON,4001005600,13206,TERNARY LINK - 140 TON (CASTING),4,BSH,Phosphor Bronze Bushing Press-Fit & Honing,1,VEN0000002,Apex Precision VMC Machinists,Phosphor bronze bushing press fit and ID diamond honing
4110019200,A-10252,GEAR NUT RETAINER - 170 TON,4001007200,14209,GEAR NUT RETAINER - 170 TON (CASTING),1,MCH,Heavy VMC Face & Profile Milling,2,VEN0000002,Apex Precision VMC Machinists,CNC turning and facing register bore to tolerance
4110019200,A-10252,GEAR NUT RETAINER - 170 TON,4001007200,14209,GEAR NUT RETAINER - 170 TON (CASTING),2,BOR,Precision CNC Line Boring (H7),2,VEN0000002,Apex Precision VMC Machinists,Line boring spigot and locating bores to H7
4110019200,A-10252,GEAR NUT RETAINER - 170 TON,4001007200,14209,GEAR NUT RETAINER - 170 TON (CASTING),3,DRL,CNC Pattern Drilling & Tapping (PCD),1,VEN0000002,Apex Precision VMC Machinists,PCD drilling and tapped mounting ports
4110019300,A-10139,TIE BAR Ø90 - 170 TON TOGGLE,,,EN19 / 42CrMo4 ROUND BAR (FORGED & PEEL-TURNED) FOR TIE BAR Ø90 - 170 TON TOGGLE,1,MCH,Heavy VMC Face & Profile Milling,3,VEN0000002,Apex Precision VMC Machinists,Rough turn OD leaving 0.8mm grinding allowance
4110019300,A-10139,TIE BAR Ø90 - 170 TON TOGGLE,,,EN19 / 42CrMo4 ROUND BAR (FORGED & PEEL-TURNED) FOR TIE BAR Ø90 - 170 TON TOGGLE,2,MCH,Heavy VMC Face & Profile Milling,2,VEN0000002,Apex Precision VMC Machinists,Precision buttress thread whirling for split nut clamping
4110019300,A-10139,TIE BAR Ø90 - 170 TON TOGGLE,,,EN19 / 42CrMo4 ROUND BAR (FORGED & PEEL-TURNED) FOR TIE BAR Ø90 - 170 TON TOGGLE,3,IND,Medium Frequency Induction Hardening,3,VEN0000004,Gujarat Heat Treaters & Nitriding,"Full length induction hardening to 52-56 HRC, 2.5mm depth"
4110019300,A-10139,TIE BAR Ø90 - 170 TON TOGGLE,,,EN19 / 42CrMo4 ROUND BAR (FORGED & PEEL-TURNED) FOR TIE BAR Ø90 - 170 TON TOGGLE,4,GRD,Precision Cylindrical & Surface Grinding,2,VEN0000006,Sardar Cylindrical & Surface Grinding,"Centerless cylindrical grinding to h6 tolerance, straightness 0.02/m"
4110019300,A-10139,TIE BAR Ø90 - 170 TON TOGGLE,,,EN19 / 42CrMo4 ROUND BAR (FORGED & PEEL-TURNED) FOR TIE BAR Ø90 - 170 TON TOGGLE,5,PLT,Hard Chrome Plating (25-30 Microns),3,VEN0000007,Hard Chrome Plating Corporation,Hard chrome plating (25-30 microns) & mirror polish to Ra 0.15 µm
4110019400,A-10129,TIE BAR LOCATING PLATE - 170 TON,,,RAW STOCK / FORGING FOR TIE BAR LOCATING PLATE - 170 TON,1,MCH,Heavy VMC Face & Profile Milling,3,VEN0000002,Apex Precision VMC Machinists,Rough turn OD leaving 0.8mm grinding allowance
4110019400,A-10129,TIE BAR LOCATING PLATE - 170 TON,,,RAW STOCK / FORGING FOR TIE BAR LOCATING PLATE - 170 TON,2,MCH,Heavy VMC Face & Profile Milling,2,VEN0000002,Apex Precision VMC Machinists,Precision buttress thread whirling for split nut clamping
4110019400,A-10129,TIE BAR LOCATING PLATE - 170 TON,,,RAW STOCK / FORGING FOR TIE BAR LOCATING PLATE - 170 TON,3,IND,Medium Frequency Induction Hardening,3,VEN0000004,Gujarat Heat Treaters & Nitriding,"Full length induction hardening to 52-56 HRC, 2.5mm depth"
4110019400,A-10129,TIE BAR LOCATING PLATE - 170 TON,,,RAW STOCK / FORGING FOR TIE BAR LOCATING PLATE - 170 TON,4,GRD,Precision Cylindrical & Surface Grinding,2,VEN0000006,Sardar Cylindrical & Surface Grinding,"Centerless cylindrical grinding to h6 tolerance, straightness 0.02/m"
4110019400,A-10129,TIE BAR LOCATING PLATE - 170 TON,,,RAW STOCK / FORGING FOR TIE BAR LOCATING PLATE - 170 TON,5,PLT,Hard Chrome Plating (25-30 Microns),3,VEN0000007,Hard Chrome Plating Corporation,Hard chrome plating (25-30 microns) & mirror polish to Ra 0.15 µm
4110019500,A-10337,TOGGLE SMALL PIN Ø45 - 170 TON,,,RAW STOCK / FORGING FOR TOGGLE SMALL PIN Ø45 - 170 TON,1,MCH,Heavy VMC Face & Profile Milling,2,VEN0000002,Apex Precision VMC Machinists,CNC turning and facing register bore to tolerance
4110019500,A-10337,TOGGLE SMALL PIN Ø45 - 170 TON,,,RAW STOCK / FORGING FOR TOGGLE SMALL PIN Ø45 - 170 TON,2,BOR,Precision CNC Line Boring (H7),2,VEN0000002,Apex Precision VMC Machinists,Line boring spigot and locating bores to H7
4110019500,A-10337,TOGGLE SMALL PIN Ø45 - 170 TON,,,RAW STOCK / FORGING FOR TOGGLE SMALL PIN Ø45 - 170 TON,3,DRL,CNC Pattern Drilling & Tapping (PCD),1,VEN0000002,Apex Precision VMC Machinists,PCD drilling and tapped mounting ports
4110019600,A-10188,TOGGLE SMALL PIN LOCKING STRIP – 170 TON,,,RAW STOCK / FORGING FOR TOGGLE SMALL PIN LOCKING STRIP – 170 TON,1,MCH,Heavy VMC Face & Profile Milling,2,VEN0000002,Apex Precision VMC Machinists,CNC turning and facing register bore to tolerance
4110019600,A-10188,TOGGLE SMALL PIN LOCKING STRIP – 170 TON,,,RAW STOCK / FORGING FOR TOGGLE SMALL PIN LOCKING STRIP – 170 TON,2,BOR,Precision CNC Line Boring (H7),2,VEN0000002,Apex Precision VMC Machinists,Line boring spigot and locating bores to H7
4110019600,A-10188,TOGGLE SMALL PIN LOCKING STRIP – 170 TON,,,RAW STOCK / FORGING FOR TOGGLE SMALL PIN LOCKING STRIP – 170 TON,3,DRL,CNC Pattern Drilling & Tapping (PCD),1,VEN0000002,Apex Precision VMC Machinists,PCD drilling and tapped mounting ports
4110019700,A-10332,TOGGLE BIG PIN Ø70 - 170 TON,,,RAW STOCK / FORGING FOR TOGGLE BIG PIN Ø70 - 170 TON,1,MCH,Heavy VMC Face & Profile Milling,2,VEN0000002,Apex Precision VMC Machinists,CNC turning and facing register bore to tolerance
4110019700,A-10332,TOGGLE BIG PIN Ø70 - 170 TON,,,RAW STOCK / FORGING FOR TOGGLE BIG PIN Ø70 - 170 TON,2,BOR,Precision CNC Line Boring (H7),2,VEN0000002,Apex Precision VMC Machinists,Line boring spigot and locating bores to H7
4110019700,A-10332,TOGGLE BIG PIN Ø70 - 170 TON,,,RAW STOCK / FORGING FOR TOGGLE BIG PIN Ø70 - 170 TON,3,DRL,CNC Pattern Drilling & Tapping (PCD),1,VEN0000002,Apex Precision VMC Machinists,PCD drilling and tapped mounting ports
4110019800,A-10212,CROSS HEAD GUIDE ROD Ø60 - 170 TON,,,EN8D / CK45 INDUCTION HARDENED CHROME STEEL ROD FOR CROSS HEAD GUIDE ROD Ø60 - 170 TON,1,MCH,Heavy VMC Face & Profile Milling,3,VEN0000002,Apex Precision VMC Machinists,Rough turn OD leaving 0.8mm grinding allowance
4110019800,A-10212,CROSS HEAD GUIDE ROD Ø60 - 170 TON,,,EN8D / CK45 INDUCTION HARDENED CHROME STEEL ROD FOR CROSS HEAD GUIDE ROD Ø60 - 170 TON,2,MCH,Heavy VMC Face & Profile Milling,2,VEN0000002,Apex Precision VMC Machinists,Precision buttress thread whirling for split nut clamping
4110019800,A-10212,CROSS HEAD GUIDE ROD Ø60 - 170 TON,,,EN8D / CK45 INDUCTION HARDENED CHROME STEEL ROD FOR CROSS HEAD GUIDE ROD Ø60 - 170 TON,3,IND,Medium Frequency Induction Hardening,3,VEN0000004,Gujarat Heat Treaters & Nitriding,"Full length induction hardening to 52-56 HRC, 2.5mm depth"
4110019800,A-10212,CROSS HEAD GUIDE ROD Ø60 - 170 TON,,,EN8D / CK45 INDUCTION HARDENED CHROME STEEL ROD FOR CROSS HEAD GUIDE ROD Ø60 - 170 TON,4,GRD,Precision Cylindrical & Surface Grinding,2,VEN0000006,Sardar Cylindrical & Surface Grinding,"Centerless cylindrical grinding to h6 tolerance, straightness 0.02/m"
4110019800,A-10212,CROSS HEAD GUIDE ROD Ø60 - 170 TON,,,EN8D / CK45 INDUCTION HARDENED CHROME STEEL ROD FOR CROSS HEAD GUIDE ROD Ø60 - 170 TON,5,PLT,Hard Chrome Plating (25-30 Microns),3,VEN0000007,Hard Chrome Plating Corporation,Hard chrome plating (25-30 microns) & mirror polish to Ra 0.15 µm
4110019900,A-10217,CROSS HEAD GUIDE ROD LOCATING PLATE - 170 TON,,,EN8D / CK45 INDUCTION HARDENED CHROME STEEL ROD FOR CROSS HEAD GUIDE ROD LOCATING PLATE - 170 TON,1,MCH,Heavy VMC Face & Profile Milling,3,VEN0000002,Apex Precision VMC Machinists,Rough turn OD leaving 0.8mm grinding allowance
4110019900,A-10217,CROSS HEAD GUIDE ROD LOCATING PLATE - 170 TON,,,EN8D / CK45 INDUCTION HARDENED CHROME STEEL ROD FOR CROSS HEAD GUIDE ROD LOCATING PLATE - 170 TON,2,MCH,Heavy VMC Face & Profile Milling,2,VEN0000002,Apex Precision VMC Machinists,Precision buttress thread whirling for split nut clamping
4110019900,A-10217,CROSS HEAD GUIDE ROD LOCATING PLATE - 170 TON,,,EN8D / CK45 INDUCTION HARDENED CHROME STEEL ROD FOR CROSS HEAD GUIDE ROD LOCATING PLATE - 170 TON,3,IND,Medium Frequency Induction Hardening,3,VEN0000004,Gujarat Heat Treaters & Nitriding,"Full length induction hardening to 52-56 HRC, 2.5mm depth"
4110019900,A-10217,CROSS HEAD GUIDE ROD LOCATING PLATE - 170 TON,,,EN8D / CK45 INDUCTION HARDENED CHROME STEEL ROD FOR CROSS HEAD GUIDE ROD LOCATING PLATE - 170 TON,4,GRD,Precision Cylindrical & Surface Grinding,2,VEN0000006,Sardar Cylindrical & Surface Grinding,"Centerless cylindrical grinding to h6 tolerance, straightness 0.02/m"
4110019900,A-10217,CROSS HEAD GUIDE ROD LOCATING PLATE - 170 TON,,,EN8D / CK45 INDUCTION HARDENED CHROME STEEL ROD FOR CROSS HEAD GUIDE ROD LOCATING PLATE - 170 TON,5,PLT,Hard Chrome Plating (25-30 Microns),3,VEN0000007,Hard Chrome Plating Corporation,Hard chrome plating (25-30 microns) & mirror polish to Ra 0.15 µm
4110020000,A-10202,MOVING PLATE WIPER RETAINER - 170 TON,,,RAW STOCK / FORGING FOR MOVING PLATE WIPER RETAINER - 170 TON,1,MCH,Heavy VMC Face & Profile Milling,2,VEN0000002,Apex Precision VMC Machinists,CNC turning and facing register bore to tolerance
4110020000,A-10202,MOVING PLATE WIPER RETAINER - 170 TON,,,RAW STOCK / FORGING FOR MOVING PLATE WIPER RETAINER - 170 TON,2,BOR,Precision CNC Line Boring (H7),2,VEN0000002,Apex Precision VMC Machinists,Line boring spigot and locating bores to H7
4110020000,A-10202,MOVING PLATE WIPER RETAINER - 170 TON,,,RAW STOCK / FORGING FOR MOVING PLATE WIPER RETAINER - 170 TON,3,DRL,CNC Pattern Drilling & Tapping (PCD),1,VEN0000002,Apex Precision VMC Machinists,PCD drilling and tapped mounting ports
4110020100,A-10222,EJECTOR CYLINDER MTG PLATE - 170 TON,,,RAW STOCK / FORGING FOR EJECTOR CYLINDER MTG PLATE - 170 TON,1,MCH,Heavy VMC Face & Profile Milling,2,VEN0000002,Apex Precision VMC Machinists,CNC turning and facing register bore to tolerance
4110020100,A-10222,EJECTOR CYLINDER MTG PLATE - 170 TON,,,RAW STOCK / FORGING FOR EJECTOR CYLINDER MTG PLATE - 170 TON,2,BOR,Precision CNC Line Boring (H7),2,VEN0000002,Apex Precision VMC Machinists,Line boring spigot and locating bores to H7
4110020100,A-10222,EJECTOR CYLINDER MTG PLATE - 170 TON,,,RAW STOCK / FORGING FOR EJECTOR CYLINDER MTG PLATE - 170 TON,3,DRL,CNC Pattern Drilling & Tapping (PCD),1,VEN0000002,Apex Precision VMC Machinists,PCD drilling and tapped mounting ports
4110020200,A-10226,EJECTOR PLATE GUIDE ROD - 170 TON,,,EN8D / CK45 INDUCTION HARDENED CHROME STEEL ROD FOR EJECTOR PLATE GUIDE ROD - 170 TON,1,MCH,Heavy VMC Face & Profile Milling,3,VEN0000002,Apex Precision VMC Machinists,Rough turn OD leaving 0.8mm grinding allowance
4110020200,A-10226,EJECTOR PLATE GUIDE ROD - 170 TON,,,EN8D / CK45 INDUCTION HARDENED CHROME STEEL ROD FOR EJECTOR PLATE GUIDE ROD - 170 TON,2,MCH,Heavy VMC Face & Profile Milling,2,VEN0000002,Apex Precision VMC Machinists,Precision buttress thread whirling for split nut clamping
4110020200,A-10226,EJECTOR PLATE GUIDE ROD - 170 TON,,,EN8D / CK45 INDUCTION HARDENED CHROME STEEL ROD FOR EJECTOR PLATE GUIDE ROD - 170 TON,3,IND,Medium Frequency Induction Hardening,3,VEN0000004,Gujarat Heat Treaters & Nitriding,"Full length induction hardening to 52-56 HRC, 2.5mm depth"
4110020200,A-10226,EJECTOR PLATE GUIDE ROD - 170 TON,,,EN8D / CK45 INDUCTION HARDENED CHROME STEEL ROD FOR EJECTOR PLATE GUIDE ROD - 170 TON,4,GRD,Precision Cylindrical & Surface Grinding,2,VEN0000006,Sardar Cylindrical & Surface Grinding,"Centerless cylindrical grinding to h6 tolerance, straightness 0.02/m"
4110020200,A-10226,EJECTOR PLATE GUIDE ROD - 170 TON,,,EN8D / CK45 INDUCTION HARDENED CHROME STEEL ROD FOR EJECTOR PLATE GUIDE ROD - 170 TON,5,PLT,Hard Chrome Plating (25-30 Microns),3,VEN0000007,Hard Chrome Plating Corporation,Hard chrome plating (25-30 microns) & mirror polish to Ra 0.15 µm
4010100500,A-10257,SUN GEAR - 170 TON (MODULE-3 TEETH-215),4001006600,14208,SUN GEAR - 170 TON (MODULE-3 TEETH-215)(CASTING),1,MCH,Heavy VMC Face & Profile Milling,2,VEN0000002,Apex Precision VMC Machinists,"CNC turning OD, ID bore and mounting face"
4010100500,A-10257,SUN GEAR - 170 TON (MODULE-3 TEETH-215),4001006600,14208,SUN GEAR - 170 TON (MODULE-3 TEETH-215)(CASTING),2,HOB,Precision Gear Hobbing & Pinion Cutting,3,VEN0000005,Maruti Precision Gear Works,Precision gear hobbing as per DIN Class 8 standard
4010100500,A-10257,SUN GEAR - 170 TON (MODULE-3 TEETH-215),4001006600,14208,SUN GEAR - 170 TON (MODULE-3 TEETH-215)(CASTING),3,HT,Stress Relieving & Normalizing Heat Treatment,2,VEN0000004,Gujarat Heat Treaters & Nitriding,"Case hardening teeth to 58-62 HRC, core 32 HRC"
4010100500,A-10257,SUN GEAR - 170 TON (MODULE-3 TEETH-215),4001006600,14208,SUN GEAR - 170 TON (MODULE-3 TEETH-215)(CASTING),4,GGRD,DIN Class 6 Gear Teeth Profile Grinding,2,VEN0000005,Maruti Precision Gear Works,DIN Class 6 profile grinding for silent operation
4020100400,A-10134,TIE BAR NUT M90 X 3 - 170 TON TOGGLE,,,RAW STOCK / FORGING FOR TIE BAR NUT M90 X 3 - 170 TON TOGGLE,1,MCH,Heavy VMC Face & Profile Milling,3,VEN0000002,Apex Precision VMC Machinists,Rough turn OD leaving 0.8mm grinding allowance
4020100400,A-10134,TIE BAR NUT M90 X 3 - 170 TON TOGGLE,,,RAW STOCK / FORGING FOR TIE BAR NUT M90 X 3 - 170 TON TOGGLE,2,MCH,Heavy VMC Face & Profile Milling,2,VEN0000002,Apex Precision VMC Machinists,Precision buttress thread whirling for split nut clamping
4020100400,A-10134,TIE BAR NUT M90 X 3 - 170 TON TOGGLE,,,RAW STOCK / FORGING FOR TIE BAR NUT M90 X 3 - 170 TON TOGGLE,3,IND,Medium Frequency Induction Hardening,3,VEN0000004,Gujarat Heat Treaters & Nitriding,"Full length induction hardening to 52-56 HRC, 2.5mm depth"
4020100400,A-10134,TIE BAR NUT M90 X 3 - 170 TON TOGGLE,,,RAW STOCK / FORGING FOR TIE BAR NUT M90 X 3 - 170 TON TOGGLE,4,GRD,Precision Cylindrical & Surface Grinding,2,VEN0000006,Sardar Cylindrical & Surface Grinding,"Centerless cylindrical grinding to h6 tolerance, straightness 0.02/m"
4020100400,A-10134,TIE BAR NUT M90 X 3 - 170 TON TOGGLE,,,RAW STOCK / FORGING FOR TIE BAR NUT M90 X 3 - 170 TON TOGGLE,5,PLT,Hard Chrome Plating (25-30 Microns),3,VEN0000007,Hard Chrome Plating Corporation,Hard chrome plating (25-30 microns) & mirror polish to Ra 0.15 µm
4010101100,A-10244,GEAR NUT - 170 TON (MODULE-3 TEETH-58),,,20MnCr5 CASE HARDENING STEEL BILLET FOR GEAR NUT - 170 TON (MODULE-3 TEETH-58),1,MCH,Heavy VMC Face & Profile Milling,2,VEN0000002,Apex Precision VMC Machinists,CNC turning and facing register bore to tolerance
4010101100,A-10244,GEAR NUT - 170 TON (MODULE-3 TEETH-58),,,20MnCr5 CASE HARDENING STEEL BILLET FOR GEAR NUT - 170 TON (MODULE-3 TEETH-58),2,BOR,Precision CNC Line Boring (H7),2,VEN0000002,Apex Precision VMC Machinists,Line boring spigot and locating bores to H7
4010101100,A-10244,GEAR NUT - 170 TON (MODULE-3 TEETH-58),,,20MnCr5 CASE HARDENING STEEL BILLET FOR GEAR NUT - 170 TON (MODULE-3 TEETH-58),3,DRL,CNC Pattern Drilling & Tapping (PCD),1,VEN0000002,Apex Precision VMC Machinists,PCD drilling and tapped mounting ports
4030100400,A-10249,GEAR NUT SPACER - 170 TON,,,20MnCr5 CASE HARDENING STEEL BILLET FOR GEAR NUT SPACER - 170 TON,1,MCH,Heavy VMC Face & Profile Milling,2,VEN0000002,Apex Precision VMC Machinists,CNC turning and facing register bore to tolerance
4030100400,A-10249,GEAR NUT SPACER - 170 TON,,,20MnCr5 CASE HARDENING STEEL BILLET FOR GEAR NUT SPACER - 170 TON,2,BOR,Precision CNC Line Boring (H7),2,VEN0000002,Apex Precision VMC Machinists,Line boring spigot and locating bores to H7
4030100400,A-10249,GEAR NUT SPACER - 170 TON,,,20MnCr5 CASE HARDENING STEEL BILLET FOR GEAR NUT SPACER - 170 TON,3,DRL,CNC Pattern Drilling & Tapping (PCD),1,VEN0000002,Apex Precision VMC Machinists,PCD drilling and tapped mounting ports
4040100400,A-10209,MOVING PLATE BUSH Ø105 X Ø90 X 55LG - 170 TON,,,SAE 660 / CuSn7ZnPb CONTINUOUS CAST BRONZE HOLLOW BAR FOR MOVING PLATE BUSH Ø105 X Ø90 X 55LG - 170 TON,1,MCH,Heavy VMC Face & Profile Milling,1,VEN0000002,Apex Precision VMC Machinists,Rough & finish turning OD/ID and lubrication grooves
4040100400,A-10209,MOVING PLATE BUSH Ø105 X Ø90 X 55LG - 170 TON,,,SAE 660 / CuSn7ZnPb CONTINUOUS CAST BRONZE HOLLOW BAR FOR MOVING PLATE BUSH Ø105 X Ø90 X 55LG - 170 TON,2,HON,Deep Hole Diamond Honing (Ra 0.1 µm),1,VEN0000006,Sardar Cylindrical & Surface Grinding,Diamond honing internal bore to H7 tolerance
4040100400,A-10209,MOVING PLATE BUSH Ø105 X Ø90 X 55LG - 170 TON,,,SAE 660 / CuSn7ZnPb CONTINUOUS CAST BRONZE HOLLOW BAR FOR MOVING PLATE BUSH Ø105 X Ø90 X 55LG - 170 TON,3,GRD,Precision Cylindrical & Surface Grinding,1,VEN0000006,Sardar Cylindrical & Surface Grinding,Finish OD grinding to m6 fit
4040200400,A-10195,TOGGLE SMALL GRAPHITE BUSH Ø55 X Ø45 X 70LG - 170 TON,,,SAE 660 / CuSn7ZnPb CONTINUOUS CAST BRONZE HOLLOW BAR FOR TOGGLE SMALL GRAPHITE BUSH Ø55 X Ø45 X 70LG - 170 TON,1,MCH,Heavy VMC Face & Profile Milling,1,VEN0000002,Apex Precision VMC Machinists,Rough & finish turning OD/ID and lubrication grooves
4040200400,A-10195,TOGGLE SMALL GRAPHITE BUSH Ø55 X Ø45 X 70LG - 170 TON,,,SAE 660 / CuSn7ZnPb CONTINUOUS CAST BRONZE HOLLOW BAR FOR TOGGLE SMALL GRAPHITE BUSH Ø55 X Ø45 X 70LG - 170 TON,2,HON,Deep Hole Diamond Honing (Ra 0.1 µm),1,VEN0000006,Sardar Cylindrical & Surface Grinding,Diamond honing internal bore to H7 tolerance
4040200400,A-10195,TOGGLE SMALL GRAPHITE BUSH Ø55 X Ø45 X 70LG - 170 TON,,,SAE 660 / CuSn7ZnPb CONTINUOUS CAST BRONZE HOLLOW BAR FOR TOGGLE SMALL GRAPHITE BUSH Ø55 X Ø45 X 70LG - 170 TON,3,GRD,Precision Cylindrical & Surface Grinding,1,VEN0000006,Sardar Cylindrical & Surface Grinding,Finish OD grinding to m6 fit
4040201000,A-10198,TOGGLE BIG GRAPHITE BUSH Ø90 X Ø75 X 85LG - 170 TON,,,SAE 660 / CuSn7ZnPb CONTINUOUS CAST BRONZE HOLLOW BAR FOR TOGGLE BIG GRAPHITE BUSH Ø90 X Ø75 X 85LG - 170 TON,1,MCH,Heavy VMC Face & Profile Milling,1,VEN0000002,Apex Precision VMC Machinists,Rough & finish turning OD/ID and lubrication grooves
4040201000,A-10198,TOGGLE BIG GRAPHITE BUSH Ø90 X Ø75 X 85LG - 170 TON,,,SAE 660 / CuSn7ZnPb CONTINUOUS CAST BRONZE HOLLOW BAR FOR TOGGLE BIG GRAPHITE BUSH Ø90 X Ø75 X 85LG - 170 TON,2,HON,Deep Hole Diamond Honing (Ra 0.1 µm),1,VEN0000006,Sardar Cylindrical & Surface Grinding,Diamond honing internal bore to H7 tolerance
4040201000,A-10198,TOGGLE BIG GRAPHITE BUSH Ø90 X Ø75 X 85LG - 170 TON,,,SAE 660 / CuSn7ZnPb CONTINUOUS CAST BRONZE HOLLOW BAR FOR TOGGLE BIG GRAPHITE BUSH Ø90 X Ø75 X 85LG - 170 TON,3,GRD,Precision Cylindrical & Surface Grinding,1,VEN0000006,Sardar Cylindrical & Surface Grinding,Finish OD grinding to m6 fit
4110023500,STATIONARY PLATE 90,STATIONARY PLATE TOGGLE - 200 TON,4001000500,15201,STATIONARY PLATE TOGGLE - 200 TON (CASTING),1,MCH,Heavy VMC Face & Profile Milling,2,VEN0000002,Apex Precision VMC Machinists,Rough & finish top/bottom platen face to 0.02mm flat
4110023500,STATIONARY PLATE 90,STATIONARY PLATE TOGGLE - 200 TON,4001000500,15201,STATIONARY PLATE TOGGLE - 200 TON (CASTING),2,BOR,Precision CNC Line Boring (H7),3,VEN0000002,Apex Precision VMC Machinists,Bore 4x Tie bar holes to H7 tolerance
4110023500,STATIONARY PLATE 90,STATIONARY PLATE TOGGLE - 200 TON,4001000500,15201,STATIONARY PLATE TOGGLE - 200 TON (CASTING),3,DRL,CNC Pattern Drilling & Tapping (PCD),1,VEN0000002,Apex Precision VMC Machinists,M16/M20 mould clamp tapped holes as per drawing
4110023500,STATIONARY PLATE 90,STATIONARY PLATE TOGGLE - 200 TON,4001000500,15201,STATIONARY PLATE TOGGLE - 200 TON (CASTING),4,HT,Stress Relieving & Normalizing Heat Treatment,2,VEN0000004,Gujarat Heat Treaters & Nitriding,Normalize thermal stress at 550°C
4110023500,STATIONARY PLATE 90,STATIONARY PLATE TOGGLE - 200 TON,4001000500,15201,STATIONARY PLATE TOGGLE - 200 TON (CASTING),5,GRD,Precision Cylindrical & Surface Grinding,1,VEN0000006,Sardar Cylindrical & Surface Grinding,Precision surface grind to Ra 0.4 µm & rust preventive oil
4110023600,MOVING PLATE 90,MOVING PLATE TOGGLE - 200 TON,4001001600,15202,MOVING PLATE TOGGLE - 200 TON (CASTING),1,MCH,Heavy VMC Face & Profile Milling,2,VEN0000002,Apex Precision VMC Machinists,Rough & finish top/bottom platen face to 0.02mm flat
4110023600,MOVING PLATE 90,MOVING PLATE TOGGLE - 200 TON,4001001600,15202,MOVING PLATE TOGGLE - 200 TON (CASTING),2,BOR,Precision CNC Line Boring (H7),3,VEN0000002,Apex Precision VMC Machinists,Bore 4x Tie bar holes to H7 tolerance
4110023600,MOVING PLATE 90,MOVING PLATE TOGGLE - 200 TON,4001001600,15202,MOVING PLATE TOGGLE - 200 TON (CASTING),3,DRL,CNC Pattern Drilling & Tapping (PCD),1,VEN0000002,Apex Precision VMC Machinists,M16/M20 mould clamp tapped holes as per drawing
4110023600,MOVING PLATE 90,MOVING PLATE TOGGLE - 200 TON,4001001600,15202,MOVING PLATE TOGGLE - 200 TON (CASTING),4,HT,Stress Relieving & Normalizing Heat Treatment,2,VEN0000004,Gujarat Heat Treaters & Nitriding,Normalize thermal stress at 550°C
4110023600,MOVING PLATE 90,MOVING PLATE TOGGLE - 200 TON,4001001600,15202,MOVING PLATE TOGGLE - 200 TON (CASTING),5,GRD,Precision Cylindrical & Surface Grinding,1,VEN0000006,Sardar Cylindrical & Surface Grinding,Precision surface grind to Ra 0.4 µm & rust preventive oil
4110023700,END PLATE 90,END PLATE - 200 TON,4001002700,15203,END PLATE - 200 TON (CASTING),1,MCH,Heavy VMC Face & Profile Milling,2,VEN0000002,Apex Precision VMC Machinists,Rough & finish top/bottom platen face to 0.02mm flat
4110023700,END PLATE 90,END PLATE - 200 TON,4001002700,15203,END PLATE - 200 TON (CASTING),2,BOR,Precision CNC Line Boring (H7),3,VEN0000002,Apex Precision VMC Machinists,Bore 4x Tie bar holes to H7 tolerance
4110023700,END PLATE 90,END PLATE - 200 TON,4001002700,15203,END PLATE - 200 TON (CASTING),3,DRL,CNC Pattern Drilling & Tapping (PCD),1,VEN0000002,Apex Precision VMC Machinists,M16/M20 mould clamp tapped holes as per drawing
4110023700,END PLATE 90,END PLATE - 200 TON,4001002700,15203,END PLATE - 200 TON (CASTING),4,HT,Stress Relieving & Normalizing Heat Treatment,2,VEN0000004,Gujarat Heat Treaters & Nitriding,Normalize thermal stress at 550°C
4110023700,END PLATE 90,END PLATE - 200 TON,4001002700,15203,END PLATE - 200 TON (CASTING),5,GRD,Precision Cylindrical & Surface Grinding,1,VEN0000006,Sardar Cylindrical & Surface Grinding,Precision surface grind to Ra 0.4 µm & rust preventive oil
4110023800,CROSS HEAD 90,CROSS HEAD - 200 TON,4001004000,15204,CROSS HEAD - 200 TON (CASTING),1,MCH,Heavy VMC Face & Profile Milling,2,VEN0000002,Apex Precision VMC Machinists,"Side faces, triangular profile and pivot bosses milled on 4-axis CNC"
4110023800,CROSS HEAD 90,CROSS HEAD - 200 TON,4001004000,15204,CROSS HEAD - 200 TON (CASTING),2,BOR,Precision CNC Line Boring (H7),2,VEN0000002,Apex Precision VMC Machinists,Line bore pivot pin holes with 0.015mm center-to-center pitch accuracy
4110023800,CROSS HEAD 90,CROSS HEAD - 200 TON,4001004000,15204,CROSS HEAD - 200 TON (CASTING),3,NIT,Deep Gas Nitriding & Hardening (65-68 HRC),2,VEN0000004,Gujarat Heat Treaters & Nitriding,Gas nitriding 500-600 HV case depth 0.3mm
4110023800,CROSS HEAD 90,CROSS HEAD - 200 TON,4001004000,15204,CROSS HEAD - 200 TON (CASTING),4,BSH,Phosphor Bronze Bushing Press-Fit & Honing,1,VEN0000002,Apex Precision VMC Machinists,Phosphor bronze bushing press fit and ID diamond honing
4110023900,CROSS HEAD LINK 90,CROSS HEAD LINK - 200 TON,4001004600,15207,CROSS HEAD LINK - 200 TON (CASTING),1,MCH,Heavy VMC Face & Profile Milling,2,VEN0000002,Apex Precision VMC Machinists,"Side faces, triangular profile and pivot bosses milled on 4-axis CNC"
4110023900,CROSS HEAD LINK 90,CROSS HEAD LINK - 200 TON,4001004600,15207,CROSS HEAD LINK - 200 TON (CASTING),2,BOR,Precision CNC Line Boring (H7),2,VEN0000002,Apex Precision VMC Machinists,Line bore pivot pin holes with 0.015mm center-to-center pitch accuracy
4110023900,CROSS HEAD LINK 90,CROSS HEAD LINK - 200 TON,4001004600,15207,CROSS HEAD LINK - 200 TON (CASTING),3,NIT,Deep Gas Nitriding & Hardening (65-68 HRC),2,VEN0000004,Gujarat Heat Treaters & Nitriding,Gas nitriding 500-600 HV case depth 0.3mm
4110023900,CROSS HEAD LINK 90,CROSS HEAD LINK - 200 TON,4001004600,15207,CROSS HEAD LINK - 200 TON (CASTING),4,BSH,Phosphor Bronze Bushing Press-Fit & Honing,1,VEN0000002,Apex Precision VMC Machinists,Phosphor bronze bushing press fit and ID diamond honing
4110024000,BINARY LINK 90,BINARY LINK - 200 TON,4001005200,15205,BINARY LINK - 200 TON (CASTING),1,MCH,Heavy VMC Face & Profile Milling,2,VEN0000002,Apex Precision VMC Machinists,"Side faces, triangular profile and pivot bosses milled on 4-axis CNC"
4110024000,BINARY LINK 90,BINARY LINK - 200 TON,4001005200,15205,BINARY LINK - 200 TON (CASTING),2,BOR,Precision CNC Line Boring (H7),2,VEN0000002,Apex Precision VMC Machinists,Line bore pivot pin holes with 0.015mm center-to-center pitch accuracy
4110024000,BINARY LINK 90,BINARY LINK - 200 TON,4001005200,15205,BINARY LINK - 200 TON (CASTING),3,NIT,Deep Gas Nitriding & Hardening (65-68 HRC),2,VEN0000004,Gujarat Heat Treaters & Nitriding,Gas nitriding 500-600 HV case depth 0.3mm
4110024000,BINARY LINK 90,BINARY LINK - 200 TON,4001005200,15205,BINARY LINK - 200 TON (CASTING),4,BSH,Phosphor Bronze Bushing Press-Fit & Honing,1,VEN0000002,Apex Precision VMC Machinists,Phosphor bronze bushing press fit and ID diamond honing
4110024100,TERNARY LINK 90,TERNARY LINK - 200 TON,4001005800,15206,TERNARY LINK - 200 TON (CASTING),1,MCH,Heavy VMC Face & Profile Milling,2,VEN0000002,Apex Precision VMC Machinists,"Side faces, triangular profile and pivot bosses milled on 4-axis CNC"
4110024100,TERNARY LINK 90,TERNARY LINK - 200 TON,4001005800,15206,TERNARY LINK - 200 TON (CASTING),2,BOR,Precision CNC Line Boring (H7),2,VEN0000002,Apex Precision VMC Machinists,Line bore pivot pin holes with 0.015mm center-to-center pitch accuracy
4110024100,TERNARY LINK 90,TERNARY LINK - 200 TON,4001005800,15206,TERNARY LINK - 200 TON (CASTING),3,NIT,Deep Gas Nitriding & Hardening (65-68 HRC),2,VEN0000004,Gujarat Heat Treaters & Nitriding,Gas nitriding 500-600 HV case depth 0.3mm
4110024100,TERNARY LINK 90,TERNARY LINK - 200 TON,4001005800,15206,TERNARY LINK - 200 TON (CASTING),4,BSH,Phosphor Bronze Bushing Press-Fit & Honing,1,VEN0000002,Apex Precision VMC Machinists,Phosphor bronze bushing press fit and ID diamond honing
4110024200,TERNARY LINK 90 R,TERNARY LINK RH - 200 TON,4001005800,15206,TERNARY LINK - 200 TON (CASTING),1,MCH,Heavy VMC Face & Profile Milling,2,VEN0000002,Apex Precision VMC Machinists,"Side faces, triangular profile and pivot bosses milled on 4-axis CNC"
4110024200,TERNARY LINK 90 R,TERNARY LINK RH - 200 TON,4001005800,15206,TERNARY LINK - 200 TON (CASTING),2,BOR,Precision CNC Line Boring (H7),2,VEN0000002,Apex Precision VMC Machinists,Line bore pivot pin holes with 0.015mm center-to-center pitch accuracy
4110024200,TERNARY LINK 90 R,TERNARY LINK RH - 200 TON,4001005800,15206,TERNARY LINK - 200 TON (CASTING),3,NIT,Deep Gas Nitriding & Hardening (65-68 HRC),2,VEN0000004,Gujarat Heat Treaters & Nitriding,Gas nitriding 500-600 HV case depth 0.3mm
4110024200,TERNARY LINK 90 R,TERNARY LINK RH - 200 TON,4001005800,15206,TERNARY LINK - 200 TON (CASTING),4,BSH,Phosphor Bronze Bushing Press-Fit & Honing,1,VEN0000002,Apex Precision VMC Machinists,Phosphor bronze bushing press fit and ID diamond honing
4110024300,TERNARY LINK 90 L,TERNARY LINK LH - 200 TON,4001005800,15206,TERNARY LINK - 200 TON (CASTING),1,MCH,Heavy VMC Face & Profile Milling,2,VEN0000002,Apex Precision VMC Machinists,"Side faces, triangular profile and pivot bosses milled on 4-axis CNC"
4110024300,TERNARY LINK 90 L,TERNARY LINK LH - 200 TON,4001005800,15206,TERNARY LINK - 200 TON (CASTING),2,BOR,Precision CNC Line Boring (H7),2,VEN0000002,Apex Precision VMC Machinists,Line bore pivot pin holes with 0.015mm center-to-center pitch accuracy
4110024300,TERNARY LINK 90 L,TERNARY LINK LH - 200 TON,4001005800,15206,TERNARY LINK - 200 TON (CASTING),3,NIT,Deep Gas Nitriding & Hardening (65-68 HRC),2,VEN0000004,Gujarat Heat Treaters & Nitriding,Gas nitriding 500-600 HV case depth 0.3mm
4110024300,TERNARY LINK 90 L,TERNARY LINK LH - 200 TON,4001005800,15206,TERNARY LINK - 200 TON (CASTING),4,BSH,Phosphor Bronze Bushing Press-Fit & Honing,1,VEN0000002,Apex Precision VMC Machinists,Phosphor bronze bushing press fit and ID diamond honing
4110024400,GEAR NUT RETA 90,GEAR NUT RETAINER - 200 TON,4001007300,15209,GEAR NUT RETAINER - 200 TON (CASTING),1,MCH,Heavy VMC Face & Profile Milling,2,VEN0000002,Apex Precision VMC Machinists,CNC turning and facing register bore to tolerance
4110024400,GEAR NUT RETA 90,GEAR NUT RETAINER - 200 TON,4001007300,15209,GEAR NUT RETAINER - 200 TON (CASTING),2,BOR,Precision CNC Line Boring (H7),2,VEN0000002,Apex Precision VMC Machinists,Line boring spigot and locating bores to H7
4110024400,GEAR NUT RETA 90,GEAR NUT RETAINER - 200 TON,4001007300,15209,GEAR NUT RETAINER - 200 TON (CASTING),3,DRL,CNC Pattern Drilling & Tapping (PCD),1,VEN0000002,Apex Precision VMC Machinists,PCD drilling and tapped mounting ports
4110024500,,MOVING PLATE SLIDING BLOCK - 200 TON,,,RAW STOCK / FORGING FOR MOVING PLATE SLIDING BLOCK - 200 TON,1,MCH,Heavy VMC Face & Profile Milling,2,VEN0000002,Apex Precision VMC Machinists,CNC turning and facing register bore to tolerance
4110024500,,MOVING PLATE SLIDING BLOCK - 200 TON,,,RAW STOCK / FORGING FOR MOVING PLATE SLIDING BLOCK - 200 TON,2,BOR,Precision CNC Line Boring (H7),2,VEN0000002,Apex Precision VMC Machinists,Line boring spigot and locating bores to H7
4110024500,,MOVING PLATE SLIDING BLOCK - 200 TON,,,RAW STOCK / FORGING FOR MOVING PLATE SLIDING BLOCK - 200 TON,3,DRL,CNC Pattern Drilling & Tapping (PCD),1,VEN0000002,Apex Precision VMC Machinists,PCD drilling and tapped mounting ports
4110024600,TIE BAR 90,TIE BAR Ø95 - 200 TON TOGGLE,,,EN19 / 42CrMo4 ROUND BAR (FORGED & PEEL-TURNED) FOR TIE BAR Ø95 - 200 TON TOGGLE,1,MCH,Heavy VMC Face & Profile Milling,3,VEN0000002,Apex Precision VMC Machinists,Rough turn OD leaving 0.8mm grinding allowance
4110024600,TIE BAR 90,TIE BAR Ø95 - 200 TON TOGGLE,,,EN19 / 42CrMo4 ROUND BAR (FORGED & PEEL-TURNED) FOR TIE BAR Ø95 - 200 TON TOGGLE,2,MCH,Heavy VMC Face & Profile Milling,2,VEN0000002,Apex Precision VMC Machinists,Precision buttress thread whirling for split nut clamping
4110024600,TIE BAR 90,TIE BAR Ø95 - 200 TON TOGGLE,,,EN19 / 42CrMo4 ROUND BAR (FORGED & PEEL-TURNED) FOR TIE BAR Ø95 - 200 TON TOGGLE,3,IND,Medium Frequency Induction Hardening,3,VEN0000004,Gujarat Heat Treaters & Nitriding,"Full length induction hardening to 52-56 HRC, 2.5mm depth"
4110024600,TIE BAR 90,TIE BAR Ø95 - 200 TON TOGGLE,,,EN19 / 42CrMo4 ROUND BAR (FORGED & PEEL-TURNED) FOR TIE BAR Ø95 - 200 TON TOGGLE,4,GRD,Precision Cylindrical & Surface Grinding,2,VEN0000006,Sardar Cylindrical & Surface Grinding,"Centerless cylindrical grinding to h6 tolerance, straightness 0.02/m"
4110024600,TIE BAR 90,TIE BAR Ø95 - 200 TON TOGGLE,,,EN19 / 42CrMo4 ROUND BAR (FORGED & PEEL-TURNED) FOR TIE BAR Ø95 - 200 TON TOGGLE,5,PLT,Hard Chrome Plating (25-30 Microns),3,VEN0000007,Hard Chrome Plating Corporation,Hard chrome plating (25-30 microns) & mirror polish to Ra 0.15 µm
4110024700,TIE BAR LOC PLATE 90,TIE BAR LOCATING PLATE - 200 TON,,,RAW STOCK / FORGING FOR TIE BAR LOCATING PLATE - 200 TON,1,MCH,Heavy VMC Face & Profile Milling,3,VEN0000002,Apex Precision VMC Machinists,Rough turn OD leaving 0.8mm grinding allowance
4110024700,TIE BAR LOC PLATE 90,TIE BAR LOCATING PLATE - 200 TON,,,RAW STOCK / FORGING FOR TIE BAR LOCATING PLATE - 200 TON,2,MCH,Heavy VMC Face & Profile Milling,2,VEN0000002,Apex Precision VMC Machinists,Precision buttress thread whirling for split nut clamping
4110024700,TIE BAR LOC PLATE 90,TIE BAR LOCATING PLATE - 200 TON,,,RAW STOCK / FORGING FOR TIE BAR LOCATING PLATE - 200 TON,3,IND,Medium Frequency Induction Hardening,3,VEN0000004,Gujarat Heat Treaters & Nitriding,"Full length induction hardening to 52-56 HRC, 2.5mm depth"
4110024700,TIE BAR LOC PLATE 90,TIE BAR LOCATING PLATE - 200 TON,,,RAW STOCK / FORGING FOR TIE BAR LOCATING PLATE - 200 TON,4,GRD,Precision Cylindrical & Surface Grinding,2,VEN0000006,Sardar Cylindrical & Surface Grinding,"Centerless cylindrical grinding to h6 tolerance, straightness 0.02/m"
4110024700,TIE BAR LOC PLATE 90,TIE BAR LOCATING PLATE - 200 TON,,,RAW STOCK / FORGING FOR TIE BAR LOCATING PLATE - 200 TON,5,PLT,Hard Chrome Plating (25-30 Microns),3,VEN0000007,Hard Chrome Plating Corporation,Hard chrome plating (25-30 microns) & mirror polish to Ra 0.15 µm
4110024800,TOGGLE PIN SMALL 90,TOGGLE SMALL PIN Ø50 - 200 TON,,,RAW STOCK / FORGING FOR TOGGLE SMALL PIN Ø50 - 200 TON,1,MCH,Heavy VMC Face & Profile Milling,2,VEN0000002,Apex Precision VMC Machinists,CNC turning and facing register bore to tolerance
4110024800,TOGGLE PIN SMALL 90,TOGGLE SMALL PIN Ø50 - 200 TON,,,RAW STOCK / FORGING FOR TOGGLE SMALL PIN Ø50 - 200 TON,2,BOR,Precision CNC Line Boring (H7),2,VEN0000002,Apex Precision VMC Machinists,Line boring spigot and locating bores to H7
4110024800,TOGGLE PIN SMALL 90,TOGGLE SMALL PIN Ø50 - 200 TON,,,RAW STOCK / FORGING FOR TOGGLE SMALL PIN Ø50 - 200 TON,3,DRL,CNC Pattern Drilling & Tapping (PCD),1,VEN0000002,Apex Precision VMC Machinists,PCD drilling and tapped mounting ports
4110024900,TOGG PIN LOCK STRIP-90,TOGGLE SMALL PIN LOCKING STRIP - 200 TON,,,RAW STOCK / FORGING FOR TOGGLE SMALL PIN LOCKING STRIP - 200 TON,1,MCH,Heavy VMC Face & Profile Milling,2,VEN0000002,Apex Precision VMC Machinists,CNC turning and facing register bore to tolerance
4110024900,TOGG PIN LOCK STRIP-90,TOGGLE SMALL PIN LOCKING STRIP - 200 TON,,,RAW STOCK / FORGING FOR TOGGLE SMALL PIN LOCKING STRIP - 200 TON,2,BOR,Precision CNC Line Boring (H7),2,VEN0000002,Apex Precision VMC Machinists,Line boring spigot and locating bores to H7
4110024900,TOGG PIN LOCK STRIP-90,TOGGLE SMALL PIN LOCKING STRIP - 200 TON,,,RAW STOCK / FORGING FOR TOGGLE SMALL PIN LOCKING STRIP - 200 TON,3,DRL,CNC Pattern Drilling & Tapping (PCD),1,VEN0000002,Apex Precision VMC Machinists,PCD drilling and tapped mounting ports
4110025000,TOGGLE PIN BIG 90,TOGGLE BIG PIN Ø80 - 200 TON,,,RAW STOCK / FORGING FOR TOGGLE BIG PIN Ø80 - 200 TON,1,MCH,Heavy VMC Face & Profile Milling,2,VEN0000002,Apex Precision VMC Machinists,CNC turning and facing register bore to tolerance
4110025000,TOGGLE PIN BIG 90,TOGGLE BIG PIN Ø80 - 200 TON,,,RAW STOCK / FORGING FOR TOGGLE BIG PIN Ø80 - 200 TON,2,BOR,Precision CNC Line Boring (H7),2,VEN0000002,Apex Precision VMC Machinists,Line boring spigot and locating bores to H7
4110025000,TOGGLE PIN BIG 90,TOGGLE BIG PIN Ø80 - 200 TON,,,RAW STOCK / FORGING FOR TOGGLE BIG PIN Ø80 - 200 TON,3,DRL,CNC Pattern Drilling & Tapping (PCD),1,VEN0000002,Apex Precision VMC Machinists,PCD drilling and tapped mounting ports
4110025100,CROS HEAD GUID ROD 90,CROSS HEAD GUIDE ROD Ø65 - 200 TON,,,EN8D / CK45 INDUCTION HARDENED CHROME STEEL ROD FOR CROSS HEAD GUIDE ROD Ø65 - 200 TON,1,MCH,Heavy VMC Face & Profile Milling,3,VEN0000002,Apex Precision VMC Machinists,Rough turn OD leaving 0.8mm grinding allowance
4110025100,CROS HEAD GUID ROD 90,CROSS HEAD GUIDE ROD Ø65 - 200 TON,,,EN8D / CK45 INDUCTION HARDENED CHROME STEEL ROD FOR CROSS HEAD GUIDE ROD Ø65 - 200 TON,2,MCH,Heavy VMC Face & Profile Milling,2,VEN0000002,Apex Precision VMC Machinists,Precision buttress thread whirling for split nut clamping
4110025100,CROS HEAD GUID ROD 90,CROSS HEAD GUIDE ROD Ø65 - 200 TON,,,EN8D / CK45 INDUCTION HARDENED CHROME STEEL ROD FOR CROSS HEAD GUIDE ROD Ø65 - 200 TON,3,IND,Medium Frequency Induction Hardening,3,VEN0000004,Gujarat Heat Treaters & Nitriding,"Full length induction hardening to 52-56 HRC, 2.5mm depth"
4110025100,CROS HEAD GUID ROD 90,CROSS HEAD GUIDE ROD Ø65 - 200 TON,,,EN8D / CK45 INDUCTION HARDENED CHROME STEEL ROD FOR CROSS HEAD GUIDE ROD Ø65 - 200 TON,4,GRD,Precision Cylindrical & Surface Grinding,2,VEN0000006,Sardar Cylindrical & Surface Grinding,"Centerless cylindrical grinding to h6 tolerance, straightness 0.02/m"
4110025100,CROS HEAD GUID ROD 90,CROSS HEAD GUIDE ROD Ø65 - 200 TON,,,EN8D / CK45 INDUCTION HARDENED CHROME STEEL ROD FOR CROSS HEAD GUIDE ROD Ø65 - 200 TON,5,PLT,Hard Chrome Plating (25-30 Microns),3,VEN0000007,Hard Chrome Plating Corporation,Hard chrome plating (25-30 microns) & mirror polish to Ra 0.15 µm
4110025200,GUID ROD LOC PLAT 90,CROSS HEAD GUIDE ROD LOCATING PLATE - 200 TON,,,EN8D / CK45 INDUCTION HARDENED CHROME STEEL ROD FOR CROSS HEAD GUIDE ROD LOCATING PLATE - 200 TON,1,MCH,Heavy VMC Face & Profile Milling,3,VEN0000002,Apex Precision VMC Machinists,Rough turn OD leaving 0.8mm grinding allowance
4110025200,GUID ROD LOC PLAT 90,CROSS HEAD GUIDE ROD LOCATING PLATE - 200 TON,,,EN8D / CK45 INDUCTION HARDENED CHROME STEEL ROD FOR CROSS HEAD GUIDE ROD LOCATING PLATE - 200 TON,2,MCH,Heavy VMC Face & Profile Milling,2,VEN0000002,Apex Precision VMC Machinists,Precision buttress thread whirling for split nut clamping
4110025200,GUID ROD LOC PLAT 90,CROSS HEAD GUIDE ROD LOCATING PLATE - 200 TON,,,EN8D / CK45 INDUCTION HARDENED CHROME STEEL ROD FOR CROSS HEAD GUIDE ROD LOCATING PLATE - 200 TON,3,IND,Medium Frequency Induction Hardening,3,VEN0000004,Gujarat Heat Treaters & Nitriding,"Full length induction hardening to 52-56 HRC, 2.5mm depth"
4110025200,GUID ROD LOC PLAT 90,CROSS HEAD GUIDE ROD LOCATING PLATE - 200 TON,,,EN8D / CK45 INDUCTION HARDENED CHROME STEEL ROD FOR CROSS HEAD GUIDE ROD LOCATING PLATE - 200 TON,4,GRD,Precision Cylindrical & Surface Grinding,2,VEN0000006,Sardar Cylindrical & Surface Grinding,"Centerless cylindrical grinding to h6 tolerance, straightness 0.02/m"
4110025200,GUID ROD LOC PLAT 90,CROSS HEAD GUIDE ROD LOCATING PLATE - 200 TON,,,EN8D / CK45 INDUCTION HARDENED CHROME STEEL ROD FOR CROSS HEAD GUIDE ROD LOCATING PLATE - 200 TON,5,PLT,Hard Chrome Plating (25-30 Microns),3,VEN0000007,Hard Chrome Plating Corporation,Hard chrome plating (25-30 microns) & mirror polish to Ra 0.15 µm
4110025300,MOVING PLT WIP RETA 90,MOVING PLATE WIPER RETAINER - 200 TON,,,RAW STOCK / FORGING FOR MOVING PLATE WIPER RETAINER - 200 TON,1,MCH,Heavy VMC Face & Profile Milling,2,VEN0000002,Apex Precision VMC Machinists,CNC turning and facing register bore to tolerance
4110025300,MOVING PLT WIP RETA 90,MOVING PLATE WIPER RETAINER - 200 TON,,,RAW STOCK / FORGING FOR MOVING PLATE WIPER RETAINER - 200 TON,2,BOR,Precision CNC Line Boring (H7),2,VEN0000002,Apex Precision VMC Machinists,Line boring spigot and locating bores to H7
4110025300,MOVING PLT WIP RETA 90,MOVING PLATE WIPER RETAINER - 200 TON,,,RAW STOCK / FORGING FOR MOVING PLATE WIPER RETAINER - 200 TON,3,DRL,CNC Pattern Drilling & Tapping (PCD),1,VEN0000002,Apex Precision VMC Machinists,PCD drilling and tapped mounting ports
4110025400,EJEC GUID ROD-90,EJECTOR PLATE GUIDE ROD - 200 TON,,,EN8D / CK45 INDUCTION HARDENED CHROME STEEL ROD FOR EJECTOR PLATE GUIDE ROD - 200 TON,1,MCH,Heavy VMC Face & Profile Milling,3,VEN0000002,Apex Precision VMC Machinists,Rough turn OD leaving 0.8mm grinding allowance
4110025400,EJEC GUID ROD-90,EJECTOR PLATE GUIDE ROD - 200 TON,,,EN8D / CK45 INDUCTION HARDENED CHROME STEEL ROD FOR EJECTOR PLATE GUIDE ROD - 200 TON,2,MCH,Heavy VMC Face & Profile Milling,2,VEN0000002,Apex Precision VMC Machinists,Precision buttress thread whirling for split nut clamping
4110025400,EJEC GUID ROD-90,EJECTOR PLATE GUIDE ROD - 200 TON,,,EN8D / CK45 INDUCTION HARDENED CHROME STEEL ROD FOR EJECTOR PLATE GUIDE ROD - 200 TON,3,IND,Medium Frequency Induction Hardening,3,VEN0000004,Gujarat Heat Treaters & Nitriding,"Full length induction hardening to 52-56 HRC, 2.5mm depth"
4110025400,EJEC GUID ROD-90,EJECTOR PLATE GUIDE ROD - 200 TON,,,EN8D / CK45 INDUCTION HARDENED CHROME STEEL ROD FOR EJECTOR PLATE GUIDE ROD - 200 TON,4,GRD,Precision Cylindrical & Surface Grinding,2,VEN0000006,Sardar Cylindrical & Surface Grinding,"Centerless cylindrical grinding to h6 tolerance, straightness 0.02/m"
4110025400,EJEC GUID ROD-90,EJECTOR PLATE GUIDE ROD - 200 TON,,,EN8D / CK45 INDUCTION HARDENED CHROME STEEL ROD FOR EJECTOR PLATE GUIDE ROD - 200 TON,5,PLT,Hard Chrome Plating (25-30 Microns),3,VEN0000007,Hard Chrome Plating Corporation,Hard chrome plating (25-30 microns) & mirror polish to Ra 0.15 µm
4010100600,SUN GEAR 90,SUN GEAR - 200 TON (MODULE-3 TEETH-240),4001006700,15208,SUN GEAR - 200 TON (MODULE-3 TEETH-240) (CASTING),1,MCH,Heavy VMC Face & Profile Milling,2,VEN0000002,Apex Precision VMC Machinists,"CNC turning OD, ID bore and mounting face"
4010100600,SUN GEAR 90,SUN GEAR - 200 TON (MODULE-3 TEETH-240),4001006700,15208,SUN GEAR - 200 TON (MODULE-3 TEETH-240) (CASTING),2,HOB,Precision Gear Hobbing & Pinion Cutting,3,VEN0000005,Maruti Precision Gear Works,Precision gear hobbing as per DIN Class 8 standard
4010100600,SUN GEAR 90,SUN GEAR - 200 TON (MODULE-3 TEETH-240),4001006700,15208,SUN GEAR - 200 TON (MODULE-3 TEETH-240) (CASTING),3,HT,Stress Relieving & Normalizing Heat Treatment,2,VEN0000004,Gujarat Heat Treaters & Nitriding,"Case hardening teeth to 58-62 HRC, core 32 HRC"
4010100600,SUN GEAR 90,SUN GEAR - 200 TON (MODULE-3 TEETH-240),4001006700,15208,SUN GEAR - 200 TON (MODULE-3 TEETH-240) (CASTING),4,GGRD,DIN Class 6 Gear Teeth Profile Grinding,2,VEN0000005,Maruti Precision Gear Works,DIN Class 6 profile grinding for silent operation
4020100500,TIE BAR NUT-90,TIE BAR NUT M95 X 3  - 200 TON TOGGLE,,,RAW STOCK / FORGING FOR TIE BAR NUT M95 X 3  - 200 TON TOGGLE,1,MCH,Heavy VMC Face & Profile Milling,3,VEN0000002,Apex Precision VMC Machinists,Rough turn OD leaving 0.8mm grinding allowance
4020100500,TIE BAR NUT-90,TIE BAR NUT M95 X 3  - 200 TON TOGGLE,,,RAW STOCK / FORGING FOR TIE BAR NUT M95 X 3  - 200 TON TOGGLE,2,MCH,Heavy VMC Face & Profile Milling,2,VEN0000002,Apex Precision VMC Machinists,Precision buttress thread whirling for split nut clamping
4020100500,TIE BAR NUT-90,TIE BAR NUT M95 X 3  - 200 TON TOGGLE,,,RAW STOCK / FORGING FOR TIE BAR NUT M95 X 3  - 200 TON TOGGLE,3,IND,Medium Frequency Induction Hardening,3,VEN0000004,Gujarat Heat Treaters & Nitriding,"Full length induction hardening to 52-56 HRC, 2.5mm depth"
4020100500,TIE BAR NUT-90,TIE BAR NUT M95 X 3  - 200 TON TOGGLE,,,RAW STOCK / FORGING FOR TIE BAR NUT M95 X 3  - 200 TON TOGGLE,4,GRD,Precision Cylindrical & Surface Grinding,2,VEN0000006,Sardar Cylindrical & Surface Grinding,"Centerless cylindrical grinding to h6 tolerance, straightness 0.02/m"
4020100500,TIE BAR NUT-90,TIE BAR NUT M95 X 3  - 200 TON TOGGLE,,,RAW STOCK / FORGING FOR TIE BAR NUT M95 X 3  - 200 TON TOGGLE,5,PLT,Hard Chrome Plating (25-30 Microns),3,VEN0000007,Hard Chrome Plating Corporation,Hard chrome plating (25-30 microns) & mirror polish to Ra 0.15 µm
4010101200,GEAR NUT 90,GEAR NUT - 200 TON (MODULE-3 TEETH-60),,,20MnCr5 CASE HARDENING STEEL BILLET FOR GEAR NUT - 200 TON (MODULE-3 TEETH-60),1,MCH,Heavy VMC Face & Profile Milling,2,VEN0000002,Apex Precision VMC Machinists,CNC turning and facing register bore to tolerance
4010101200,GEAR NUT 90,GEAR NUT - 200 TON (MODULE-3 TEETH-60),,,20MnCr5 CASE HARDENING STEEL BILLET FOR GEAR NUT - 200 TON (MODULE-3 TEETH-60),2,BOR,Precision CNC Line Boring (H7),2,VEN0000002,Apex Precision VMC Machinists,Line boring spigot and locating bores to H7
4010101200,GEAR NUT 90,GEAR NUT - 200 TON (MODULE-3 TEETH-60),,,20MnCr5 CASE HARDENING STEEL BILLET FOR GEAR NUT - 200 TON (MODULE-3 TEETH-60),3,DRL,CNC Pattern Drilling & Tapping (PCD),1,VEN0000002,Apex Precision VMC Machinists,PCD drilling and tapped mounting ports
4030100500,GEAR NUT SPACER 90,GEAR NUT SPACER - 200 TON,,,20MnCr5 CASE HARDENING STEEL BILLET FOR GEAR NUT SPACER - 200 TON,1,MCH,Heavy VMC Face & Profile Milling,2,VEN0000002,Apex Precision VMC Machinists,CNC turning and facing register bore to tolerance
4030100500,GEAR NUT SPACER 90,GEAR NUT SPACER - 200 TON,,,20MnCr5 CASE HARDENING STEEL BILLET FOR GEAR NUT SPACER - 200 TON,2,BOR,Precision CNC Line Boring (H7),2,VEN0000002,Apex Precision VMC Machinists,Line boring spigot and locating bores to H7
4030100500,GEAR NUT SPACER 90,GEAR NUT SPACER - 200 TON,,,20MnCr5 CASE HARDENING STEEL BILLET FOR GEAR NUT SPACER - 200 TON,3,DRL,CNC Pattern Drilling & Tapping (PCD),1,VEN0000002,Apex Precision VMC Machinists,PCD drilling and tapped mounting ports
4040100500,MOVING PLATE BUSH 90,MOVING PLATE BUSH Ø110 X Ø95 X 60LG - 200 TON,,,SAE 660 / CuSn7ZnPb CONTINUOUS CAST BRONZE HOLLOW BAR FOR MOVING PLATE BUSH Ø110 X Ø95 X 60LG - 200 TON,1,MCH,Heavy VMC Face & Profile Milling,1,VEN0000002,Apex Precision VMC Machinists,Rough & finish turning OD/ID and lubrication grooves
4040100500,MOVING PLATE BUSH 90,MOVING PLATE BUSH Ø110 X Ø95 X 60LG - 200 TON,,,SAE 660 / CuSn7ZnPb CONTINUOUS CAST BRONZE HOLLOW BAR FOR MOVING PLATE BUSH Ø110 X Ø95 X 60LG - 200 TON,2,HON,Deep Hole Diamond Honing (Ra 0.1 µm),1,VEN0000006,Sardar Cylindrical & Surface Grinding,Diamond honing internal bore to H7 tolerance
4040100500,MOVING PLATE BUSH 90,MOVING PLATE BUSH Ø110 X Ø95 X 60LG - 200 TON,,,SAE 660 / CuSn7ZnPb CONTINUOUS CAST BRONZE HOLLOW BAR FOR MOVING PLATE BUSH Ø110 X Ø95 X 60LG - 200 TON,3,GRD,Precision Cylindrical & Surface Grinding,1,VEN0000006,Sardar Cylindrical & Surface Grinding,Finish OD grinding to m6 fit
4040101100,CROSS HEAD BUSH 90,CROSS HEAD BUSH Ø75 X Ø65 X 38LG - 200 TON,,,SAE 660 / CuSn7ZnPb CONTINUOUS CAST BRONZE HOLLOW BAR FOR CROSS HEAD BUSH Ø75 X Ø65 X 38LG - 200 TON,1,MCH,Heavy VMC Face & Profile Milling,1,VEN0000002,Apex Precision VMC Machinists,Rough & finish turning OD/ID and lubrication grooves
4040101100,CROSS HEAD BUSH 90,CROSS HEAD BUSH Ø75 X Ø65 X 38LG - 200 TON,,,SAE 660 / CuSn7ZnPb CONTINUOUS CAST BRONZE HOLLOW BAR FOR CROSS HEAD BUSH Ø75 X Ø65 X 38LG - 200 TON,2,HON,Deep Hole Diamond Honing (Ra 0.1 µm),1,VEN0000006,Sardar Cylindrical & Surface Grinding,Diamond honing internal bore to H7 tolerance
4040101100,CROSS HEAD BUSH 90,CROSS HEAD BUSH Ø75 X Ø65 X 38LG - 200 TON,,,SAE 660 / CuSn7ZnPb CONTINUOUS CAST BRONZE HOLLOW BAR FOR CROSS HEAD BUSH Ø75 X Ø65 X 38LG - 200 TON,3,GRD,Precision Cylindrical & Surface Grinding,1,VEN0000006,Sardar Cylindrical & Surface Grinding,Finish OD grinding to m6 fit
4040200500,SMALL TOGL PIN BUSH-90,TOGGLE SMALL GRAPHITE BUSH Ø60 X Ø50 X 75LG - 200 TON,,,SAE 660 / CuSn7ZnPb CONTINUOUS CAST BRONZE HOLLOW BAR FOR TOGGLE SMALL GRAPHITE BUSH Ø60 X Ø50 X 75LG - 200 TON,1,MCH,Heavy VMC Face & Profile Milling,1,VEN0000002,Apex Precision VMC Machinists,Rough & finish turning OD/ID and lubrication grooves
4040200500,SMALL TOGL PIN BUSH-90,TOGGLE SMALL GRAPHITE BUSH Ø60 X Ø50 X 75LG - 200 TON,,,SAE 660 / CuSn7ZnPb CONTINUOUS CAST BRONZE HOLLOW BAR FOR TOGGLE SMALL GRAPHITE BUSH Ø60 X Ø50 X 75LG - 200 TON,2,HON,Deep Hole Diamond Honing (Ra 0.1 µm),1,VEN0000006,Sardar Cylindrical & Surface Grinding,Diamond honing internal bore to H7 tolerance
4040200500,SMALL TOGL PIN BUSH-90,TOGGLE SMALL GRAPHITE BUSH Ø60 X Ø50 X 75LG - 200 TON,,,SAE 660 / CuSn7ZnPb CONTINUOUS CAST BRONZE HOLLOW BAR FOR TOGGLE SMALL GRAPHITE BUSH Ø60 X Ø50 X 75LG - 200 TON,3,GRD,Precision Cylindrical & Surface Grinding,1,VEN0000006,Sardar Cylindrical & Surface Grinding,Finish OD grinding to m6 fit
4040201100,BIG TOGL PIN BUSH-90,TOGGLE BIG GRAPHITE BUSH Ø95 X Ø80 X 95LG - 200 TON,,,SAE 660 / CuSn7ZnPb CONTINUOUS CAST BRONZE HOLLOW BAR FOR TOGGLE BIG GRAPHITE BUSH Ø95 X Ø80 X 95LG - 200 TON,1,MCH,Heavy VMC Face & Profile Milling,1,VEN0000002,Apex Precision VMC Machinists,Rough & finish turning OD/ID and lubrication grooves
4040201100,BIG TOGL PIN BUSH-90,TOGGLE BIG GRAPHITE BUSH Ø95 X Ø80 X 95LG - 200 TON,,,SAE 660 / CuSn7ZnPb CONTINUOUS CAST BRONZE HOLLOW BAR FOR TOGGLE BIG GRAPHITE BUSH Ø95 X Ø80 X 95LG - 200 TON,2,HON,Deep Hole Diamond Honing (Ra 0.1 µm),1,VEN0000006,Sardar Cylindrical & Surface Grinding,Diamond honing internal bore to H7 tolerance
4040201100,BIG TOGL PIN BUSH-90,TOGGLE BIG GRAPHITE BUSH Ø95 X Ø80 X 95LG - 200 TON,,,SAE 660 / CuSn7ZnPb CONTINUOUS CAST BRONZE HOLLOW BAR FOR TOGGLE BIG GRAPHITE BUSH Ø95 X Ø80 X 95LG - 200 TON,3,GRD,Precision Cylindrical & Surface Grinding,1,VEN0000006,Sardar Cylindrical & Surface Grinding,Finish OD grinding to m6 fit
4020100700,A-10086,INJECTION CYLINDER ROD NUT - 280 (M40 X 2),,,EN8D / CK45 INDUCTION HARDENED CHROME STEEL ROD FOR INJECTION CYLINDER ROD NUT - 280 (M40 X 2),1,MCH,Heavy VMC Face & Profile Milling,3,VEN0000002,Apex Precision VMC Machinists,Rough turn OD leaving 0.8mm grinding allowance
4020100700,A-10086,INJECTION CYLINDER ROD NUT - 280 (M40 X 2),,,EN8D / CK45 INDUCTION HARDENED CHROME STEEL ROD FOR INJECTION CYLINDER ROD NUT - 280 (M40 X 2),2,MCH,Heavy VMC Face & Profile Milling,2,VEN0000002,Apex Precision VMC Machinists,Precision buttress thread whirling for split nut clamping
4020100700,A-10086,INJECTION CYLINDER ROD NUT - 280 (M40 X 2),,,EN8D / CK45 INDUCTION HARDENED CHROME STEEL ROD FOR INJECTION CYLINDER ROD NUT - 280 (M40 X 2),3,IND,Medium Frequency Induction Hardening,3,VEN0000004,Gujarat Heat Treaters & Nitriding,"Full length induction hardening to 52-56 HRC, 2.5mm depth"
4020100700,A-10086,INJECTION CYLINDER ROD NUT - 280 (M40 X 2),,,EN8D / CK45 INDUCTION HARDENED CHROME STEEL ROD FOR INJECTION CYLINDER ROD NUT - 280 (M40 X 2),4,GRD,Precision Cylindrical & Surface Grinding,2,VEN0000006,Sardar Cylindrical & Surface Grinding,"Centerless cylindrical grinding to h6 tolerance, straightness 0.02/m"
4020100700,A-10086,INJECTION CYLINDER ROD NUT - 280 (M40 X 2),,,EN8D / CK45 INDUCTION HARDENED CHROME STEEL ROD FOR INJECTION CYLINDER ROD NUT - 280 (M40 X 2),5,PLT,Hard Chrome Plating (25-30 Microns),3,VEN0000007,Hard Chrome Plating Corporation,Hard chrome plating (25-30 microns) & mirror polish to Ra 0.15 µm
4110002600,A-10013,INJECTION GUIDE ROD SUPPORT - 60,4001013300,-,INJECTION GUIDE ROD SUPPORT Ø60 - 280 (CASTING),1,MCH,Heavy VMC Face & Profile Milling,3,VEN0000002,Apex Precision VMC Machinists,Rough turn OD leaving 0.8mm grinding allowance
4110002600,A-10013,INJECTION GUIDE ROD SUPPORT - 60,4001013300,-,INJECTION GUIDE ROD SUPPORT Ø60 - 280 (CASTING),2,MCH,Heavy VMC Face & Profile Milling,2,VEN0000002,Apex Precision VMC Machinists,Precision buttress thread whirling for split nut clamping
4110002600,A-10013,INJECTION GUIDE ROD SUPPORT - 60,4001013300,-,INJECTION GUIDE ROD SUPPORT Ø60 - 280 (CASTING),3,IND,Medium Frequency Induction Hardening,3,VEN0000004,Gujarat Heat Treaters & Nitriding,"Full length induction hardening to 52-56 HRC, 2.5mm depth"
4110002600,A-10013,INJECTION GUIDE ROD SUPPORT - 60,4001013300,-,INJECTION GUIDE ROD SUPPORT Ø60 - 280 (CASTING),4,GRD,Precision Cylindrical & Surface Grinding,2,VEN0000006,Sardar Cylindrical & Surface Grinding,"Centerless cylindrical grinding to h6 tolerance, straightness 0.02/m"
4110002600,A-10013,INJECTION GUIDE ROD SUPPORT - 60,4001013300,-,INJECTION GUIDE ROD SUPPORT Ø60 - 280 (CASTING),5,PLT,Hard Chrome Plating (25-30 Microns),3,VEN0000007,Hard Chrome Plating Corporation,Hard chrome plating (25-30 microns) & mirror polish to Ra 0.15 µm
4110002700,A-10014,INJECTION GUIDE ROD Ø60 - 280,,,EN8D / CK45 INDUCTION HARDENED CHROME STEEL ROD FOR INJECTION GUIDE ROD Ø60 - 280,1,MCH,Heavy VMC Face & Profile Milling,3,VEN0000002,Apex Precision VMC Machinists,Rough turn OD leaving 0.8mm grinding allowance
4110002700,A-10014,INJECTION GUIDE ROD Ø60 - 280,,,EN8D / CK45 INDUCTION HARDENED CHROME STEEL ROD FOR INJECTION GUIDE ROD Ø60 - 280,2,MCH,Heavy VMC Face & Profile Milling,2,VEN0000002,Apex Precision VMC Machinists,Precision buttress thread whirling for split nut clamping
4110002700,A-10014,INJECTION GUIDE ROD Ø60 - 280,,,EN8D / CK45 INDUCTION HARDENED CHROME STEEL ROD FOR INJECTION GUIDE ROD Ø60 - 280,3,IND,Medium Frequency Induction Hardening,3,VEN0000004,Gujarat Heat Treaters & Nitriding,"Full length induction hardening to 52-56 HRC, 2.5mm depth"
4110002700,A-10014,INJECTION GUIDE ROD Ø60 - 280,,,EN8D / CK45 INDUCTION HARDENED CHROME STEEL ROD FOR INJECTION GUIDE ROD Ø60 - 280,4,GRD,Precision Cylindrical & Surface Grinding,2,VEN0000006,Sardar Cylindrical & Surface Grinding,"Centerless cylindrical grinding to h6 tolerance, straightness 0.02/m"
4110002700,A-10014,INJECTION GUIDE ROD Ø60 - 280,,,EN8D / CK45 INDUCTION HARDENED CHROME STEEL ROD FOR INJECTION GUIDE ROD Ø60 - 280,5,PLT,Hard Chrome Plating (25-30 Microns),3,VEN0000007,Hard Chrome Plating Corporation,Hard chrome plating (25-30 microns) & mirror polish to Ra 0.15 µm
4110002800,A-10081,INJECTION CYLINDER ROD NUT RETAINER - 280,4001012500,-,INJECTION CYLINDER ROD NUT RETAINER - 280 (CASTING),1,MCH,Heavy VMC Face & Profile Milling,3,VEN0000002,Apex Precision VMC Machinists,Rough turn OD leaving 0.8mm grinding allowance
4110002800,A-10081,INJECTION CYLINDER ROD NUT RETAINER - 280,4001012500,-,INJECTION CYLINDER ROD NUT RETAINER - 280 (CASTING),2,MCH,Heavy VMC Face & Profile Milling,2,VEN0000002,Apex Precision VMC Machinists,Precision buttress thread whirling for split nut clamping
4110002800,A-10081,INJECTION CYLINDER ROD NUT RETAINER - 280,4001012500,-,INJECTION CYLINDER ROD NUT RETAINER - 280 (CASTING),3,IND,Medium Frequency Induction Hardening,3,VEN0000004,Gujarat Heat Treaters & Nitriding,"Full length induction hardening to 52-56 HRC, 2.5mm depth"
4110002800,A-10081,INJECTION CYLINDER ROD NUT RETAINER - 280,4001012500,-,INJECTION CYLINDER ROD NUT RETAINER - 280 (CASTING),4,GRD,Precision Cylindrical & Surface Grinding,2,VEN0000006,Sardar Cylindrical & Surface Grinding,"Centerless cylindrical grinding to h6 tolerance, straightness 0.02/m"
4110002800,A-10081,INJECTION CYLINDER ROD NUT RETAINER - 280,4001012500,-,INJECTION CYLINDER ROD NUT RETAINER - 280 (CASTING),5,PLT,Hard Chrome Plating (25-30 Microns),3,VEN0000007,Hard Chrome Plating Corporation,Hard chrome plating (25-30 microns) & mirror polish to Ra 0.15 µm
4110010500,A-10015,INJECTION GUIDE ROD Ø60 - 420,,,EN8D / CK45 INDUCTION HARDENED CHROME STEEL ROD FOR INJECTION GUIDE ROD Ø60 - 420,1,MCH,Heavy VMC Face & Profile Milling,3,VEN0000002,Apex Precision VMC Machinists,Rough turn OD leaving 0.8mm grinding allowance
4110010500,A-10015,INJECTION GUIDE ROD Ø60 - 420,,,EN8D / CK45 INDUCTION HARDENED CHROME STEEL ROD FOR INJECTION GUIDE ROD Ø60 - 420,2,MCH,Heavy VMC Face & Profile Milling,2,VEN0000002,Apex Precision VMC Machinists,Precision buttress thread whirling for split nut clamping
4110010500,A-10015,INJECTION GUIDE ROD Ø60 - 420,,,EN8D / CK45 INDUCTION HARDENED CHROME STEEL ROD FOR INJECTION GUIDE ROD Ø60 - 420,3,IND,Medium Frequency Induction Hardening,3,VEN0000004,Gujarat Heat Treaters & Nitriding,"Full length induction hardening to 52-56 HRC, 2.5mm depth"
4110010500,A-10015,INJECTION GUIDE ROD Ø60 - 420,,,EN8D / CK45 INDUCTION HARDENED CHROME STEEL ROD FOR INJECTION GUIDE ROD Ø60 - 420,4,GRD,Precision Cylindrical & Surface Grinding,2,VEN0000006,Sardar Cylindrical & Surface Grinding,"Centerless cylindrical grinding to h6 tolerance, straightness 0.02/m"
4110010500,A-10015,INJECTION GUIDE ROD Ø60 - 420,,,EN8D / CK45 INDUCTION HARDENED CHROME STEEL ROD FOR INJECTION GUIDE ROD Ø60 - 420,5,PLT,Hard Chrome Plating (25-30 Microns),3,VEN0000007,Hard Chrome Plating Corporation,Hard chrome plating (25-30 microns) & mirror polish to Ra 0.15 µm
4020100800,A-10087,INJECTION CYLINDER ROD NUT - 635 (M50 X 2),,,EN8D / CK45 INDUCTION HARDENED CHROME STEEL ROD FOR INJECTION CYLINDER ROD NUT - 635 (M50 X 2),1,MCH,Heavy VMC Face & Profile Milling,3,VEN0000002,Apex Precision VMC Machinists,Rough turn OD leaving 0.8mm grinding allowance
4020100800,A-10087,INJECTION CYLINDER ROD NUT - 635 (M50 X 2),,,EN8D / CK45 INDUCTION HARDENED CHROME STEEL ROD FOR INJECTION CYLINDER ROD NUT - 635 (M50 X 2),2,MCH,Heavy VMC Face & Profile Milling,2,VEN0000002,Apex Precision VMC Machinists,Precision buttress thread whirling for split nut clamping
4020100800,A-10087,INJECTION CYLINDER ROD NUT - 635 (M50 X 2),,,EN8D / CK45 INDUCTION HARDENED CHROME STEEL ROD FOR INJECTION CYLINDER ROD NUT - 635 (M50 X 2),3,IND,Medium Frequency Induction Hardening,3,VEN0000004,Gujarat Heat Treaters & Nitriding,"Full length induction hardening to 52-56 HRC, 2.5mm depth"
4020100800,A-10087,INJECTION CYLINDER ROD NUT - 635 (M50 X 2),,,EN8D / CK45 INDUCTION HARDENED CHROME STEEL ROD FOR INJECTION CYLINDER ROD NUT - 635 (M50 X 2),4,GRD,Precision Cylindrical & Surface Grinding,2,VEN0000006,Sardar Cylindrical & Surface Grinding,"Centerless cylindrical grinding to h6 tolerance, straightness 0.02/m"
4020100800,A-10087,INJECTION CYLINDER ROD NUT - 635 (M50 X 2),,,EN8D / CK45 INDUCTION HARDENED CHROME STEEL ROD FOR INJECTION CYLINDER ROD NUT - 635 (M50 X 2),5,PLT,Hard Chrome Plating (25-30 Microns),3,VEN0000007,Hard Chrome Plating Corporation,Hard chrome plating (25-30 microns) & mirror polish to Ra 0.15 µm
4110014800,A-10016,INJECTION GUIDE ROD Ø60 - 635,,,EN8D / CK45 INDUCTION HARDENED CHROME STEEL ROD FOR INJECTION GUIDE ROD Ø60 - 635,1,MCH,Heavy VMC Face & Profile Milling,3,VEN0000002,Apex Precision VMC Machinists,Rough turn OD leaving 0.8mm grinding allowance
4110014800,A-10016,INJECTION GUIDE ROD Ø60 - 635,,,EN8D / CK45 INDUCTION HARDENED CHROME STEEL ROD FOR INJECTION GUIDE ROD Ø60 - 635,2,MCH,Heavy VMC Face & Profile Milling,2,VEN0000002,Apex Precision VMC Machinists,Precision buttress thread whirling for split nut clamping
4110014800,A-10016,INJECTION GUIDE ROD Ø60 - 635,,,EN8D / CK45 INDUCTION HARDENED CHROME STEEL ROD FOR INJECTION GUIDE ROD Ø60 - 635,3,IND,Medium Frequency Induction Hardening,3,VEN0000004,Gujarat Heat Treaters & Nitriding,"Full length induction hardening to 52-56 HRC, 2.5mm depth"
4110014800,A-10016,INJECTION GUIDE ROD Ø60 - 635,,,EN8D / CK45 INDUCTION HARDENED CHROME STEEL ROD FOR INJECTION GUIDE ROD Ø60 - 635,4,GRD,Precision Cylindrical & Surface Grinding,2,VEN0000006,Sardar Cylindrical & Surface Grinding,"Centerless cylindrical grinding to h6 tolerance, straightness 0.02/m"
4110014800,A-10016,INJECTION GUIDE ROD Ø60 - 635,,,EN8D / CK45 INDUCTION HARDENED CHROME STEEL ROD FOR INJECTION GUIDE ROD Ø60 - 635,5,PLT,Hard Chrome Plating (25-30 Microns),3,VEN0000007,Hard Chrome Plating Corporation,Hard chrome plating (25-30 microns) & mirror polish to Ra 0.15 µm
4110014900,A-10082,INJECTION CYLINDER ROD NUT RETAINER - 635,4001012600,-,INJECTION CYLINDER ROD NUT RETAINER - 635 (CASTING),1,MCH,Heavy VMC Face & Profile Milling,3,VEN0000002,Apex Precision VMC Machinists,Rough turn OD leaving 0.8mm grinding allowance
4110014900,A-10082,INJECTION CYLINDER ROD NUT RETAINER - 635,4001012600,-,INJECTION CYLINDER ROD NUT RETAINER - 635 (CASTING),2,MCH,Heavy VMC Face & Profile Milling,2,VEN0000002,Apex Precision VMC Machinists,Precision buttress thread whirling for split nut clamping
4110014900,A-10082,INJECTION CYLINDER ROD NUT RETAINER - 635,4001012600,-,INJECTION CYLINDER ROD NUT RETAINER - 635 (CASTING),3,IND,Medium Frequency Induction Hardening,3,VEN0000004,Gujarat Heat Treaters & Nitriding,"Full length induction hardening to 52-56 HRC, 2.5mm depth"
4110014900,A-10082,INJECTION CYLINDER ROD NUT RETAINER - 635,4001012600,-,INJECTION CYLINDER ROD NUT RETAINER - 635 (CASTING),4,GRD,Precision Cylindrical & Surface Grinding,2,VEN0000006,Sardar Cylindrical & Surface Grinding,"Centerless cylindrical grinding to h6 tolerance, straightness 0.02/m"
4110014900,A-10082,INJECTION CYLINDER ROD NUT RETAINER - 635,4001012600,-,INJECTION CYLINDER ROD NUT RETAINER - 635 (CASTING),5,PLT,Hard Chrome Plating (25-30 Microns),3,VEN0000007,Hard Chrome Plating Corporation,Hard chrome plating (25-30 microns) & mirror polish to Ra 0.15 µm
4020100900,A-10088,INJECTION CYLINDER ROD NUT - 905 (M60 X 2),,,EN8D / CK45 INDUCTION HARDENED CHROME STEEL ROD FOR INJECTION CYLINDER ROD NUT - 905 (M60 X 2),1,MCH,Heavy VMC Face & Profile Milling,3,VEN0000002,Apex Precision VMC Machinists,Rough turn OD leaving 0.8mm grinding allowance
4020100900,A-10088,INJECTION CYLINDER ROD NUT - 905 (M60 X 2),,,EN8D / CK45 INDUCTION HARDENED CHROME STEEL ROD FOR INJECTION CYLINDER ROD NUT - 905 (M60 X 2),2,MCH,Heavy VMC Face & Profile Milling,2,VEN0000002,Apex Precision VMC Machinists,Precision buttress thread whirling for split nut clamping
4020100900,A-10088,INJECTION CYLINDER ROD NUT - 905 (M60 X 2),,,EN8D / CK45 INDUCTION HARDENED CHROME STEEL ROD FOR INJECTION CYLINDER ROD NUT - 905 (M60 X 2),3,IND,Medium Frequency Induction Hardening,3,VEN0000004,Gujarat Heat Treaters & Nitriding,"Full length induction hardening to 52-56 HRC, 2.5mm depth"
4020100900,A-10088,INJECTION CYLINDER ROD NUT - 905 (M60 X 2),,,EN8D / CK45 INDUCTION HARDENED CHROME STEEL ROD FOR INJECTION CYLINDER ROD NUT - 905 (M60 X 2),4,GRD,Precision Cylindrical & Surface Grinding,2,VEN0000006,Sardar Cylindrical & Surface Grinding,"Centerless cylindrical grinding to h6 tolerance, straightness 0.02/m"
4020100900,A-10088,INJECTION CYLINDER ROD NUT - 905 (M60 X 2),,,EN8D / CK45 INDUCTION HARDENED CHROME STEEL ROD FOR INJECTION CYLINDER ROD NUT - 905 (M60 X 2),5,PLT,Hard Chrome Plating (25-30 Microns),3,VEN0000007,Hard Chrome Plating Corporation,Hard chrome plating (25-30 microns) & mirror polish to Ra 0.15 µm
4110020300,A-10012,INJECTION GUIDE ROD SUPPORT Ø70 - 905,4001013400,-,INJECTION GUIDE ROD SUPPORT Ø70 - 905 (CASTING),1,MCH,Heavy VMC Face & Profile Milling,3,VEN0000002,Apex Precision VMC Machinists,Rough turn OD leaving 0.8mm grinding allowance
4110020300,A-10012,INJECTION GUIDE ROD SUPPORT Ø70 - 905,4001013400,-,INJECTION GUIDE ROD SUPPORT Ø70 - 905 (CASTING),2,MCH,Heavy VMC Face & Profile Milling,2,VEN0000002,Apex Precision VMC Machinists,Precision buttress thread whirling for split nut clamping
4110020300,A-10012,INJECTION GUIDE ROD SUPPORT Ø70 - 905,4001013400,-,INJECTION GUIDE ROD SUPPORT Ø70 - 905 (CASTING),3,IND,Medium Frequency Induction Hardening,3,VEN0000004,Gujarat Heat Treaters & Nitriding,"Full length induction hardening to 52-56 HRC, 2.5mm depth"
4110020300,A-10012,INJECTION GUIDE ROD SUPPORT Ø70 - 905,4001013400,-,INJECTION GUIDE ROD SUPPORT Ø70 - 905 (CASTING),4,GRD,Precision Cylindrical & Surface Grinding,2,VEN0000006,Sardar Cylindrical & Surface Grinding,"Centerless cylindrical grinding to h6 tolerance, straightness 0.02/m"
4110020300,A-10012,INJECTION GUIDE ROD SUPPORT Ø70 - 905,4001013400,-,INJECTION GUIDE ROD SUPPORT Ø70 - 905 (CASTING),5,PLT,Hard Chrome Plating (25-30 Microns),3,VEN0000007,Hard Chrome Plating Corporation,Hard chrome plating (25-30 microns) & mirror polish to Ra 0.15 µm
4110020400,A-10017,INJECTION GUIDE ROD Ø70 - 905,,,EN8D / CK45 INDUCTION HARDENED CHROME STEEL ROD FOR INJECTION GUIDE ROD Ø70 - 905,1,MCH,Heavy VMC Face & Profile Milling,3,VEN0000002,Apex Precision VMC Machinists,Rough turn OD leaving 0.8mm grinding allowance
4110020400,A-10017,INJECTION GUIDE ROD Ø70 - 905,,,EN8D / CK45 INDUCTION HARDENED CHROME STEEL ROD FOR INJECTION GUIDE ROD Ø70 - 905,2,MCH,Heavy VMC Face & Profile Milling,2,VEN0000002,Apex Precision VMC Machinists,Precision buttress thread whirling for split nut clamping
4110020400,A-10017,INJECTION GUIDE ROD Ø70 - 905,,,EN8D / CK45 INDUCTION HARDENED CHROME STEEL ROD FOR INJECTION GUIDE ROD Ø70 - 905,3,IND,Medium Frequency Induction Hardening,3,VEN0000004,Gujarat Heat Treaters & Nitriding,"Full length induction hardening to 52-56 HRC, 2.5mm depth"
4110020400,A-10017,INJECTION GUIDE ROD Ø70 - 905,,,EN8D / CK45 INDUCTION HARDENED CHROME STEEL ROD FOR INJECTION GUIDE ROD Ø70 - 905,4,GRD,Precision Cylindrical & Surface Grinding,2,VEN0000006,Sardar Cylindrical & Surface Grinding,"Centerless cylindrical grinding to h6 tolerance, straightness 0.02/m"
4110020400,A-10017,INJECTION GUIDE ROD Ø70 - 905,,,EN8D / CK45 INDUCTION HARDENED CHROME STEEL ROD FOR INJECTION GUIDE ROD Ø70 - 905,5,PLT,Hard Chrome Plating (25-30 Microns),3,VEN0000007,Hard Chrome Plating Corporation,Hard chrome plating (25-30 microns) & mirror polish to Ra 0.15 µm
4110020500,A-10083,INJECTION CYLINDER ROD NUT RETAINER - 905,4001012700,-,INJECTION CYLINDER ROD NUT RETAINER - 905 (CASTING),1,MCH,Heavy VMC Face & Profile Milling,3,VEN0000002,Apex Precision VMC Machinists,Rough turn OD leaving 0.8mm grinding allowance
4110020500,A-10083,INJECTION CYLINDER ROD NUT RETAINER - 905,4001012700,-,INJECTION CYLINDER ROD NUT RETAINER - 905 (CASTING),2,MCH,Heavy VMC Face & Profile Milling,2,VEN0000002,Apex Precision VMC Machinists,Precision buttress thread whirling for split nut clamping
4110020500,A-10083,INJECTION CYLINDER ROD NUT RETAINER - 905,4001012700,-,INJECTION CYLINDER ROD NUT RETAINER - 905 (CASTING),3,IND,Medium Frequency Induction Hardening,3,VEN0000004,Gujarat Heat Treaters & Nitriding,"Full length induction hardening to 52-56 HRC, 2.5mm depth"
4110020500,A-10083,INJECTION CYLINDER ROD NUT RETAINER - 905,4001012700,-,INJECTION CYLINDER ROD NUT RETAINER - 905 (CASTING),4,GRD,Precision Cylindrical & Surface Grinding,2,VEN0000006,Sardar Cylindrical & Surface Grinding,"Centerless cylindrical grinding to h6 tolerance, straightness 0.02/m"
4110020500,A-10083,INJECTION CYLINDER ROD NUT RETAINER - 905,4001012700,-,INJECTION CYLINDER ROD NUT RETAINER - 905 (CASTING),5,PLT,Hard Chrome Plating (25-30 Microns),3,VEN0000007,Hard Chrome Plating Corporation,Hard chrome plating (25-30 microns) & mirror polish to Ra 0.15 µm
4110025500,A-10018,INJECTION GUIDE ROD Ø70 - 1520,,,EN8D / CK45 INDUCTION HARDENED CHROME STEEL ROD FOR INJECTION GUIDE ROD Ø70 - 1520,1,MCH,Heavy VMC Face & Profile Milling,3,VEN0000002,Apex Precision VMC Machinists,Rough turn OD leaving 0.8mm grinding allowance
4110025500,A-10018,INJECTION GUIDE ROD Ø70 - 1520,,,EN8D / CK45 INDUCTION HARDENED CHROME STEEL ROD FOR INJECTION GUIDE ROD Ø70 - 1520,2,MCH,Heavy VMC Face & Profile Milling,2,VEN0000002,Apex Precision VMC Machinists,Precision buttress thread whirling for split nut clamping
4110025500,A-10018,INJECTION GUIDE ROD Ø70 - 1520,,,EN8D / CK45 INDUCTION HARDENED CHROME STEEL ROD FOR INJECTION GUIDE ROD Ø70 - 1520,3,IND,Medium Frequency Induction Hardening,3,VEN0000004,Gujarat Heat Treaters & Nitriding,"Full length induction hardening to 52-56 HRC, 2.5mm depth"
4110025500,A-10018,INJECTION GUIDE ROD Ø70 - 1520,,,EN8D / CK45 INDUCTION HARDENED CHROME STEEL ROD FOR INJECTION GUIDE ROD Ø70 - 1520,4,GRD,Precision Cylindrical & Surface Grinding,2,VEN0000006,Sardar Cylindrical & Surface Grinding,"Centerless cylindrical grinding to h6 tolerance, straightness 0.02/m"
4110025500,A-10018,INJECTION GUIDE ROD Ø70 - 1520,,,EN8D / CK45 INDUCTION HARDENED CHROME STEEL ROD FOR INJECTION GUIDE ROD Ø70 - 1520,5,PLT,Hard Chrome Plating (25-30 Microns),3,VEN0000007,Hard Chrome Plating Corporation,Hard chrome plating (25-30 microns) & mirror polish to Ra 0.15 µm
4110025600,A-10084,INJECTION CYLINDER ROD NUT RETAINER - 1520,4001012800,-,INJECTION CYLINDER ROD NUT RETAINER - 1520 (CASTING),1,MCH,Heavy VMC Face & Profile Milling,3,VEN0000002,Apex Precision VMC Machinists,Rough turn OD leaving 0.8mm grinding allowance
4110025600,A-10084,INJECTION CYLINDER ROD NUT RETAINER - 1520,4001012800,-,INJECTION CYLINDER ROD NUT RETAINER - 1520 (CASTING),2,MCH,Heavy VMC Face & Profile Milling,2,VEN0000002,Apex Precision VMC Machinists,Precision buttress thread whirling for split nut clamping
4110025600,A-10084,INJECTION CYLINDER ROD NUT RETAINER - 1520,4001012800,-,INJECTION CYLINDER ROD NUT RETAINER - 1520 (CASTING),3,IND,Medium Frequency Induction Hardening,3,VEN0000004,Gujarat Heat Treaters & Nitriding,"Full length induction hardening to 52-56 HRC, 2.5mm depth"
4110025600,A-10084,INJECTION CYLINDER ROD NUT RETAINER - 1520,4001012800,-,INJECTION CYLINDER ROD NUT RETAINER - 1520 (CASTING),4,GRD,Precision Cylindrical & Surface Grinding,2,VEN0000006,Sardar Cylindrical & Surface Grinding,"Centerless cylindrical grinding to h6 tolerance, straightness 0.02/m"
4110025600,A-10084,INJECTION CYLINDER ROD NUT RETAINER - 1520,4001012800,-,INJECTION CYLINDER ROD NUT RETAINER - 1520 (CASTING),5,PLT,Hard Chrome Plating (25-30 Microns),3,VEN0000007,Hard Chrome Plating Corporation,Hard chrome plating (25-30 microns) & mirror polish to Ra 0.15 µm
4110028500,A-10019,INJECTION GUIDE ROD Ø70 - 2350,,,EN8D / CK45 INDUCTION HARDENED CHROME STEEL ROD FOR INJECTION GUIDE ROD Ø70 - 2350,1,MCH,Heavy VMC Face & Profile Milling,3,VEN0000002,Apex Precision VMC Machinists,Rough turn OD leaving 0.8mm grinding allowance
4110028500,A-10019,INJECTION GUIDE ROD Ø70 - 2350,,,EN8D / CK45 INDUCTION HARDENED CHROME STEEL ROD FOR INJECTION GUIDE ROD Ø70 - 2350,2,MCH,Heavy VMC Face & Profile Milling,2,VEN0000002,Apex Precision VMC Machinists,Precision buttress thread whirling for split nut clamping
4110028500,A-10019,INJECTION GUIDE ROD Ø70 - 2350,,,EN8D / CK45 INDUCTION HARDENED CHROME STEEL ROD FOR INJECTION GUIDE ROD Ø70 - 2350,3,IND,Medium Frequency Induction Hardening,3,VEN0000004,Gujarat Heat Treaters & Nitriding,"Full length induction hardening to 52-56 HRC, 2.5mm depth"
4110028500,A-10019,INJECTION GUIDE ROD Ø70 - 2350,,,EN8D / CK45 INDUCTION HARDENED CHROME STEEL ROD FOR INJECTION GUIDE ROD Ø70 - 2350,4,GRD,Precision Cylindrical & Surface Grinding,2,VEN0000006,Sardar Cylindrical & Surface Grinding,"Centerless cylindrical grinding to h6 tolerance, straightness 0.02/m"
4110028500,A-10019,INJECTION GUIDE ROD Ø70 - 2350,,,EN8D / CK45 INDUCTION HARDENED CHROME STEEL ROD FOR INJECTION GUIDE ROD Ø70 - 2350,5,PLT,Hard Chrome Plating (25-30 Microns),3,VEN0000007,Hard Chrome Plating Corporation,Hard chrome plating (25-30 microns) & mirror polish to Ra 0.15 µm
4110028600,A-10085,INJECTION CYLINDER ROD NUT RETAINER - 2350,4001012900,-,INJECTION CYLINDER ROD NUT RETAINER - 2350 (CASTING),1,MCH,Heavy VMC Face & Profile Milling,3,VEN0000002,Apex Precision VMC Machinists,Rough turn OD leaving 0.8mm grinding allowance
4110028600,A-10085,INJECTION CYLINDER ROD NUT RETAINER - 2350,4001012900,-,INJECTION CYLINDER ROD NUT RETAINER - 2350 (CASTING),2,MCH,Heavy VMC Face & Profile Milling,2,VEN0000002,Apex Precision VMC Machinists,Precision buttress thread whirling for split nut clamping
4110028600,A-10085,INJECTION CYLINDER ROD NUT RETAINER - 2350,4001012900,-,INJECTION CYLINDER ROD NUT RETAINER - 2350 (CASTING),3,IND,Medium Frequency Induction Hardening,3,VEN0000004,Gujarat Heat Treaters & Nitriding,"Full length induction hardening to 52-56 HRC, 2.5mm depth"
4110028600,A-10085,INJECTION CYLINDER ROD NUT RETAINER - 2350,4001012900,-,INJECTION CYLINDER ROD NUT RETAINER - 2350 (CASTING),4,GRD,Precision Cylindrical & Surface Grinding,2,VEN0000006,Sardar Cylindrical & Surface Grinding,"Centerless cylindrical grinding to h6 tolerance, straightness 0.02/m"
4110028600,A-10085,INJECTION CYLINDER ROD NUT RETAINER - 2350,4001012900,-,INJECTION CYLINDER ROD NUT RETAINER - 2350 (CASTING),5,PLT,Hard Chrome Plating (25-30 Microns),3,VEN0000007,Hard Chrome Plating Corporation,Hard chrome plating (25-30 microns) & mirror polish to Ra 0.15 µm
4110002900,A-10020,BARREL PLATE - 280 (STOCK-150),4001009600,-,BARREL PLATE - 280 (STOCK-150) (CASTING),1,MCH,Heavy VMC Face & Profile Milling,2,VEN0000002,Apex Precision VMC Machinists,Rough & finish top/bottom platen face to 0.02mm flat
4110002900,A-10020,BARREL PLATE - 280 (STOCK-150),4001009600,-,BARREL PLATE - 280 (STOCK-150) (CASTING),2,BOR,Precision CNC Line Boring (H7),3,VEN0000002,Apex Precision VMC Machinists,Bore 4x Tie bar holes to H7 tolerance
4110002900,A-10020,BARREL PLATE - 280 (STOCK-150),4001009600,-,BARREL PLATE - 280 (STOCK-150) (CASTING),3,DRL,CNC Pattern Drilling & Tapping (PCD),1,VEN0000002,Apex Precision VMC Machinists,M16/M20 mould clamp tapped holes as per drawing
4110002900,A-10020,BARREL PLATE - 280 (STOCK-150),4001009600,-,BARREL PLATE - 280 (STOCK-150) (CASTING),4,HT,Stress Relieving & Normalizing Heat Treatment,2,VEN0000004,Gujarat Heat Treaters & Nitriding,Normalize thermal stress at 550°C
4110002900,A-10020,BARREL PLATE - 280 (STOCK-150),4001009600,-,BARREL PLATE - 280 (STOCK-150) (CASTING),5,GRD,Precision Cylindrical & Surface Grinding,1,VEN0000006,Sardar Cylindrical & Surface Grinding,Precision surface grind to Ra 0.4 µm & rust preventive oil
4110003000,A-10109,INJECTION CYLINDER FRONT CAP - 280,,,EN8D / C45 FORGED FLANGE FOR INJECTION CYLINDER FRONT CAP - 280,1,MCH,Heavy VMC Face & Profile Milling,2,VEN0000002,Apex Precision VMC Machinists,CNC turning and facing register bore to tolerance
4110003000,A-10109,INJECTION CYLINDER FRONT CAP - 280,,,EN8D / C45 FORGED FLANGE FOR INJECTION CYLINDER FRONT CAP - 280,2,BOR,Precision CNC Line Boring (H7),2,VEN0000002,Apex Precision VMC Machinists,Line boring spigot and locating bores to H7
4110003000,A-10109,INJECTION CYLINDER FRONT CAP - 280,,,EN8D / C45 FORGED FLANGE FOR INJECTION CYLINDER FRONT CAP - 280,3,DRL,CNC Pattern Drilling & Tapping (PCD),1,VEN0000002,Apex Precision VMC Machinists,PCD drilling and tapped mounting ports
4110003100,A-10103,INJECTION CYLINDER END CAP - 280,,,EN8D / C45 FORGED FLANGE FOR INJECTION CYLINDER END CAP - 280,1,MCH,Heavy VMC Face & Profile Milling,2,VEN0000002,Apex Precision VMC Machinists,CNC turning and facing register bore to tolerance
4110003100,A-10103,INJECTION CYLINDER END CAP - 280,,,EN8D / C45 FORGED FLANGE FOR INJECTION CYLINDER END CAP - 280,2,BOR,Precision CNC Line Boring (H7),2,VEN0000002,Apex Precision VMC Machinists,Line boring spigot and locating bores to H7
4110003100,A-10103,INJECTION CYLINDER END CAP - 280,,,EN8D / C45 FORGED FLANGE FOR INJECTION CYLINDER END CAP - 280,3,DRL,CNC Pattern Drilling & Tapping (PCD),1,VEN0000002,Apex Precision VMC Machinists,PCD drilling and tapped mounting ports
4110003200,A-10091,INJECTION CYLINDER ROD - 280,,,EN8D / CK45 INDUCTION HARDENED CHROME STEEL ROD FOR INJECTION CYLINDER ROD - 280,1,MCH,Heavy VMC Face & Profile Milling,3,VEN0000002,Apex Precision VMC Machinists,Rough turn OD leaving 0.8mm grinding allowance
4110003200,A-10091,INJECTION CYLINDER ROD - 280,,,EN8D / CK45 INDUCTION HARDENED CHROME STEEL ROD FOR INJECTION CYLINDER ROD - 280,2,MCH,Heavy VMC Face & Profile Milling,2,VEN0000002,Apex Precision VMC Machinists,Precision buttress thread whirling for split nut clamping
4110003200,A-10091,INJECTION CYLINDER ROD - 280,,,EN8D / CK45 INDUCTION HARDENED CHROME STEEL ROD FOR INJECTION CYLINDER ROD - 280,3,IND,Medium Frequency Induction Hardening,3,VEN0000004,Gujarat Heat Treaters & Nitriding,"Full length induction hardening to 52-56 HRC, 2.5mm depth"
4110003200,A-10091,INJECTION CYLINDER ROD - 280,,,EN8D / CK45 INDUCTION HARDENED CHROME STEEL ROD FOR INJECTION CYLINDER ROD - 280,4,GRD,Precision Cylindrical & Surface Grinding,2,VEN0000006,Sardar Cylindrical & Surface Grinding,"Centerless cylindrical grinding to h6 tolerance, straightness 0.02/m"
4110003200,A-10091,INJECTION CYLINDER ROD - 280,,,EN8D / CK45 INDUCTION HARDENED CHROME STEEL ROD FOR INJECTION CYLINDER ROD - 280,5,PLT,Hard Chrome Plating (25-30 Microns),3,VEN0000007,Hard Chrome Plating Corporation,Hard chrome plating (25-30 microns) & mirror polish to Ra 0.15 µm
4110003300,A-10097,INJECTION PISTON Ø100 - 280,,,EN8D / C45 FORGED ROUND BILLET FOR INJECTION PISTON Ø100 - 280,1,MCH,Heavy VMC Face & Profile Milling,2,VEN0000002,Apex Precision VMC Machinists,CNC turning and facing register bore to tolerance
4110003300,A-10097,INJECTION PISTON Ø100 - 280,,,EN8D / C45 FORGED ROUND BILLET FOR INJECTION PISTON Ø100 - 280,2,BOR,Precision CNC Line Boring (H7),2,VEN0000002,Apex Precision VMC Machinists,Line boring spigot and locating bores to H7
4110003300,A-10097,INJECTION PISTON Ø100 - 280,,,EN8D / C45 FORGED ROUND BILLET FOR INJECTION PISTON Ø100 - 280,3,DRL,CNC Pattern Drilling & Tapping (PCD),1,VEN0000002,Apex Precision VMC Machinists,PCD drilling and tapped mounting ports
4110003400,A-10312,HYDRAULIC ROD BUSH - Ø50,,,SAE 660 / CuSn7ZnPb CONTINUOUS CAST BRONZE HOLLOW BAR FOR HYDRAULIC ROD BUSH - Ø50,1,MCH,Heavy VMC Face & Profile Milling,1,VEN0000002,Apex Precision VMC Machinists,Rough & finish turning OD/ID and lubrication grooves
4110003400,A-10312,HYDRAULIC ROD BUSH - Ø50,,,SAE 660 / CuSn7ZnPb CONTINUOUS CAST BRONZE HOLLOW BAR FOR HYDRAULIC ROD BUSH - Ø50,2,HON,Deep Hole Diamond Honing (Ra 0.1 µm),1,VEN0000006,Sardar Cylindrical & Surface Grinding,Diamond honing internal bore to H7 tolerance
4110003400,A-10312,HYDRAULIC ROD BUSH - Ø50,,,SAE 660 / CuSn7ZnPb CONTINUOUS CAST BRONZE HOLLOW BAR FOR HYDRAULIC ROD BUSH - Ø50,3,GRD,Precision Cylindrical & Surface Grinding,1,VEN0000006,Sardar Cylindrical & Surface Grinding,Finish OD grinding to m6 fit
4110010600,A-10021,BARREL PLATE - 420 (STOCK-175),4001009800,-,BARREL PLATE - 420 (STOCK-175) (CASTING),1,MCH,Heavy VMC Face & Profile Milling,2,VEN0000002,Apex Precision VMC Machinists,Rough & finish top/bottom platen face to 0.02mm flat
4110010600,A-10021,BARREL PLATE - 420 (STOCK-175),4001009800,-,BARREL PLATE - 420 (STOCK-175) (CASTING),2,BOR,Precision CNC Line Boring (H7),3,VEN0000002,Apex Precision VMC Machinists,Bore 4x Tie bar holes to H7 tolerance
4110010600,A-10021,BARREL PLATE - 420 (STOCK-175),4001009800,-,BARREL PLATE - 420 (STOCK-175) (CASTING),3,DRL,CNC Pattern Drilling & Tapping (PCD),1,VEN0000002,Apex Precision VMC Machinists,M16/M20 mould clamp tapped holes as per drawing
4110010600,A-10021,BARREL PLATE - 420 (STOCK-175),4001009800,-,BARREL PLATE - 420 (STOCK-175) (CASTING),4,HT,Stress Relieving & Normalizing Heat Treatment,2,VEN0000004,Gujarat Heat Treaters & Nitriding,Normalize thermal stress at 550°C
4110010600,A-10021,BARREL PLATE - 420 (STOCK-175),4001009800,-,BARREL PLATE - 420 (STOCK-175) (CASTING),5,GRD,Precision Cylindrical & Surface Grinding,1,VEN0000006,Sardar Cylindrical & Surface Grinding,Precision surface grind to Ra 0.4 µm & rust preventive oil
4110010700,A-10110,INJECTION CYLINDER FRONT CAP - 420,,,EN8D / C45 FORGED FLANGE FOR INJECTION CYLINDER FRONT CAP - 420,1,MCH,Heavy VMC Face & Profile Milling,2,VEN0000002,Apex Precision VMC Machinists,CNC turning and facing register bore to tolerance
4110010700,A-10110,INJECTION CYLINDER FRONT CAP - 420,,,EN8D / C45 FORGED FLANGE FOR INJECTION CYLINDER FRONT CAP - 420,2,BOR,Precision CNC Line Boring (H7),2,VEN0000002,Apex Precision VMC Machinists,Line boring spigot and locating bores to H7
4110010700,A-10110,INJECTION CYLINDER FRONT CAP - 420,,,EN8D / C45 FORGED FLANGE FOR INJECTION CYLINDER FRONT CAP - 420,3,DRL,CNC Pattern Drilling & Tapping (PCD),1,VEN0000002,Apex Precision VMC Machinists,PCD drilling and tapped mounting ports
4110010800,A-10104,INJECTION CYLINDER END CAP - 420,,,EN8D / C45 FORGED FLANGE FOR INJECTION CYLINDER END CAP - 420,1,MCH,Heavy VMC Face & Profile Milling,2,VEN0000002,Apex Precision VMC Machinists,CNC turning and facing register bore to tolerance
4110010800,A-10104,INJECTION CYLINDER END CAP - 420,,,EN8D / C45 FORGED FLANGE FOR INJECTION CYLINDER END CAP - 420,2,BOR,Precision CNC Line Boring (H7),2,VEN0000002,Apex Precision VMC Machinists,Line boring spigot and locating bores to H7
4110010800,A-10104,INJECTION CYLINDER END CAP - 420,,,EN8D / C45 FORGED FLANGE FOR INJECTION CYLINDER END CAP - 420,3,DRL,CNC Pattern Drilling & Tapping (PCD),1,VEN0000002,Apex Precision VMC Machinists,PCD drilling and tapped mounting ports
4110010900,A-10092,INJECTION CYLINDER ROD - 420,,,EN8D / CK45 INDUCTION HARDENED CHROME STEEL ROD FOR INJECTION CYLINDER ROD - 420,1,MCH,Heavy VMC Face & Profile Milling,3,VEN0000002,Apex Precision VMC Machinists,Rough turn OD leaving 0.8mm grinding allowance
4110010900,A-10092,INJECTION CYLINDER ROD - 420,,,EN8D / CK45 INDUCTION HARDENED CHROME STEEL ROD FOR INJECTION CYLINDER ROD - 420,2,MCH,Heavy VMC Face & Profile Milling,2,VEN0000002,Apex Precision VMC Machinists,Precision buttress thread whirling for split nut clamping
4110010900,A-10092,INJECTION CYLINDER ROD - 420,,,EN8D / CK45 INDUCTION HARDENED CHROME STEEL ROD FOR INJECTION CYLINDER ROD - 420,3,IND,Medium Frequency Induction Hardening,3,VEN0000004,Gujarat Heat Treaters & Nitriding,"Full length induction hardening to 52-56 HRC, 2.5mm depth"
4110010900,A-10092,INJECTION CYLINDER ROD - 420,,,EN8D / CK45 INDUCTION HARDENED CHROME STEEL ROD FOR INJECTION CYLINDER ROD - 420,4,GRD,Precision Cylindrical & Surface Grinding,2,VEN0000006,Sardar Cylindrical & Surface Grinding,"Centerless cylindrical grinding to h6 tolerance, straightness 0.02/m"
4110010900,A-10092,INJECTION CYLINDER ROD - 420,,,EN8D / CK45 INDUCTION HARDENED CHROME STEEL ROD FOR INJECTION CYLINDER ROD - 420,5,PLT,Hard Chrome Plating (25-30 Microns),3,VEN0000007,Hard Chrome Plating Corporation,Hard chrome plating (25-30 microns) & mirror polish to Ra 0.15 µm
4110011000,A-10098,INJECTION PISTON Ø110 - 420,,,EN8D / C45 FORGED ROUND BILLET FOR INJECTION PISTON Ø110 - 420,1,MCH,Heavy VMC Face & Profile Milling,2,VEN0000002,Apex Precision VMC Machinists,CNC turning and facing register bore to tolerance
4110011000,A-10098,INJECTION PISTON Ø110 - 420,,,EN8D / C45 FORGED ROUND BILLET FOR INJECTION PISTON Ø110 - 420,2,BOR,Precision CNC Line Boring (H7),2,VEN0000002,Apex Precision VMC Machinists,Line boring spigot and locating bores to H7
4110011000,A-10098,INJECTION PISTON Ø110 - 420,,,EN8D / C45 FORGED ROUND BILLET FOR INJECTION PISTON Ø110 - 420,3,DRL,CNC Pattern Drilling & Tapping (PCD),1,VEN0000002,Apex Precision VMC Machinists,PCD drilling and tapped mounting ports
4110015000,A-10022,BARREL PLATE - 635 (STOCK-210),4001010000,-,BARREL PLATE - 635 (STOCK-210) (CASTING),1,MCH,Heavy VMC Face & Profile Milling,2,VEN0000002,Apex Precision VMC Machinists,Rough & finish top/bottom platen face to 0.02mm flat
4110015000,A-10022,BARREL PLATE - 635 (STOCK-210),4001010000,-,BARREL PLATE - 635 (STOCK-210) (CASTING),2,BOR,Precision CNC Line Boring (H7),3,VEN0000002,Apex Precision VMC Machinists,Bore 4x Tie bar holes to H7 tolerance
4110015000,A-10022,BARREL PLATE - 635 (STOCK-210),4001010000,-,BARREL PLATE - 635 (STOCK-210) (CASTING),3,DRL,CNC Pattern Drilling & Tapping (PCD),1,VEN0000002,Apex Precision VMC Machinists,M16/M20 mould clamp tapped holes as per drawing
4110015000,A-10022,BARREL PLATE - 635 (STOCK-210),4001010000,-,BARREL PLATE - 635 (STOCK-210) (CASTING),4,HT,Stress Relieving & Normalizing Heat Treatment,2,VEN0000004,Gujarat Heat Treaters & Nitriding,Normalize thermal stress at 550°C
4110015000,A-10022,BARREL PLATE - 635 (STOCK-210),4001010000,-,BARREL PLATE - 635 (STOCK-210) (CASTING),5,GRD,Precision Cylindrical & Surface Grinding,1,VEN0000006,Sardar Cylindrical & Surface Grinding,Precision surface grind to Ra 0.4 µm & rust preventive oil
4110015100,A-10111,INJECTION CYLINDER FRONT CAP - 635,,,EN8D / C45 FORGED FLANGE FOR INJECTION CYLINDER FRONT CAP - 635,1,MCH,Heavy VMC Face & Profile Milling,2,VEN0000002,Apex Precision VMC Machinists,CNC turning and facing register bore to tolerance
4110015100,A-10111,INJECTION CYLINDER FRONT CAP - 635,,,EN8D / C45 FORGED FLANGE FOR INJECTION CYLINDER FRONT CAP - 635,2,BOR,Precision CNC Line Boring (H7),2,VEN0000002,Apex Precision VMC Machinists,Line boring spigot and locating bores to H7
4110015100,A-10111,INJECTION CYLINDER FRONT CAP - 635,,,EN8D / C45 FORGED FLANGE FOR INJECTION CYLINDER FRONT CAP - 635,3,DRL,CNC Pattern Drilling & Tapping (PCD),1,VEN0000002,Apex Precision VMC Machinists,PCD drilling and tapped mounting ports
4110015200,A-10105,INJECTION CYLINDER END CAP - 635,,,EN8D / C45 FORGED FLANGE FOR INJECTION CYLINDER END CAP - 635,1,MCH,Heavy VMC Face & Profile Milling,2,VEN0000002,Apex Precision VMC Machinists,CNC turning and facing register bore to tolerance
4110015200,A-10105,INJECTION CYLINDER END CAP - 635,,,EN8D / C45 FORGED FLANGE FOR INJECTION CYLINDER END CAP - 635,2,BOR,Precision CNC Line Boring (H7),2,VEN0000002,Apex Precision VMC Machinists,Line boring spigot and locating bores to H7
4110015200,A-10105,INJECTION CYLINDER END CAP - 635,,,EN8D / C45 FORGED FLANGE FOR INJECTION CYLINDER END CAP - 635,3,DRL,CNC Pattern Drilling & Tapping (PCD),1,VEN0000002,Apex Precision VMC Machinists,PCD drilling and tapped mounting ports
4110015300,A-10093,INJECTION CYLINDER ROD - 635,,,EN8D / CK45 INDUCTION HARDENED CHROME STEEL ROD FOR INJECTION CYLINDER ROD - 635,1,MCH,Heavy VMC Face & Profile Milling,3,VEN0000002,Apex Precision VMC Machinists,Rough turn OD leaving 0.8mm grinding allowance
4110015300,A-10093,INJECTION CYLINDER ROD - 635,,,EN8D / CK45 INDUCTION HARDENED CHROME STEEL ROD FOR INJECTION CYLINDER ROD - 635,2,MCH,Heavy VMC Face & Profile Milling,2,VEN0000002,Apex Precision VMC Machinists,Precision buttress thread whirling for split nut clamping
4110015300,A-10093,INJECTION CYLINDER ROD - 635,,,EN8D / CK45 INDUCTION HARDENED CHROME STEEL ROD FOR INJECTION CYLINDER ROD - 635,3,IND,Medium Frequency Induction Hardening,3,VEN0000004,Gujarat Heat Treaters & Nitriding,"Full length induction hardening to 52-56 HRC, 2.5mm depth"
4110015300,A-10093,INJECTION CYLINDER ROD - 635,,,EN8D / CK45 INDUCTION HARDENED CHROME STEEL ROD FOR INJECTION CYLINDER ROD - 635,4,GRD,Precision Cylindrical & Surface Grinding,2,VEN0000006,Sardar Cylindrical & Surface Grinding,"Centerless cylindrical grinding to h6 tolerance, straightness 0.02/m"
4110015300,A-10093,INJECTION CYLINDER ROD - 635,,,EN8D / CK45 INDUCTION HARDENED CHROME STEEL ROD FOR INJECTION CYLINDER ROD - 635,5,PLT,Hard Chrome Plating (25-30 Microns),3,VEN0000007,Hard Chrome Plating Corporation,Hard chrome plating (25-30 microns) & mirror polish to Ra 0.15 µm
4110015400,A-10099,INJECTION PISTON Ø125 - 635,,,EN8D / C45 FORGED ROUND BILLET FOR INJECTION PISTON Ø125 - 635,1,MCH,Heavy VMC Face & Profile Milling,2,VEN0000002,Apex Precision VMC Machinists,CNC turning and facing register bore to tolerance
4110015400,A-10099,INJECTION PISTON Ø125 - 635,,,EN8D / C45 FORGED ROUND BILLET FOR INJECTION PISTON Ø125 - 635,2,BOR,Precision CNC Line Boring (H7),2,VEN0000002,Apex Precision VMC Machinists,Line boring spigot and locating bores to H7
4110015400,A-10099,INJECTION PISTON Ø125 - 635,,,EN8D / C45 FORGED ROUND BILLET FOR INJECTION PISTON Ø125 - 635,3,DRL,CNC Pattern Drilling & Tapping (PCD),1,VEN0000002,Apex Precision VMC Machinists,PCD drilling and tapped mounting ports
4110015500,A-10313,HYDRAULIC ROD BUSH - Ø60,,,SAE 660 / CuSn7ZnPb CONTINUOUS CAST BRONZE HOLLOW BAR FOR HYDRAULIC ROD BUSH - Ø60,1,MCH,Heavy VMC Face & Profile Milling,1,VEN0000002,Apex Precision VMC Machinists,Rough & finish turning OD/ID and lubrication grooves
4110015500,A-10313,HYDRAULIC ROD BUSH - Ø60,,,SAE 660 / CuSn7ZnPb CONTINUOUS CAST BRONZE HOLLOW BAR FOR HYDRAULIC ROD BUSH - Ø60,2,HON,Deep Hole Diamond Honing (Ra 0.1 µm),1,VEN0000006,Sardar Cylindrical & Surface Grinding,Diamond honing internal bore to H7 tolerance
4110015500,A-10313,HYDRAULIC ROD BUSH - Ø60,,,SAE 660 / CuSn7ZnPb CONTINUOUS CAST BRONZE HOLLOW BAR FOR HYDRAULIC ROD BUSH - Ø60,3,GRD,Precision Cylindrical & Surface Grinding,1,VEN0000006,Sardar Cylindrical & Surface Grinding,Finish OD grinding to m6 fit
4110020600,A-10023,BARREL PLATE - 905 (STOCK-245),4001010200,-,BARREL PLATE - 905 (STOCK-245) (CASTING),1,MCH,Heavy VMC Face & Profile Milling,2,VEN0000002,Apex Precision VMC Machinists,Rough & finish top/bottom platen face to 0.02mm flat
4110020600,A-10023,BARREL PLATE - 905 (STOCK-245),4001010200,-,BARREL PLATE - 905 (STOCK-245) (CASTING),2,BOR,Precision CNC Line Boring (H7),3,VEN0000002,Apex Precision VMC Machinists,Bore 4x Tie bar holes to H7 tolerance
4110020600,A-10023,BARREL PLATE - 905 (STOCK-245),4001010200,-,BARREL PLATE - 905 (STOCK-245) (CASTING),3,DRL,CNC Pattern Drilling & Tapping (PCD),1,VEN0000002,Apex Precision VMC Machinists,M16/M20 mould clamp tapped holes as per drawing
4110020600,A-10023,BARREL PLATE - 905 (STOCK-245),4001010200,-,BARREL PLATE - 905 (STOCK-245) (CASTING),4,HT,Stress Relieving & Normalizing Heat Treatment,2,VEN0000004,Gujarat Heat Treaters & Nitriding,Normalize thermal stress at 550°C
4110020600,A-10023,BARREL PLATE - 905 (STOCK-245),4001010200,-,BARREL PLATE - 905 (STOCK-245) (CASTING),5,GRD,Precision Cylindrical & Surface Grinding,1,VEN0000006,Sardar Cylindrical & Surface Grinding,Precision surface grind to Ra 0.4 µm & rust preventive oil
4110020700,A-10112,INJECTION CYLINDER FRONT CAP - 905,,,EN8D / C45 FORGED FLANGE FOR INJECTION CYLINDER FRONT CAP - 905,1,MCH,Heavy VMC Face & Profile Milling,2,VEN0000002,Apex Precision VMC Machinists,CNC turning and facing register bore to tolerance
4110020700,A-10112,INJECTION CYLINDER FRONT CAP - 905,,,EN8D / C45 FORGED FLANGE FOR INJECTION CYLINDER FRONT CAP - 905,2,BOR,Precision CNC Line Boring (H7),2,VEN0000002,Apex Precision VMC Machinists,Line boring spigot and locating bores to H7
4110020700,A-10112,INJECTION CYLINDER FRONT CAP - 905,,,EN8D / C45 FORGED FLANGE FOR INJECTION CYLINDER FRONT CAP - 905,3,DRL,CNC Pattern Drilling & Tapping (PCD),1,VEN0000002,Apex Precision VMC Machinists,PCD drilling and tapped mounting ports
4110020800,A-10106,INJECTION CYLINDER END CAP - 905,,,EN8D / C45 FORGED FLANGE FOR INJECTION CYLINDER END CAP - 905,1,MCH,Heavy VMC Face & Profile Milling,2,VEN0000002,Apex Precision VMC Machinists,CNC turning and facing register bore to tolerance
4110020800,A-10106,INJECTION CYLINDER END CAP - 905,,,EN8D / C45 FORGED FLANGE FOR INJECTION CYLINDER END CAP - 905,2,BOR,Precision CNC Line Boring (H7),2,VEN0000002,Apex Precision VMC Machinists,Line boring spigot and locating bores to H7
4110020800,A-10106,INJECTION CYLINDER END CAP - 905,,,EN8D / C45 FORGED FLANGE FOR INJECTION CYLINDER END CAP - 905,3,DRL,CNC Pattern Drilling & Tapping (PCD),1,VEN0000002,Apex Precision VMC Machinists,PCD drilling and tapped mounting ports
4110020900,A-10094,INJECTION CYLINDER ROD - 905,,,EN8D / CK45 INDUCTION HARDENED CHROME STEEL ROD FOR INJECTION CYLINDER ROD - 905,1,MCH,Heavy VMC Face & Profile Milling,3,VEN0000002,Apex Precision VMC Machinists,Rough turn OD leaving 0.8mm grinding allowance
4110020900,A-10094,INJECTION CYLINDER ROD - 905,,,EN8D / CK45 INDUCTION HARDENED CHROME STEEL ROD FOR INJECTION CYLINDER ROD - 905,2,MCH,Heavy VMC Face & Profile Milling,2,VEN0000002,Apex Precision VMC Machinists,Precision buttress thread whirling for split nut clamping
4110020900,A-10094,INJECTION CYLINDER ROD - 905,,,EN8D / CK45 INDUCTION HARDENED CHROME STEEL ROD FOR INJECTION CYLINDER ROD - 905,3,IND,Medium Frequency Induction Hardening,3,VEN0000004,Gujarat Heat Treaters & Nitriding,"Full length induction hardening to 52-56 HRC, 2.5mm depth"
4110020900,A-10094,INJECTION CYLINDER ROD - 905,,,EN8D / CK45 INDUCTION HARDENED CHROME STEEL ROD FOR INJECTION CYLINDER ROD - 905,4,GRD,Precision Cylindrical & Surface Grinding,2,VEN0000006,Sardar Cylindrical & Surface Grinding,"Centerless cylindrical grinding to h6 tolerance, straightness 0.02/m"
4110020900,A-10094,INJECTION CYLINDER ROD - 905,,,EN8D / CK45 INDUCTION HARDENED CHROME STEEL ROD FOR INJECTION CYLINDER ROD - 905,5,PLT,Hard Chrome Plating (25-30 Microns),3,VEN0000007,Hard Chrome Plating Corporation,Hard chrome plating (25-30 microns) & mirror polish to Ra 0.15 µm
4110021000,A-10100,INJECTION PISTON Ø140 - 905,,,EN8D / C45 FORGED ROUND BILLET FOR INJECTION PISTON Ø140 - 905,1,MCH,Heavy VMC Face & Profile Milling,2,VEN0000002,Apex Precision VMC Machinists,CNC turning and facing register bore to tolerance
4110021000,A-10100,INJECTION PISTON Ø140 - 905,,,EN8D / C45 FORGED ROUND BILLET FOR INJECTION PISTON Ø140 - 905,2,BOR,Precision CNC Line Boring (H7),2,VEN0000002,Apex Precision VMC Machinists,Line boring spigot and locating bores to H7
4110021000,A-10100,INJECTION PISTON Ø140 - 905,,,EN8D / C45 FORGED ROUND BILLET FOR INJECTION PISTON Ø140 - 905,3,DRL,CNC Pattern Drilling & Tapping (PCD),1,VEN0000002,Apex Precision VMC Machinists,PCD drilling and tapped mounting ports
4110021100,A-10314,HYDRAULIC ROD BUSH - Ø70,,,SAE 660 / CuSn7ZnPb CONTINUOUS CAST BRONZE HOLLOW BAR FOR HYDRAULIC ROD BUSH - Ø70,1,MCH,Heavy VMC Face & Profile Milling,1,VEN0000002,Apex Precision VMC Machinists,Rough & finish turning OD/ID and lubrication grooves
4110021100,A-10314,HYDRAULIC ROD BUSH - Ø70,,,SAE 660 / CuSn7ZnPb CONTINUOUS CAST BRONZE HOLLOW BAR FOR HYDRAULIC ROD BUSH - Ø70,2,HON,Deep Hole Diamond Honing (Ra 0.1 µm),1,VEN0000006,Sardar Cylindrical & Surface Grinding,Diamond honing internal bore to H7 tolerance
4110021100,A-10314,HYDRAULIC ROD BUSH - Ø70,,,SAE 660 / CuSn7ZnPb CONTINUOUS CAST BRONZE HOLLOW BAR FOR HYDRAULIC ROD BUSH - Ø70,3,GRD,Precision Cylindrical & Surface Grinding,1,VEN0000006,Sardar Cylindrical & Surface Grinding,Finish OD grinding to m6 fit
4110025700,A-10024,BARREL PLATE - 1520 (STOCK-280),4001010400,-,BARREL PLATE - 1520 (STOCK-280) (CASTING),1,MCH,Heavy VMC Face & Profile Milling,2,VEN0000002,Apex Precision VMC Machinists,Rough & finish top/bottom platen face to 0.02mm flat
4110025700,A-10024,BARREL PLATE - 1520 (STOCK-280),4001010400,-,BARREL PLATE - 1520 (STOCK-280) (CASTING),2,BOR,Precision CNC Line Boring (H7),3,VEN0000002,Apex Precision VMC Machinists,Bore 4x Tie bar holes to H7 tolerance
4110025700,A-10024,BARREL PLATE - 1520 (STOCK-280),4001010400,-,BARREL PLATE - 1520 (STOCK-280) (CASTING),3,DRL,CNC Pattern Drilling & Tapping (PCD),1,VEN0000002,Apex Precision VMC Machinists,M16/M20 mould clamp tapped holes as per drawing
4110025700,A-10024,BARREL PLATE - 1520 (STOCK-280),4001010400,-,BARREL PLATE - 1520 (STOCK-280) (CASTING),4,HT,Stress Relieving & Normalizing Heat Treatment,2,VEN0000004,Gujarat Heat Treaters & Nitriding,Normalize thermal stress at 550°C
4110025700,A-10024,BARREL PLATE - 1520 (STOCK-280),4001010400,-,BARREL PLATE - 1520 (STOCK-280) (CASTING),5,GRD,Precision Cylindrical & Surface Grinding,1,VEN0000006,Sardar Cylindrical & Surface Grinding,Precision surface grind to Ra 0.4 µm & rust preventive oil
4110025800,A-10113,INJECTION CYLINDER FRONT CAP - 1520,,,EN8D / C45 FORGED FLANGE FOR INJECTION CYLINDER FRONT CAP - 1520,1,MCH,Heavy VMC Face & Profile Milling,2,VEN0000002,Apex Precision VMC Machinists,CNC turning and facing register bore to tolerance
4110025800,A-10113,INJECTION CYLINDER FRONT CAP - 1520,,,EN8D / C45 FORGED FLANGE FOR INJECTION CYLINDER FRONT CAP - 1520,2,BOR,Precision CNC Line Boring (H7),2,VEN0000002,Apex Precision VMC Machinists,Line boring spigot and locating bores to H7
4110025800,A-10113,INJECTION CYLINDER FRONT CAP - 1520,,,EN8D / C45 FORGED FLANGE FOR INJECTION CYLINDER FRONT CAP - 1520,3,DRL,CNC Pattern Drilling & Tapping (PCD),1,VEN0000002,Apex Precision VMC Machinists,PCD drilling and tapped mounting ports
4110025900,A-10107,INJECTION CYLINDER END CAP - 1520,,,EN8D / C45 FORGED FLANGE FOR INJECTION CYLINDER END CAP - 1520,1,MCH,Heavy VMC Face & Profile Milling,2,VEN0000002,Apex Precision VMC Machinists,CNC turning and facing register bore to tolerance
4110025900,A-10107,INJECTION CYLINDER END CAP - 1520,,,EN8D / C45 FORGED FLANGE FOR INJECTION CYLINDER END CAP - 1520,2,BOR,Precision CNC Line Boring (H7),2,VEN0000002,Apex Precision VMC Machinists,Line boring spigot and locating bores to H7
4110025900,A-10107,INJECTION CYLINDER END CAP - 1520,,,EN8D / C45 FORGED FLANGE FOR INJECTION CYLINDER END CAP - 1520,3,DRL,CNC Pattern Drilling & Tapping (PCD),1,VEN0000002,Apex Precision VMC Machinists,PCD drilling and tapped mounting ports
4110026000,A-10095,INJECTION CYLINDER ROD - 1520,,,EN8D / CK45 INDUCTION HARDENED CHROME STEEL ROD FOR INJECTION CYLINDER ROD - 1520,1,MCH,Heavy VMC Face & Profile Milling,3,VEN0000002,Apex Precision VMC Machinists,Rough turn OD leaving 0.8mm grinding allowance
4110026000,A-10095,INJECTION CYLINDER ROD - 1520,,,EN8D / CK45 INDUCTION HARDENED CHROME STEEL ROD FOR INJECTION CYLINDER ROD - 1520,2,MCH,Heavy VMC Face & Profile Milling,2,VEN0000002,Apex Precision VMC Machinists,Precision buttress thread whirling for split nut clamping
4110026000,A-10095,INJECTION CYLINDER ROD - 1520,,,EN8D / CK45 INDUCTION HARDENED CHROME STEEL ROD FOR INJECTION CYLINDER ROD - 1520,3,IND,Medium Frequency Induction Hardening,3,VEN0000004,Gujarat Heat Treaters & Nitriding,"Full length induction hardening to 52-56 HRC, 2.5mm depth"
4110026000,A-10095,INJECTION CYLINDER ROD - 1520,,,EN8D / CK45 INDUCTION HARDENED CHROME STEEL ROD FOR INJECTION CYLINDER ROD - 1520,4,GRD,Precision Cylindrical & Surface Grinding,2,VEN0000006,Sardar Cylindrical & Surface Grinding,"Centerless cylindrical grinding to h6 tolerance, straightness 0.02/m"
4110026000,A-10095,INJECTION CYLINDER ROD - 1520,,,EN8D / CK45 INDUCTION HARDENED CHROME STEEL ROD FOR INJECTION CYLINDER ROD - 1520,5,PLT,Hard Chrome Plating (25-30 Microns),3,VEN0000007,Hard Chrome Plating Corporation,Hard chrome plating (25-30 microns) & mirror polish to Ra 0.15 µm
4110026100,A-10101,INJECTION PISTON Ø165 - 1520,,,EN8D / C45 FORGED ROUND BILLET FOR INJECTION PISTON Ø165 - 1520,1,MCH,Heavy VMC Face & Profile Milling,2,VEN0000002,Apex Precision VMC Machinists,CNC turning and facing register bore to tolerance
4110026100,A-10101,INJECTION PISTON Ø165 - 1520,,,EN8D / C45 FORGED ROUND BILLET FOR INJECTION PISTON Ø165 - 1520,2,BOR,Precision CNC Line Boring (H7),2,VEN0000002,Apex Precision VMC Machinists,Line boring spigot and locating bores to H7
4110026100,A-10101,INJECTION PISTON Ø165 - 1520,,,EN8D / C45 FORGED ROUND BILLET FOR INJECTION PISTON Ø165 - 1520,3,DRL,CNC Pattern Drilling & Tapping (PCD),1,VEN0000002,Apex Precision VMC Machinists,PCD drilling and tapped mounting ports
4110026200,A-10315,HYDRAULIC ROD BUSH - Ø75,,,SAE 660 / CuSn7ZnPb CONTINUOUS CAST BRONZE HOLLOW BAR FOR HYDRAULIC ROD BUSH - Ø75,1,MCH,Heavy VMC Face & Profile Milling,1,VEN0000002,Apex Precision VMC Machinists,Rough & finish turning OD/ID and lubrication grooves
4110026200,A-10315,HYDRAULIC ROD BUSH - Ø75,,,SAE 660 / CuSn7ZnPb CONTINUOUS CAST BRONZE HOLLOW BAR FOR HYDRAULIC ROD BUSH - Ø75,2,HON,Deep Hole Diamond Honing (Ra 0.1 µm),1,VEN0000006,Sardar Cylindrical & Surface Grinding,Diamond honing internal bore to H7 tolerance
4110026200,A-10315,HYDRAULIC ROD BUSH - Ø75,,,SAE 660 / CuSn7ZnPb CONTINUOUS CAST BRONZE HOLLOW BAR FOR HYDRAULIC ROD BUSH - Ø75,3,GRD,Precision Cylindrical & Surface Grinding,1,VEN0000006,Sardar Cylindrical & Surface Grinding,Finish OD grinding to m6 fit
4110028700,A-10025,BARREL PLATE - 2350 (STOCK-315),4001010600,-,BARREL PLATE - 2350 (STOCK-315) (CASTING),1,MCH,Heavy VMC Face & Profile Milling,2,VEN0000002,Apex Precision VMC Machinists,Rough & finish top/bottom platen face to 0.02mm flat
4110028700,A-10025,BARREL PLATE - 2350 (STOCK-315),4001010600,-,BARREL PLATE - 2350 (STOCK-315) (CASTING),2,BOR,Precision CNC Line Boring (H7),3,VEN0000002,Apex Precision VMC Machinists,Bore 4x Tie bar holes to H7 tolerance
4110028700,A-10025,BARREL PLATE - 2350 (STOCK-315),4001010600,-,BARREL PLATE - 2350 (STOCK-315) (CASTING),3,DRL,CNC Pattern Drilling & Tapping (PCD),1,VEN0000002,Apex Precision VMC Machinists,M16/M20 mould clamp tapped holes as per drawing
4110028700,A-10025,BARREL PLATE - 2350 (STOCK-315),4001010600,-,BARREL PLATE - 2350 (STOCK-315) (CASTING),4,HT,Stress Relieving & Normalizing Heat Treatment,2,VEN0000004,Gujarat Heat Treaters & Nitriding,Normalize thermal stress at 550°C
4110028700,A-10025,BARREL PLATE - 2350 (STOCK-315),4001010600,-,BARREL PLATE - 2350 (STOCK-315) (CASTING),5,GRD,Precision Cylindrical & Surface Grinding,1,VEN0000006,Sardar Cylindrical & Surface Grinding,Precision surface grind to Ra 0.4 µm & rust preventive oil
4110028800,A-10114,INJECTION CYLINDER FRONT CAP - 2350,,,EN8D / C45 FORGED FLANGE FOR INJECTION CYLINDER FRONT CAP - 2350,1,MCH,Heavy VMC Face & Profile Milling,2,VEN0000002,Apex Precision VMC Machinists,CNC turning and facing register bore to tolerance
4110028800,A-10114,INJECTION CYLINDER FRONT CAP - 2350,,,EN8D / C45 FORGED FLANGE FOR INJECTION CYLINDER FRONT CAP - 2350,2,BOR,Precision CNC Line Boring (H7),2,VEN0000002,Apex Precision VMC Machinists,Line boring spigot and locating bores to H7
4110028800,A-10114,INJECTION CYLINDER FRONT CAP - 2350,,,EN8D / C45 FORGED FLANGE FOR INJECTION CYLINDER FRONT CAP - 2350,3,DRL,CNC Pattern Drilling & Tapping (PCD),1,VEN0000002,Apex Precision VMC Machinists,PCD drilling and tapped mounting ports
4110028900,A-10108,INJECTION CYLINDER END CAP - 2350,,,EN8D / C45 FORGED FLANGE FOR INJECTION CYLINDER END CAP - 2350,1,MCH,Heavy VMC Face & Profile Milling,2,VEN0000002,Apex Precision VMC Machinists,CNC turning and facing register bore to tolerance
4110028900,A-10108,INJECTION CYLINDER END CAP - 2350,,,EN8D / C45 FORGED FLANGE FOR INJECTION CYLINDER END CAP - 2350,2,BOR,Precision CNC Line Boring (H7),2,VEN0000002,Apex Precision VMC Machinists,Line boring spigot and locating bores to H7
4110028900,A-10108,INJECTION CYLINDER END CAP - 2350,,,EN8D / C45 FORGED FLANGE FOR INJECTION CYLINDER END CAP - 2350,3,DRL,CNC Pattern Drilling & Tapping (PCD),1,VEN0000002,Apex Precision VMC Machinists,PCD drilling and tapped mounting ports
4110029000,A-10096,INJECTION CYLINDER ROD - 2350,,,EN8D / CK45 INDUCTION HARDENED CHROME STEEL ROD FOR INJECTION CYLINDER ROD - 2350,1,MCH,Heavy VMC Face & Profile Milling,3,VEN0000002,Apex Precision VMC Machinists,Rough turn OD leaving 0.8mm grinding allowance
4110029000,A-10096,INJECTION CYLINDER ROD - 2350,,,EN8D / CK45 INDUCTION HARDENED CHROME STEEL ROD FOR INJECTION CYLINDER ROD - 2350,2,MCH,Heavy VMC Face & Profile Milling,2,VEN0000002,Apex Precision VMC Machinists,Precision buttress thread whirling for split nut clamping
4110029000,A-10096,INJECTION CYLINDER ROD - 2350,,,EN8D / CK45 INDUCTION HARDENED CHROME STEEL ROD FOR INJECTION CYLINDER ROD - 2350,3,IND,Medium Frequency Induction Hardening,3,VEN0000004,Gujarat Heat Treaters & Nitriding,"Full length induction hardening to 52-56 HRC, 2.5mm depth"
4110029000,A-10096,INJECTION CYLINDER ROD - 2350,,,EN8D / CK45 INDUCTION HARDENED CHROME STEEL ROD FOR INJECTION CYLINDER ROD - 2350,4,GRD,Precision Cylindrical & Surface Grinding,2,VEN0000006,Sardar Cylindrical & Surface Grinding,"Centerless cylindrical grinding to h6 tolerance, straightness 0.02/m"
4110029000,A-10096,INJECTION CYLINDER ROD - 2350,,,EN8D / CK45 INDUCTION HARDENED CHROME STEEL ROD FOR INJECTION CYLINDER ROD - 2350,5,PLT,Hard Chrome Plating (25-30 Microns),3,VEN0000007,Hard Chrome Plating Corporation,Hard chrome plating (25-30 microns) & mirror polish to Ra 0.15 µm
4110029100,A-10102,INJECTION PISTON Ø190 - 2350,,,EN8D / C45 FORGED ROUND BILLET FOR INJECTION PISTON Ø190 - 2350,1,MCH,Heavy VMC Face & Profile Milling,2,VEN0000002,Apex Precision VMC Machinists,CNC turning and facing register bore to tolerance
4110029100,A-10102,INJECTION PISTON Ø190 - 2350,,,EN8D / C45 FORGED ROUND BILLET FOR INJECTION PISTON Ø190 - 2350,2,BOR,Precision CNC Line Boring (H7),2,VEN0000002,Apex Precision VMC Machinists,Line boring spigot and locating bores to H7
4110029100,A-10102,INJECTION PISTON Ø190 - 2350,,,EN8D / C45 FORGED ROUND BILLET FOR INJECTION PISTON Ø190 - 2350,3,DRL,CNC Pattern Drilling & Tapping (PCD),1,VEN0000002,Apex Precision VMC Machinists,PCD drilling and tapped mounting ports
4110029200,A-10316,HYDRAULIC ROD BUSH - Ø80,,,SAE 660 / CuSn7ZnPb CONTINUOUS CAST BRONZE HOLLOW BAR FOR HYDRAULIC ROD BUSH - Ø80,1,MCH,Heavy VMC Face & Profile Milling,1,VEN0000002,Apex Precision VMC Machinists,Rough & finish turning OD/ID and lubrication grooves
4110029200,A-10316,HYDRAULIC ROD BUSH - Ø80,,,SAE 660 / CuSn7ZnPb CONTINUOUS CAST BRONZE HOLLOW BAR FOR HYDRAULIC ROD BUSH - Ø80,2,HON,Deep Hole Diamond Honing (Ra 0.1 µm),1,VEN0000006,Sardar Cylindrical & Surface Grinding,Diamond honing internal bore to H7 tolerance
4110029200,A-10316,HYDRAULIC ROD BUSH - Ø80,,,SAE 660 / CuSn7ZnPb CONTINUOUS CAST BRONZE HOLLOW BAR FOR HYDRAULIC ROD BUSH - Ø80,3,GRD,Precision Cylindrical & Surface Grinding,1,VEN0000006,Sardar Cylindrical & Surface Grinding,Finish OD grinding to m6 fit
4110003500,A-10026,BEARING HOUSING - 280,4001011200,-,BEARING HOUSING - 280 (CASTING),1,MCH,Heavy VMC Face & Profile Milling,2,VEN0000002,Apex Precision VMC Machinists,CNC turning and facing register bore to tolerance
4110003500,A-10026,BEARING HOUSING - 280,4001011200,-,BEARING HOUSING - 280 (CASTING),2,BOR,Precision CNC Line Boring (H7),2,VEN0000002,Apex Precision VMC Machinists,Line boring spigot and locating bores to H7
4110003500,A-10026,BEARING HOUSING - 280,4001011200,-,BEARING HOUSING - 280 (CASTING),3,DRL,CNC Pattern Drilling & Tapping (PCD),1,VEN0000002,Apex Precision VMC Machinists,PCD drilling and tapped mounting ports
4110003600,A-10039,SCREW DRIVE SHAFT - 280,,,RAW STOCK / FORGING FOR SCREW DRIVE SHAFT - 280,1,MCH,Heavy VMC Face & Profile Milling,2,VEN0000002,Apex Precision VMC Machinists,CNC turning and facing register bore to tolerance
4110003600,A-10039,SCREW DRIVE SHAFT - 280,,,RAW STOCK / FORGING FOR SCREW DRIVE SHAFT - 280,2,BOR,Precision CNC Line Boring (H7),2,VEN0000002,Apex Precision VMC Machinists,Line boring spigot and locating bores to H7
4110003600,A-10039,SCREW DRIVE SHAFT - 280,,,RAW STOCK / FORGING FOR SCREW DRIVE SHAFT - 280,3,DRL,CNC Pattern Drilling & Tapping (PCD),1,VEN0000002,Apex Precision VMC Machinists,PCD drilling and tapped mounting ports
4110003700,A-10076,DRIVE SHAFT OIL SEAL FLANGE - 280,,,RAW STOCK / FORGING FOR DRIVE SHAFT OIL SEAL FLANGE - 280,1,MCH,Heavy VMC Face & Profile Milling,2,VEN0000002,Apex Precision VMC Machinists,CNC turning and facing register bore to tolerance
4110003700,A-10076,DRIVE SHAFT OIL SEAL FLANGE - 280,,,RAW STOCK / FORGING FOR DRIVE SHAFT OIL SEAL FLANGE - 280,2,BOR,Precision CNC Line Boring (H7),2,VEN0000002,Apex Precision VMC Machinists,Line boring spigot and locating bores to H7
4110003700,A-10076,DRIVE SHAFT OIL SEAL FLANGE - 280,,,RAW STOCK / FORGING FOR DRIVE SHAFT OIL SEAL FLANGE - 280,3,DRL,CNC Pattern Drilling & Tapping (PCD),1,VEN0000002,Apex Precision VMC Machinists,PCD drilling and tapped mounting ports
4020101000,A-10035,DRIVE SHAFT NUT - 280 (M70 X 3),,,RAW STOCK / FORGING FOR DRIVE SHAFT NUT - 280 (M70 X 3),1,MCH,Heavy VMC Face & Profile Milling,2,VEN0000002,Apex Precision VMC Machinists,CNC turning and facing register bore to tolerance
4020101000,A-10035,DRIVE SHAFT NUT - 280 (M70 X 3),,,RAW STOCK / FORGING FOR DRIVE SHAFT NUT - 280 (M70 X 3),2,BOR,Precision CNC Line Boring (H7),2,VEN0000002,Apex Precision VMC Machinists,Line boring spigot and locating bores to H7
4020101000,A-10035,DRIVE SHAFT NUT - 280 (M70 X 3),,,RAW STOCK / FORGING FOR DRIVE SHAFT NUT - 280 (M70 X 3),3,DRL,CNC Pattern Drilling & Tapping (PCD),1,VEN0000002,Apex Precision VMC Machinists,PCD drilling and tapped mounting ports
4020101100,A-10031,DRIVE SHAFT CHECK NUT - 280 (M70 X 3),,,RAW STOCK / FORGING FOR DRIVE SHAFT CHECK NUT - 280 (M70 X 3),1,MCH,Heavy VMC Face & Profile Milling,2,VEN0000002,Apex Precision VMC Machinists,CNC turning and facing register bore to tolerance
4020101100,A-10031,DRIVE SHAFT CHECK NUT - 280 (M70 X 3),,,RAW STOCK / FORGING FOR DRIVE SHAFT CHECK NUT - 280 (M70 X 3),2,BOR,Precision CNC Line Boring (H7),2,VEN0000002,Apex Precision VMC Machinists,Line boring spigot and locating bores to H7
4020101100,A-10031,DRIVE SHAFT CHECK NUT - 280 (M70 X 3),,,RAW STOCK / FORGING FOR DRIVE SHAFT CHECK NUT - 280 (M70 X 3),3,DRL,CNC Pattern Drilling & Tapping (PCD),1,VEN0000002,Apex Precision VMC Machinists,PCD drilling and tapped mounting ports
4110015600,A-10027,BEARING HOUSING - 635,4001011400,-,BEARING HOUSING - 635 (CASTING),1,MCH,Heavy VMC Face & Profile Milling,2,VEN0000002,Apex Precision VMC Machinists,CNC turning and facing register bore to tolerance
4110015600,A-10027,BEARING HOUSING - 635,4001011400,-,BEARING HOUSING - 635 (CASTING),2,BOR,Precision CNC Line Boring (H7),2,VEN0000002,Apex Precision VMC Machinists,Line boring spigot and locating bores to H7
4110015600,A-10027,BEARING HOUSING - 635,4001011400,-,BEARING HOUSING - 635 (CASTING),3,DRL,CNC Pattern Drilling & Tapping (PCD),1,VEN0000002,Apex Precision VMC Machinists,PCD drilling and tapped mounting ports
4110015700,A-10040,SCREW DRIVE SHAFT - 635,,,RAW STOCK / FORGING FOR SCREW DRIVE SHAFT - 635,1,MCH,Heavy VMC Face & Profile Milling,2,VEN0000002,Apex Precision VMC Machinists,CNC turning and facing register bore to tolerance
4110015700,A-10040,SCREW DRIVE SHAFT - 635,,,RAW STOCK / FORGING FOR SCREW DRIVE SHAFT - 635,2,BOR,Precision CNC Line Boring (H7),2,VEN0000002,Apex Precision VMC Machinists,Line boring spigot and locating bores to H7
4110015700,A-10040,SCREW DRIVE SHAFT - 635,,,RAW STOCK / FORGING FOR SCREW DRIVE SHAFT - 635,3,DRL,CNC Pattern Drilling & Tapping (PCD),1,VEN0000002,Apex Precision VMC Machinists,PCD drilling and tapped mounting ports
4110015800,A-10077,DRIVE SHAFT OIL SEAL FLANGE - 635,,,RAW STOCK / FORGING FOR DRIVE SHAFT OIL SEAL FLANGE - 635,1,MCH,Heavy VMC Face & Profile Milling,2,VEN0000002,Apex Precision VMC Machinists,CNC turning and facing register bore to tolerance
4110015800,A-10077,DRIVE SHAFT OIL SEAL FLANGE - 635,,,RAW STOCK / FORGING FOR DRIVE SHAFT OIL SEAL FLANGE - 635,2,BOR,Precision CNC Line Boring (H7),2,VEN0000002,Apex Precision VMC Machinists,Line boring spigot and locating bores to H7
4110015800,A-10077,DRIVE SHAFT OIL SEAL FLANGE - 635,,,RAW STOCK / FORGING FOR DRIVE SHAFT OIL SEAL FLANGE - 635,3,DRL,CNC Pattern Drilling & Tapping (PCD),1,VEN0000002,Apex Precision VMC Machinists,PCD drilling and tapped mounting ports
4020101200,A-10036,DRIVE SHAFT NUT - 635 (M80 X 3),,,RAW STOCK / FORGING FOR DRIVE SHAFT NUT - 635 (M80 X 3),1,MCH,Heavy VMC Face & Profile Milling,2,VEN0000002,Apex Precision VMC Machinists,CNC turning and facing register bore to tolerance
4020101200,A-10036,DRIVE SHAFT NUT - 635 (M80 X 3),,,RAW STOCK / FORGING FOR DRIVE SHAFT NUT - 635 (M80 X 3),2,BOR,Precision CNC Line Boring (H7),2,VEN0000002,Apex Precision VMC Machinists,Line boring spigot and locating bores to H7
4020101200,A-10036,DRIVE SHAFT NUT - 635 (M80 X 3),,,RAW STOCK / FORGING FOR DRIVE SHAFT NUT - 635 (M80 X 3),3,DRL,CNC Pattern Drilling & Tapping (PCD),1,VEN0000002,Apex Precision VMC Machinists,PCD drilling and tapped mounting ports
4020101300,A-10032,DRIVE SHAFT CHECK NUT - 635 (M80 X 3),,,RAW STOCK / FORGING FOR DRIVE SHAFT CHECK NUT - 635 (M80 X 3),1,MCH,Heavy VMC Face & Profile Milling,2,VEN0000002,Apex Precision VMC Machinists,CNC turning and facing register bore to tolerance
4020101300,A-10032,DRIVE SHAFT CHECK NUT - 635 (M80 X 3),,,RAW STOCK / FORGING FOR DRIVE SHAFT CHECK NUT - 635 (M80 X 3),2,BOR,Precision CNC Line Boring (H7),2,VEN0000002,Apex Precision VMC Machinists,Line boring spigot and locating bores to H7
4020101300,A-10032,DRIVE SHAFT CHECK NUT - 635 (M80 X 3),,,RAW STOCK / FORGING FOR DRIVE SHAFT CHECK NUT - 635 (M80 X 3),3,DRL,CNC Pattern Drilling & Tapping (PCD),1,VEN0000002,Apex Precision VMC Machinists,PCD drilling and tapped mounting ports
4110021200,A-10028,BEARING HOUSING - 905,4001011600,-,BEARING HOUSING - 905 (CASTING),1,MCH,Heavy VMC Face & Profile Milling,2,VEN0000002,Apex Precision VMC Machinists,CNC turning and facing register bore to tolerance
4110021200,A-10028,BEARING HOUSING - 905,4001011600,-,BEARING HOUSING - 905 (CASTING),2,BOR,Precision CNC Line Boring (H7),2,VEN0000002,Apex Precision VMC Machinists,Line boring spigot and locating bores to H7
4110021200,A-10028,BEARING HOUSING - 905,4001011600,-,BEARING HOUSING - 905 (CASTING),3,DRL,CNC Pattern Drilling & Tapping (PCD),1,VEN0000002,Apex Precision VMC Machinists,PCD drilling and tapped mounting ports
4110021300,A-10041,SCREW DRIVE SHAFT - 905,,,RAW STOCK / FORGING FOR SCREW DRIVE SHAFT - 905,1,MCH,Heavy VMC Face & Profile Milling,2,VEN0000002,Apex Precision VMC Machinists,CNC turning and facing register bore to tolerance
4110021300,A-10041,SCREW DRIVE SHAFT - 905,,,RAW STOCK / FORGING FOR SCREW DRIVE SHAFT - 905,2,BOR,Precision CNC Line Boring (H7),2,VEN0000002,Apex Precision VMC Machinists,Line boring spigot and locating bores to H7
4110021300,A-10041,SCREW DRIVE SHAFT - 905,,,RAW STOCK / FORGING FOR SCREW DRIVE SHAFT - 905,3,DRL,CNC Pattern Drilling & Tapping (PCD),1,VEN0000002,Apex Precision VMC Machinists,PCD drilling and tapped mounting ports
4110021400,A-10078,DRIVE SHAFT OIL SEAL FLANGE - 905,,,RAW STOCK / FORGING FOR DRIVE SHAFT OIL SEAL FLANGE - 905,1,MCH,Heavy VMC Face & Profile Milling,2,VEN0000002,Apex Precision VMC Machinists,CNC turning and facing register bore to tolerance
4110021400,A-10078,DRIVE SHAFT OIL SEAL FLANGE - 905,,,RAW STOCK / FORGING FOR DRIVE SHAFT OIL SEAL FLANGE - 905,2,BOR,Precision CNC Line Boring (H7),2,VEN0000002,Apex Precision VMC Machinists,Line boring spigot and locating bores to H7
4110021400,A-10078,DRIVE SHAFT OIL SEAL FLANGE - 905,,,RAW STOCK / FORGING FOR DRIVE SHAFT OIL SEAL FLANGE - 905,3,DRL,CNC Pattern Drilling & Tapping (PCD),1,VEN0000002,Apex Precision VMC Machinists,PCD drilling and tapped mounting ports
4110026300,A-10029,BEARING HOUSING - 1520,4001011800,-,BEARING HOUSING - 1520 (CASTING),1,MCH,Heavy VMC Face & Profile Milling,2,VEN0000002,Apex Precision VMC Machinists,CNC turning and facing register bore to tolerance
4110026300,A-10029,BEARING HOUSING - 1520,4001011800,-,BEARING HOUSING - 1520 (CASTING),2,BOR,Precision CNC Line Boring (H7),2,VEN0000002,Apex Precision VMC Machinists,Line boring spigot and locating bores to H7
4110026300,A-10029,BEARING HOUSING - 1520,4001011800,-,BEARING HOUSING - 1520 (CASTING),3,DRL,CNC Pattern Drilling & Tapping (PCD),1,VEN0000002,Apex Precision VMC Machinists,PCD drilling and tapped mounting ports
4110026400,A-10042,SCREW DRIVE SHAFT - 1520,,,RAW STOCK / FORGING FOR SCREW DRIVE SHAFT - 1520,1,MCH,Heavy VMC Face & Profile Milling,2,VEN0000002,Apex Precision VMC Machinists,CNC turning and facing register bore to tolerance
4110026400,A-10042,SCREW DRIVE SHAFT - 1520,,,RAW STOCK / FORGING FOR SCREW DRIVE SHAFT - 1520,2,BOR,Precision CNC Line Boring (H7),2,VEN0000002,Apex Precision VMC Machinists,Line boring spigot and locating bores to H7
4110026400,A-10042,SCREW DRIVE SHAFT - 1520,,,RAW STOCK / FORGING FOR SCREW DRIVE SHAFT - 1520,3,DRL,CNC Pattern Drilling & Tapping (PCD),1,VEN0000002,Apex Precision VMC Machinists,PCD drilling and tapped mounting ports
4110026500,A-10079,DRIVE SHAFT OIL SEAL FLANGE - 1520,,,RAW STOCK / FORGING FOR DRIVE SHAFT OIL SEAL FLANGE - 1520,1,MCH,Heavy VMC Face & Profile Milling,2,VEN0000002,Apex Precision VMC Machinists,CNC turning and facing register bore to tolerance
4110026500,A-10079,DRIVE SHAFT OIL SEAL FLANGE - 1520,,,RAW STOCK / FORGING FOR DRIVE SHAFT OIL SEAL FLANGE - 1520,2,BOR,Precision CNC Line Boring (H7),2,VEN0000002,Apex Precision VMC Machinists,Line boring spigot and locating bores to H7
4110026500,A-10079,DRIVE SHAFT OIL SEAL FLANGE - 1520,,,RAW STOCK / FORGING FOR DRIVE SHAFT OIL SEAL FLANGE - 1520,3,DRL,CNC Pattern Drilling & Tapping (PCD),1,VEN0000002,Apex Precision VMC Machinists,PCD drilling and tapped mounting ports
4020101400,A-10037,DRIVE SHAFT NUT - 1520 (M90 X 4),,,RAW STOCK / FORGING FOR DRIVE SHAFT NUT - 1520 (M90 X 4),1,MCH,Heavy VMC Face & Profile Milling,2,VEN0000002,Apex Precision VMC Machinists,CNC turning and facing register bore to tolerance
4020101400,A-10037,DRIVE SHAFT NUT - 1520 (M90 X 4),,,RAW STOCK / FORGING FOR DRIVE SHAFT NUT - 1520 (M90 X 4),2,BOR,Precision CNC Line Boring (H7),2,VEN0000002,Apex Precision VMC Machinists,Line boring spigot and locating bores to H7
4020101400,A-10037,DRIVE SHAFT NUT - 1520 (M90 X 4),,,RAW STOCK / FORGING FOR DRIVE SHAFT NUT - 1520 (M90 X 4),3,DRL,CNC Pattern Drilling & Tapping (PCD),1,VEN0000002,Apex Precision VMC Machinists,PCD drilling and tapped mounting ports
4020101500,A-10033,DRIVE SHAFT CHECK NUT - 1520 (M90 X 4),,,RAW STOCK / FORGING FOR DRIVE SHAFT CHECK NUT - 1520 (M90 X 4),1,MCH,Heavy VMC Face & Profile Milling,2,VEN0000002,Apex Precision VMC Machinists,CNC turning and facing register bore to tolerance
4020101500,A-10033,DRIVE SHAFT CHECK NUT - 1520 (M90 X 4),,,RAW STOCK / FORGING FOR DRIVE SHAFT CHECK NUT - 1520 (M90 X 4),2,BOR,Precision CNC Line Boring (H7),2,VEN0000002,Apex Precision VMC Machinists,Line boring spigot and locating bores to H7
4020101500,A-10033,DRIVE SHAFT CHECK NUT - 1520 (M90 X 4),,,RAW STOCK / FORGING FOR DRIVE SHAFT CHECK NUT - 1520 (M90 X 4),3,DRL,CNC Pattern Drilling & Tapping (PCD),1,VEN0000002,Apex Precision VMC Machinists,PCD drilling and tapped mounting ports
4110029300,A-10030,BEARING HOUSING - 2350,4001012000,-,BEARING HOUSING - 2350 (CASTING),1,MCH,Heavy VMC Face & Profile Milling,2,VEN0000002,Apex Precision VMC Machinists,CNC turning and facing register bore to tolerance
4110029300,A-10030,BEARING HOUSING - 2350,4001012000,-,BEARING HOUSING - 2350 (CASTING),2,BOR,Precision CNC Line Boring (H7),2,VEN0000002,Apex Precision VMC Machinists,Line boring spigot and locating bores to H7
4110029300,A-10030,BEARING HOUSING - 2350,4001012000,-,BEARING HOUSING - 2350 (CASTING),3,DRL,CNC Pattern Drilling & Tapping (PCD),1,VEN0000002,Apex Precision VMC Machinists,PCD drilling and tapped mounting ports
4110029400,A-10043,SCREW DRIVE SHAFT - 2350,,,RAW STOCK / FORGING FOR SCREW DRIVE SHAFT - 2350,1,MCH,Heavy VMC Face & Profile Milling,2,VEN0000002,Apex Precision VMC Machinists,CNC turning and facing register bore to tolerance
4110029400,A-10043,SCREW DRIVE SHAFT - 2350,,,RAW STOCK / FORGING FOR SCREW DRIVE SHAFT - 2350,2,BOR,Precision CNC Line Boring (H7),2,VEN0000002,Apex Precision VMC Machinists,Line boring spigot and locating bores to H7
4110029400,A-10043,SCREW DRIVE SHAFT - 2350,,,RAW STOCK / FORGING FOR SCREW DRIVE SHAFT - 2350,3,DRL,CNC Pattern Drilling & Tapping (PCD),1,VEN0000002,Apex Precision VMC Machinists,PCD drilling and tapped mounting ports
4110029500,A-10080,DRIVE SHAFT OIL SEAL FLANGE - 2350,,,RAW STOCK / FORGING FOR DRIVE SHAFT OIL SEAL FLANGE - 2350,1,MCH,Heavy VMC Face & Profile Milling,2,VEN0000002,Apex Precision VMC Machinists,CNC turning and facing register bore to tolerance
4110029500,A-10080,DRIVE SHAFT OIL SEAL FLANGE - 2350,,,RAW STOCK / FORGING FOR DRIVE SHAFT OIL SEAL FLANGE - 2350,2,BOR,Precision CNC Line Boring (H7),2,VEN0000002,Apex Precision VMC Machinists,Line boring spigot and locating bores to H7
4110029500,A-10080,DRIVE SHAFT OIL SEAL FLANGE - 2350,,,RAW STOCK / FORGING FOR DRIVE SHAFT OIL SEAL FLANGE - 2350,3,DRL,CNC Pattern Drilling & Tapping (PCD),1,VEN0000002,Apex Precision VMC Machinists,PCD drilling and tapped mounting ports
4020101600,A-10038,DRIVE SHAFT NUT - 2350 (M110 X 4),,,RAW STOCK / FORGING FOR DRIVE SHAFT NUT - 2350 (M110 X 4),1,MCH,Heavy VMC Face & Profile Milling,2,VEN0000002,Apex Precision VMC Machinists,CNC turning and facing register bore to tolerance
4020101600,A-10038,DRIVE SHAFT NUT - 2350 (M110 X 4),,,RAW STOCK / FORGING FOR DRIVE SHAFT NUT - 2350 (M110 X 4),2,BOR,Precision CNC Line Boring (H7),2,VEN0000002,Apex Precision VMC Machinists,Line boring spigot and locating bores to H7
4020101600,A-10038,DRIVE SHAFT NUT - 2350 (M110 X 4),,,RAW STOCK / FORGING FOR DRIVE SHAFT NUT - 2350 (M110 X 4),3,DRL,CNC Pattern Drilling & Tapping (PCD),1,VEN0000002,Apex Precision VMC Machinists,PCD drilling and tapped mounting ports
4020101700,A-10034,DRIVE SHAFT CHECK NUT - 2350 (M110 X 4),,,RAW STOCK / FORGING FOR DRIVE SHAFT CHECK NUT - 2350 (M110 X 4),1,MCH,Heavy VMC Face & Profile Milling,2,VEN0000002,Apex Precision VMC Machinists,CNC turning and facing register bore to tolerance
4020101700,A-10034,DRIVE SHAFT CHECK NUT - 2350 (M110 X 4),,,RAW STOCK / FORGING FOR DRIVE SHAFT CHECK NUT - 2350 (M110 X 4),2,BOR,Precision CNC Line Boring (H7),2,VEN0000002,Apex Precision VMC Machinists,Line boring spigot and locating bores to H7
4020101700,A-10034,DRIVE SHAFT CHECK NUT - 2350 (M110 X 4),,,RAW STOCK / FORGING FOR DRIVE SHAFT CHECK NUT - 2350 (M110 X 4),3,DRL,CNC Pattern Drilling & Tapping (PCD),1,VEN0000002,Apex Precision VMC Machinists,PCD drilling and tapped mounting ports
4110003800,A-10401,BARREL Ø30 - 280,,,EN41B FORGED SEAMLESS CYLINDER BARREL FOR BARREL Ø30 - 280,1,GNDR,Deep Hole Gun Drilling & Trepanning,4,VEN0000002,Apex Precision VMC Machinists,Gun drill seamless forged EN41B cylinder bar to rough ID
4110003800,A-10401,BARREL Ø30 - 280,,,EN41B FORGED SEAMLESS CYLINDER BARREL FOR BARREL Ø30 - 280,2,HON,Deep Hole Diamond Honing (Ra 0.1 µm),3,VEN0000006,Sardar Cylindrical & Surface Grinding,Vertical deep-hole diamond honing to H7 tolerance
4110003800,A-10401,BARREL Ø30 - 280,,,EN41B FORGED SEAMLESS CYLINDER BARREL FOR BARREL Ø30 - 280,3,NIT,Deep Gas Nitriding & Hardening (65-68 HRC),4,VEN0000004,Gujarat Heat Treaters & Nitriding,"Deep nitriding ID surface to 68 HRC, 0.6mm case depth"
4110003800,A-10401,BARREL Ø30 - 280,,,EN41B FORGED SEAMLESS CYLINDER BARREL FOR BARREL Ø30 - 280,4,MCH,Heavy VMC Face & Profile Milling,2,VEN0000002,Apex Precision VMC Machinists,"Feed throat opening, thermocouple wells and flange threading"
4110003800,A-10401,BARREL Ø30 - 280,,,EN41B FORGED SEAMLESS CYLINDER BARREL FOR BARREL Ø30 - 280,5,HON,Deep Hole Diamond Honing (Ra 0.1 µm),2,VEN0000006,Sardar Cylindrical & Surface Grinding,Final internal mirror honing to Ra 0.1 µm
4110003900,A-10419,SCREW Ø30 - 280,,,EN41B / 38CrMoAl ALLOY STEEL ROUND BAR (GAS NITRIDING GRADE) FOR SCREW Ø30 - 280,1,MCH,Heavy VMC Face & Profile Milling,3,VEN0000002,Apex Precision VMC Machinists,"Rough turning EN41B round bar, internal cooling bore"
4110003900,A-10419,SCREW Ø30 - 280,,,EN41B / 38CrMoAl ALLOY STEEL ROUND BAR (GAS NITRIDING GRADE) FOR SCREW Ø30 - 280,2,SCRM,CNC Variable Pitch Screw Flight Whirling,4,VEN0000002,Apex Precision VMC Machinists,"CNC flight whirling compression, metering & barrier zones"
4110003900,A-10419,SCREW Ø30 - 280,,,EN41B / 38CrMoAl ALLOY STEEL ROUND BAR (GAS NITRIDING GRADE) FOR SCREW Ø30 - 280,3,NIT,Deep Gas Nitriding & Hardening (65-68 HRC),3,VEN0000004,Gujarat Heat Treaters & Nitriding,"Gas nitriding to 65-68 HRC, 0.55mm case depth"
4110003900,A-10419,SCREW Ø30 - 280,,,EN41B / 38CrMoAl ALLOY STEEL ROUND BAR (GAS NITRIDING GRADE) FOR SCREW Ø30 - 280,4,PLT,Hard Chrome Plating (25-30 Microns),2,VEN0000007,Hard Chrome Plating Corporation,Flash hard chrome plating 0.025mm for wear & chemical resistance
4110003900,A-10419,SCREW Ø30 - 280,,,EN41B / 38CrMoAl ALLOY STEEL ROUND BAR (GAS NITRIDING GRADE) FOR SCREW Ø30 - 280,5,GRD,Precision Cylindrical & Surface Grinding,2,VEN0000006,Sardar Cylindrical & Surface Grinding,Super-finish flight polish to Ra 0.2 µm
4110004300,A-10437,BARREL ADAPT Ø30 - 280,,,RAW STOCK / FORGING FOR BARREL ADAPT Ø30 - 280,1,MCH,Heavy VMC Face & Profile Milling,2,VEN0000002,Apex Precision VMC Machinists,CNC turning and facing register bore to tolerance
4110004300,A-10437,BARREL ADAPT Ø30 - 280,,,RAW STOCK / FORGING FOR BARREL ADAPT Ø30 - 280,2,BOR,Precision CNC Line Boring (H7),2,VEN0000002,Apex Precision VMC Machinists,Line boring spigot and locating bores to H7
4110004300,A-10437,BARREL ADAPT Ø30 - 280,,,RAW STOCK / FORGING FOR BARREL ADAPT Ø30 - 280,3,DRL,CNC Pattern Drilling & Tapping (PCD),1,VEN0000002,Apex Precision VMC Machinists,PCD drilling and tapped mounting ports
4110004000,A-10455,SCREW TIP - 30,,,RAW STOCK / FORGING FOR SCREW TIP - 30,1,MCH,Heavy VMC Face & Profile Milling,2,VEN0000002,Apex Precision VMC Machinists,CNC turning and facing register bore to tolerance
4110004000,A-10455,SCREW TIP - 30,,,RAW STOCK / FORGING FOR SCREW TIP - 30,2,BOR,Precision CNC Line Boring (H7),2,VEN0000002,Apex Precision VMC Machinists,Line boring spigot and locating bores to H7
4110004000,A-10455,SCREW TIP - 30,,,RAW STOCK / FORGING FOR SCREW TIP - 30,3,DRL,CNC Pattern Drilling & Tapping (PCD),1,VEN0000002,Apex Precision VMC Machinists,PCD drilling and tapped mounting ports
4110004100,A-10464,SLIDER - 30,,,RAW STOCK / FORGING FOR SLIDER - 30,1,MCH,Heavy VMC Face & Profile Milling,2,VEN0000002,Apex Precision VMC Machinists,CNC turning and facing register bore to tolerance
4110004100,A-10464,SLIDER - 30,,,RAW STOCK / FORGING FOR SLIDER - 30,2,BOR,Precision CNC Line Boring (H7),2,VEN0000002,Apex Precision VMC Machinists,Line boring spigot and locating bores to H7
4110004100,A-10464,SLIDER - 30,,,RAW STOCK / FORGING FOR SLIDER - 30,3,DRL,CNC Pattern Drilling & Tapping (PCD),1,VEN0000002,Apex Precision VMC Machinists,PCD drilling and tapped mounting ports
4110004200,A-10472,SLIDER SEAT - 30,,,RAW STOCK / FORGING FOR SLIDER SEAT - 30,1,MCH,Heavy VMC Face & Profile Milling,2,VEN0000002,Apex Precision VMC Machinists,CNC turning and facing register bore to tolerance
4110004200,A-10472,SLIDER SEAT - 30,,,RAW STOCK / FORGING FOR SLIDER SEAT - 30,2,BOR,Precision CNC Line Boring (H7),2,VEN0000002,Apex Precision VMC Machinists,Line boring spigot and locating bores to H7
4110004200,A-10472,SLIDER SEAT - 30,,,RAW STOCK / FORGING FOR SLIDER SEAT - 30,3,DRL,CNC Pattern Drilling & Tapping (PCD),1,VEN0000002,Apex Precision VMC Machinists,PCD drilling and tapped mounting ports
4110004400,A-10941,NOZZLE TIP LONG - M30 X 2P X 115LG,,,RAW STOCK / FORGING FOR NOZZLE TIP LONG - M30 X 2P X 115LG,1,MCH,Heavy VMC Face & Profile Milling,2,VEN0000002,Apex Precision VMC Machinists,CNC turning and facing register bore to tolerance
4110004400,A-10941,NOZZLE TIP LONG - M30 X 2P X 115LG,,,RAW STOCK / FORGING FOR NOZZLE TIP LONG - M30 X 2P X 115LG,2,BOR,Precision CNC Line Boring (H7),2,VEN0000002,Apex Precision VMC Machinists,Line boring spigot and locating bores to H7
4110004400,A-10941,NOZZLE TIP LONG - M30 X 2P X 115LG,,,RAW STOCK / FORGING FOR NOZZLE TIP LONG - M30 X 2P X 115LG,3,DRL,CNC Pattern Drilling & Tapping (PCD),1,VEN0000002,Apex Precision VMC Machinists,PCD drilling and tapped mounting ports
4020101800,A-10364,BARREL NUT M70 X 3P - 280,,,RAW STOCK / FORGING FOR BARREL NUT M70 X 3P - 280,1,MCH,Heavy VMC Face & Profile Milling,2,VEN0000002,Apex Precision VMC Machinists,CNC turning and facing register bore to tolerance
4020101800,A-10364,BARREL NUT M70 X 3P - 280,,,RAW STOCK / FORGING FOR BARREL NUT M70 X 3P - 280,2,BOR,Precision CNC Line Boring (H7),2,VEN0000002,Apex Precision VMC Machinists,Line boring spigot and locating bores to H7
4020101800,A-10364,BARREL NUT M70 X 3P - 280,,,RAW STOCK / FORGING FOR BARREL NUT M70 X 3P - 280,3,DRL,CNC Pattern Drilling & Tapping (PCD),1,VEN0000002,Apex Precision VMC Machinists,PCD drilling and tapped mounting ports
4020101900,A-10370,BARREL CHECKNUT M70 X 3P - 280,,,RAW STOCK / FORGING FOR BARREL CHECKNUT M70 X 3P - 280,1,MCH,Heavy VMC Face & Profile Milling,2,VEN0000002,Apex Precision VMC Machinists,CNC turning and facing register bore to tolerance
4020101900,A-10370,BARREL CHECKNUT M70 X 3P - 280,,,RAW STOCK / FORGING FOR BARREL CHECKNUT M70 X 3P - 280,2,BOR,Precision CNC Line Boring (H7),2,VEN0000002,Apex Precision VMC Machinists,Line boring spigot and locating bores to H7
4020101900,A-10370,BARREL CHECKNUT M70 X 3P - 280,,,RAW STOCK / FORGING FOR BARREL CHECKNUT M70 X 3P - 280,3,DRL,CNC Pattern Drilling & Tapping (PCD),1,VEN0000002,Apex Precision VMC Machinists,PCD drilling and tapped mounting ports
4110004500,A-10060,SPLIT COLLAR - 30,,,RAW STOCK / FORGING FOR SPLIT COLLAR - 30,1,MCH,Heavy VMC Face & Profile Milling,2,VEN0000002,Apex Precision VMC Machinists,CNC turning and facing register bore to tolerance
4110004500,A-10060,SPLIT COLLAR - 30,,,RAW STOCK / FORGING FOR SPLIT COLLAR - 30,2,BOR,Precision CNC Line Boring (H7),2,VEN0000002,Apex Precision VMC Machinists,Line boring spigot and locating bores to H7
4110004500,A-10060,SPLIT COLLAR - 30,,,RAW STOCK / FORGING FOR SPLIT COLLAR - 30,3,DRL,CNC Pattern Drilling & Tapping (PCD),1,VEN0000002,Apex Precision VMC Machinists,PCD drilling and tapped mounting ports
4110004600,A-10044,FEED SCREW COUPLING - 30,,,RAW STOCK / FORGING FOR FEED SCREW COUPLING - 30,1,MCH,Heavy VMC Face & Profile Milling,2,VEN0000002,Apex Precision VMC Machinists,CNC turning and facing register bore to tolerance
4110004600,A-10044,FEED SCREW COUPLING - 30,,,RAW STOCK / FORGING FOR FEED SCREW COUPLING - 30,2,BOR,Precision CNC Line Boring (H7),2,VEN0000002,Apex Precision VMC Machinists,Line boring spigot and locating bores to H7
4110004600,A-10044,FEED SCREW COUPLING - 30,,,RAW STOCK / FORGING FOR FEED SCREW COUPLING - 30,3,DRL,CNC Pattern Drilling & Tapping (PCD),1,VEN0000002,Apex Precision VMC Machinists,PCD drilling and tapped mounting ports
4110004700,A-10790,SCREW KEY - 280,,,RAW STOCK / FORGING FOR SCREW KEY - 280,1,MCH,Heavy VMC Face & Profile Milling,2,VEN0000002,Apex Precision VMC Machinists,CNC turning and facing register bore to tolerance
4110004700,A-10790,SCREW KEY - 280,,,RAW STOCK / FORGING FOR SCREW KEY - 280,2,BOR,Precision CNC Line Boring (H7),2,VEN0000002,Apex Precision VMC Machinists,Line boring spigot and locating bores to H7
4110004700,A-10790,SCREW KEY - 280,,,RAW STOCK / FORGING FOR SCREW KEY - 280,3,DRL,CNC Pattern Drilling & Tapping (PCD),1,VEN0000002,Apex Precision VMC Machinists,PCD drilling and tapped mounting ports
4110004800,A-10053,BARREL LOCK PIN,,,RAW STOCK / FORGING FOR BARREL LOCK PIN,1,MCH,Heavy VMC Face & Profile Milling,2,VEN0000002,Apex Precision VMC Machinists,CNC turning and facing register bore to tolerance
4110004800,A-10053,BARREL LOCK PIN,,,RAW STOCK / FORGING FOR BARREL LOCK PIN,2,BOR,Precision CNC Line Boring (H7),2,VEN0000002,Apex Precision VMC Machinists,Line boring spigot and locating bores to H7
4110004800,A-10053,BARREL LOCK PIN,,,RAW STOCK / FORGING FOR BARREL LOCK PIN,3,DRL,CNC Pattern Drilling & Tapping (PCD),1,VEN0000002,Apex Precision VMC Machinists,PCD drilling and tapped mounting ports
4110011100,A-10404,BARREL Ø35 - 420,,,EN41B FORGED SEAMLESS CYLINDER BARREL FOR BARREL Ø35 - 420,1,GNDR,Deep Hole Gun Drilling & Trepanning,4,VEN0000002,Apex Precision VMC Machinists,Gun drill seamless forged EN41B cylinder bar to rough ID
4110011100,A-10404,BARREL Ø35 - 420,,,EN41B FORGED SEAMLESS CYLINDER BARREL FOR BARREL Ø35 - 420,2,HON,Deep Hole Diamond Honing (Ra 0.1 µm),3,VEN0000006,Sardar Cylindrical & Surface Grinding,Vertical deep-hole diamond honing to H7 tolerance
4110011100,A-10404,BARREL Ø35 - 420,,,EN41B FORGED SEAMLESS CYLINDER BARREL FOR BARREL Ø35 - 420,3,NIT,Deep Gas Nitriding & Hardening (65-68 HRC),4,VEN0000004,Gujarat Heat Treaters & Nitriding,"Deep nitriding ID surface to 68 HRC, 0.6mm case depth"
4110011100,A-10404,BARREL Ø35 - 420,,,EN41B FORGED SEAMLESS CYLINDER BARREL FOR BARREL Ø35 - 420,4,MCH,Heavy VMC Face & Profile Milling,2,VEN0000002,Apex Precision VMC Machinists,"Feed throat opening, thermocouple wells and flange threading"
4110011100,A-10404,BARREL Ø35 - 420,,,EN41B FORGED SEAMLESS CYLINDER BARREL FOR BARREL Ø35 - 420,5,HON,Deep Hole Diamond Honing (Ra 0.1 µm),2,VEN0000006,Sardar Cylindrical & Surface Grinding,Final internal mirror honing to Ra 0.1 µm
4110011200,A-10422,SCREW Ø35 - 420,,,EN41B / 38CrMoAl ALLOY STEEL ROUND BAR (GAS NITRIDING GRADE) FOR SCREW Ø35 - 420,1,MCH,Heavy VMC Face & Profile Milling,3,VEN0000002,Apex Precision VMC Machinists,"Rough turning EN41B round bar, internal cooling bore"
4110011200,A-10422,SCREW Ø35 - 420,,,EN41B / 38CrMoAl ALLOY STEEL ROUND BAR (GAS NITRIDING GRADE) FOR SCREW Ø35 - 420,2,SCRM,CNC Variable Pitch Screw Flight Whirling,4,VEN0000002,Apex Precision VMC Machinists,"CNC flight whirling compression, metering & barrier zones"
4110011200,A-10422,SCREW Ø35 - 420,,,EN41B / 38CrMoAl ALLOY STEEL ROUND BAR (GAS NITRIDING GRADE) FOR SCREW Ø35 - 420,3,NIT,Deep Gas Nitriding & Hardening (65-68 HRC),3,VEN0000004,Gujarat Heat Treaters & Nitriding,"Gas nitriding to 65-68 HRC, 0.55mm case depth"
4110011200,A-10422,SCREW Ø35 - 420,,,EN41B / 38CrMoAl ALLOY STEEL ROUND BAR (GAS NITRIDING GRADE) FOR SCREW Ø35 - 420,4,PLT,Hard Chrome Plating (25-30 Microns),2,VEN0000007,Hard Chrome Plating Corporation,Flash hard chrome plating 0.025mm for wear & chemical resistance
4110011200,A-10422,SCREW Ø35 - 420,,,EN41B / 38CrMoAl ALLOY STEEL ROUND BAR (GAS NITRIDING GRADE) FOR SCREW Ø35 - 420,5,GRD,Precision Cylindrical & Surface Grinding,2,VEN0000006,Sardar Cylindrical & Surface Grinding,Super-finish flight polish to Ra 0.2 µm
4110011300,A-10440,BARREL ADAPT Ø35 - 420,,,RAW STOCK / FORGING FOR BARREL ADAPT Ø35 - 420,1,MCH,Heavy VMC Face & Profile Milling,2,VEN0000002,Apex Precision VMC Machinists,CNC turning and facing register bore to tolerance
4110011300,A-10440,BARREL ADAPT Ø35 - 420,,,RAW STOCK / FORGING FOR BARREL ADAPT Ø35 - 420,2,BOR,Precision CNC Line Boring (H7),2,VEN0000002,Apex Precision VMC Machinists,Line boring spigot and locating bores to H7
4110011300,A-10440,BARREL ADAPT Ø35 - 420,,,RAW STOCK / FORGING FOR BARREL ADAPT Ø35 - 420,3,DRL,CNC Pattern Drilling & Tapping (PCD),1,VEN0000002,Apex Precision VMC Machinists,PCD drilling and tapped mounting ports
4110005200,A-10456,SCREW TIP - 35,,,RAW STOCK / FORGING FOR SCREW TIP - 35,1,MCH,Heavy VMC Face & Profile Milling,2,VEN0000002,Apex Precision VMC Machinists,CNC turning and facing register bore to tolerance
4110005200,A-10456,SCREW TIP - 35,,,RAW STOCK / FORGING FOR SCREW TIP - 35,2,BOR,Precision CNC Line Boring (H7),2,VEN0000002,Apex Precision VMC Machinists,Line boring spigot and locating bores to H7
4110005200,A-10456,SCREW TIP - 35,,,RAW STOCK / FORGING FOR SCREW TIP - 35,3,DRL,CNC Pattern Drilling & Tapping (PCD),1,VEN0000002,Apex Precision VMC Machinists,PCD drilling and tapped mounting ports
4110005300,A-10465,SLIDER - 35,,,RAW STOCK / FORGING FOR SLIDER - 35,1,MCH,Heavy VMC Face & Profile Milling,2,VEN0000002,Apex Precision VMC Machinists,CNC turning and facing register bore to tolerance
4110005300,A-10465,SLIDER - 35,,,RAW STOCK / FORGING FOR SLIDER - 35,2,BOR,Precision CNC Line Boring (H7),2,VEN0000002,Apex Precision VMC Machinists,Line boring spigot and locating bores to H7
4110005300,A-10465,SLIDER - 35,,,RAW STOCK / FORGING FOR SLIDER - 35,3,DRL,CNC Pattern Drilling & Tapping (PCD),1,VEN0000002,Apex Precision VMC Machinists,PCD drilling and tapped mounting ports
4110005400,A-10473,SLIDER SEAT - 35,,,RAW STOCK / FORGING FOR SLIDER SEAT - 35,1,MCH,Heavy VMC Face & Profile Milling,2,VEN0000002,Apex Precision VMC Machinists,CNC turning and facing register bore to tolerance
4110005400,A-10473,SLIDER SEAT - 35,,,RAW STOCK / FORGING FOR SLIDER SEAT - 35,2,BOR,Precision CNC Line Boring (H7),2,VEN0000002,Apex Precision VMC Machinists,Line boring spigot and locating bores to H7
4110005400,A-10473,SLIDER SEAT - 35,,,RAW STOCK / FORGING FOR SLIDER SEAT - 35,3,DRL,CNC Pattern Drilling & Tapping (PCD),1,VEN0000002,Apex Precision VMC Machinists,PCD drilling and tapped mounting ports
4020102000,A-10363,BARREL NUT M80 X 3P - 420,,,RAW STOCK / FORGING FOR BARREL NUT M80 X 3P - 420,1,MCH,Heavy VMC Face & Profile Milling,2,VEN0000002,Apex Precision VMC Machinists,CNC turning and facing register bore to tolerance
4020102000,A-10363,BARREL NUT M80 X 3P - 420,,,RAW STOCK / FORGING FOR BARREL NUT M80 X 3P - 420,2,BOR,Precision CNC Line Boring (H7),2,VEN0000002,Apex Precision VMC Machinists,Line boring spigot and locating bores to H7
4020102000,A-10363,BARREL NUT M80 X 3P - 420,,,RAW STOCK / FORGING FOR BARREL NUT M80 X 3P - 420,3,DRL,CNC Pattern Drilling & Tapping (PCD),1,VEN0000002,Apex Precision VMC Machinists,PCD drilling and tapped mounting ports
4020102100,A-10369,BARREL CHECKNUT M80 X 3P - 420,,,RAW STOCK / FORGING FOR BARREL CHECKNUT M80 X 3P - 420,1,MCH,Heavy VMC Face & Profile Milling,2,VEN0000002,Apex Precision VMC Machinists,CNC turning and facing register bore to tolerance
4020102100,A-10369,BARREL CHECKNUT M80 X 3P - 420,,,RAW STOCK / FORGING FOR BARREL CHECKNUT M80 X 3P - 420,2,BOR,Precision CNC Line Boring (H7),2,VEN0000002,Apex Precision VMC Machinists,Line boring spigot and locating bores to H7
4020102100,A-10369,BARREL CHECKNUT M80 X 3P - 420,,,RAW STOCK / FORGING FOR BARREL CHECKNUT M80 X 3P - 420,3,DRL,CNC Pattern Drilling & Tapping (PCD),1,VEN0000002,Apex Precision VMC Machinists,PCD drilling and tapped mounting ports
4110006100,A-10067,SPLIT COLLAR - 35,,,RAW STOCK / FORGING FOR SPLIT COLLAR - 35,1,MCH,Heavy VMC Face & Profile Milling,2,VEN0000002,Apex Precision VMC Machinists,CNC turning and facing register bore to tolerance
4110006100,A-10067,SPLIT COLLAR - 35,,,RAW STOCK / FORGING FOR SPLIT COLLAR - 35,2,BOR,Precision CNC Line Boring (H7),2,VEN0000002,Apex Precision VMC Machinists,Line boring spigot and locating bores to H7
4110006100,A-10067,SPLIT COLLAR - 35,,,RAW STOCK / FORGING FOR SPLIT COLLAR - 35,3,DRL,CNC Pattern Drilling & Tapping (PCD),1,VEN0000002,Apex Precision VMC Machinists,PCD drilling and tapped mounting ports
4110006200,A-10045,FEED SCREW COUPLING - 35,,,RAW STOCK / FORGING FOR FEED SCREW COUPLING - 35,1,MCH,Heavy VMC Face & Profile Milling,2,VEN0000002,Apex Precision VMC Machinists,CNC turning and facing register bore to tolerance
4110006200,A-10045,FEED SCREW COUPLING - 35,,,RAW STOCK / FORGING FOR FEED SCREW COUPLING - 35,2,BOR,Precision CNC Line Boring (H7),2,VEN0000002,Apex Precision VMC Machinists,Line boring spigot and locating bores to H7
4110006200,A-10045,FEED SCREW COUPLING - 35,,,RAW STOCK / FORGING FOR FEED SCREW COUPLING - 35,3,DRL,CNC Pattern Drilling & Tapping (PCD),1,VEN0000002,Apex Precision VMC Machinists,PCD drilling and tapped mounting ports
4110015900,A-10407,BARREL Ø40 - 635,,,EN41B FORGED SEAMLESS CYLINDER BARREL FOR BARREL Ø40 - 635,1,GNDR,Deep Hole Gun Drilling & Trepanning,4,VEN0000002,Apex Precision VMC Machinists,Gun drill seamless forged EN41B cylinder bar to rough ID
4110015900,A-10407,BARREL Ø40 - 635,,,EN41B FORGED SEAMLESS CYLINDER BARREL FOR BARREL Ø40 - 635,2,HON,Deep Hole Diamond Honing (Ra 0.1 µm),3,VEN0000006,Sardar Cylindrical & Surface Grinding,Vertical deep-hole diamond honing to H7 tolerance
4110015900,A-10407,BARREL Ø40 - 635,,,EN41B FORGED SEAMLESS CYLINDER BARREL FOR BARREL Ø40 - 635,3,NIT,Deep Gas Nitriding & Hardening (65-68 HRC),4,VEN0000004,Gujarat Heat Treaters & Nitriding,"Deep nitriding ID surface to 68 HRC, 0.6mm case depth"
4110015900,A-10407,BARREL Ø40 - 635,,,EN41B FORGED SEAMLESS CYLINDER BARREL FOR BARREL Ø40 - 635,4,MCH,Heavy VMC Face & Profile Milling,2,VEN0000002,Apex Precision VMC Machinists,"Feed throat opening, thermocouple wells and flange threading"
4110015900,A-10407,BARREL Ø40 - 635,,,EN41B FORGED SEAMLESS CYLINDER BARREL FOR BARREL Ø40 - 635,5,HON,Deep Hole Diamond Honing (Ra 0.1 µm),2,VEN0000006,Sardar Cylindrical & Surface Grinding,Final internal mirror honing to Ra 0.1 µm
4110016000,A-10425,SCREW Ø40 - 635,,,EN41B / 38CrMoAl ALLOY STEEL ROUND BAR (GAS NITRIDING GRADE) FOR SCREW Ø40 - 635,1,MCH,Heavy VMC Face & Profile Milling,3,VEN0000002,Apex Precision VMC Machinists,"Rough turning EN41B round bar, internal cooling bore"
4110016000,A-10425,SCREW Ø40 - 635,,,EN41B / 38CrMoAl ALLOY STEEL ROUND BAR (GAS NITRIDING GRADE) FOR SCREW Ø40 - 635,2,SCRM,CNC Variable Pitch Screw Flight Whirling,4,VEN0000002,Apex Precision VMC Machinists,"CNC flight whirling compression, metering & barrier zones"
4110016000,A-10425,SCREW Ø40 - 635,,,EN41B / 38CrMoAl ALLOY STEEL ROUND BAR (GAS NITRIDING GRADE) FOR SCREW Ø40 - 635,3,NIT,Deep Gas Nitriding & Hardening (65-68 HRC),3,VEN0000004,Gujarat Heat Treaters & Nitriding,"Gas nitriding to 65-68 HRC, 0.55mm case depth"
4110016000,A-10425,SCREW Ø40 - 635,,,EN41B / 38CrMoAl ALLOY STEEL ROUND BAR (GAS NITRIDING GRADE) FOR SCREW Ø40 - 635,4,PLT,Hard Chrome Plating (25-30 Microns),2,VEN0000007,Hard Chrome Plating Corporation,Flash hard chrome plating 0.025mm for wear & chemical resistance
4110016000,A-10425,SCREW Ø40 - 635,,,EN41B / 38CrMoAl ALLOY STEEL ROUND BAR (GAS NITRIDING GRADE) FOR SCREW Ø40 - 635,5,GRD,Precision Cylindrical & Surface Grinding,2,VEN0000006,Sardar Cylindrical & Surface Grinding,Super-finish flight polish to Ra 0.2 µm
4110016100,A-10443,BARREL ADAPT Ø40 - 635,,,RAW STOCK / FORGING FOR BARREL ADAPT Ø40 - 635,1,MCH,Heavy VMC Face & Profile Milling,2,VEN0000002,Apex Precision VMC Machinists,CNC turning and facing register bore to tolerance
4110016100,A-10443,BARREL ADAPT Ø40 - 635,,,RAW STOCK / FORGING FOR BARREL ADAPT Ø40 - 635,2,BOR,Precision CNC Line Boring (H7),2,VEN0000002,Apex Precision VMC Machinists,Line boring spigot and locating bores to H7
4110016100,A-10443,BARREL ADAPT Ø40 - 635,,,RAW STOCK / FORGING FOR BARREL ADAPT Ø40 - 635,3,DRL,CNC Pattern Drilling & Tapping (PCD),1,VEN0000002,Apex Precision VMC Machinists,PCD drilling and tapped mounting ports
4110005800,A-10457,SCREW TIP - 40,,,RAW STOCK / FORGING FOR SCREW TIP - 40,1,MCH,Heavy VMC Face & Profile Milling,2,VEN0000002,Apex Precision VMC Machinists,CNC turning and facing register bore to tolerance
4110005800,A-10457,SCREW TIP - 40,,,RAW STOCK / FORGING FOR SCREW TIP - 40,2,BOR,Precision CNC Line Boring (H7),2,VEN0000002,Apex Precision VMC Machinists,Line boring spigot and locating bores to H7
4110005800,A-10457,SCREW TIP - 40,,,RAW STOCK / FORGING FOR SCREW TIP - 40,3,DRL,CNC Pattern Drilling & Tapping (PCD),1,VEN0000002,Apex Precision VMC Machinists,PCD drilling and tapped mounting ports
4110005900,A-10466,SLIDER - 40,,,RAW STOCK / FORGING FOR SLIDER - 40,1,MCH,Heavy VMC Face & Profile Milling,2,VEN0000002,Apex Precision VMC Machinists,CNC turning and facing register bore to tolerance
4110005900,A-10466,SLIDER - 40,,,RAW STOCK / FORGING FOR SLIDER - 40,2,BOR,Precision CNC Line Boring (H7),2,VEN0000002,Apex Precision VMC Machinists,Line boring spigot and locating bores to H7
4110005900,A-10466,SLIDER - 40,,,RAW STOCK / FORGING FOR SLIDER - 40,3,DRL,CNC Pattern Drilling & Tapping (PCD),1,VEN0000002,Apex Precision VMC Machinists,PCD drilling and tapped mounting ports
4110006000,A-10474,SLIDER SEAT - 40,,,RAW STOCK / FORGING FOR SLIDER SEAT - 40,1,MCH,Heavy VMC Face & Profile Milling,2,VEN0000002,Apex Precision VMC Machinists,CNC turning and facing register bore to tolerance
4110006000,A-10474,SLIDER SEAT - 40,,,RAW STOCK / FORGING FOR SLIDER SEAT - 40,2,BOR,Precision CNC Line Boring (H7),2,VEN0000002,Apex Precision VMC Machinists,Line boring spigot and locating bores to H7
4110006000,A-10474,SLIDER SEAT - 40,,,RAW STOCK / FORGING FOR SLIDER SEAT - 40,3,DRL,CNC Pattern Drilling & Tapping (PCD),1,VEN0000002,Apex Precision VMC Machinists,PCD drilling and tapped mounting ports
4020102200,A-10362,BARREL NUT M85 X 3P - 635,,,RAW STOCK / FORGING FOR BARREL NUT M85 X 3P - 635,1,MCH,Heavy VMC Face & Profile Milling,2,VEN0000002,Apex Precision VMC Machinists,CNC turning and facing register bore to tolerance
4020102200,A-10362,BARREL NUT M85 X 3P - 635,,,RAW STOCK / FORGING FOR BARREL NUT M85 X 3P - 635,2,BOR,Precision CNC Line Boring (H7),2,VEN0000002,Apex Precision VMC Machinists,Line boring spigot and locating bores to H7
4020102200,A-10362,BARREL NUT M85 X 3P - 635,,,RAW STOCK / FORGING FOR BARREL NUT M85 X 3P - 635,3,DRL,CNC Pattern Drilling & Tapping (PCD),1,VEN0000002,Apex Precision VMC Machinists,PCD drilling and tapped mounting ports
4020102300,A-10368,BARREL CHECKNUT M85 X 3P - 635,,,RAW STOCK / FORGING FOR BARREL CHECKNUT M85 X 3P - 635,1,MCH,Heavy VMC Face & Profile Milling,2,VEN0000002,Apex Precision VMC Machinists,CNC turning and facing register bore to tolerance
4020102300,A-10368,BARREL CHECKNUT M85 X 3P - 635,,,RAW STOCK / FORGING FOR BARREL CHECKNUT M85 X 3P - 635,2,BOR,Precision CNC Line Boring (H7),2,VEN0000002,Apex Precision VMC Machinists,Line boring spigot and locating bores to H7
4020102300,A-10368,BARREL CHECKNUT M85 X 3P - 635,,,RAW STOCK / FORGING FOR BARREL CHECKNUT M85 X 3P - 635,3,DRL,CNC Pattern Drilling & Tapping (PCD),1,VEN0000002,Apex Precision VMC Machinists,PCD drilling and tapped mounting ports
4110016200,A-10064,SPLIT COLLAR - 40,,,RAW STOCK / FORGING FOR SPLIT COLLAR - 40,1,MCH,Heavy VMC Face & Profile Milling,2,VEN0000002,Apex Precision VMC Machinists,CNC turning and facing register bore to tolerance
4110016200,A-10064,SPLIT COLLAR - 40,,,RAW STOCK / FORGING FOR SPLIT COLLAR - 40,2,BOR,Precision CNC Line Boring (H7),2,VEN0000002,Apex Precision VMC Machinists,Line boring spigot and locating bores to H7
4110016200,A-10064,SPLIT COLLAR - 40,,,RAW STOCK / FORGING FOR SPLIT COLLAR - 40,3,DRL,CNC Pattern Drilling & Tapping (PCD),1,VEN0000002,Apex Precision VMC Machinists,PCD drilling and tapped mounting ports
4110016300,A-10048,FEED SCREW COUPLING - 40,,,RAW STOCK / FORGING FOR FEED SCREW COUPLING - 40,1,MCH,Heavy VMC Face & Profile Milling,2,VEN0000002,Apex Precision VMC Machinists,CNC turning and facing register bore to tolerance
4110016300,A-10048,FEED SCREW COUPLING - 40,,,RAW STOCK / FORGING FOR FEED SCREW COUPLING - 40,2,BOR,Precision CNC Line Boring (H7),2,VEN0000002,Apex Precision VMC Machinists,Line boring spigot and locating bores to H7
4110016300,A-10048,FEED SCREW COUPLING - 40,,,RAW STOCK / FORGING FOR FEED SCREW COUPLING - 40,3,DRL,CNC Pattern Drilling & Tapping (PCD),1,VEN0000002,Apex Precision VMC Machinists,PCD drilling and tapped mounting ports
4110016400,A-10791,SCREW KEY - 635,,,RAW STOCK / FORGING FOR SCREW KEY - 635,1,MCH,Heavy VMC Face & Profile Milling,2,VEN0000002,Apex Precision VMC Machinists,CNC turning and facing register bore to tolerance
4110016400,A-10791,SCREW KEY - 635,,,RAW STOCK / FORGING FOR SCREW KEY - 635,2,BOR,Precision CNC Line Boring (H7),2,VEN0000002,Apex Precision VMC Machinists,Line boring spigot and locating bores to H7
4110016400,A-10791,SCREW KEY - 635,,,RAW STOCK / FORGING FOR SCREW KEY - 635,3,DRL,CNC Pattern Drilling & Tapping (PCD),1,VEN0000002,Apex Precision VMC Machinists,PCD drilling and tapped mounting ports
4110021500,A-10410,BARREL Ø45 - 905,,,EN41B FORGED SEAMLESS CYLINDER BARREL FOR BARREL Ø45 - 905,1,GNDR,Deep Hole Gun Drilling & Trepanning,4,VEN0000002,Apex Precision VMC Machinists,Gun drill seamless forged EN41B cylinder bar to rough ID
4110021500,A-10410,BARREL Ø45 - 905,,,EN41B FORGED SEAMLESS CYLINDER BARREL FOR BARREL Ø45 - 905,2,HON,Deep Hole Diamond Honing (Ra 0.1 µm),3,VEN0000006,Sardar Cylindrical & Surface Grinding,Vertical deep-hole diamond honing to H7 tolerance
4110021500,A-10410,BARREL Ø45 - 905,,,EN41B FORGED SEAMLESS CYLINDER BARREL FOR BARREL Ø45 - 905,3,NIT,Deep Gas Nitriding & Hardening (65-68 HRC),4,VEN0000004,Gujarat Heat Treaters & Nitriding,"Deep nitriding ID surface to 68 HRC, 0.6mm case depth"
4110021500,A-10410,BARREL Ø45 - 905,,,EN41B FORGED SEAMLESS CYLINDER BARREL FOR BARREL Ø45 - 905,4,MCH,Heavy VMC Face & Profile Milling,2,VEN0000002,Apex Precision VMC Machinists,"Feed throat opening, thermocouple wells and flange threading"
4110021500,A-10410,BARREL Ø45 - 905,,,EN41B FORGED SEAMLESS CYLINDER BARREL FOR BARREL Ø45 - 905,5,HON,Deep Hole Diamond Honing (Ra 0.1 µm),2,VEN0000006,Sardar Cylindrical & Surface Grinding,Final internal mirror honing to Ra 0.1 µm
4110021600,A-10428,SCREW Ø45 - 905,,,EN41B / 38CrMoAl ALLOY STEEL ROUND BAR (GAS NITRIDING GRADE) FOR SCREW Ø45 - 905,1,MCH,Heavy VMC Face & Profile Milling,3,VEN0000002,Apex Precision VMC Machinists,"Rough turning EN41B round bar, internal cooling bore"
4110021600,A-10428,SCREW Ø45 - 905,,,EN41B / 38CrMoAl ALLOY STEEL ROUND BAR (GAS NITRIDING GRADE) FOR SCREW Ø45 - 905,2,SCRM,CNC Variable Pitch Screw Flight Whirling,4,VEN0000002,Apex Precision VMC Machinists,"CNC flight whirling compression, metering & barrier zones"
4110021600,A-10428,SCREW Ø45 - 905,,,EN41B / 38CrMoAl ALLOY STEEL ROUND BAR (GAS NITRIDING GRADE) FOR SCREW Ø45 - 905,3,NIT,Deep Gas Nitriding & Hardening (65-68 HRC),3,VEN0000004,Gujarat Heat Treaters & Nitriding,"Gas nitriding to 65-68 HRC, 0.55mm case depth"
4110021600,A-10428,SCREW Ø45 - 905,,,EN41B / 38CrMoAl ALLOY STEEL ROUND BAR (GAS NITRIDING GRADE) FOR SCREW Ø45 - 905,4,PLT,Hard Chrome Plating (25-30 Microns),2,VEN0000007,Hard Chrome Plating Corporation,Flash hard chrome plating 0.025mm for wear & chemical resistance
4110021600,A-10428,SCREW Ø45 - 905,,,EN41B / 38CrMoAl ALLOY STEEL ROUND BAR (GAS NITRIDING GRADE) FOR SCREW Ø45 - 905,5,GRD,Precision Cylindrical & Surface Grinding,2,VEN0000006,Sardar Cylindrical & Surface Grinding,Super-finish flight polish to Ra 0.2 µm
4110021700,A-10446,BARREL ADAPT Ø45 - 905,,,RAW STOCK / FORGING FOR BARREL ADAPT Ø45 - 905,1,MCH,Heavy VMC Face & Profile Milling,2,VEN0000002,Apex Precision VMC Machinists,CNC turning and facing register bore to tolerance
4110021700,A-10446,BARREL ADAPT Ø45 - 905,,,RAW STOCK / FORGING FOR BARREL ADAPT Ø45 - 905,2,BOR,Precision CNC Line Boring (H7),2,VEN0000002,Apex Precision VMC Machinists,Line boring spigot and locating bores to H7
4110021700,A-10446,BARREL ADAPT Ø45 - 905,,,RAW STOCK / FORGING FOR BARREL ADAPT Ø45 - 905,3,DRL,CNC Pattern Drilling & Tapping (PCD),1,VEN0000002,Apex Precision VMC Machinists,PCD drilling and tapped mounting ports
4110012000,A-10458,SCREW TIP - 45,,,RAW STOCK / FORGING FOR SCREW TIP - 45,1,MCH,Heavy VMC Face & Profile Milling,2,VEN0000002,Apex Precision VMC Machinists,CNC turning and facing register bore to tolerance
4110012000,A-10458,SCREW TIP - 45,,,RAW STOCK / FORGING FOR SCREW TIP - 45,2,BOR,Precision CNC Line Boring (H7),2,VEN0000002,Apex Precision VMC Machinists,Line boring spigot and locating bores to H7
4110012000,A-10458,SCREW TIP - 45,,,RAW STOCK / FORGING FOR SCREW TIP - 45,3,DRL,CNC Pattern Drilling & Tapping (PCD),1,VEN0000002,Apex Precision VMC Machinists,PCD drilling and tapped mounting ports
4110012100,A-10467,SLIDER - 45,,,RAW STOCK / FORGING FOR SLIDER - 45,1,MCH,Heavy VMC Face & Profile Milling,2,VEN0000002,Apex Precision VMC Machinists,CNC turning and facing register bore to tolerance
4110012100,A-10467,SLIDER - 45,,,RAW STOCK / FORGING FOR SLIDER - 45,2,BOR,Precision CNC Line Boring (H7),2,VEN0000002,Apex Precision VMC Machinists,Line boring spigot and locating bores to H7
4110012100,A-10467,SLIDER - 45,,,RAW STOCK / FORGING FOR SLIDER - 45,3,DRL,CNC Pattern Drilling & Tapping (PCD),1,VEN0000002,Apex Precision VMC Machinists,PCD drilling and tapped mounting ports
4110012200,A-10475,SLIDER SEAT - 45,,,RAW STOCK / FORGING FOR SLIDER SEAT - 45,1,MCH,Heavy VMC Face & Profile Milling,2,VEN0000002,Apex Precision VMC Machinists,CNC turning and facing register bore to tolerance
4110012200,A-10475,SLIDER SEAT - 45,,,RAW STOCK / FORGING FOR SLIDER SEAT - 45,2,BOR,Precision CNC Line Boring (H7),2,VEN0000002,Apex Precision VMC Machinists,Line boring spigot and locating bores to H7
4110012200,A-10475,SLIDER SEAT - 45,,,RAW STOCK / FORGING FOR SLIDER SEAT - 45,3,DRL,CNC Pattern Drilling & Tapping (PCD),1,VEN0000002,Apex Precision VMC Machinists,PCD drilling and tapped mounting ports
4110021800,A-10942,NOZZLE TIP LONG - M45 X 3P X 153LG,,,RAW STOCK / FORGING FOR NOZZLE TIP LONG - M45 X 3P X 153LG,1,MCH,Heavy VMC Face & Profile Milling,2,VEN0000002,Apex Precision VMC Machinists,CNC turning and facing register bore to tolerance
4110021800,A-10942,NOZZLE TIP LONG - M45 X 3P X 153LG,,,RAW STOCK / FORGING FOR NOZZLE TIP LONG - M45 X 3P X 153LG,2,BOR,Precision CNC Line Boring (H7),2,VEN0000002,Apex Precision VMC Machinists,Line boring spigot and locating bores to H7
4110021800,A-10942,NOZZLE TIP LONG - M45 X 3P X 153LG,,,RAW STOCK / FORGING FOR NOZZLE TIP LONG - M45 X 3P X 153LG,3,DRL,CNC Pattern Drilling & Tapping (PCD),1,VEN0000002,Apex Precision VMC Machinists,PCD drilling and tapped mounting ports
4020102400,A-10361,BARREL NUT M95 X4P - 905,,,RAW STOCK / FORGING FOR BARREL NUT M95 X4P - 905,1,MCH,Heavy VMC Face & Profile Milling,2,VEN0000002,Apex Precision VMC Machinists,CNC turning and facing register bore to tolerance
4020102400,A-10361,BARREL NUT M95 X4P - 905,,,RAW STOCK / FORGING FOR BARREL NUT M95 X4P - 905,2,BOR,Precision CNC Line Boring (H7),2,VEN0000002,Apex Precision VMC Machinists,Line boring spigot and locating bores to H7
4020102400,A-10361,BARREL NUT M95 X4P - 905,,,RAW STOCK / FORGING FOR BARREL NUT M95 X4P - 905,3,DRL,CNC Pattern Drilling & Tapping (PCD),1,VEN0000002,Apex Precision VMC Machinists,PCD drilling and tapped mounting ports
4020102500,A-10367,BARREL CHECKNUT M95 X 4P - 905,,,RAW STOCK / FORGING FOR BARREL CHECKNUT M95 X 4P - 905,1,MCH,Heavy VMC Face & Profile Milling,2,VEN0000002,Apex Precision VMC Machinists,CNC turning and facing register bore to tolerance
4020102500,A-10367,BARREL CHECKNUT M95 X 4P - 905,,,RAW STOCK / FORGING FOR BARREL CHECKNUT M95 X 4P - 905,2,BOR,Precision CNC Line Boring (H7),2,VEN0000002,Apex Precision VMC Machinists,Line boring spigot and locating bores to H7
4020102500,A-10367,BARREL CHECKNUT M95 X 4P - 905,,,RAW STOCK / FORGING FOR BARREL CHECKNUT M95 X 4P - 905,3,DRL,CNC Pattern Drilling & Tapping (PCD),1,VEN0000002,Apex Precision VMC Machinists,PCD drilling and tapped mounting ports
4110021900,A-10063,SPLIT COLLAR - 45,,,RAW STOCK / FORGING FOR SPLIT COLLAR - 45,1,MCH,Heavy VMC Face & Profile Milling,2,VEN0000002,Apex Precision VMC Machinists,CNC turning and facing register bore to tolerance
4110021900,A-10063,SPLIT COLLAR - 45,,,RAW STOCK / FORGING FOR SPLIT COLLAR - 45,2,BOR,Precision CNC Line Boring (H7),2,VEN0000002,Apex Precision VMC Machinists,Line boring spigot and locating bores to H7
4110021900,A-10063,SPLIT COLLAR - 45,,,RAW STOCK / FORGING FOR SPLIT COLLAR - 45,3,DRL,CNC Pattern Drilling & Tapping (PCD),1,VEN0000002,Apex Precision VMC Machinists,PCD drilling and tapped mounting ports
4110022000,A-10051,FEED SCREW COUPLING - 45,,,RAW STOCK / FORGING FOR FEED SCREW COUPLING - 45,1,MCH,Heavy VMC Face & Profile Milling,2,VEN0000002,Apex Precision VMC Machinists,CNC turning and facing register bore to tolerance
4110022000,A-10051,FEED SCREW COUPLING - 45,,,RAW STOCK / FORGING FOR FEED SCREW COUPLING - 45,2,BOR,Precision CNC Line Boring (H7),2,VEN0000002,Apex Precision VMC Machinists,Line boring spigot and locating bores to H7
4110022000,A-10051,FEED SCREW COUPLING - 45,,,RAW STOCK / FORGING FOR FEED SCREW COUPLING - 45,3,DRL,CNC Pattern Drilling & Tapping (PCD),1,VEN0000002,Apex Precision VMC Machinists,PCD drilling and tapped mounting ports
4110022100,A-10792,SCREW KEY - 905,,,RAW STOCK / FORGING FOR SCREW KEY - 905,1,MCH,Heavy VMC Face & Profile Milling,2,VEN0000002,Apex Precision VMC Machinists,CNC turning and facing register bore to tolerance
4110022100,A-10792,SCREW KEY - 905,,,RAW STOCK / FORGING FOR SCREW KEY - 905,2,BOR,Precision CNC Line Boring (H7),2,VEN0000002,Apex Precision VMC Machinists,Line boring spigot and locating bores to H7
4110022100,A-10792,SCREW KEY - 905,,,RAW STOCK / FORGING FOR SCREW KEY - 905,3,DRL,CNC Pattern Drilling & Tapping (PCD),1,VEN0000002,Apex Precision VMC Machinists,PCD drilling and tapped mounting ports
4110026600,A-10413,BARREL Ø50 - 1520,,,EN41B FORGED SEAMLESS CYLINDER BARREL FOR BARREL Ø50 - 1520,1,GNDR,Deep Hole Gun Drilling & Trepanning,4,VEN0000002,Apex Precision VMC Machinists,Gun drill seamless forged EN41B cylinder bar to rough ID
4110026600,A-10413,BARREL Ø50 - 1520,,,EN41B FORGED SEAMLESS CYLINDER BARREL FOR BARREL Ø50 - 1520,2,HON,Deep Hole Diamond Honing (Ra 0.1 µm),3,VEN0000006,Sardar Cylindrical & Surface Grinding,Vertical deep-hole diamond honing to H7 tolerance
4110026600,A-10413,BARREL Ø50 - 1520,,,EN41B FORGED SEAMLESS CYLINDER BARREL FOR BARREL Ø50 - 1520,3,NIT,Deep Gas Nitriding & Hardening (65-68 HRC),4,VEN0000004,Gujarat Heat Treaters & Nitriding,"Deep nitriding ID surface to 68 HRC, 0.6mm case depth"
4110026600,A-10413,BARREL Ø50 - 1520,,,EN41B FORGED SEAMLESS CYLINDER BARREL FOR BARREL Ø50 - 1520,4,MCH,Heavy VMC Face & Profile Milling,2,VEN0000002,Apex Precision VMC Machinists,"Feed throat opening, thermocouple wells and flange threading"
4110026600,A-10413,BARREL Ø50 - 1520,,,EN41B FORGED SEAMLESS CYLINDER BARREL FOR BARREL Ø50 - 1520,5,HON,Deep Hole Diamond Honing (Ra 0.1 µm),2,VEN0000006,Sardar Cylindrical & Surface Grinding,Final internal mirror honing to Ra 0.1 µm
4110026700,A-10431,SCREW Ø50 - 1520,,,EN41B / 38CrMoAl ALLOY STEEL ROUND BAR (GAS NITRIDING GRADE) FOR SCREW Ø50 - 1520,1,MCH,Heavy VMC Face & Profile Milling,3,VEN0000002,Apex Precision VMC Machinists,"Rough turning EN41B round bar, internal cooling bore"
4110026700,A-10431,SCREW Ø50 - 1520,,,EN41B / 38CrMoAl ALLOY STEEL ROUND BAR (GAS NITRIDING GRADE) FOR SCREW Ø50 - 1520,2,SCRM,CNC Variable Pitch Screw Flight Whirling,4,VEN0000002,Apex Precision VMC Machinists,"CNC flight whirling compression, metering & barrier zones"
4110026700,A-10431,SCREW Ø50 - 1520,,,EN41B / 38CrMoAl ALLOY STEEL ROUND BAR (GAS NITRIDING GRADE) FOR SCREW Ø50 - 1520,3,NIT,Deep Gas Nitriding & Hardening (65-68 HRC),3,VEN0000004,Gujarat Heat Treaters & Nitriding,"Gas nitriding to 65-68 HRC, 0.55mm case depth"
4110026700,A-10431,SCREW Ø50 - 1520,,,EN41B / 38CrMoAl ALLOY STEEL ROUND BAR (GAS NITRIDING GRADE) FOR SCREW Ø50 - 1520,4,PLT,Hard Chrome Plating (25-30 Microns),2,VEN0000007,Hard Chrome Plating Corporation,Flash hard chrome plating 0.025mm for wear & chemical resistance
4110026700,A-10431,SCREW Ø50 - 1520,,,EN41B / 38CrMoAl ALLOY STEEL ROUND BAR (GAS NITRIDING GRADE) FOR SCREW Ø50 - 1520,5,GRD,Precision Cylindrical & Surface Grinding,2,VEN0000006,Sardar Cylindrical & Surface Grinding,Super-finish flight polish to Ra 0.2 µm
4110026800,A-10449,BARREL ADAPT Ø50 - 1520,,,RAW STOCK / FORGING FOR BARREL ADAPT Ø50 - 1520,1,MCH,Heavy VMC Face & Profile Milling,2,VEN0000002,Apex Precision VMC Machinists,CNC turning and facing register bore to tolerance
4110026800,A-10449,BARREL ADAPT Ø50 - 1520,,,RAW STOCK / FORGING FOR BARREL ADAPT Ø50 - 1520,2,BOR,Precision CNC Line Boring (H7),2,VEN0000002,Apex Precision VMC Machinists,Line boring spigot and locating bores to H7
4110026800,A-10449,BARREL ADAPT Ø50 - 1520,,,RAW STOCK / FORGING FOR BARREL ADAPT Ø50 - 1520,3,DRL,CNC Pattern Drilling & Tapping (PCD),1,VEN0000002,Apex Precision VMC Machinists,PCD drilling and tapped mounting ports
4110017100,A-10459,SCREW TIP - 50,,,RAW STOCK / FORGING FOR SCREW TIP - 50,1,MCH,Heavy VMC Face & Profile Milling,2,VEN0000002,Apex Precision VMC Machinists,CNC turning and facing register bore to tolerance
4110017100,A-10459,SCREW TIP - 50,,,RAW STOCK / FORGING FOR SCREW TIP - 50,2,BOR,Precision CNC Line Boring (H7),2,VEN0000002,Apex Precision VMC Machinists,Line boring spigot and locating bores to H7
4110017100,A-10459,SCREW TIP - 50,,,RAW STOCK / FORGING FOR SCREW TIP - 50,3,DRL,CNC Pattern Drilling & Tapping (PCD),1,VEN0000002,Apex Precision VMC Machinists,PCD drilling and tapped mounting ports
4110017200,A-10468,SLIDER - 50,,,RAW STOCK / FORGING FOR SLIDER - 50,1,MCH,Heavy VMC Face & Profile Milling,2,VEN0000002,Apex Precision VMC Machinists,CNC turning and facing register bore to tolerance
4110017200,A-10468,SLIDER - 50,,,RAW STOCK / FORGING FOR SLIDER - 50,2,BOR,Precision CNC Line Boring (H7),2,VEN0000002,Apex Precision VMC Machinists,Line boring spigot and locating bores to H7
4110017200,A-10468,SLIDER - 50,,,RAW STOCK / FORGING FOR SLIDER - 50,3,DRL,CNC Pattern Drilling & Tapping (PCD),1,VEN0000002,Apex Precision VMC Machinists,PCD drilling and tapped mounting ports
4110017300,A-10476,SLIDER SEAT - 50,,,RAW STOCK / FORGING FOR SLIDER SEAT - 50,1,MCH,Heavy VMC Face & Profile Milling,2,VEN0000002,Apex Precision VMC Machinists,CNC turning and facing register bore to tolerance
4110017300,A-10476,SLIDER SEAT - 50,,,RAW STOCK / FORGING FOR SLIDER SEAT - 50,2,BOR,Precision CNC Line Boring (H7),2,VEN0000002,Apex Precision VMC Machinists,Line boring spigot and locating bores to H7
4110017300,A-10476,SLIDER SEAT - 50,,,RAW STOCK / FORGING FOR SLIDER SEAT - 50,3,DRL,CNC Pattern Drilling & Tapping (PCD),1,VEN0000002,Apex Precision VMC Machinists,PCD drilling and tapped mounting ports
4020102600,A-10360,BARREL NUT M105 X 4P - 1520,,,RAW STOCK / FORGING FOR BARREL NUT M105 X 4P - 1520,1,MCH,Heavy VMC Face & Profile Milling,2,VEN0000002,Apex Precision VMC Machinists,CNC turning and facing register bore to tolerance
4020102600,A-10360,BARREL NUT M105 X 4P - 1520,,,RAW STOCK / FORGING FOR BARREL NUT M105 X 4P - 1520,2,BOR,Precision CNC Line Boring (H7),2,VEN0000002,Apex Precision VMC Machinists,Line boring spigot and locating bores to H7
4020102600,A-10360,BARREL NUT M105 X 4P - 1520,,,RAW STOCK / FORGING FOR BARREL NUT M105 X 4P - 1520,3,DRL,CNC Pattern Drilling & Tapping (PCD),1,VEN0000002,Apex Precision VMC Machinists,PCD drilling and tapped mounting ports
4020102700,A-10366,BARREL CHECKNUT M105 X 4P - 1520,,,RAW STOCK / FORGING FOR BARREL CHECKNUT M105 X 4P - 1520,1,MCH,Heavy VMC Face & Profile Milling,2,VEN0000002,Apex Precision VMC Machinists,CNC turning and facing register bore to tolerance
4020102700,A-10366,BARREL CHECKNUT M105 X 4P - 1520,,,RAW STOCK / FORGING FOR BARREL CHECKNUT M105 X 4P - 1520,2,BOR,Precision CNC Line Boring (H7),2,VEN0000002,Apex Precision VMC Machinists,Line boring spigot and locating bores to H7
4020102700,A-10366,BARREL CHECKNUT M105 X 4P - 1520,,,RAW STOCK / FORGING FOR BARREL CHECKNUT M105 X 4P - 1520,3,DRL,CNC Pattern Drilling & Tapping (PCD),1,VEN0000002,Apex Precision VMC Machinists,PCD drilling and tapped mounting ports
4110026900,A-10070,SPLIT COLLAR - 50,,,RAW STOCK / FORGING FOR SPLIT COLLAR - 50,1,MCH,Heavy VMC Face & Profile Milling,2,VEN0000002,Apex Precision VMC Machinists,CNC turning and facing register bore to tolerance
4110026900,A-10070,SPLIT COLLAR - 50,,,RAW STOCK / FORGING FOR SPLIT COLLAR - 50,2,BOR,Precision CNC Line Boring (H7),2,VEN0000002,Apex Precision VMC Machinists,Line boring spigot and locating bores to H7
4110026900,A-10070,SPLIT COLLAR - 50,,,RAW STOCK / FORGING FOR SPLIT COLLAR - 50,3,DRL,CNC Pattern Drilling & Tapping (PCD),1,VEN0000002,Apex Precision VMC Machinists,PCD drilling and tapped mounting ports
4110027000,A-10054,FEED SCREW COUPLING - 50,,,RAW STOCK / FORGING FOR FEED SCREW COUPLING - 50,1,MCH,Heavy VMC Face & Profile Milling,2,VEN0000002,Apex Precision VMC Machinists,CNC turning and facing register bore to tolerance
4110027000,A-10054,FEED SCREW COUPLING - 50,,,RAW STOCK / FORGING FOR FEED SCREW COUPLING - 50,2,BOR,Precision CNC Line Boring (H7),2,VEN0000002,Apex Precision VMC Machinists,Line boring spigot and locating bores to H7
4110027000,A-10054,FEED SCREW COUPLING - 50,,,RAW STOCK / FORGING FOR FEED SCREW COUPLING - 50,3,DRL,CNC Pattern Drilling & Tapping (PCD),1,VEN0000002,Apex Precision VMC Machinists,PCD drilling and tapped mounting ports
4110027100,A-10793,SCREW KEY - 1520,,,RAW STOCK / FORGING FOR SCREW KEY - 1520,1,MCH,Heavy VMC Face & Profile Milling,2,VEN0000002,Apex Precision VMC Machinists,CNC turning and facing register bore to tolerance
4110027100,A-10793,SCREW KEY - 1520,,,RAW STOCK / FORGING FOR SCREW KEY - 1520,2,BOR,Precision CNC Line Boring (H7),2,VEN0000002,Apex Precision VMC Machinists,Line boring spigot and locating bores to H7
4110027100,A-10793,SCREW KEY - 1520,,,RAW STOCK / FORGING FOR SCREW KEY - 1520,3,DRL,CNC Pattern Drilling & Tapping (PCD),1,VEN0000002,Apex Precision VMC Machinists,PCD drilling and tapped mounting ports
4110029600,A-10416,BARREL Ø60 - 2350,,,EN41B FORGED SEAMLESS CYLINDER BARREL FOR BARREL Ø60 - 2350,1,GNDR,Deep Hole Gun Drilling & Trepanning,4,VEN0000002,Apex Precision VMC Machinists,Gun drill seamless forged EN41B cylinder bar to rough ID
4110029600,A-10416,BARREL Ø60 - 2350,,,EN41B FORGED SEAMLESS CYLINDER BARREL FOR BARREL Ø60 - 2350,2,HON,Deep Hole Diamond Honing (Ra 0.1 µm),3,VEN0000006,Sardar Cylindrical & Surface Grinding,Vertical deep-hole diamond honing to H7 tolerance
4110029600,A-10416,BARREL Ø60 - 2350,,,EN41B FORGED SEAMLESS CYLINDER BARREL FOR BARREL Ø60 - 2350,3,NIT,Deep Gas Nitriding & Hardening (65-68 HRC),4,VEN0000004,Gujarat Heat Treaters & Nitriding,"Deep nitriding ID surface to 68 HRC, 0.6mm case depth"
4110029600,A-10416,BARREL Ø60 - 2350,,,EN41B FORGED SEAMLESS CYLINDER BARREL FOR BARREL Ø60 - 2350,4,MCH,Heavy VMC Face & Profile Milling,2,VEN0000002,Apex Precision VMC Machinists,"Feed throat opening, thermocouple wells and flange threading"
4110029600,A-10416,BARREL Ø60 - 2350,,,EN41B FORGED SEAMLESS CYLINDER BARREL FOR BARREL Ø60 - 2350,5,HON,Deep Hole Diamond Honing (Ra 0.1 µm),2,VEN0000006,Sardar Cylindrical & Surface Grinding,Final internal mirror honing to Ra 0.1 µm
4110029700,A-10434,SCREW Ø60 - 2350,,,EN41B / 38CrMoAl ALLOY STEEL ROUND BAR (GAS NITRIDING GRADE) FOR SCREW Ø60 - 2350,1,MCH,Heavy VMC Face & Profile Milling,3,VEN0000002,Apex Precision VMC Machinists,"Rough turning EN41B round bar, internal cooling bore"
4110029700,A-10434,SCREW Ø60 - 2350,,,EN41B / 38CrMoAl ALLOY STEEL ROUND BAR (GAS NITRIDING GRADE) FOR SCREW Ø60 - 2350,2,SCRM,CNC Variable Pitch Screw Flight Whirling,4,VEN0000002,Apex Precision VMC Machinists,"CNC flight whirling compression, metering & barrier zones"
4110029700,A-10434,SCREW Ø60 - 2350,,,EN41B / 38CrMoAl ALLOY STEEL ROUND BAR (GAS NITRIDING GRADE) FOR SCREW Ø60 - 2350,3,NIT,Deep Gas Nitriding & Hardening (65-68 HRC),3,VEN0000004,Gujarat Heat Treaters & Nitriding,"Gas nitriding to 65-68 HRC, 0.55mm case depth"
4110029700,A-10434,SCREW Ø60 - 2350,,,EN41B / 38CrMoAl ALLOY STEEL ROUND BAR (GAS NITRIDING GRADE) FOR SCREW Ø60 - 2350,4,PLT,Hard Chrome Plating (25-30 Microns),2,VEN0000007,Hard Chrome Plating Corporation,Flash hard chrome plating 0.025mm for wear & chemical resistance
4110029700,A-10434,SCREW Ø60 - 2350,,,EN41B / 38CrMoAl ALLOY STEEL ROUND BAR (GAS NITRIDING GRADE) FOR SCREW Ø60 - 2350,5,GRD,Precision Cylindrical & Surface Grinding,2,VEN0000006,Sardar Cylindrical & Surface Grinding,Super-finish flight polish to Ra 0.2 µm
4110029800,A-10452,BARREL ADAPT Ø60 - 2350,,,RAW STOCK / FORGING FOR BARREL ADAPT Ø60 - 2350,1,MCH,Heavy VMC Face & Profile Milling,2,VEN0000002,Apex Precision VMC Machinists,CNC turning and facing register bore to tolerance
4110029800,A-10452,BARREL ADAPT Ø60 - 2350,,,RAW STOCK / FORGING FOR BARREL ADAPT Ø60 - 2350,2,BOR,Precision CNC Line Boring (H7),2,VEN0000002,Apex Precision VMC Machinists,Line boring spigot and locating bores to H7
4110029800,A-10452,BARREL ADAPT Ø60 - 2350,,,RAW STOCK / FORGING FOR BARREL ADAPT Ø60 - 2350,3,DRL,CNC Pattern Drilling & Tapping (PCD),1,VEN0000002,Apex Precision VMC Machinists,PCD drilling and tapped mounting ports
4110022800,A-10460,SCREW TIP - 60,,,RAW STOCK / FORGING FOR SCREW TIP - 60,1,MCH,Heavy VMC Face & Profile Milling,2,VEN0000002,Apex Precision VMC Machinists,CNC turning and facing register bore to tolerance
4110022800,A-10460,SCREW TIP - 60,,,RAW STOCK / FORGING FOR SCREW TIP - 60,2,BOR,Precision CNC Line Boring (H7),2,VEN0000002,Apex Precision VMC Machinists,Line boring spigot and locating bores to H7
4110022800,A-10460,SCREW TIP - 60,,,RAW STOCK / FORGING FOR SCREW TIP - 60,3,DRL,CNC Pattern Drilling & Tapping (PCD),1,VEN0000002,Apex Precision VMC Machinists,PCD drilling and tapped mounting ports
4110022900,A-10469,SLIDER - 60,,,RAW STOCK / FORGING FOR SLIDER - 60,1,MCH,Heavy VMC Face & Profile Milling,2,VEN0000002,Apex Precision VMC Machinists,CNC turning and facing register bore to tolerance
4110022900,A-10469,SLIDER - 60,,,RAW STOCK / FORGING FOR SLIDER - 60,2,BOR,Precision CNC Line Boring (H7),2,VEN0000002,Apex Precision VMC Machinists,Line boring spigot and locating bores to H7
4110022900,A-10469,SLIDER - 60,,,RAW STOCK / FORGING FOR SLIDER - 60,3,DRL,CNC Pattern Drilling & Tapping (PCD),1,VEN0000002,Apex Precision VMC Machinists,PCD drilling and tapped mounting ports
4110023000,A-10477,SLIDER SEAT - 60,,,RAW STOCK / FORGING FOR SLIDER SEAT - 60,1,MCH,Heavy VMC Face & Profile Milling,2,VEN0000002,Apex Precision VMC Machinists,CNC turning and facing register bore to tolerance
4110023000,A-10477,SLIDER SEAT - 60,,,RAW STOCK / FORGING FOR SLIDER SEAT - 60,2,BOR,Precision CNC Line Boring (H7),2,VEN0000002,Apex Precision VMC Machinists,Line boring spigot and locating bores to H7
4110023000,A-10477,SLIDER SEAT - 60,,,RAW STOCK / FORGING FOR SLIDER SEAT - 60,3,DRL,CNC Pattern Drilling & Tapping (PCD),1,VEN0000002,Apex Precision VMC Machinists,PCD drilling and tapped mounting ports
4020102800,A-10359,BARREL NUT M120 X 4P - 2350,,,RAW STOCK / FORGING FOR BARREL NUT M120 X 4P - 2350,1,MCH,Heavy VMC Face & Profile Milling,2,VEN0000002,Apex Precision VMC Machinists,CNC turning and facing register bore to tolerance
4020102800,A-10359,BARREL NUT M120 X 4P - 2350,,,RAW STOCK / FORGING FOR BARREL NUT M120 X 4P - 2350,2,BOR,Precision CNC Line Boring (H7),2,VEN0000002,Apex Precision VMC Machinists,Line boring spigot and locating bores to H7
4020102800,A-10359,BARREL NUT M120 X 4P - 2350,,,RAW STOCK / FORGING FOR BARREL NUT M120 X 4P - 2350,3,DRL,CNC Pattern Drilling & Tapping (PCD),1,VEN0000002,Apex Precision VMC Machinists,PCD drilling and tapped mounting ports
4020102900,A-10365,BARREL CHECKNUT M120 X 4P - 2350,,,RAW STOCK / FORGING FOR BARREL CHECKNUT M120 X 4P - 2350,1,MCH,Heavy VMC Face & Profile Milling,2,VEN0000002,Apex Precision VMC Machinists,CNC turning and facing register bore to tolerance
4020102900,A-10365,BARREL CHECKNUT M120 X 4P - 2350,,,RAW STOCK / FORGING FOR BARREL CHECKNUT M120 X 4P - 2350,2,BOR,Precision CNC Line Boring (H7),2,VEN0000002,Apex Precision VMC Machinists,Line boring spigot and locating bores to H7
4020102900,A-10365,BARREL CHECKNUT M120 X 4P - 2350,,,RAW STOCK / FORGING FOR BARREL CHECKNUT M120 X 4P - 2350,3,DRL,CNC Pattern Drilling & Tapping (PCD),1,VEN0000002,Apex Precision VMC Machinists,PCD drilling and tapped mounting ports
4110029900,A-10073,SPLIT COLLAR - 60,,,RAW STOCK / FORGING FOR SPLIT COLLAR - 60,1,MCH,Heavy VMC Face & Profile Milling,2,VEN0000002,Apex Precision VMC Machinists,CNC turning and facing register bore to tolerance
4110029900,A-10073,SPLIT COLLAR - 60,,,RAW STOCK / FORGING FOR SPLIT COLLAR - 60,2,BOR,Precision CNC Line Boring (H7),2,VEN0000002,Apex Precision VMC Machinists,Line boring spigot and locating bores to H7
4110029900,A-10073,SPLIT COLLAR - 60,,,RAW STOCK / FORGING FOR SPLIT COLLAR - 60,3,DRL,CNC Pattern Drilling & Tapping (PCD),1,VEN0000002,Apex Precision VMC Machinists,PCD drilling and tapped mounting ports
4110030000,A-10057,FEED SCREW COUPLING - 60,,,RAW STOCK / FORGING FOR FEED SCREW COUPLING - 60,1,MCH,Heavy VMC Face & Profile Milling,2,VEN0000002,Apex Precision VMC Machinists,CNC turning and facing register bore to tolerance
4110030000,A-10057,FEED SCREW COUPLING - 60,,,RAW STOCK / FORGING FOR FEED SCREW COUPLING - 60,2,BOR,Precision CNC Line Boring (H7),2,VEN0000002,Apex Precision VMC Machinists,Line boring spigot and locating bores to H7
4110030000,A-10057,FEED SCREW COUPLING - 60,,,RAW STOCK / FORGING FOR FEED SCREW COUPLING - 60,3,DRL,CNC Pattern Drilling & Tapping (PCD),1,VEN0000002,Apex Precision VMC Machinists,PCD drilling and tapped mounting ports
4110030100,A-10794,SCREW KEY - 2350,,,RAW STOCK / FORGING FOR SCREW KEY - 2350,1,MCH,Heavy VMC Face & Profile Milling,2,VEN0000002,Apex Precision VMC Machinists,CNC turning and facing register bore to tolerance
4110030100,A-10794,SCREW KEY - 2350,,,RAW STOCK / FORGING FOR SCREW KEY - 2350,2,BOR,Precision CNC Line Boring (H7),2,VEN0000002,Apex Precision VMC Machinists,Line boring spigot and locating bores to H7
4110030100,A-10794,SCREW KEY - 2350,,,RAW STOCK / FORGING FOR SCREW KEY - 2350,3,DRL,CNC Pattern Drilling & Tapping (PCD),1,VEN0000002,Apex Precision VMC Machinists,PCD drilling and tapped mounting ports
4110004900,A-10402,BARREL Ø35 - 280,,,EN41B FORGED SEAMLESS CYLINDER BARREL FOR BARREL Ø35 - 280,1,GNDR,Deep Hole Gun Drilling & Trepanning,4,VEN0000002,Apex Precision VMC Machinists,Gun drill seamless forged EN41B cylinder bar to rough ID
4110004900,A-10402,BARREL Ø35 - 280,,,EN41B FORGED SEAMLESS CYLINDER BARREL FOR BARREL Ø35 - 280,2,HON,Deep Hole Diamond Honing (Ra 0.1 µm),3,VEN0000006,Sardar Cylindrical & Surface Grinding,Vertical deep-hole diamond honing to H7 tolerance
4110004900,A-10402,BARREL Ø35 - 280,,,EN41B FORGED SEAMLESS CYLINDER BARREL FOR BARREL Ø35 - 280,3,NIT,Deep Gas Nitriding & Hardening (65-68 HRC),4,VEN0000004,Gujarat Heat Treaters & Nitriding,"Deep nitriding ID surface to 68 HRC, 0.6mm case depth"
4110004900,A-10402,BARREL Ø35 - 280,,,EN41B FORGED SEAMLESS CYLINDER BARREL FOR BARREL Ø35 - 280,4,MCH,Heavy VMC Face & Profile Milling,2,VEN0000002,Apex Precision VMC Machinists,"Feed throat opening, thermocouple wells and flange threading"
4110004900,A-10402,BARREL Ø35 - 280,,,EN41B FORGED SEAMLESS CYLINDER BARREL FOR BARREL Ø35 - 280,5,HON,Deep Hole Diamond Honing (Ra 0.1 µm),2,VEN0000006,Sardar Cylindrical & Surface Grinding,Final internal mirror honing to Ra 0.1 µm
4110005000,A-10420,SCREW Ø35 - 280,,,EN41B / 38CrMoAl ALLOY STEEL ROUND BAR (GAS NITRIDING GRADE) FOR SCREW Ø35 - 280,1,MCH,Heavy VMC Face & Profile Milling,3,VEN0000002,Apex Precision VMC Machinists,"Rough turning EN41B round bar, internal cooling bore"
4110005000,A-10420,SCREW Ø35 - 280,,,EN41B / 38CrMoAl ALLOY STEEL ROUND BAR (GAS NITRIDING GRADE) FOR SCREW Ø35 - 280,2,SCRM,CNC Variable Pitch Screw Flight Whirling,4,VEN0000002,Apex Precision VMC Machinists,"CNC flight whirling compression, metering & barrier zones"
4110005000,A-10420,SCREW Ø35 - 280,,,EN41B / 38CrMoAl ALLOY STEEL ROUND BAR (GAS NITRIDING GRADE) FOR SCREW Ø35 - 280,3,NIT,Deep Gas Nitriding & Hardening (65-68 HRC),3,VEN0000004,Gujarat Heat Treaters & Nitriding,"Gas nitriding to 65-68 HRC, 0.55mm case depth"
4110005000,A-10420,SCREW Ø35 - 280,,,EN41B / 38CrMoAl ALLOY STEEL ROUND BAR (GAS NITRIDING GRADE) FOR SCREW Ø35 - 280,4,PLT,Hard Chrome Plating (25-30 Microns),2,VEN0000007,Hard Chrome Plating Corporation,Flash hard chrome plating 0.025mm for wear & chemical resistance
4110005000,A-10420,SCREW Ø35 - 280,,,EN41B / 38CrMoAl ALLOY STEEL ROUND BAR (GAS NITRIDING GRADE) FOR SCREW Ø35 - 280,5,GRD,Precision Cylindrical & Surface Grinding,2,VEN0000006,Sardar Cylindrical & Surface Grinding,Super-finish flight polish to Ra 0.2 µm
4110005100,A-10438,BARREL ADAPT Ø35 - 280,,,RAW STOCK / FORGING FOR BARREL ADAPT Ø35 - 280,1,MCH,Heavy VMC Face & Profile Milling,2,VEN0000002,Apex Precision VMC Machinists,CNC turning and facing register bore to tolerance
4110005100,A-10438,BARREL ADAPT Ø35 - 280,,,RAW STOCK / FORGING FOR BARREL ADAPT Ø35 - 280,2,BOR,Precision CNC Line Boring (H7),2,VEN0000002,Apex Precision VMC Machinists,Line boring spigot and locating bores to H7
4110005100,A-10438,BARREL ADAPT Ø35 - 280,,,RAW STOCK / FORGING FOR BARREL ADAPT Ø35 - 280,3,DRL,CNC Pattern Drilling & Tapping (PCD),1,VEN0000002,Apex Precision VMC Machinists,PCD drilling and tapped mounting ports
4110011400,A-10405,BARREL Ø40 - 420,,,EN41B FORGED SEAMLESS CYLINDER BARREL FOR BARREL Ø40 - 420,1,GNDR,Deep Hole Gun Drilling & Trepanning,4,VEN0000002,Apex Precision VMC Machinists,Gun drill seamless forged EN41B cylinder bar to rough ID
4110011400,A-10405,BARREL Ø40 - 420,,,EN41B FORGED SEAMLESS CYLINDER BARREL FOR BARREL Ø40 - 420,2,HON,Deep Hole Diamond Honing (Ra 0.1 µm),3,VEN0000006,Sardar Cylindrical & Surface Grinding,Vertical deep-hole diamond honing to H7 tolerance
4110011400,A-10405,BARREL Ø40 - 420,,,EN41B FORGED SEAMLESS CYLINDER BARREL FOR BARREL Ø40 - 420,3,NIT,Deep Gas Nitriding & Hardening (65-68 HRC),4,VEN0000004,Gujarat Heat Treaters & Nitriding,"Deep nitriding ID surface to 68 HRC, 0.6mm case depth"
4110011400,A-10405,BARREL Ø40 - 420,,,EN41B FORGED SEAMLESS CYLINDER BARREL FOR BARREL Ø40 - 420,4,MCH,Heavy VMC Face & Profile Milling,2,VEN0000002,Apex Precision VMC Machinists,"Feed throat opening, thermocouple wells and flange threading"
4110011400,A-10405,BARREL Ø40 - 420,,,EN41B FORGED SEAMLESS CYLINDER BARREL FOR BARREL Ø40 - 420,5,HON,Deep Hole Diamond Honing (Ra 0.1 µm),2,VEN0000006,Sardar Cylindrical & Surface Grinding,Final internal mirror honing to Ra 0.1 µm
4110011500,A-10423,SCREW Ø40 - 420,,,EN41B / 38CrMoAl ALLOY STEEL ROUND BAR (GAS NITRIDING GRADE) FOR SCREW Ø40 - 420,1,MCH,Heavy VMC Face & Profile Milling,3,VEN0000002,Apex Precision VMC Machinists,"Rough turning EN41B round bar, internal cooling bore"
4110011500,A-10423,SCREW Ø40 - 420,,,EN41B / 38CrMoAl ALLOY STEEL ROUND BAR (GAS NITRIDING GRADE) FOR SCREW Ø40 - 420,2,SCRM,CNC Variable Pitch Screw Flight Whirling,4,VEN0000002,Apex Precision VMC Machinists,"CNC flight whirling compression, metering & barrier zones"
4110011500,A-10423,SCREW Ø40 - 420,,,EN41B / 38CrMoAl ALLOY STEEL ROUND BAR (GAS NITRIDING GRADE) FOR SCREW Ø40 - 420,3,NIT,Deep Gas Nitriding & Hardening (65-68 HRC),3,VEN0000004,Gujarat Heat Treaters & Nitriding,"Gas nitriding to 65-68 HRC, 0.55mm case depth"
4110011500,A-10423,SCREW Ø40 - 420,,,EN41B / 38CrMoAl ALLOY STEEL ROUND BAR (GAS NITRIDING GRADE) FOR SCREW Ø40 - 420,4,PLT,Hard Chrome Plating (25-30 Microns),2,VEN0000007,Hard Chrome Plating Corporation,Flash hard chrome plating 0.025mm for wear & chemical resistance
4110011500,A-10423,SCREW Ø40 - 420,,,EN41B / 38CrMoAl ALLOY STEEL ROUND BAR (GAS NITRIDING GRADE) FOR SCREW Ø40 - 420,5,GRD,Precision Cylindrical & Surface Grinding,2,VEN0000006,Sardar Cylindrical & Surface Grinding,Super-finish flight polish to Ra 0.2 µm
4110011600,A-10441,BARREL ADAPT Ø40 - 420,,,RAW STOCK / FORGING FOR BARREL ADAPT Ø40 - 420,1,MCH,Heavy VMC Face & Profile Milling,2,VEN0000002,Apex Precision VMC Machinists,CNC turning and facing register bore to tolerance
4110011600,A-10441,BARREL ADAPT Ø40 - 420,,,RAW STOCK / FORGING FOR BARREL ADAPT Ø40 - 420,2,BOR,Precision CNC Line Boring (H7),2,VEN0000002,Apex Precision VMC Machinists,Line boring spigot and locating bores to H7
4110011600,A-10441,BARREL ADAPT Ø40 - 420,,,RAW STOCK / FORGING FOR BARREL ADAPT Ø40 - 420,3,DRL,CNC Pattern Drilling & Tapping (PCD),1,VEN0000002,Apex Precision VMC Machinists,PCD drilling and tapped mounting ports
4110016500,A-10408,BARREL Ø45 - 635,,,EN41B FORGED SEAMLESS CYLINDER BARREL FOR BARREL Ø45 - 635,1,GNDR,Deep Hole Gun Drilling & Trepanning,4,VEN0000002,Apex Precision VMC Machinists,Gun drill seamless forged EN41B cylinder bar to rough ID
4110016500,A-10408,BARREL Ø45 - 635,,,EN41B FORGED SEAMLESS CYLINDER BARREL FOR BARREL Ø45 - 635,2,HON,Deep Hole Diamond Honing (Ra 0.1 µm),3,VEN0000006,Sardar Cylindrical & Surface Grinding,Vertical deep-hole diamond honing to H7 tolerance
4110016500,A-10408,BARREL Ø45 - 635,,,EN41B FORGED SEAMLESS CYLINDER BARREL FOR BARREL Ø45 - 635,3,NIT,Deep Gas Nitriding & Hardening (65-68 HRC),4,VEN0000004,Gujarat Heat Treaters & Nitriding,"Deep nitriding ID surface to 68 HRC, 0.6mm case depth"
4110016500,A-10408,BARREL Ø45 - 635,,,EN41B FORGED SEAMLESS CYLINDER BARREL FOR BARREL Ø45 - 635,4,MCH,Heavy VMC Face & Profile Milling,2,VEN0000002,Apex Precision VMC Machinists,"Feed throat opening, thermocouple wells and flange threading"
4110016500,A-10408,BARREL Ø45 - 635,,,EN41B FORGED SEAMLESS CYLINDER BARREL FOR BARREL Ø45 - 635,5,HON,Deep Hole Diamond Honing (Ra 0.1 µm),2,VEN0000006,Sardar Cylindrical & Surface Grinding,Final internal mirror honing to Ra 0.1 µm
4110016600,A-10426,SCREW Ø45 - 635,,,EN41B / 38CrMoAl ALLOY STEEL ROUND BAR (GAS NITRIDING GRADE) FOR SCREW Ø45 - 635,1,MCH,Heavy VMC Face & Profile Milling,3,VEN0000002,Apex Precision VMC Machinists,"Rough turning EN41B round bar, internal cooling bore"
4110016600,A-10426,SCREW Ø45 - 635,,,EN41B / 38CrMoAl ALLOY STEEL ROUND BAR (GAS NITRIDING GRADE) FOR SCREW Ø45 - 635,2,SCRM,CNC Variable Pitch Screw Flight Whirling,4,VEN0000002,Apex Precision VMC Machinists,"CNC flight whirling compression, metering & barrier zones"
4110016600,A-10426,SCREW Ø45 - 635,,,EN41B / 38CrMoAl ALLOY STEEL ROUND BAR (GAS NITRIDING GRADE) FOR SCREW Ø45 - 635,3,NIT,Deep Gas Nitriding & Hardening (65-68 HRC),3,VEN0000004,Gujarat Heat Treaters & Nitriding,"Gas nitriding to 65-68 HRC, 0.55mm case depth"
4110016600,A-10426,SCREW Ø45 - 635,,,EN41B / 38CrMoAl ALLOY STEEL ROUND BAR (GAS NITRIDING GRADE) FOR SCREW Ø45 - 635,4,PLT,Hard Chrome Plating (25-30 Microns),2,VEN0000007,Hard Chrome Plating Corporation,Flash hard chrome plating 0.025mm for wear & chemical resistance
4110016600,A-10426,SCREW Ø45 - 635,,,EN41B / 38CrMoAl ALLOY STEEL ROUND BAR (GAS NITRIDING GRADE) FOR SCREW Ø45 - 635,5,GRD,Precision Cylindrical & Surface Grinding,2,VEN0000006,Sardar Cylindrical & Surface Grinding,Super-finish flight polish to Ra 0.2 µm
4110016700,A-10444,BARREL ADAPT Ø45 - 635,,,RAW STOCK / FORGING FOR BARREL ADAPT Ø45 - 635,1,MCH,Heavy VMC Face & Profile Milling,2,VEN0000002,Apex Precision VMC Machinists,CNC turning and facing register bore to tolerance
4110016700,A-10444,BARREL ADAPT Ø45 - 635,,,RAW STOCK / FORGING FOR BARREL ADAPT Ø45 - 635,2,BOR,Precision CNC Line Boring (H7),2,VEN0000002,Apex Precision VMC Machinists,Line boring spigot and locating bores to H7
4110016700,A-10444,BARREL ADAPT Ø45 - 635,,,RAW STOCK / FORGING FOR BARREL ADAPT Ø45 - 635,3,DRL,CNC Pattern Drilling & Tapping (PCD),1,VEN0000002,Apex Precision VMC Machinists,PCD drilling and tapped mounting ports
4110022200,A-10411,BARREL Ø50 - 905,,,EN41B FORGED SEAMLESS CYLINDER BARREL FOR BARREL Ø50 - 905,1,GNDR,Deep Hole Gun Drilling & Trepanning,4,VEN0000002,Apex Precision VMC Machinists,Gun drill seamless forged EN41B cylinder bar to rough ID
4110022200,A-10411,BARREL Ø50 - 905,,,EN41B FORGED SEAMLESS CYLINDER BARREL FOR BARREL Ø50 - 905,2,HON,Deep Hole Diamond Honing (Ra 0.1 µm),3,VEN0000006,Sardar Cylindrical & Surface Grinding,Vertical deep-hole diamond honing to H7 tolerance
4110022200,A-10411,BARREL Ø50 - 905,,,EN41B FORGED SEAMLESS CYLINDER BARREL FOR BARREL Ø50 - 905,3,NIT,Deep Gas Nitriding & Hardening (65-68 HRC),4,VEN0000004,Gujarat Heat Treaters & Nitriding,"Deep nitriding ID surface to 68 HRC, 0.6mm case depth"
4110022200,A-10411,BARREL Ø50 - 905,,,EN41B FORGED SEAMLESS CYLINDER BARREL FOR BARREL Ø50 - 905,4,MCH,Heavy VMC Face & Profile Milling,2,VEN0000002,Apex Precision VMC Machinists,"Feed throat opening, thermocouple wells and flange threading"
4110022200,A-10411,BARREL Ø50 - 905,,,EN41B FORGED SEAMLESS CYLINDER BARREL FOR BARREL Ø50 - 905,5,HON,Deep Hole Diamond Honing (Ra 0.1 µm),2,VEN0000006,Sardar Cylindrical & Surface Grinding,Final internal mirror honing to Ra 0.1 µm
4110022300,A-10429,SCREW Ø50 - 905,,,EN41B / 38CrMoAl ALLOY STEEL ROUND BAR (GAS NITRIDING GRADE) FOR SCREW Ø50 - 905,1,MCH,Heavy VMC Face & Profile Milling,3,VEN0000002,Apex Precision VMC Machinists,"Rough turning EN41B round bar, internal cooling bore"
4110022300,A-10429,SCREW Ø50 - 905,,,EN41B / 38CrMoAl ALLOY STEEL ROUND BAR (GAS NITRIDING GRADE) FOR SCREW Ø50 - 905,2,SCRM,CNC Variable Pitch Screw Flight Whirling,4,VEN0000002,Apex Precision VMC Machinists,"CNC flight whirling compression, metering & barrier zones"
4110022300,A-10429,SCREW Ø50 - 905,,,EN41B / 38CrMoAl ALLOY STEEL ROUND BAR (GAS NITRIDING GRADE) FOR SCREW Ø50 - 905,3,NIT,Deep Gas Nitriding & Hardening (65-68 HRC),3,VEN0000004,Gujarat Heat Treaters & Nitriding,"Gas nitriding to 65-68 HRC, 0.55mm case depth"
4110022300,A-10429,SCREW Ø50 - 905,,,EN41B / 38CrMoAl ALLOY STEEL ROUND BAR (GAS NITRIDING GRADE) FOR SCREW Ø50 - 905,4,PLT,Hard Chrome Plating (25-30 Microns),2,VEN0000007,Hard Chrome Plating Corporation,Flash hard chrome plating 0.025mm for wear & chemical resistance
4110022300,A-10429,SCREW Ø50 - 905,,,EN41B / 38CrMoAl ALLOY STEEL ROUND BAR (GAS NITRIDING GRADE) FOR SCREW Ø50 - 905,5,GRD,Precision Cylindrical & Surface Grinding,2,VEN0000006,Sardar Cylindrical & Surface Grinding,Super-finish flight polish to Ra 0.2 µm
4110022400,A-10447,BARREL ADAPT Ø50 - 905,,,RAW STOCK / FORGING FOR BARREL ADAPT Ø50 - 905,1,MCH,Heavy VMC Face & Profile Milling,2,VEN0000002,Apex Precision VMC Machinists,CNC turning and facing register bore to tolerance
4110022400,A-10447,BARREL ADAPT Ø50 - 905,,,RAW STOCK / FORGING FOR BARREL ADAPT Ø50 - 905,2,BOR,Precision CNC Line Boring (H7),2,VEN0000002,Apex Precision VMC Machinists,Line boring spigot and locating bores to H7
4110022400,A-10447,BARREL ADAPT Ø50 - 905,,,RAW STOCK / FORGING FOR BARREL ADAPT Ø50 - 905,3,DRL,CNC Pattern Drilling & Tapping (PCD),1,VEN0000002,Apex Precision VMC Machinists,PCD drilling and tapped mounting ports
4110027200,A-10414,BARREL Ø60 - 1520,,,EN41B FORGED SEAMLESS CYLINDER BARREL FOR BARREL Ø60 - 1520,1,GNDR,Deep Hole Gun Drilling & Trepanning,4,VEN0000002,Apex Precision VMC Machinists,Gun drill seamless forged EN41B cylinder bar to rough ID
4110027200,A-10414,BARREL Ø60 - 1520,,,EN41B FORGED SEAMLESS CYLINDER BARREL FOR BARREL Ø60 - 1520,2,HON,Deep Hole Diamond Honing (Ra 0.1 µm),3,VEN0000006,Sardar Cylindrical & Surface Grinding,Vertical deep-hole diamond honing to H7 tolerance
4110027200,A-10414,BARREL Ø60 - 1520,,,EN41B FORGED SEAMLESS CYLINDER BARREL FOR BARREL Ø60 - 1520,3,NIT,Deep Gas Nitriding & Hardening (65-68 HRC),4,VEN0000004,Gujarat Heat Treaters & Nitriding,"Deep nitriding ID surface to 68 HRC, 0.6mm case depth"
4110027200,A-10414,BARREL Ø60 - 1520,,,EN41B FORGED SEAMLESS CYLINDER BARREL FOR BARREL Ø60 - 1520,4,MCH,Heavy VMC Face & Profile Milling,2,VEN0000002,Apex Precision VMC Machinists,"Feed throat opening, thermocouple wells and flange threading"
4110027200,A-10414,BARREL Ø60 - 1520,,,EN41B FORGED SEAMLESS CYLINDER BARREL FOR BARREL Ø60 - 1520,5,HON,Deep Hole Diamond Honing (Ra 0.1 µm),2,VEN0000006,Sardar Cylindrical & Surface Grinding,Final internal mirror honing to Ra 0.1 µm
4110027300,A-10432,SCREW Ø60 - 1520,,,EN41B / 38CrMoAl ALLOY STEEL ROUND BAR (GAS NITRIDING GRADE) FOR SCREW Ø60 - 1520,1,MCH,Heavy VMC Face & Profile Milling,3,VEN0000002,Apex Precision VMC Machinists,"Rough turning EN41B round bar, internal cooling bore"
4110027300,A-10432,SCREW Ø60 - 1520,,,EN41B / 38CrMoAl ALLOY STEEL ROUND BAR (GAS NITRIDING GRADE) FOR SCREW Ø60 - 1520,2,SCRM,CNC Variable Pitch Screw Flight Whirling,4,VEN0000002,Apex Precision VMC Machinists,"CNC flight whirling compression, metering & barrier zones"
4110027300,A-10432,SCREW Ø60 - 1520,,,EN41B / 38CrMoAl ALLOY STEEL ROUND BAR (GAS NITRIDING GRADE) FOR SCREW Ø60 - 1520,3,NIT,Deep Gas Nitriding & Hardening (65-68 HRC),3,VEN0000004,Gujarat Heat Treaters & Nitriding,"Gas nitriding to 65-68 HRC, 0.55mm case depth"
4110027300,A-10432,SCREW Ø60 - 1520,,,EN41B / 38CrMoAl ALLOY STEEL ROUND BAR (GAS NITRIDING GRADE) FOR SCREW Ø60 - 1520,4,PLT,Hard Chrome Plating (25-30 Microns),2,VEN0000007,Hard Chrome Plating Corporation,Flash hard chrome plating 0.025mm for wear & chemical resistance
4110027300,A-10432,SCREW Ø60 - 1520,,,EN41B / 38CrMoAl ALLOY STEEL ROUND BAR (GAS NITRIDING GRADE) FOR SCREW Ø60 - 1520,5,GRD,Precision Cylindrical & Surface Grinding,2,VEN0000006,Sardar Cylindrical & Surface Grinding,Super-finish flight polish to Ra 0.2 µm
4110027400,A-10450,BARREL ADAPT Ø60 - 1520,,,RAW STOCK / FORGING FOR BARREL ADAPT Ø60 - 1520,1,MCH,Heavy VMC Face & Profile Milling,2,VEN0000002,Apex Precision VMC Machinists,CNC turning and facing register bore to tolerance
4110027400,A-10450,BARREL ADAPT Ø60 - 1520,,,RAW STOCK / FORGING FOR BARREL ADAPT Ø60 - 1520,2,BOR,Precision CNC Line Boring (H7),2,VEN0000002,Apex Precision VMC Machinists,Line boring spigot and locating bores to H7
4110027400,A-10450,BARREL ADAPT Ø60 - 1520,,,RAW STOCK / FORGING FOR BARREL ADAPT Ø60 - 1520,3,DRL,CNC Pattern Drilling & Tapping (PCD),1,VEN0000002,Apex Precision VMC Machinists,PCD drilling and tapped mounting ports
4110030200,A-10417,BARREL Ø70 - 2350,,,EN41B FORGED SEAMLESS CYLINDER BARREL FOR BARREL Ø70 - 2350,1,GNDR,Deep Hole Gun Drilling & Trepanning,4,VEN0000002,Apex Precision VMC Machinists,Gun drill seamless forged EN41B cylinder bar to rough ID
4110030200,A-10417,BARREL Ø70 - 2350,,,EN41B FORGED SEAMLESS CYLINDER BARREL FOR BARREL Ø70 - 2350,2,HON,Deep Hole Diamond Honing (Ra 0.1 µm),3,VEN0000006,Sardar Cylindrical & Surface Grinding,Vertical deep-hole diamond honing to H7 tolerance
4110030200,A-10417,BARREL Ø70 - 2350,,,EN41B FORGED SEAMLESS CYLINDER BARREL FOR BARREL Ø70 - 2350,3,NIT,Deep Gas Nitriding & Hardening (65-68 HRC),4,VEN0000004,Gujarat Heat Treaters & Nitriding,"Deep nitriding ID surface to 68 HRC, 0.6mm case depth"
4110030200,A-10417,BARREL Ø70 - 2350,,,EN41B FORGED SEAMLESS CYLINDER BARREL FOR BARREL Ø70 - 2350,4,MCH,Heavy VMC Face & Profile Milling,2,VEN0000002,Apex Precision VMC Machinists,"Feed throat opening, thermocouple wells and flange threading"
4110030200,A-10417,BARREL Ø70 - 2350,,,EN41B FORGED SEAMLESS CYLINDER BARREL FOR BARREL Ø70 - 2350,5,HON,Deep Hole Diamond Honing (Ra 0.1 µm),2,VEN0000006,Sardar Cylindrical & Surface Grinding,Final internal mirror honing to Ra 0.1 µm
4110030300,A-10435,SCREW Ø70 - 2350,,,EN41B / 38CrMoAl ALLOY STEEL ROUND BAR (GAS NITRIDING GRADE) FOR SCREW Ø70 - 2350,1,MCH,Heavy VMC Face & Profile Milling,3,VEN0000002,Apex Precision VMC Machinists,"Rough turning EN41B round bar, internal cooling bore"
4110030300,A-10435,SCREW Ø70 - 2350,,,EN41B / 38CrMoAl ALLOY STEEL ROUND BAR (GAS NITRIDING GRADE) FOR SCREW Ø70 - 2350,2,SCRM,CNC Variable Pitch Screw Flight Whirling,4,VEN0000002,Apex Precision VMC Machinists,"CNC flight whirling compression, metering & barrier zones"
4110030300,A-10435,SCREW Ø70 - 2350,,,EN41B / 38CrMoAl ALLOY STEEL ROUND BAR (GAS NITRIDING GRADE) FOR SCREW Ø70 - 2350,3,NIT,Deep Gas Nitriding & Hardening (65-68 HRC),3,VEN0000004,Gujarat Heat Treaters & Nitriding,"Gas nitriding to 65-68 HRC, 0.55mm case depth"
4110030300,A-10435,SCREW Ø70 - 2350,,,EN41B / 38CrMoAl ALLOY STEEL ROUND BAR (GAS NITRIDING GRADE) FOR SCREW Ø70 - 2350,4,PLT,Hard Chrome Plating (25-30 Microns),2,VEN0000007,Hard Chrome Plating Corporation,Flash hard chrome plating 0.025mm for wear & chemical resistance
4110030300,A-10435,SCREW Ø70 - 2350,,,EN41B / 38CrMoAl ALLOY STEEL ROUND BAR (GAS NITRIDING GRADE) FOR SCREW Ø70 - 2350,5,GRD,Precision Cylindrical & Surface Grinding,2,VEN0000006,Sardar Cylindrical & Surface Grinding,Super-finish flight polish to Ra 0.2 µm
4110030400,A-10453,BARREL ADAPT Ø70 - 2350,,,RAW STOCK / FORGING FOR BARREL ADAPT Ø70 - 2350,1,MCH,Heavy VMC Face & Profile Milling,2,VEN0000002,Apex Precision VMC Machinists,CNC turning and facing register bore to tolerance
4110030400,A-10453,BARREL ADAPT Ø70 - 2350,,,RAW STOCK / FORGING FOR BARREL ADAPT Ø70 - 2350,2,BOR,Precision CNC Line Boring (H7),2,VEN0000002,Apex Precision VMC Machinists,Line boring spigot and locating bores to H7
4110030400,A-10453,BARREL ADAPT Ø70 - 2350,,,RAW STOCK / FORGING FOR BARREL ADAPT Ø70 - 2350,3,DRL,CNC Pattern Drilling & Tapping (PCD),1,VEN0000002,Apex Precision VMC Machinists,PCD drilling and tapped mounting ports
4110027800,A-10461,SCREW TIP - 70,,,RAW STOCK / FORGING FOR SCREW TIP - 70,1,MCH,Heavy VMC Face & Profile Milling,2,VEN0000002,Apex Precision VMC Machinists,CNC turning and facing register bore to tolerance
4110027800,A-10461,SCREW TIP - 70,,,RAW STOCK / FORGING FOR SCREW TIP - 70,2,BOR,Precision CNC Line Boring (H7),2,VEN0000002,Apex Precision VMC Machinists,Line boring spigot and locating bores to H7
4110027800,A-10461,SCREW TIP - 70,,,RAW STOCK / FORGING FOR SCREW TIP - 70,3,DRL,CNC Pattern Drilling & Tapping (PCD),1,VEN0000002,Apex Precision VMC Machinists,PCD drilling and tapped mounting ports
4110027900,A-10470,SLIDER - 70,,,RAW STOCK / FORGING FOR SLIDER - 70,1,MCH,Heavy VMC Face & Profile Milling,2,VEN0000002,Apex Precision VMC Machinists,CNC turning and facing register bore to tolerance
4110027900,A-10470,SLIDER - 70,,,RAW STOCK / FORGING FOR SLIDER - 70,2,BOR,Precision CNC Line Boring (H7),2,VEN0000002,Apex Precision VMC Machinists,Line boring spigot and locating bores to H7
4110027900,A-10470,SLIDER - 70,,,RAW STOCK / FORGING FOR SLIDER - 70,3,DRL,CNC Pattern Drilling & Tapping (PCD),1,VEN0000002,Apex Precision VMC Machinists,PCD drilling and tapped mounting ports
4110028000,A-10478,SLIDER SEAT - 70,,,RAW STOCK / FORGING FOR SLIDER SEAT - 70,1,MCH,Heavy VMC Face & Profile Milling,2,VEN0000002,Apex Precision VMC Machinists,CNC turning and facing register bore to tolerance
4110028000,A-10478,SLIDER SEAT - 70,,,RAW STOCK / FORGING FOR SLIDER SEAT - 70,2,BOR,Precision CNC Line Boring (H7),2,VEN0000002,Apex Precision VMC Machinists,Line boring spigot and locating bores to H7
4110028000,A-10478,SLIDER SEAT - 70,,,RAW STOCK / FORGING FOR SLIDER SEAT - 70,3,DRL,CNC Pattern Drilling & Tapping (PCD),1,VEN0000002,Apex Precision VMC Machinists,PCD drilling and tapped mounting ports
4110005500,A-10403,BARREL Ø40 - 280,,,EN41B FORGED SEAMLESS CYLINDER BARREL FOR BARREL Ø40 - 280,1,GNDR,Deep Hole Gun Drilling & Trepanning,4,VEN0000002,Apex Precision VMC Machinists,Gun drill seamless forged EN41B cylinder bar to rough ID
4110005500,A-10403,BARREL Ø40 - 280,,,EN41B FORGED SEAMLESS CYLINDER BARREL FOR BARREL Ø40 - 280,2,HON,Deep Hole Diamond Honing (Ra 0.1 µm),3,VEN0000006,Sardar Cylindrical & Surface Grinding,Vertical deep-hole diamond honing to H7 tolerance
4110005500,A-10403,BARREL Ø40 - 280,,,EN41B FORGED SEAMLESS CYLINDER BARREL FOR BARREL Ø40 - 280,3,NIT,Deep Gas Nitriding & Hardening (65-68 HRC),4,VEN0000004,Gujarat Heat Treaters & Nitriding,"Deep nitriding ID surface to 68 HRC, 0.6mm case depth"
4110005500,A-10403,BARREL Ø40 - 280,,,EN41B FORGED SEAMLESS CYLINDER BARREL FOR BARREL Ø40 - 280,4,MCH,Heavy VMC Face & Profile Milling,2,VEN0000002,Apex Precision VMC Machinists,"Feed throat opening, thermocouple wells and flange threading"
4110005500,A-10403,BARREL Ø40 - 280,,,EN41B FORGED SEAMLESS CYLINDER BARREL FOR BARREL Ø40 - 280,5,HON,Deep Hole Diamond Honing (Ra 0.1 µm),2,VEN0000006,Sardar Cylindrical & Surface Grinding,Final internal mirror honing to Ra 0.1 µm
4110005600,A-10421,SCREW Ø40 - 280,,,EN41B / 38CrMoAl ALLOY STEEL ROUND BAR (GAS NITRIDING GRADE) FOR SCREW Ø40 - 280,1,MCH,Heavy VMC Face & Profile Milling,3,VEN0000002,Apex Precision VMC Machinists,"Rough turning EN41B round bar, internal cooling bore"
4110005600,A-10421,SCREW Ø40 - 280,,,EN41B / 38CrMoAl ALLOY STEEL ROUND BAR (GAS NITRIDING GRADE) FOR SCREW Ø40 - 280,2,SCRM,CNC Variable Pitch Screw Flight Whirling,4,VEN0000002,Apex Precision VMC Machinists,"CNC flight whirling compression, metering & barrier zones"
4110005600,A-10421,SCREW Ø40 - 280,,,EN41B / 38CrMoAl ALLOY STEEL ROUND BAR (GAS NITRIDING GRADE) FOR SCREW Ø40 - 280,3,NIT,Deep Gas Nitriding & Hardening (65-68 HRC),3,VEN0000004,Gujarat Heat Treaters & Nitriding,"Gas nitriding to 65-68 HRC, 0.55mm case depth"
4110005600,A-10421,SCREW Ø40 - 280,,,EN41B / 38CrMoAl ALLOY STEEL ROUND BAR (GAS NITRIDING GRADE) FOR SCREW Ø40 - 280,4,PLT,Hard Chrome Plating (25-30 Microns),2,VEN0000007,Hard Chrome Plating Corporation,Flash hard chrome plating 0.025mm for wear & chemical resistance
4110005600,A-10421,SCREW Ø40 - 280,,,EN41B / 38CrMoAl ALLOY STEEL ROUND BAR (GAS NITRIDING GRADE) FOR SCREW Ø40 - 280,5,GRD,Precision Cylindrical & Surface Grinding,2,VEN0000006,Sardar Cylindrical & Surface Grinding,Super-finish flight polish to Ra 0.2 µm
4110005700,A-10439,BARREL ADAPT Ø40 - 280,,,RAW STOCK / FORGING FOR BARREL ADAPT Ø40 - 280,1,MCH,Heavy VMC Face & Profile Milling,2,VEN0000002,Apex Precision VMC Machinists,CNC turning and facing register bore to tolerance
4110005700,A-10439,BARREL ADAPT Ø40 - 280,,,RAW STOCK / FORGING FOR BARREL ADAPT Ø40 - 280,2,BOR,Precision CNC Line Boring (H7),2,VEN0000002,Apex Precision VMC Machinists,Line boring spigot and locating bores to H7
4110005700,A-10439,BARREL ADAPT Ø40 - 280,,,RAW STOCK / FORGING FOR BARREL ADAPT Ø40 - 280,3,DRL,CNC Pattern Drilling & Tapping (PCD),1,VEN0000002,Apex Precision VMC Machinists,PCD drilling and tapped mounting ports
4110011700,A-10406,BARREL Ø45 - 420,,,EN41B FORGED SEAMLESS CYLINDER BARREL FOR BARREL Ø45 - 420,1,GNDR,Deep Hole Gun Drilling & Trepanning,4,VEN0000002,Apex Precision VMC Machinists,Gun drill seamless forged EN41B cylinder bar to rough ID
4110011700,A-10406,BARREL Ø45 - 420,,,EN41B FORGED SEAMLESS CYLINDER BARREL FOR BARREL Ø45 - 420,2,HON,Deep Hole Diamond Honing (Ra 0.1 µm),3,VEN0000006,Sardar Cylindrical & Surface Grinding,Vertical deep-hole diamond honing to H7 tolerance
4110011700,A-10406,BARREL Ø45 - 420,,,EN41B FORGED SEAMLESS CYLINDER BARREL FOR BARREL Ø45 - 420,3,NIT,Deep Gas Nitriding & Hardening (65-68 HRC),4,VEN0000004,Gujarat Heat Treaters & Nitriding,"Deep nitriding ID surface to 68 HRC, 0.6mm case depth"
4110011700,A-10406,BARREL Ø45 - 420,,,EN41B FORGED SEAMLESS CYLINDER BARREL FOR BARREL Ø45 - 420,4,MCH,Heavy VMC Face & Profile Milling,2,VEN0000002,Apex Precision VMC Machinists,"Feed throat opening, thermocouple wells and flange threading"
4110011700,A-10406,BARREL Ø45 - 420,,,EN41B FORGED SEAMLESS CYLINDER BARREL FOR BARREL Ø45 - 420,5,HON,Deep Hole Diamond Honing (Ra 0.1 µm),2,VEN0000006,Sardar Cylindrical & Surface Grinding,Final internal mirror honing to Ra 0.1 µm
4110011800,A-10424,SCREW Ø45 - 420,,,EN41B / 38CrMoAl ALLOY STEEL ROUND BAR (GAS NITRIDING GRADE) FOR SCREW Ø45 - 420,1,MCH,Heavy VMC Face & Profile Milling,3,VEN0000002,Apex Precision VMC Machinists,"Rough turning EN41B round bar, internal cooling bore"
4110011800,A-10424,SCREW Ø45 - 420,,,EN41B / 38CrMoAl ALLOY STEEL ROUND BAR (GAS NITRIDING GRADE) FOR SCREW Ø45 - 420,2,SCRM,CNC Variable Pitch Screw Flight Whirling,4,VEN0000002,Apex Precision VMC Machinists,"CNC flight whirling compression, metering & barrier zones"
4110011800,A-10424,SCREW Ø45 - 420,,,EN41B / 38CrMoAl ALLOY STEEL ROUND BAR (GAS NITRIDING GRADE) FOR SCREW Ø45 - 420,3,NIT,Deep Gas Nitriding & Hardening (65-68 HRC),3,VEN0000004,Gujarat Heat Treaters & Nitriding,"Gas nitriding to 65-68 HRC, 0.55mm case depth"
4110011800,A-10424,SCREW Ø45 - 420,,,EN41B / 38CrMoAl ALLOY STEEL ROUND BAR (GAS NITRIDING GRADE) FOR SCREW Ø45 - 420,4,PLT,Hard Chrome Plating (25-30 Microns),2,VEN0000007,Hard Chrome Plating Corporation,Flash hard chrome plating 0.025mm for wear & chemical resistance
4110011800,A-10424,SCREW Ø45 - 420,,,EN41B / 38CrMoAl ALLOY STEEL ROUND BAR (GAS NITRIDING GRADE) FOR SCREW Ø45 - 420,5,GRD,Precision Cylindrical & Surface Grinding,2,VEN0000006,Sardar Cylindrical & Surface Grinding,Super-finish flight polish to Ra 0.2 µm
4110011900,A-10442,BARREL ADAPT Ø45 - 420,,,RAW STOCK / FORGING FOR BARREL ADAPT Ø45 - 420,1,MCH,Heavy VMC Face & Profile Milling,2,VEN0000002,Apex Precision VMC Machinists,CNC turning and facing register bore to tolerance
4110011900,A-10442,BARREL ADAPT Ø45 - 420,,,RAW STOCK / FORGING FOR BARREL ADAPT Ø45 - 420,2,BOR,Precision CNC Line Boring (H7),2,VEN0000002,Apex Precision VMC Machinists,Line boring spigot and locating bores to H7
4110011900,A-10442,BARREL ADAPT Ø45 - 420,,,RAW STOCK / FORGING FOR BARREL ADAPT Ø45 - 420,3,DRL,CNC Pattern Drilling & Tapping (PCD),1,VEN0000002,Apex Precision VMC Machinists,PCD drilling and tapped mounting ports
4110016800,A-10409,BARREL Ø50 - 635,,,EN41B FORGED SEAMLESS CYLINDER BARREL FOR BARREL Ø50 - 635,1,GNDR,Deep Hole Gun Drilling & Trepanning,4,VEN0000002,Apex Precision VMC Machinists,Gun drill seamless forged EN41B cylinder bar to rough ID
4110016800,A-10409,BARREL Ø50 - 635,,,EN41B FORGED SEAMLESS CYLINDER BARREL FOR BARREL Ø50 - 635,2,HON,Deep Hole Diamond Honing (Ra 0.1 µm),3,VEN0000006,Sardar Cylindrical & Surface Grinding,Vertical deep-hole diamond honing to H7 tolerance
4110016800,A-10409,BARREL Ø50 - 635,,,EN41B FORGED SEAMLESS CYLINDER BARREL FOR BARREL Ø50 - 635,3,NIT,Deep Gas Nitriding & Hardening (65-68 HRC),4,VEN0000004,Gujarat Heat Treaters & Nitriding,"Deep nitriding ID surface to 68 HRC, 0.6mm case depth"
4110016800,A-10409,BARREL Ø50 - 635,,,EN41B FORGED SEAMLESS CYLINDER BARREL FOR BARREL Ø50 - 635,4,MCH,Heavy VMC Face & Profile Milling,2,VEN0000002,Apex Precision VMC Machinists,"Feed throat opening, thermocouple wells and flange threading"
4110016800,A-10409,BARREL Ø50 - 635,,,EN41B FORGED SEAMLESS CYLINDER BARREL FOR BARREL Ø50 - 635,5,HON,Deep Hole Diamond Honing (Ra 0.1 µm),2,VEN0000006,Sardar Cylindrical & Surface Grinding,Final internal mirror honing to Ra 0.1 µm
4110016900,A-10427,SCREW Ø50 - 635,,,EN41B / 38CrMoAl ALLOY STEEL ROUND BAR (GAS NITRIDING GRADE) FOR SCREW Ø50 - 635,1,MCH,Heavy VMC Face & Profile Milling,3,VEN0000002,Apex Precision VMC Machinists,"Rough turning EN41B round bar, internal cooling bore"
4110016900,A-10427,SCREW Ø50 - 635,,,EN41B / 38CrMoAl ALLOY STEEL ROUND BAR (GAS NITRIDING GRADE) FOR SCREW Ø50 - 635,2,SCRM,CNC Variable Pitch Screw Flight Whirling,4,VEN0000002,Apex Precision VMC Machinists,"CNC flight whirling compression, metering & barrier zones"
4110016900,A-10427,SCREW Ø50 - 635,,,EN41B / 38CrMoAl ALLOY STEEL ROUND BAR (GAS NITRIDING GRADE) FOR SCREW Ø50 - 635,3,NIT,Deep Gas Nitriding & Hardening (65-68 HRC),3,VEN0000004,Gujarat Heat Treaters & Nitriding,"Gas nitriding to 65-68 HRC, 0.55mm case depth"
4110016900,A-10427,SCREW Ø50 - 635,,,EN41B / 38CrMoAl ALLOY STEEL ROUND BAR (GAS NITRIDING GRADE) FOR SCREW Ø50 - 635,4,PLT,Hard Chrome Plating (25-30 Microns),2,VEN0000007,Hard Chrome Plating Corporation,Flash hard chrome plating 0.025mm for wear & chemical resistance
4110016900,A-10427,SCREW Ø50 - 635,,,EN41B / 38CrMoAl ALLOY STEEL ROUND BAR (GAS NITRIDING GRADE) FOR SCREW Ø50 - 635,5,GRD,Precision Cylindrical & Surface Grinding,2,VEN0000006,Sardar Cylindrical & Surface Grinding,Super-finish flight polish to Ra 0.2 µm
4110017000,A-10445,BARREL ADAPT Ø50 - 635,,,RAW STOCK / FORGING FOR BARREL ADAPT Ø50 - 635,1,MCH,Heavy VMC Face & Profile Milling,2,VEN0000002,Apex Precision VMC Machinists,CNC turning and facing register bore to tolerance
4110017000,A-10445,BARREL ADAPT Ø50 - 635,,,RAW STOCK / FORGING FOR BARREL ADAPT Ø50 - 635,2,BOR,Precision CNC Line Boring (H7),2,VEN0000002,Apex Precision VMC Machinists,Line boring spigot and locating bores to H7
4110017000,A-10445,BARREL ADAPT Ø50 - 635,,,RAW STOCK / FORGING FOR BARREL ADAPT Ø50 - 635,3,DRL,CNC Pattern Drilling & Tapping (PCD),1,VEN0000002,Apex Precision VMC Machinists,PCD drilling and tapped mounting ports
4110022500,A-10412,BARREL Ø60 - 905,,,EN41B FORGED SEAMLESS CYLINDER BARREL FOR BARREL Ø60 - 905,1,GNDR,Deep Hole Gun Drilling & Trepanning,4,VEN0000002,Apex Precision VMC Machinists,Gun drill seamless forged EN41B cylinder bar to rough ID
4110022500,A-10412,BARREL Ø60 - 905,,,EN41B FORGED SEAMLESS CYLINDER BARREL FOR BARREL Ø60 - 905,2,HON,Deep Hole Diamond Honing (Ra 0.1 µm),3,VEN0000006,Sardar Cylindrical & Surface Grinding,Vertical deep-hole diamond honing to H7 tolerance
4110022500,A-10412,BARREL Ø60 - 905,,,EN41B FORGED SEAMLESS CYLINDER BARREL FOR BARREL Ø60 - 905,3,NIT,Deep Gas Nitriding & Hardening (65-68 HRC),4,VEN0000004,Gujarat Heat Treaters & Nitriding,"Deep nitriding ID surface to 68 HRC, 0.6mm case depth"
4110022500,A-10412,BARREL Ø60 - 905,,,EN41B FORGED SEAMLESS CYLINDER BARREL FOR BARREL Ø60 - 905,4,MCH,Heavy VMC Face & Profile Milling,2,VEN0000002,Apex Precision VMC Machinists,"Feed throat opening, thermocouple wells and flange threading"
4110022500,A-10412,BARREL Ø60 - 905,,,EN41B FORGED SEAMLESS CYLINDER BARREL FOR BARREL Ø60 - 905,5,HON,Deep Hole Diamond Honing (Ra 0.1 µm),2,VEN0000006,Sardar Cylindrical & Surface Grinding,Final internal mirror honing to Ra 0.1 µm
4110022600,A-10430,SCREW Ø60 - 905,,,EN41B / 38CrMoAl ALLOY STEEL ROUND BAR (GAS NITRIDING GRADE) FOR SCREW Ø60 - 905,1,MCH,Heavy VMC Face & Profile Milling,3,VEN0000002,Apex Precision VMC Machinists,"Rough turning EN41B round bar, internal cooling bore"
4110022600,A-10430,SCREW Ø60 - 905,,,EN41B / 38CrMoAl ALLOY STEEL ROUND BAR (GAS NITRIDING GRADE) FOR SCREW Ø60 - 905,2,SCRM,CNC Variable Pitch Screw Flight Whirling,4,VEN0000002,Apex Precision VMC Machinists,"CNC flight whirling compression, metering & barrier zones"
4110022600,A-10430,SCREW Ø60 - 905,,,EN41B / 38CrMoAl ALLOY STEEL ROUND BAR (GAS NITRIDING GRADE) FOR SCREW Ø60 - 905,3,NIT,Deep Gas Nitriding & Hardening (65-68 HRC),3,VEN0000004,Gujarat Heat Treaters & Nitriding,"Gas nitriding to 65-68 HRC, 0.55mm case depth"
4110022600,A-10430,SCREW Ø60 - 905,,,EN41B / 38CrMoAl ALLOY STEEL ROUND BAR (GAS NITRIDING GRADE) FOR SCREW Ø60 - 905,4,PLT,Hard Chrome Plating (25-30 Microns),2,VEN0000007,Hard Chrome Plating Corporation,Flash hard chrome plating 0.025mm for wear & chemical resistance
4110022600,A-10430,SCREW Ø60 - 905,,,EN41B / 38CrMoAl ALLOY STEEL ROUND BAR (GAS NITRIDING GRADE) FOR SCREW Ø60 - 905,5,GRD,Precision Cylindrical & Surface Grinding,2,VEN0000006,Sardar Cylindrical & Surface Grinding,Super-finish flight polish to Ra 0.2 µm
4110022700,A-10448,BARREL ADAPT Ø60 - 905,,,RAW STOCK / FORGING FOR BARREL ADAPT Ø60 - 905,1,MCH,Heavy VMC Face & Profile Milling,2,VEN0000002,Apex Precision VMC Machinists,CNC turning and facing register bore to tolerance
4110022700,A-10448,BARREL ADAPT Ø60 - 905,,,RAW STOCK / FORGING FOR BARREL ADAPT Ø60 - 905,2,BOR,Precision CNC Line Boring (H7),2,VEN0000002,Apex Precision VMC Machinists,Line boring spigot and locating bores to H7
4110022700,A-10448,BARREL ADAPT Ø60 - 905,,,RAW STOCK / FORGING FOR BARREL ADAPT Ø60 - 905,3,DRL,CNC Pattern Drilling & Tapping (PCD),1,VEN0000002,Apex Precision VMC Machinists,PCD drilling and tapped mounting ports
4110027500,A-10415,BARREL Ø70 - 1520,,,EN41B FORGED SEAMLESS CYLINDER BARREL FOR BARREL Ø70 - 1520,1,GNDR,Deep Hole Gun Drilling & Trepanning,4,VEN0000002,Apex Precision VMC Machinists,Gun drill seamless forged EN41B cylinder bar to rough ID
4110027500,A-10415,BARREL Ø70 - 1520,,,EN41B FORGED SEAMLESS CYLINDER BARREL FOR BARREL Ø70 - 1520,2,HON,Deep Hole Diamond Honing (Ra 0.1 µm),3,VEN0000006,Sardar Cylindrical & Surface Grinding,Vertical deep-hole diamond honing to H7 tolerance
4110027500,A-10415,BARREL Ø70 - 1520,,,EN41B FORGED SEAMLESS CYLINDER BARREL FOR BARREL Ø70 - 1520,3,NIT,Deep Gas Nitriding & Hardening (65-68 HRC),4,VEN0000004,Gujarat Heat Treaters & Nitriding,"Deep nitriding ID surface to 68 HRC, 0.6mm case depth"
4110027500,A-10415,BARREL Ø70 - 1520,,,EN41B FORGED SEAMLESS CYLINDER BARREL FOR BARREL Ø70 - 1520,4,MCH,Heavy VMC Face & Profile Milling,2,VEN0000002,Apex Precision VMC Machinists,"Feed throat opening, thermocouple wells and flange threading"
4110027500,A-10415,BARREL Ø70 - 1520,,,EN41B FORGED SEAMLESS CYLINDER BARREL FOR BARREL Ø70 - 1520,5,HON,Deep Hole Diamond Honing (Ra 0.1 µm),2,VEN0000006,Sardar Cylindrical & Surface Grinding,Final internal mirror honing to Ra 0.1 µm
4110027600,A-10433,SCREW Ø70 - 1520,,,EN41B / 38CrMoAl ALLOY STEEL ROUND BAR (GAS NITRIDING GRADE) FOR SCREW Ø70 - 1520,1,MCH,Heavy VMC Face & Profile Milling,3,VEN0000002,Apex Precision VMC Machinists,"Rough turning EN41B round bar, internal cooling bore"
4110027600,A-10433,SCREW Ø70 - 1520,,,EN41B / 38CrMoAl ALLOY STEEL ROUND BAR (GAS NITRIDING GRADE) FOR SCREW Ø70 - 1520,2,SCRM,CNC Variable Pitch Screw Flight Whirling,4,VEN0000002,Apex Precision VMC Machinists,"CNC flight whirling compression, metering & barrier zones"
4110027600,A-10433,SCREW Ø70 - 1520,,,EN41B / 38CrMoAl ALLOY STEEL ROUND BAR (GAS NITRIDING GRADE) FOR SCREW Ø70 - 1520,3,NIT,Deep Gas Nitriding & Hardening (65-68 HRC),3,VEN0000004,Gujarat Heat Treaters & Nitriding,"Gas nitriding to 65-68 HRC, 0.55mm case depth"
4110027600,A-10433,SCREW Ø70 - 1520,,,EN41B / 38CrMoAl ALLOY STEEL ROUND BAR (GAS NITRIDING GRADE) FOR SCREW Ø70 - 1520,4,PLT,Hard Chrome Plating (25-30 Microns),2,VEN0000007,Hard Chrome Plating Corporation,Flash hard chrome plating 0.025mm for wear & chemical resistance
4110027600,A-10433,SCREW Ø70 - 1520,,,EN41B / 38CrMoAl ALLOY STEEL ROUND BAR (GAS NITRIDING GRADE) FOR SCREW Ø70 - 1520,5,GRD,Precision Cylindrical & Surface Grinding,2,VEN0000006,Sardar Cylindrical & Surface Grinding,Super-finish flight polish to Ra 0.2 µm
4110027700,A-10451,BARREL ADAPT Ø70 - 1520,,,RAW STOCK / FORGING FOR BARREL ADAPT Ø70 - 1520,1,MCH,Heavy VMC Face & Profile Milling,2,VEN0000002,Apex Precision VMC Machinists,CNC turning and facing register bore to tolerance
4110027700,A-10451,BARREL ADAPT Ø70 - 1520,,,RAW STOCK / FORGING FOR BARREL ADAPT Ø70 - 1520,2,BOR,Precision CNC Line Boring (H7),2,VEN0000002,Apex Precision VMC Machinists,Line boring spigot and locating bores to H7
4110027700,A-10451,BARREL ADAPT Ø70 - 1520,,,RAW STOCK / FORGING FOR BARREL ADAPT Ø70 - 1520,3,DRL,CNC Pattern Drilling & Tapping (PCD),1,VEN0000002,Apex Precision VMC Machinists,PCD drilling and tapped mounting ports
4110030500,A-10418,BARREL Ø80 - 2350,,,EN41B FORGED SEAMLESS CYLINDER BARREL FOR BARREL Ø80 - 2350,1,GNDR,Deep Hole Gun Drilling & Trepanning,4,VEN0000002,Apex Precision VMC Machinists,Gun drill seamless forged EN41B cylinder bar to rough ID
4110030500,A-10418,BARREL Ø80 - 2350,,,EN41B FORGED SEAMLESS CYLINDER BARREL FOR BARREL Ø80 - 2350,2,HON,Deep Hole Diamond Honing (Ra 0.1 µm),3,VEN0000006,Sardar Cylindrical & Surface Grinding,Vertical deep-hole diamond honing to H7 tolerance
4110030500,A-10418,BARREL Ø80 - 2350,,,EN41B FORGED SEAMLESS CYLINDER BARREL FOR BARREL Ø80 - 2350,3,NIT,Deep Gas Nitriding & Hardening (65-68 HRC),4,VEN0000004,Gujarat Heat Treaters & Nitriding,"Deep nitriding ID surface to 68 HRC, 0.6mm case depth"
4110030500,A-10418,BARREL Ø80 - 2350,,,EN41B FORGED SEAMLESS CYLINDER BARREL FOR BARREL Ø80 - 2350,4,MCH,Heavy VMC Face & Profile Milling,2,VEN0000002,Apex Precision VMC Machinists,"Feed throat opening, thermocouple wells and flange threading"
4110030500,A-10418,BARREL Ø80 - 2350,,,EN41B FORGED SEAMLESS CYLINDER BARREL FOR BARREL Ø80 - 2350,5,HON,Deep Hole Diamond Honing (Ra 0.1 µm),2,VEN0000006,Sardar Cylindrical & Surface Grinding,Final internal mirror honing to Ra 0.1 µm
4110030600,A-10436,SCREW Ø80 - 2350,,,EN41B / 38CrMoAl ALLOY STEEL ROUND BAR (GAS NITRIDING GRADE) FOR SCREW Ø80 - 2350,1,MCH,Heavy VMC Face & Profile Milling,3,VEN0000002,Apex Precision VMC Machinists,"Rough turning EN41B round bar, internal cooling bore"
4110030600,A-10436,SCREW Ø80 - 2350,,,EN41B / 38CrMoAl ALLOY STEEL ROUND BAR (GAS NITRIDING GRADE) FOR SCREW Ø80 - 2350,2,SCRM,CNC Variable Pitch Screw Flight Whirling,4,VEN0000002,Apex Precision VMC Machinists,"CNC flight whirling compression, metering & barrier zones"
4110030600,A-10436,SCREW Ø80 - 2350,,,EN41B / 38CrMoAl ALLOY STEEL ROUND BAR (GAS NITRIDING GRADE) FOR SCREW Ø80 - 2350,3,NIT,Deep Gas Nitriding & Hardening (65-68 HRC),3,VEN0000004,Gujarat Heat Treaters & Nitriding,"Gas nitriding to 65-68 HRC, 0.55mm case depth"
4110030600,A-10436,SCREW Ø80 - 2350,,,EN41B / 38CrMoAl ALLOY STEEL ROUND BAR (GAS NITRIDING GRADE) FOR SCREW Ø80 - 2350,4,PLT,Hard Chrome Plating (25-30 Microns),2,VEN0000007,Hard Chrome Plating Corporation,Flash hard chrome plating 0.025mm for wear & chemical resistance
4110030600,A-10436,SCREW Ø80 - 2350,,,EN41B / 38CrMoAl ALLOY STEEL ROUND BAR (GAS NITRIDING GRADE) FOR SCREW Ø80 - 2350,5,GRD,Precision Cylindrical & Surface Grinding,2,VEN0000006,Sardar Cylindrical & Surface Grinding,Super-finish flight polish to Ra 0.2 µm
4110030700,A-10454,BARREL ADAPT Ø80 - 2350,,,RAW STOCK / FORGING FOR BARREL ADAPT Ø80 - 2350,1,MCH,Heavy VMC Face & Profile Milling,2,VEN0000002,Apex Precision VMC Machinists,CNC turning and facing register bore to tolerance
4110030700,A-10454,BARREL ADAPT Ø80 - 2350,,,RAW STOCK / FORGING FOR BARREL ADAPT Ø80 - 2350,2,BOR,Precision CNC Line Boring (H7),2,VEN0000002,Apex Precision VMC Machinists,Line boring spigot and locating bores to H7
4110030700,A-10454,BARREL ADAPT Ø80 - 2350,,,RAW STOCK / FORGING FOR BARREL ADAPT Ø80 - 2350,3,DRL,CNC Pattern Drilling & Tapping (PCD),1,VEN0000002,Apex Precision VMC Machinists,PCD drilling and tapped mounting ports
4110030800,A-10462,SCREW TIP - 80,,,RAW STOCK / FORGING FOR SCREW TIP - 80,1,MCH,Heavy VMC Face & Profile Milling,2,VEN0000002,Apex Precision VMC Machinists,CNC turning and facing register bore to tolerance
4110030800,A-10462,SCREW TIP - 80,,,RAW STOCK / FORGING FOR SCREW TIP - 80,2,BOR,Precision CNC Line Boring (H7),2,VEN0000002,Apex Precision VMC Machinists,Line boring spigot and locating bores to H7
4110030800,A-10462,SCREW TIP - 80,,,RAW STOCK / FORGING FOR SCREW TIP - 80,3,DRL,CNC Pattern Drilling & Tapping (PCD),1,VEN0000002,Apex Precision VMC Machinists,PCD drilling and tapped mounting ports
4110030900,A-10471,SLIDER - 80,,,RAW STOCK / FORGING FOR SLIDER - 80,1,MCH,Heavy VMC Face & Profile Milling,2,VEN0000002,Apex Precision VMC Machinists,CNC turning and facing register bore to tolerance
4110030900,A-10471,SLIDER - 80,,,RAW STOCK / FORGING FOR SLIDER - 80,2,BOR,Precision CNC Line Boring (H7),2,VEN0000002,Apex Precision VMC Machinists,Line boring spigot and locating bores to H7
4110030900,A-10471,SLIDER - 80,,,RAW STOCK / FORGING FOR SLIDER - 80,3,DRL,CNC Pattern Drilling & Tapping (PCD),1,VEN0000002,Apex Precision VMC Machinists,PCD drilling and tapped mounting ports
4110031000,A-10479,SLIDER SEAT - 80,,,RAW STOCK / FORGING FOR SLIDER SEAT - 80,1,MCH,Heavy VMC Face & Profile Milling,2,VEN0000002,Apex Precision VMC Machinists,CNC turning and facing register bore to tolerance
4110031000,A-10479,SLIDER SEAT - 80,,,RAW STOCK / FORGING FOR SLIDER SEAT - 80,2,BOR,Precision CNC Line Boring (H7),2,VEN0000002,Apex Precision VMC Machinists,Line boring spigot and locating bores to H7
4110031000,A-10479,SLIDER SEAT - 80,,,RAW STOCK / FORGING FOR SLIDER SEAT - 80,3,DRL,CNC Pattern Drilling & Tapping (PCD),1,VEN0000002,Apex Precision VMC Machinists,PCD drilling and tapped mounting ports
