Finished Part Code,Finished Old Code,Finished Item Name,Raw Casting Part Code,Raw Casting Old Code,Raw Casting Name,Step No,Process Short Code,Process Name,Estimated Days,Vendors,Vendor Names,Remarks
4120004600,A-10352,INJECTION MANIFOLD - NG10,,,RAW FORGING / BAR STOCK FOR INJECTION MANIFOLD - NG10,1,MCH,Heavy VMC Face & Profile Milling,2,VEN0000002,Apex Precision VMC Machinists,Precision CNC 4-axis profile milling and contour machining as per drawing
4120004600,A-10352,INJECTION MANIFOLD - NG10,,,RAW FORGING / BAR STOCK FOR INJECTION MANIFOLD - NG10,2,DRL,CNC Pattern Drilling & Tapping (PCD),1,VEN0000002,Apex Precision VMC Machinists,CNC pattern drilling and precision thread tapping
4120004600,A-10352,INJECTION MANIFOLD - NG10,,,RAW FORGING / BAR STOCK FOR INJECTION MANIFOLD - NG10,3,GRD,Precision Cylindrical & Surface Grinding,1,VEN0000006,Sardar Cylindrical & Surface Grinding,Finish surface grinding to specified Ra value and de-burring
4120004700,A-11197,LOCKING MANIFOLD NG10-NG6-NG6,,,RAW FORGING / BAR STOCK FOR LOCKING MANIFOLD NG10-NG6-NG6,1,MCH,Heavy VMC Face & Profile Milling,2,VEN0000002,Apex Precision VMC Machinists,Precision CNC 4-axis profile milling and contour machining as per drawing
4120004700,A-11197,LOCKING MANIFOLD NG10-NG6-NG6,,,RAW FORGING / BAR STOCK FOR LOCKING MANIFOLD NG10-NG6-NG6,2,DRL,CNC Pattern Drilling & Tapping (PCD),1,VEN0000002,Apex Precision VMC Machinists,CNC pattern drilling and precision thread tapping
4120004700,A-11197,LOCKING MANIFOLD NG10-NG6-NG6,,,RAW FORGING / BAR STOCK FOR LOCKING MANIFOLD NG10-NG6-NG6,3,GRD,Precision Cylindrical & Surface Grinding,1,VEN0000006,Sardar Cylindrical & Surface Grinding,Finish surface grinding to specified Ra value and de-burring
4120004800,A-10355,EJECTOR MANIFOLD NG6,,,RAW FORGING / BAR STOCK FOR EJECTOR MANIFOLD NG6,1,MCH,Heavy VMC Face & Profile Milling,2,VEN0000002,Apex Precision VMC Machinists,Precision CNC 4-axis profile milling and contour machining as per drawing
4120004800,A-10355,EJECTOR MANIFOLD NG6,,,RAW FORGING / BAR STOCK FOR EJECTOR MANIFOLD NG6,2,DRL,CNC Pattern Drilling & Tapping (PCD),1,VEN0000002,Apex Precision VMC Machinists,CNC pattern drilling and precision thread tapping
4120004800,A-10355,EJECTOR MANIFOLD NG6,,,RAW FORGING / BAR STOCK FOR EJECTOR MANIFOLD NG6,3,GRD,Precision Cylindrical & Surface Grinding,1,VEN0000006,Sardar Cylindrical & Surface Grinding,Finish surface grinding to specified Ra value and de-burring
4120004900,A-10351,PRESSURE MANIFOLD BG06,,,RAW FORGING / BAR STOCK FOR PRESSURE MANIFOLD BG06,1,MCH,Heavy VMC Face & Profile Milling,2,VEN0000002,Apex Precision VMC Machinists,Precision CNC 4-axis profile milling and contour machining as per drawing
4120004900,A-10351,PRESSURE MANIFOLD BG06,,,RAW FORGING / BAR STOCK FOR PRESSURE MANIFOLD BG06,2,DRL,CNC Pattern Drilling & Tapping (PCD),1,VEN0000002,Apex Precision VMC Machinists,CNC pattern drilling and precision thread tapping
4120004900,A-10351,PRESSURE MANIFOLD BG06,,,RAW FORGING / BAR STOCK FOR PRESSURE MANIFOLD BG06,3,GRD,Precision Cylindrical & Surface Grinding,1,VEN0000006,Sardar Cylindrical & Surface Grinding,Finish surface grinding to specified Ra value and de-burring
4120005000,A-10795,EJECTOR ROD - 90 TON,,,RAW FORGING / BAR STOCK FOR EJECTOR ROD - 90 TON,1,MCH,Heavy VMC Face & Profile Milling,2,VEN0000002,Apex Precision VMC Machinists,Precision CNC 4-axis profile milling and contour machining as per drawing
4120005000,A-10795,EJECTOR ROD - 90 TON,,,RAW FORGING / BAR STOCK FOR EJECTOR ROD - 90 TON,2,DRL,CNC Pattern Drilling & Tapping (PCD),1,VEN0000002,Apex Precision VMC Machinists,CNC pattern drilling and precision thread tapping
4120005000,A-10795,EJECTOR ROD - 90 TON,,,RAW FORGING / BAR STOCK FOR EJECTOR ROD - 90 TON,3,GRD,Precision Cylindrical & Surface Grinding,1,VEN0000006,Sardar Cylindrical & Surface Grinding,Finish surface grinding to specified Ra value and de-burring
4120005100,A-10118,NOZZLE CYLINDER EXTENSION ROD 90-280,,,RAW FORGING / BAR STOCK FOR NOZZLE CYLINDER EXTENSION ROD 90-280,1,MCH,Heavy VMC Face & Profile Milling,2,VEN0000002,Apex Precision VMC Machinists,Precision CNC 4-axis profile milling and contour machining as per drawing
4120005100,A-10118,NOZZLE CYLINDER EXTENSION ROD 90-280,,,RAW FORGING / BAR STOCK FOR NOZZLE CYLINDER EXTENSION ROD 90-280,2,DRL,CNC Pattern Drilling & Tapping (PCD),1,VEN0000002,Apex Precision VMC Machinists,CNC pattern drilling and precision thread tapping
4120005100,A-10118,NOZZLE CYLINDER EXTENSION ROD 90-280,,,RAW FORGING / BAR STOCK FOR NOZZLE CYLINDER EXTENSION ROD 90-280,3,GRD,Precision Cylindrical & Surface Grinding,1,VEN0000006,Sardar Cylindrical & Surface Grinding,Finish surface grinding to specified Ra value and de-burring
4120005200,A-10115,NOZZLE CYLINDER EXTENSION ROD MTG,,,RAW FORGING / BAR STOCK FOR NOZZLE CYLINDER EXTENSION ROD MTG,1,MCH,Heavy VMC Face & Profile Milling,2,VEN0000002,Apex Precision VMC Machinists,Precision CNC 4-axis profile milling and contour machining as per drawing
4120005200,A-10115,NOZZLE CYLINDER EXTENSION ROD MTG,,,RAW FORGING / BAR STOCK FOR NOZZLE CYLINDER EXTENSION ROD MTG,2,DRL,CNC Pattern Drilling & Tapping (PCD),1,VEN0000002,Apex Precision VMC Machinists,CNC pattern drilling and precision thread tapping
4120005200,A-10115,NOZZLE CYLINDER EXTENSION ROD MTG,,,RAW FORGING / BAR STOCK FOR NOZZLE CYLINDER EXTENSION ROD MTG,3,GRD,Precision Cylindrical & Surface Grinding,1,VEN0000006,Sardar Cylindrical & Surface Grinding,Finish surface grinding to specified Ra value and de-burring
4120005300,A-10116,NOZZLE CYLINDER EXTENSION ROD MTG BUSH,,,RAW FORGING / BAR STOCK FOR NOZZLE CYLINDER EXTENSION ROD MTG BUSH,1,MCH,Heavy VMC Face & Profile Milling,2,VEN0000002,Apex Precision VMC Machinists,Precision CNC 4-axis profile milling and contour machining as per drawing
4120005300,A-10116,NOZZLE CYLINDER EXTENSION ROD MTG BUSH,,,RAW FORGING / BAR STOCK FOR NOZZLE CYLINDER EXTENSION ROD MTG BUSH,2,DRL,CNC Pattern Drilling & Tapping (PCD),1,VEN0000002,Apex Precision VMC Machinists,CNC pattern drilling and precision thread tapping
4120005300,A-10116,NOZZLE CYLINDER EXTENSION ROD MTG BUSH,,,RAW FORGING / BAR STOCK FOR NOZZLE CYLINDER EXTENSION ROD MTG BUSH,3,GRD,Precision Cylindrical & Surface Grinding,1,VEN0000006,Sardar Cylindrical & Surface Grinding,Finish surface grinding to specified Ra value and de-burring
4120005400,A-10348,NOZZLE CYLINDER STOP LIMIT SWITCH OPERATING PIN,,,RAW FORGING / BAR STOCK FOR NOZZLE CYLINDER STOP LIMIT SWITCH OPERATING PIN,1,MCH,Heavy VMC Face & Profile Milling,2,VEN0000002,Apex Precision VMC Machinists,Precision CNC 4-axis profile milling and contour machining as per drawing
4120005400,A-10348,NOZZLE CYLINDER STOP LIMIT SWITCH OPERATING PIN,,,RAW FORGING / BAR STOCK FOR NOZZLE CYLINDER STOP LIMIT SWITCH OPERATING PIN,2,DRL,CNC Pattern Drilling & Tapping (PCD),1,VEN0000002,Apex Precision VMC Machinists,CNC pattern drilling and precision thread tapping
4120005400,A-10348,NOZZLE CYLINDER STOP LIMIT SWITCH OPERATING PIN,,,RAW FORGING / BAR STOCK FOR NOZZLE CYLINDER STOP LIMIT SWITCH OPERATING PIN,3,GRD,Precision Cylindrical & Surface Grinding,1,VEN0000006,Sardar Cylindrical & Surface Grinding,Finish surface grinding to specified Ra value and de-burring
4120005500,A-10349,NOZZLE CYLINDER STOP SLIDER,,,RAW FORGING / BAR STOCK FOR NOZZLE CYLINDER STOP SLIDER,1,MCH,Heavy VMC Face & Profile Milling,2,VEN0000002,Apex Precision VMC Machinists,Precision CNC 4-axis profile milling and contour machining as per drawing
4120005500,A-10349,NOZZLE CYLINDER STOP SLIDER,,,RAW FORGING / BAR STOCK FOR NOZZLE CYLINDER STOP SLIDER,2,DRL,CNC Pattern Drilling & Tapping (PCD),1,VEN0000002,Apex Precision VMC Machinists,CNC pattern drilling and precision thread tapping
4120005500,A-10349,NOZZLE CYLINDER STOP SLIDER,,,RAW FORGING / BAR STOCK FOR NOZZLE CYLINDER STOP SLIDER,3,GRD,Precision Cylindrical & Surface Grinding,1,VEN0000006,Sardar Cylindrical & Surface Grinding,Finish surface grinding to specified Ra value and de-burring
4120005600,A-12014,INJECTION UNIT SETTING BLOCK,,,RAW FORGING / BAR STOCK FOR INJECTION UNIT SETTING BLOCK,1,MCH,Heavy VMC Face & Profile Milling,2,VEN0000002,Apex Precision VMC Machinists,Precision CNC 4-axis profile milling and contour machining as per drawing
4120005600,A-12014,INJECTION UNIT SETTING BLOCK,,,RAW FORGING / BAR STOCK FOR INJECTION UNIT SETTING BLOCK,2,DRL,CNC Pattern Drilling & Tapping (PCD),1,VEN0000002,Apex Precision VMC Machinists,CNC pattern drilling and precision thread tapping
4120005600,A-12014,INJECTION UNIT SETTING BLOCK,,,RAW FORGING / BAR STOCK FOR INJECTION UNIT SETTING BLOCK,3,GRD,Precision Cylindrical & Surface Grinding,1,VEN0000006,Sardar Cylindrical & Surface Grinding,Finish surface grinding to specified Ra value and de-burring
4120005700,A-10011,INJECTION FRAME MTG BOLT M27 X 35LG,,,RAW FORGING / BAR STOCK FOR INJECTION FRAME MTG BOLT M27 X 35LG,1,MCH,Heavy VMC Face & Profile Milling,2,VEN0000002,Apex Precision VMC Machinists,Precision CNC 4-axis profile milling and contour machining as per drawing
4120005700,A-10011,INJECTION FRAME MTG BOLT M27 X 35LG,,,RAW FORGING / BAR STOCK FOR INJECTION FRAME MTG BOLT M27 X 35LG,2,DRL,CNC Pattern Drilling & Tapping (PCD),1,VEN0000002,Apex Precision VMC Machinists,CNC pattern drilling and precision thread tapping
4120005700,A-10011,INJECTION FRAME MTG BOLT M27 X 35LG,,,RAW FORGING / BAR STOCK FOR INJECTION FRAME MTG BOLT M27 X 35LG,3,GRD,Precision Cylindrical & Surface Grinding,1,VEN0000006,Sardar Cylindrical & Surface Grinding,Finish surface grinding to specified Ra value and de-burring
4120005800,A-10588,INJECTION GUARD MTG STUD,,,RAW FORGING / BAR STOCK FOR INJECTION GUARD MTG STUD,1,MCH,Heavy VMC Face & Profile Milling,2,VEN0000002,Apex Precision VMC Machinists,Precision CNC 4-axis profile milling and contour machining as per drawing
4120005800,A-10588,INJECTION GUARD MTG STUD,,,RAW FORGING / BAR STOCK FOR INJECTION GUARD MTG STUD,2,DRL,CNC Pattern Drilling & Tapping (PCD),1,VEN0000002,Apex Precision VMC Machinists,CNC pattern drilling and precision thread tapping
4120005800,A-10588,INJECTION GUARD MTG STUD,,,RAW FORGING / BAR STOCK FOR INJECTION GUARD MTG STUD,3,GRD,Precision Cylindrical & Surface Grinding,1,VEN0000006,Sardar Cylindrical & Surface Grinding,Finish surface grinding to specified Ra value and de-burring
4120005900,A-10800,CROSS HEAD LIMIT SWITCH OPERATING PIN-90,,,RAW FORGING / BAR STOCK FOR CROSS HEAD LIMIT SWITCH OPERATING PIN-90,1,MCH,Heavy VMC Face & Profile Milling,2,VEN0000002,Apex Precision VMC Machinists,Precision CNC 4-axis profile milling and contour machining as per drawing
4120005900,A-10800,CROSS HEAD LIMIT SWITCH OPERATING PIN-90,,,RAW FORGING / BAR STOCK FOR CROSS HEAD LIMIT SWITCH OPERATING PIN-90,2,DRL,CNC Pattern Drilling & Tapping (PCD),1,VEN0000002,Apex Precision VMC Machinists,CNC pattern drilling and precision thread tapping
4120005900,A-10800,CROSS HEAD LIMIT SWITCH OPERATING PIN-90,,,RAW FORGING / BAR STOCK FOR CROSS HEAD LIMIT SWITCH OPERATING PIN-90,3,GRD,Precision Cylindrical & Surface Grinding,1,VEN0000006,Sardar Cylindrical & Surface Grinding,Finish surface grinding to specified Ra value and de-burring
4120006000,A-10350,MOLD HEIGHT STOP LIMIT SWITCH OPERATING PIN-90 TON,,,RAW FORGING / BAR STOCK FOR MOLD HEIGHT STOP LIMIT SWITCH OPERATING PIN-90 TON,1,MCH,Heavy VMC Face & Profile Milling,2,VEN0000002,Apex Precision VMC Machinists,Precision CNC 4-axis profile milling and contour machining as per drawing
4120006000,A-10350,MOLD HEIGHT STOP LIMIT SWITCH OPERATING PIN-90 TON,,,RAW FORGING / BAR STOCK FOR MOLD HEIGHT STOP LIMIT SWITCH OPERATING PIN-90 TON,2,DRL,CNC Pattern Drilling & Tapping (PCD),1,VEN0000002,Apex Precision VMC Machinists,CNC pattern drilling and precision thread tapping
4120006000,A-10350,MOLD HEIGHT STOP LIMIT SWITCH OPERATING PIN-90 TON,,,RAW FORGING / BAR STOCK FOR MOLD HEIGHT STOP LIMIT SWITCH OPERATING PIN-90 TON,3,GRD,Precision Cylindrical & Surface Grinding,1,VEN0000006,Sardar Cylindrical & Surface Grinding,Finish surface grinding to specified Ra value and de-burring
4120006100,A-10385,INJECTION MANIFOLD MTG PLATE - 280,,,RAW FORGING / BAR STOCK FOR INJECTION MANIFOLD MTG PLATE - 280,1,MCH,Heavy VMC Face & Profile Milling,2,VEN0000002,Apex Precision VMC Machinists,Precision CNC 4-axis profile milling and contour machining as per drawing
4120006100,A-10385,INJECTION MANIFOLD MTG PLATE - 280,,,RAW FORGING / BAR STOCK FOR INJECTION MANIFOLD MTG PLATE - 280,2,DRL,CNC Pattern Drilling & Tapping (PCD),1,VEN0000002,Apex Precision VMC Machinists,CNC pattern drilling and precision thread tapping
4120006100,A-10385,INJECTION MANIFOLD MTG PLATE - 280,,,RAW FORGING / BAR STOCK FOR INJECTION MANIFOLD MTG PLATE - 280,3,GRD,Precision Cylindrical & Surface Grinding,1,VEN0000006,Sardar Cylindrical & Surface Grinding,Finish surface grinding to specified Ra value and de-burring
4120006200,A-10386,INJECTION MANIFOLD MTG STRIP - 280,,,RAW FORGING / BAR STOCK FOR INJECTION MANIFOLD MTG STRIP - 280,1,MCH,Heavy VMC Face & Profile Milling,2,VEN0000002,Apex Precision VMC Machinists,Precision CNC 4-axis profile milling and contour machining as per drawing
4120006200,A-10386,INJECTION MANIFOLD MTG STRIP - 280,,,RAW FORGING / BAR STOCK FOR INJECTION MANIFOLD MTG STRIP - 280,2,DRL,CNC Pattern Drilling & Tapping (PCD),1,VEN0000002,Apex Precision VMC Machinists,CNC pattern drilling and precision thread tapping
4120006200,A-10386,INJECTION MANIFOLD MTG STRIP - 280,,,RAW FORGING / BAR STOCK FOR INJECTION MANIFOLD MTG STRIP - 280,3,GRD,Precision Cylindrical & Surface Grinding,1,VEN0000006,Sardar Cylindrical & Surface Grinding,Finish surface grinding to specified Ra value and de-burring
4120006300,A-12035,GREASE PUMP MOUNTING PLATE,,,RAW FORGING / BAR STOCK FOR GREASE PUMP MOUNTING PLATE,1,MCH,Heavy VMC Face & Profile Milling,2,VEN0000002,Apex Precision VMC Machinists,Precision CNC 4-axis profile milling and contour machining as per drawing
4120006300,A-12035,GREASE PUMP MOUNTING PLATE,,,RAW FORGING / BAR STOCK FOR GREASE PUMP MOUNTING PLATE,2,DRL,CNC Pattern Drilling & Tapping (PCD),1,VEN0000002,Apex Precision VMC Machinists,CNC pattern drilling and precision thread tapping
4120006300,A-12035,GREASE PUMP MOUNTING PLATE,,,RAW FORGING / BAR STOCK FOR GREASE PUMP MOUNTING PLATE,3,GRD,Precision Cylindrical & Surface Grinding,1,VEN0000006,Sardar Cylindrical & Surface Grinding,Finish surface grinding to specified Ra value and de-burring
3130800100,A-10705,JUNCTION BOX COVER,,,RAW FORGING / BAR STOCK FOR JUNCTION BOX COVER,1,MCH,Heavy VMC Face & Profile Milling,2,VEN0000002,Apex Precision VMC Machinists,Precision CNC 4-axis profile milling and contour machining as per drawing
3130800100,A-10705,JUNCTION BOX COVER,,,RAW FORGING / BAR STOCK FOR JUNCTION BOX COVER,2,DRL,CNC Pattern Drilling & Tapping (PCD),1,VEN0000002,Apex Precision VMC Machinists,CNC pattern drilling and precision thread tapping
3130800100,A-10705,JUNCTION BOX COVER,,,RAW FORGING / BAR STOCK FOR JUNCTION BOX COVER,3,GRD,Precision Cylindrical & Surface Grinding,1,VEN0000006,Sardar Cylindrical & Surface Grinding,Finish surface grinding to specified Ra value and de-burring
3130800200,A-10706,PLC BOX COVER,,,RAW FORGING / BAR STOCK FOR PLC BOX COVER,1,MCH,Heavy VMC Face & Profile Milling,2,VEN0000002,Apex Precision VMC Machinists,Precision CNC 4-axis profile milling and contour machining as per drawing
3130800200,A-10706,PLC BOX COVER,,,RAW FORGING / BAR STOCK FOR PLC BOX COVER,2,DRL,CNC Pattern Drilling & Tapping (PCD),1,VEN0000002,Apex Precision VMC Machinists,CNC pattern drilling and precision thread tapping
3130800200,A-10706,PLC BOX COVER,,,RAW FORGING / BAR STOCK FOR PLC BOX COVER,3,GRD,Precision Cylindrical & Surface Grinding,1,VEN0000006,Sardar Cylindrical & Surface Grinding,Finish surface grinding to specified Ra value and de-burring
3130800300,A-10707,HEATER WIRE JUNCTION BOX COVER,,,RAW FORGING / BAR STOCK FOR HEATER WIRE JUNCTION BOX COVER,1,MCH,Heavy VMC Face & Profile Milling,2,VEN0000002,Apex Precision VMC Machinists,Precision CNC 4-axis profile milling and contour machining as per drawing
3130800300,A-10707,HEATER WIRE JUNCTION BOX COVER,,,RAW FORGING / BAR STOCK FOR HEATER WIRE JUNCTION BOX COVER,2,DRL,CNC Pattern Drilling & Tapping (PCD),1,VEN0000002,Apex Precision VMC Machinists,CNC pattern drilling and precision thread tapping
3130800300,A-10707,HEATER WIRE JUNCTION BOX COVER,,,RAW FORGING / BAR STOCK FOR HEATER WIRE JUNCTION BOX COVER,3,GRD,Precision Cylindrical & Surface Grinding,1,VEN0000006,Sardar Cylindrical & Surface Grinding,Finish surface grinding to specified Ra value and de-burring
3131100100,A-10585,PLC BOX  MTG TOP BRACKET,,,RAW FORGING / BAR STOCK FOR PLC BOX  MTG TOP BRACKET,1,MCH,Heavy VMC Face & Profile Milling,2,VEN0000002,Apex Precision VMC Machinists,Precision CNC 4-axis profile milling and contour machining as per drawing
3131100100,A-10585,PLC BOX  MTG TOP BRACKET,,,RAW FORGING / BAR STOCK FOR PLC BOX  MTG TOP BRACKET,2,DRL,CNC Pattern Drilling & Tapping (PCD),1,VEN0000002,Apex Precision VMC Machinists,CNC pattern drilling and precision thread tapping
3131100100,A-10585,PLC BOX  MTG TOP BRACKET,,,RAW FORGING / BAR STOCK FOR PLC BOX  MTG TOP BRACKET,3,GRD,Precision Cylindrical & Surface Grinding,1,VEN0000006,Sardar Cylindrical & Surface Grinding,Finish surface grinding to specified Ra value and de-burring
3131100200,A-10586,PLC BOX MTG BOTTOM BRACKET,,,RAW FORGING / BAR STOCK FOR PLC BOX MTG BOTTOM BRACKET,1,MCH,Heavy VMC Face & Profile Milling,2,VEN0000002,Apex Precision VMC Machinists,Precision CNC 4-axis profile milling and contour machining as per drawing
3131100200,A-10586,PLC BOX MTG BOTTOM BRACKET,,,RAW FORGING / BAR STOCK FOR PLC BOX MTG BOTTOM BRACKET,2,DRL,CNC Pattern Drilling & Tapping (PCD),1,VEN0000002,Apex Precision VMC Machinists,CNC pattern drilling and precision thread tapping
3131100200,A-10586,PLC BOX MTG BOTTOM BRACKET,,,RAW FORGING / BAR STOCK FOR PLC BOX MTG BOTTOM BRACKET,3,GRD,Precision Cylindrical & Surface Grinding,1,VEN0000006,Sardar Cylindrical & Surface Grinding,Finish surface grinding to specified Ra value and de-burring
3131100300,A-10131,"MOLD HEIGHT STOP LIMIT SWITCH 
OPERATING PIN MTG BRACKET",,,"RAW FORGING / BAR STOCK FOR MOLD HEIGHT STOP LIMIT SWITCH 
OPERATING PIN MTG BRACKET",1,MCH,Heavy VMC Face & Profile Milling,2,VEN0000002,Apex Precision VMC Machinists,Precision CNC 4-axis profile milling and contour machining as per drawing
3131100300,A-10131,"MOLD HEIGHT STOP LIMIT SWITCH 
OPERATING PIN MTG BRACKET",,,"RAW FORGING / BAR STOCK FOR MOLD HEIGHT STOP LIMIT SWITCH 
OPERATING PIN MTG BRACKET",2,DRL,CNC Pattern Drilling & Tapping (PCD),1,VEN0000002,Apex Precision VMC Machinists,CNC pattern drilling and precision thread tapping
3131100300,A-10131,"MOLD HEIGHT STOP LIMIT SWITCH 
OPERATING PIN MTG BRACKET",,,"RAW FORGING / BAR STOCK FOR MOLD HEIGHT STOP LIMIT SWITCH 
OPERATING PIN MTG BRACKET",3,GRD,Precision Cylindrical & Surface Grinding,1,VEN0000006,Sardar Cylindrical & Surface Grinding,Finish surface grinding to specified Ra value and de-burring
3131100400,A-10132,MOLD HEIGHT STOP LIMIT SWITCH MTG BRACKET,,,RAW FORGING / BAR STOCK FOR MOLD HEIGHT STOP LIMIT SWITCH MTG BRACKET,1,MCH,Heavy VMC Face & Profile Milling,2,VEN0000002,Apex Precision VMC Machinists,Precision CNC 4-axis profile milling and contour machining as per drawing
3131100400,A-10132,MOLD HEIGHT STOP LIMIT SWITCH MTG BRACKET,,,RAW FORGING / BAR STOCK FOR MOLD HEIGHT STOP LIMIT SWITCH MTG BRACKET,2,DRL,CNC Pattern Drilling & Tapping (PCD),1,VEN0000002,Apex Precision VMC Machinists,CNC pattern drilling and precision thread tapping
3131100400,A-10132,MOLD HEIGHT STOP LIMIT SWITCH MTG BRACKET,,,RAW FORGING / BAR STOCK FOR MOLD HEIGHT STOP LIMIT SWITCH MTG BRACKET,3,GRD,Precision Cylindrical & Surface Grinding,1,VEN0000006,Sardar Cylindrical & Surface Grinding,Finish surface grinding to specified Ra value and de-burring
3131100500,A-10068,CROSS HEAD LOCKING LIMIT STOP PIN MTG BRACKET,,,RAW FORGING / BAR STOCK FOR CROSS HEAD LOCKING LIMIT STOP PIN MTG BRACKET,1,MCH,Heavy VMC Face & Profile Milling,2,VEN0000002,Apex Precision VMC Machinists,Precision CNC 4-axis profile milling and contour machining as per drawing
3131100500,A-10068,CROSS HEAD LOCKING LIMIT STOP PIN MTG BRACKET,,,RAW FORGING / BAR STOCK FOR CROSS HEAD LOCKING LIMIT STOP PIN MTG BRACKET,2,DRL,CNC Pattern Drilling & Tapping (PCD),1,VEN0000002,Apex Precision VMC Machinists,CNC pattern drilling and precision thread tapping
3131100500,A-10068,CROSS HEAD LOCKING LIMIT STOP PIN MTG BRACKET,,,RAW FORGING / BAR STOCK FOR CROSS HEAD LOCKING LIMIT STOP PIN MTG BRACKET,3,GRD,Precision Cylindrical & Surface Grinding,1,VEN0000006,Sardar Cylindrical & Surface Grinding,Finish surface grinding to specified Ra value and de-burring
3131100600,A-10072,TOGGLE LIMIT SWITCH MTG BRACKET,,,RAW FORGING / BAR STOCK FOR TOGGLE LIMIT SWITCH MTG BRACKET,1,MCH,Heavy VMC Face & Profile Milling,2,VEN0000002,Apex Precision VMC Machinists,Precision CNC 4-axis profile milling and contour machining as per drawing
3131100600,A-10072,TOGGLE LIMIT SWITCH MTG BRACKET,,,RAW FORGING / BAR STOCK FOR TOGGLE LIMIT SWITCH MTG BRACKET,2,DRL,CNC Pattern Drilling & Tapping (PCD),1,VEN0000002,Apex Precision VMC Machinists,CNC pattern drilling and precision thread tapping
3131100600,A-10072,TOGGLE LIMIT SWITCH MTG BRACKET,,,RAW FORGING / BAR STOCK FOR TOGGLE LIMIT SWITCH MTG BRACKET,3,GRD,Precision Cylindrical & Surface Grinding,1,VEN0000006,Sardar Cylindrical & Surface Grinding,Finish surface grinding to specified Ra value and de-burring
3131100700,A-10345,EJECTOR LINEAR MTG BRACKET,,,RAW FORGING / BAR STOCK FOR EJECTOR LINEAR MTG BRACKET,1,MCH,Heavy VMC Face & Profile Milling,2,VEN0000002,Apex Precision VMC Machinists,Precision CNC 4-axis profile milling and contour machining as per drawing
3131100700,A-10345,EJECTOR LINEAR MTG BRACKET,,,RAW FORGING / BAR STOCK FOR EJECTOR LINEAR MTG BRACKET,2,DRL,CNC Pattern Drilling & Tapping (PCD),1,VEN0000002,Apex Precision VMC Machinists,CNC pattern drilling and precision thread tapping
3131100700,A-10345,EJECTOR LINEAR MTG BRACKET,,,RAW FORGING / BAR STOCK FOR EJECTOR LINEAR MTG BRACKET,3,GRD,Precision Cylindrical & Surface Grinding,1,VEN0000006,Sardar Cylindrical & Surface Grinding,Finish surface grinding to specified Ra value and de-burring
3131100800,A-10587,HEATER WIRE JUNCTION BOX MTG BRACKET,,,RAW FORGING / BAR STOCK FOR HEATER WIRE JUNCTION BOX MTG BRACKET,1,MCH,Heavy VMC Face & Profile Milling,2,VEN0000002,Apex Precision VMC Machinists,Precision CNC 4-axis profile milling and contour machining as per drawing
3131100800,A-10587,HEATER WIRE JUNCTION BOX MTG BRACKET,,,RAW FORGING / BAR STOCK FOR HEATER WIRE JUNCTION BOX MTG BRACKET,2,DRL,CNC Pattern Drilling & Tapping (PCD),1,VEN0000002,Apex Precision VMC Machinists,CNC pattern drilling and precision thread tapping
3131100800,A-10587,HEATER WIRE JUNCTION BOX MTG BRACKET,,,RAW FORGING / BAR STOCK FOR HEATER WIRE JUNCTION BOX MTG BRACKET,3,GRD,Precision Cylindrical & Surface Grinding,1,VEN0000006,Sardar Cylindrical & Surface Grinding,Finish surface grinding to specified Ra value and de-burring
3131100900,A-10123,HYD MOTOR RPM PROXY SENSOR MTG BRACKET,,,RAW FORGING / BAR STOCK FOR HYD MOTOR RPM PROXY SENSOR MTG BRACKET,1,MCH,Heavy VMC Face & Profile Milling,2,VEN0000002,Apex Precision VMC Machinists,Precision CNC 4-axis profile milling and contour machining as per drawing
3131100900,A-10123,HYD MOTOR RPM PROXY SENSOR MTG BRACKET,,,RAW FORGING / BAR STOCK FOR HYD MOTOR RPM PROXY SENSOR MTG BRACKET,2,DRL,CNC Pattern Drilling & Tapping (PCD),1,VEN0000002,Apex Precision VMC Machinists,CNC pattern drilling and precision thread tapping
3131100900,A-10123,HYD MOTOR RPM PROXY SENSOR MTG BRACKET,,,RAW FORGING / BAR STOCK FOR HYD MOTOR RPM PROXY SENSOR MTG BRACKET,3,GRD,Precision Cylindrical & Surface Grinding,1,VEN0000006,Sardar Cylindrical & Surface Grinding,Finish surface grinding to specified Ra value and de-burring
3131101000,A-10055,INJECTION LINEAR MOUNTING BRACKET - 280,,,RAW FORGING / BAR STOCK FOR INJECTION LINEAR MOUNTING BRACKET - 280,1,MCH,Heavy VMC Face & Profile Milling,2,VEN0000002,Apex Precision VMC Machinists,Precision CNC 4-axis profile milling and contour machining as per drawing
3131101000,A-10055,INJECTION LINEAR MOUNTING BRACKET - 280,,,RAW FORGING / BAR STOCK FOR INJECTION LINEAR MOUNTING BRACKET - 280,2,DRL,CNC Pattern Drilling & Tapping (PCD),1,VEN0000002,Apex Precision VMC Machinists,CNC pattern drilling and precision thread tapping
3131101000,A-10055,INJECTION LINEAR MOUNTING BRACKET - 280,,,RAW FORGING / BAR STOCK FOR INJECTION LINEAR MOUNTING BRACKET - 280,3,GRD,Precision Cylindrical & Surface Grinding,1,VEN0000006,Sardar Cylindrical & Surface Grinding,Finish surface grinding to specified Ra value and de-burring
3131101100,A-10069,INJECTION LINEAR SHAFT MTG BRACKET - 280,,,RAW FORGING / BAR STOCK FOR INJECTION LINEAR SHAFT MTG BRACKET - 280,1,MCH,Heavy VMC Face & Profile Milling,2,VEN0000002,Apex Precision VMC Machinists,Precision CNC 4-axis profile milling and contour machining as per drawing
3131101100,A-10069,INJECTION LINEAR SHAFT MTG BRACKET - 280,,,RAW FORGING / BAR STOCK FOR INJECTION LINEAR SHAFT MTG BRACKET - 280,2,DRL,CNC Pattern Drilling & Tapping (PCD),1,VEN0000002,Apex Precision VMC Machinists,CNC pattern drilling and precision thread tapping
3131101100,A-10069,INJECTION LINEAR SHAFT MTG BRACKET - 280,,,RAW FORGING / BAR STOCK FOR INJECTION LINEAR SHAFT MTG BRACKET - 280,3,GRD,Precision Cylindrical & Surface Grinding,1,VEN0000006,Sardar Cylindrical & Surface Grinding,Finish surface grinding to specified Ra value and de-burring
3131101200,A-10074,NOZZLE CYLINDER LIMIT SWITCH PIN MTG BRACKET,,,RAW FORGING / BAR STOCK FOR NOZZLE CYLINDER LIMIT SWITCH PIN MTG BRACKET,1,MCH,Heavy VMC Face & Profile Milling,2,VEN0000002,Apex Precision VMC Machinists,Precision CNC 4-axis profile milling and contour machining as per drawing
3131101200,A-10074,NOZZLE CYLINDER LIMIT SWITCH PIN MTG BRACKET,,,RAW FORGING / BAR STOCK FOR NOZZLE CYLINDER LIMIT SWITCH PIN MTG BRACKET,2,DRL,CNC Pattern Drilling & Tapping (PCD),1,VEN0000002,Apex Precision VMC Machinists,CNC pattern drilling and precision thread tapping
3131101200,A-10074,NOZZLE CYLINDER LIMIT SWITCH PIN MTG BRACKET,,,RAW FORGING / BAR STOCK FOR NOZZLE CYLINDER LIMIT SWITCH PIN MTG BRACKET,3,GRD,Precision Cylindrical & Surface Grinding,1,VEN0000006,Sardar Cylindrical & Surface Grinding,Finish surface grinding to specified Ra value and de-burring
3131101300,A-10344,NOZZLE CYLINDER STOP LIMIT SWITCH MTG BRACKET,,,RAW FORGING / BAR STOCK FOR NOZZLE CYLINDER STOP LIMIT SWITCH MTG BRACKET,1,MCH,Heavy VMC Face & Profile Milling,2,VEN0000002,Apex Precision VMC Machinists,Precision CNC 4-axis profile milling and contour machining as per drawing
3131101300,A-10344,NOZZLE CYLINDER STOP LIMIT SWITCH MTG BRACKET,,,RAW FORGING / BAR STOCK FOR NOZZLE CYLINDER STOP LIMIT SWITCH MTG BRACKET,2,DRL,CNC Pattern Drilling & Tapping (PCD),1,VEN0000002,Apex Precision VMC Machinists,CNC pattern drilling and precision thread tapping
3131101300,A-10344,NOZZLE CYLINDER STOP LIMIT SWITCH MTG BRACKET,,,RAW FORGING / BAR STOCK FOR NOZZLE CYLINDER STOP LIMIT SWITCH MTG BRACKET,3,GRD,Precision Cylindrical & Surface Grinding,1,VEN0000006,Sardar Cylindrical & Surface Grinding,Finish surface grinding to specified Ra value and de-burring
3131300100,A-10497,INJECTION GUARD SUPPORT BRACKET - 280,,,RAW FORGING / BAR STOCK FOR INJECTION GUARD SUPPORT BRACKET - 280,1,MCH,Heavy VMC Face & Profile Milling,2,VEN0000002,Apex Precision VMC Machinists,Precision CNC 4-axis profile milling and contour machining as per drawing
3131300100,A-10497,INJECTION GUARD SUPPORT BRACKET - 280,,,RAW FORGING / BAR STOCK FOR INJECTION GUARD SUPPORT BRACKET - 280,2,DRL,CNC Pattern Drilling & Tapping (PCD),1,VEN0000002,Apex Precision VMC Machinists,CNC pattern drilling and precision thread tapping
3131300100,A-10497,INJECTION GUARD SUPPORT BRACKET - 280,,,RAW FORGING / BAR STOCK FOR INJECTION GUARD SUPPORT BRACKET - 280,3,GRD,Precision Cylindrical & Surface Grinding,1,VEN0000006,Sardar Cylindrical & Surface Grinding,Finish surface grinding to specified Ra value and de-burring
4120009300,A-10796,EJECTOR ROD - 110 TON,,,RAW FORGING / BAR STOCK FOR EJECTOR ROD - 110 TON,1,MCH,Heavy VMC Face & Profile Milling,2,VEN0000002,Apex Precision VMC Machinists,Precision CNC 4-axis profile milling and contour machining as per drawing
4120009300,A-10796,EJECTOR ROD - 110 TON,,,RAW FORGING / BAR STOCK FOR EJECTOR ROD - 110 TON,2,DRL,CNC Pattern Drilling & Tapping (PCD),1,VEN0000002,Apex Precision VMC Machinists,CNC pattern drilling and precision thread tapping
4120009300,A-10796,EJECTOR ROD - 110 TON,,,RAW FORGING / BAR STOCK FOR EJECTOR ROD - 110 TON,3,GRD,Precision Cylindrical & Surface Grinding,1,VEN0000006,Sardar Cylindrical & Surface Grinding,Finish surface grinding to specified Ra value and de-burring
4120009400,A-10392,NOZZLE CYLINDER EXTENSION ROD 110-420,,,RAW FORGING / BAR STOCK FOR NOZZLE CYLINDER EXTENSION ROD 110-420,1,MCH,Heavy VMC Face & Profile Milling,2,VEN0000002,Apex Precision VMC Machinists,Precision CNC 4-axis profile milling and contour machining as per drawing
4120009400,A-10392,NOZZLE CYLINDER EXTENSION ROD 110-420,,,RAW FORGING / BAR STOCK FOR NOZZLE CYLINDER EXTENSION ROD 110-420,2,DRL,CNC Pattern Drilling & Tapping (PCD),1,VEN0000002,Apex Precision VMC Machinists,CNC pattern drilling and precision thread tapping
4120009400,A-10392,NOZZLE CYLINDER EXTENSION ROD 110-420,,,RAW FORGING / BAR STOCK FOR NOZZLE CYLINDER EXTENSION ROD 110-420,3,GRD,Precision Cylindrical & Surface Grinding,1,VEN0000006,Sardar Cylindrical & Surface Grinding,Finish surface grinding to specified Ra value and de-burring
4120009500,A-12051,CROSS HEAD LIMIT SWITCH OPERATING PIN-110,,,RAW FORGING / BAR STOCK FOR CROSS HEAD LIMIT SWITCH OPERATING PIN-110,1,MCH,Heavy VMC Face & Profile Milling,2,VEN0000002,Apex Precision VMC Machinists,Precision CNC 4-axis profile milling and contour machining as per drawing
4120009500,A-12051,CROSS HEAD LIMIT SWITCH OPERATING PIN-110,,,RAW FORGING / BAR STOCK FOR CROSS HEAD LIMIT SWITCH OPERATING PIN-110,2,DRL,CNC Pattern Drilling & Tapping (PCD),1,VEN0000002,Apex Precision VMC Machinists,CNC pattern drilling and precision thread tapping
4120009500,A-12051,CROSS HEAD LIMIT SWITCH OPERATING PIN-110,,,RAW FORGING / BAR STOCK FOR CROSS HEAD LIMIT SWITCH OPERATING PIN-110,3,GRD,Precision Cylindrical & Surface Grinding,1,VEN0000006,Sardar Cylindrical & Surface Grinding,Finish surface grinding to specified Ra value and de-burring
4120009600,A-10387,INJECTION MANIFOLD MTG PLATE - 420,,,RAW FORGING / BAR STOCK FOR INJECTION MANIFOLD MTG PLATE - 420,1,MCH,Heavy VMC Face & Profile Milling,2,VEN0000002,Apex Precision VMC Machinists,Precision CNC 4-axis profile milling and contour machining as per drawing
4120009600,A-10387,INJECTION MANIFOLD MTG PLATE - 420,,,RAW FORGING / BAR STOCK FOR INJECTION MANIFOLD MTG PLATE - 420,2,DRL,CNC Pattern Drilling & Tapping (PCD),1,VEN0000002,Apex Precision VMC Machinists,CNC pattern drilling and precision thread tapping
4120009600,A-10387,INJECTION MANIFOLD MTG PLATE - 420,,,RAW FORGING / BAR STOCK FOR INJECTION MANIFOLD MTG PLATE - 420,3,GRD,Precision Cylindrical & Surface Grinding,1,VEN0000006,Sardar Cylindrical & Surface Grinding,Finish surface grinding to specified Ra value and de-burring
4120009700,A-10491,INJECTION MANIFOLD MTG STRIP - 420,,,RAW FORGING / BAR STOCK FOR INJECTION MANIFOLD MTG STRIP - 420,1,MCH,Heavy VMC Face & Profile Milling,2,VEN0000002,Apex Precision VMC Machinists,Precision CNC 4-axis profile milling and contour machining as per drawing
4120009700,A-10491,INJECTION MANIFOLD MTG STRIP - 420,,,RAW FORGING / BAR STOCK FOR INJECTION MANIFOLD MTG STRIP - 420,2,DRL,CNC Pattern Drilling & Tapping (PCD),1,VEN0000002,Apex Precision VMC Machinists,CNC pattern drilling and precision thread tapping
4120009700,A-10491,INJECTION MANIFOLD MTG STRIP - 420,,,RAW FORGING / BAR STOCK FOR INJECTION MANIFOLD MTG STRIP - 420,3,GRD,Precision Cylindrical & Surface Grinding,1,VEN0000006,Sardar Cylindrical & Surface Grinding,Finish surface grinding to specified Ra value and de-burring
3131101400,A-10056,INJECTION LINEAR MOUNTING BRACKET - 420,,,RAW FORGING / BAR STOCK FOR INJECTION LINEAR MOUNTING BRACKET - 420,1,MCH,Heavy VMC Face & Profile Milling,2,VEN0000002,Apex Precision VMC Machinists,Precision CNC 4-axis profile milling and contour machining as per drawing
3131101400,A-10056,INJECTION LINEAR MOUNTING BRACKET - 420,,,RAW FORGING / BAR STOCK FOR INJECTION LINEAR MOUNTING BRACKET - 420,2,DRL,CNC Pattern Drilling & Tapping (PCD),1,VEN0000002,Apex Precision VMC Machinists,CNC pattern drilling and precision thread tapping
3131101400,A-10056,INJECTION LINEAR MOUNTING BRACKET - 420,,,RAW FORGING / BAR STOCK FOR INJECTION LINEAR MOUNTING BRACKET - 420,3,GRD,Precision Cylindrical & Surface Grinding,1,VEN0000006,Sardar Cylindrical & Surface Grinding,Finish surface grinding to specified Ra value and de-burring
3131300200,A-10496,INJECTION GUARD SUPPORT BRACKET - 420,,,RAW FORGING / BAR STOCK FOR INJECTION GUARD SUPPORT BRACKET - 420,1,MCH,Heavy VMC Face & Profile Milling,2,VEN0000002,Apex Precision VMC Machinists,Precision CNC 4-axis profile milling and contour machining as per drawing
3131300200,A-10496,INJECTION GUARD SUPPORT BRACKET - 420,,,RAW FORGING / BAR STOCK FOR INJECTION GUARD SUPPORT BRACKET - 420,2,DRL,CNC Pattern Drilling & Tapping (PCD),1,VEN0000002,Apex Precision VMC Machinists,CNC pattern drilling and precision thread tapping
3131300200,A-10496,INJECTION GUARD SUPPORT BRACKET - 420,,,RAW FORGING / BAR STOCK FOR INJECTION GUARD SUPPORT BRACKET - 420,3,GRD,Precision Cylindrical & Surface Grinding,1,VEN0000006,Sardar Cylindrical & Surface Grinding,Finish surface grinding to specified Ra value and de-burring
4120013000,A-10353,INJECTION MANIFOLD - NG16,,,RAW FORGING / BAR STOCK FOR INJECTION MANIFOLD - NG16,1,MCH,Heavy VMC Face & Profile Milling,2,VEN0000002,Apex Precision VMC Machinists,Precision CNC 4-axis profile milling and contour machining as per drawing
4120013000,A-10353,INJECTION MANIFOLD - NG16,,,RAW FORGING / BAR STOCK FOR INJECTION MANIFOLD - NG16,2,DRL,CNC Pattern Drilling & Tapping (PCD),1,VEN0000002,Apex Precision VMC Machinists,CNC pattern drilling and precision thread tapping
4120013000,A-10353,INJECTION MANIFOLD - NG16,,,RAW FORGING / BAR STOCK FOR INJECTION MANIFOLD - NG16,3,GRD,Precision Cylindrical & Surface Grinding,1,VEN0000006,Sardar Cylindrical & Surface Grinding,Finish surface grinding to specified Ra value and de-burring
4120013100,A-11196,LOCKING MANIFOLD NG16-NG6-NG6,,,RAW FORGING / BAR STOCK FOR LOCKING MANIFOLD NG16-NG6-NG6,1,MCH,Heavy VMC Face & Profile Milling,2,VEN0000002,Apex Precision VMC Machinists,Precision CNC 4-axis profile milling and contour machining as per drawing
4120013100,A-11196,LOCKING MANIFOLD NG16-NG6-NG6,,,RAW FORGING / BAR STOCK FOR LOCKING MANIFOLD NG16-NG6-NG6,2,DRL,CNC Pattern Drilling & Tapping (PCD),1,VEN0000002,Apex Precision VMC Machinists,CNC pattern drilling and precision thread tapping
4120013100,A-11196,LOCKING MANIFOLD NG16-NG6-NG6,,,RAW FORGING / BAR STOCK FOR LOCKING MANIFOLD NG16-NG6-NG6,3,GRD,Precision Cylindrical & Surface Grinding,1,VEN0000006,Sardar Cylindrical & Surface Grinding,Finish surface grinding to specified Ra value and de-burring
4120013200,A-10354,EJECTOR MANIFOLD NG10,,,RAW FORGING / BAR STOCK FOR EJECTOR MANIFOLD NG10,1,MCH,Heavy VMC Face & Profile Milling,2,VEN0000002,Apex Precision VMC Machinists,Precision CNC 4-axis profile milling and contour machining as per drawing
4120013200,A-10354,EJECTOR MANIFOLD NG10,,,RAW FORGING / BAR STOCK FOR EJECTOR MANIFOLD NG10,2,DRL,CNC Pattern Drilling & Tapping (PCD),1,VEN0000002,Apex Precision VMC Machinists,CNC pattern drilling and precision thread tapping
4120013200,A-10354,EJECTOR MANIFOLD NG10,,,RAW FORGING / BAR STOCK FOR EJECTOR MANIFOLD NG10,3,GRD,Precision Cylindrical & Surface Grinding,1,VEN0000006,Sardar Cylindrical & Surface Grinding,Finish surface grinding to specified Ra value and de-burring
4120013300,A-10797,EJECTOR ROD - 140 TON,,,RAW FORGING / BAR STOCK FOR EJECTOR ROD - 140 TON,1,MCH,Heavy VMC Face & Profile Milling,2,VEN0000002,Apex Precision VMC Machinists,Precision CNC 4-axis profile milling and contour machining as per drawing
4120013300,A-10797,EJECTOR ROD - 140 TON,,,RAW FORGING / BAR STOCK FOR EJECTOR ROD - 140 TON,2,DRL,CNC Pattern Drilling & Tapping (PCD),1,VEN0000002,Apex Precision VMC Machinists,CNC pattern drilling and precision thread tapping
4120013300,A-10797,EJECTOR ROD - 140 TON,,,RAW FORGING / BAR STOCK FOR EJECTOR ROD - 140 TON,3,GRD,Precision Cylindrical & Surface Grinding,1,VEN0000006,Sardar Cylindrical & Surface Grinding,Finish surface grinding to specified Ra value and de-burring
4120013400,A-10393,NOZZLE CYLINDER EXTENSION ROD 140-635,,,RAW FORGING / BAR STOCK FOR NOZZLE CYLINDER EXTENSION ROD 140-635,1,MCH,Heavy VMC Face & Profile Milling,2,VEN0000002,Apex Precision VMC Machinists,Precision CNC 4-axis profile milling and contour machining as per drawing
4120013400,A-10393,NOZZLE CYLINDER EXTENSION ROD 140-635,,,RAW FORGING / BAR STOCK FOR NOZZLE CYLINDER EXTENSION ROD 140-635,2,DRL,CNC Pattern Drilling & Tapping (PCD),1,VEN0000002,Apex Precision VMC Machinists,CNC pattern drilling and precision thread tapping
4120013400,A-10393,NOZZLE CYLINDER EXTENSION ROD 140-635,,,RAW FORGING / BAR STOCK FOR NOZZLE CYLINDER EXTENSION ROD 140-635,3,GRD,Precision Cylindrical & Surface Grinding,1,VEN0000006,Sardar Cylindrical & Surface Grinding,Finish surface grinding to specified Ra value and de-burring
4120013500,A-12052,CROSS HEAD LIMIT SWITCH OPERATING PIN-140,,,RAW FORGING / BAR STOCK FOR CROSS HEAD LIMIT SWITCH OPERATING PIN-140,1,MCH,Heavy VMC Face & Profile Milling,2,VEN0000002,Apex Precision VMC Machinists,Precision CNC 4-axis profile milling and contour machining as per drawing
4120013500,A-12052,CROSS HEAD LIMIT SWITCH OPERATING PIN-140,,,RAW FORGING / BAR STOCK FOR CROSS HEAD LIMIT SWITCH OPERATING PIN-140,2,DRL,CNC Pattern Drilling & Tapping (PCD),1,VEN0000002,Apex Precision VMC Machinists,CNC pattern drilling and precision thread tapping
4120013500,A-12052,CROSS HEAD LIMIT SWITCH OPERATING PIN-140,,,RAW FORGING / BAR STOCK FOR CROSS HEAD LIMIT SWITCH OPERATING PIN-140,3,GRD,Precision Cylindrical & Surface Grinding,1,VEN0000006,Sardar Cylindrical & Surface Grinding,Finish surface grinding to specified Ra value and de-burring
4120013600,A-10703,MOLD HEIGHT STOP LIMIT SWITCH OPERATING PIN-140 TON,,,RAW FORGING / BAR STOCK FOR MOLD HEIGHT STOP LIMIT SWITCH OPERATING PIN-140 TON,1,MCH,Heavy VMC Face & Profile Milling,2,VEN0000002,Apex Precision VMC Machinists,Precision CNC 4-axis profile milling and contour machining as per drawing
4120013600,A-10703,MOLD HEIGHT STOP LIMIT SWITCH OPERATING PIN-140 TON,,,RAW FORGING / BAR STOCK FOR MOLD HEIGHT STOP LIMIT SWITCH OPERATING PIN-140 TON,2,DRL,CNC Pattern Drilling & Tapping (PCD),1,VEN0000002,Apex Precision VMC Machinists,CNC pattern drilling and precision thread tapping
4120013600,A-10703,MOLD HEIGHT STOP LIMIT SWITCH OPERATING PIN-140 TON,,,RAW FORGING / BAR STOCK FOR MOLD HEIGHT STOP LIMIT SWITCH OPERATING PIN-140 TON,3,GRD,Precision Cylindrical & Surface Grinding,1,VEN0000006,Sardar Cylindrical & Surface Grinding,Finish surface grinding to specified Ra value and de-burring
4120013700,A-10388,INJECTION MANIFOLD MTG PLATE - 635,,,RAW FORGING / BAR STOCK FOR INJECTION MANIFOLD MTG PLATE - 635,1,MCH,Heavy VMC Face & Profile Milling,2,VEN0000002,Apex Precision VMC Machinists,Precision CNC 4-axis profile milling and contour machining as per drawing
4120013700,A-10388,INJECTION MANIFOLD MTG PLATE - 635,,,RAW FORGING / BAR STOCK FOR INJECTION MANIFOLD MTG PLATE - 635,2,DRL,CNC Pattern Drilling & Tapping (PCD),1,VEN0000002,Apex Precision VMC Machinists,CNC pattern drilling and precision thread tapping
4120013700,A-10388,INJECTION MANIFOLD MTG PLATE - 635,,,RAW FORGING / BAR STOCK FOR INJECTION MANIFOLD MTG PLATE - 635,3,GRD,Precision Cylindrical & Surface Grinding,1,VEN0000006,Sardar Cylindrical & Surface Grinding,Finish surface grinding to specified Ra value and de-burring
4120013800,A-10490,INJECTION MANIFOLD MTG STRIP - 635,,,RAW FORGING / BAR STOCK FOR INJECTION MANIFOLD MTG STRIP - 635,1,MCH,Heavy VMC Face & Profile Milling,2,VEN0000002,Apex Precision VMC Machinists,Precision CNC 4-axis profile milling and contour machining as per drawing
4120013800,A-10490,INJECTION MANIFOLD MTG STRIP - 635,,,RAW FORGING / BAR STOCK FOR INJECTION MANIFOLD MTG STRIP - 635,2,DRL,CNC Pattern Drilling & Tapping (PCD),1,VEN0000002,Apex Precision VMC Machinists,CNC pattern drilling and precision thread tapping
4120013800,A-10490,INJECTION MANIFOLD MTG STRIP - 635,,,RAW FORGING / BAR STOCK FOR INJECTION MANIFOLD MTG STRIP - 635,3,GRD,Precision Cylindrical & Surface Grinding,1,VEN0000006,Sardar Cylindrical & Surface Grinding,Finish surface grinding to specified Ra value and de-burring
3131101500,A-10058,INJECTION LINEAR MOUNTING BRACKET - 635,,,RAW FORGING / BAR STOCK FOR INJECTION LINEAR MOUNTING BRACKET - 635,1,MCH,Heavy VMC Face & Profile Milling,2,VEN0000002,Apex Precision VMC Machinists,Precision CNC 4-axis profile milling and contour machining as per drawing
3131101500,A-10058,INJECTION LINEAR MOUNTING BRACKET - 635,,,RAW FORGING / BAR STOCK FOR INJECTION LINEAR MOUNTING BRACKET - 635,2,DRL,CNC Pattern Drilling & Tapping (PCD),1,VEN0000002,Apex Precision VMC Machinists,CNC pattern drilling and precision thread tapping
3131101500,A-10058,INJECTION LINEAR MOUNTING BRACKET - 635,,,RAW FORGING / BAR STOCK FOR INJECTION LINEAR MOUNTING BRACKET - 635,3,GRD,Precision Cylindrical & Surface Grinding,1,VEN0000006,Sardar Cylindrical & Surface Grinding,Finish surface grinding to specified Ra value and de-burring
3131300300,A-10600,INJECTION GUARD SUPPORT BRACKET - 635,,,RAW FORGING / BAR STOCK FOR INJECTION GUARD SUPPORT BRACKET - 635,1,MCH,Heavy VMC Face & Profile Milling,2,VEN0000002,Apex Precision VMC Machinists,Precision CNC 4-axis profile milling and contour machining as per drawing
3131300300,A-10600,INJECTION GUARD SUPPORT BRACKET - 635,,,RAW FORGING / BAR STOCK FOR INJECTION GUARD SUPPORT BRACKET - 635,2,DRL,CNC Pattern Drilling & Tapping (PCD),1,VEN0000002,Apex Precision VMC Machinists,CNC pattern drilling and precision thread tapping
3131300300,A-10600,INJECTION GUARD SUPPORT BRACKET - 635,,,RAW FORGING / BAR STOCK FOR INJECTION GUARD SUPPORT BRACKET - 635,3,GRD,Precision Cylindrical & Surface Grinding,1,VEN0000006,Sardar Cylindrical & Surface Grinding,Finish surface grinding to specified Ra value and de-burring
6160100500,,DSG-03-3C4-D24 (YUKEN),,,RAW FORGING / BAR STOCK FOR DSG-03-3C4-D24 (YUKEN),1,MCH,Heavy VMC Face & Profile Milling,2,VEN0000002,Apex Precision VMC Machinists,Precision CNC 4-axis profile milling and contour machining as per drawing
6160100500,,DSG-03-3C4-D24 (YUKEN),,,RAW FORGING / BAR STOCK FOR DSG-03-3C4-D24 (YUKEN),2,DRL,CNC Pattern Drilling & Tapping (PCD),1,VEN0000002,Apex Precision VMC Machinists,CNC pattern drilling and precision thread tapping
6160100500,,DSG-03-3C4-D24 (YUKEN),,,RAW FORGING / BAR STOCK FOR DSG-03-3C4-D24 (YUKEN),3,GRD,Precision Cylindrical & Surface Grinding,1,VEN0000006,Sardar Cylindrical & Surface Grinding,Finish surface grinding to specified Ra value and de-burring
4120017300,A-10798,EJECTOR ROD - 170 TON,,,RAW FORGING / BAR STOCK FOR EJECTOR ROD - 170 TON,1,MCH,Heavy VMC Face & Profile Milling,2,VEN0000002,Apex Precision VMC Machinists,Precision CNC 4-axis profile milling and contour machining as per drawing
4120017300,A-10798,EJECTOR ROD - 170 TON,,,RAW FORGING / BAR STOCK FOR EJECTOR ROD - 170 TON,2,DRL,CNC Pattern Drilling & Tapping (PCD),1,VEN0000002,Apex Precision VMC Machinists,CNC pattern drilling and precision thread tapping
4120017300,A-10798,EJECTOR ROD - 170 TON,,,RAW FORGING / BAR STOCK FOR EJECTOR ROD - 170 TON,3,GRD,Precision Cylindrical & Surface Grinding,1,VEN0000006,Sardar Cylindrical & Surface Grinding,Finish surface grinding to specified Ra value and de-burring
4120017400,A-10394,NOZZLE CYLINDER EXTENSION ROD 170-905,,,RAW FORGING / BAR STOCK FOR NOZZLE CYLINDER EXTENSION ROD 170-905,1,MCH,Heavy VMC Face & Profile Milling,2,VEN0000002,Apex Precision VMC Machinists,Precision CNC 4-axis profile milling and contour machining as per drawing
4120017400,A-10394,NOZZLE CYLINDER EXTENSION ROD 170-905,,,RAW FORGING / BAR STOCK FOR NOZZLE CYLINDER EXTENSION ROD 170-905,2,DRL,CNC Pattern Drilling & Tapping (PCD),1,VEN0000002,Apex Precision VMC Machinists,CNC pattern drilling and precision thread tapping
4120017400,A-10394,NOZZLE CYLINDER EXTENSION ROD 170-905,,,RAW FORGING / BAR STOCK FOR NOZZLE CYLINDER EXTENSION ROD 170-905,3,GRD,Precision Cylindrical & Surface Grinding,1,VEN0000006,Sardar Cylindrical & Surface Grinding,Finish surface grinding to specified Ra value and de-burring
4120017500,A-10927,CROSS HEAD LIMIT SWITCH OPERATING PIN-170,,,RAW FORGING / BAR STOCK FOR CROSS HEAD LIMIT SWITCH OPERATING PIN-170,1,MCH,Heavy VMC Face & Profile Milling,2,VEN0000002,Apex Precision VMC Machinists,Precision CNC 4-axis profile milling and contour machining as per drawing
4120017500,A-10927,CROSS HEAD LIMIT SWITCH OPERATING PIN-170,,,RAW FORGING / BAR STOCK FOR CROSS HEAD LIMIT SWITCH OPERATING PIN-170,2,DRL,CNC Pattern Drilling & Tapping (PCD),1,VEN0000002,Apex Precision VMC Machinists,CNC pattern drilling and precision thread tapping
4120017500,A-10927,CROSS HEAD LIMIT SWITCH OPERATING PIN-170,,,RAW FORGING / BAR STOCK FOR CROSS HEAD LIMIT SWITCH OPERATING PIN-170,3,GRD,Precision Cylindrical & Surface Grinding,1,VEN0000006,Sardar Cylindrical & Surface Grinding,Finish surface grinding to specified Ra value and de-burring
4120017600,A-10389,INJECTION MANIFOLD MTG PLATE - 905,,,RAW FORGING / BAR STOCK FOR INJECTION MANIFOLD MTG PLATE - 905,1,MCH,Heavy VMC Face & Profile Milling,2,VEN0000002,Apex Precision VMC Machinists,Precision CNC 4-axis profile milling and contour machining as per drawing
4120017600,A-10389,INJECTION MANIFOLD MTG PLATE - 905,,,RAW FORGING / BAR STOCK FOR INJECTION MANIFOLD MTG PLATE - 905,2,DRL,CNC Pattern Drilling & Tapping (PCD),1,VEN0000002,Apex Precision VMC Machinists,CNC pattern drilling and precision thread tapping
4120017600,A-10389,INJECTION MANIFOLD MTG PLATE - 905,,,RAW FORGING / BAR STOCK FOR INJECTION MANIFOLD MTG PLATE - 905,3,GRD,Precision Cylindrical & Surface Grinding,1,VEN0000006,Sardar Cylindrical & Surface Grinding,Finish surface grinding to specified Ra value and de-burring
3131101600,A-10059,INJECTION LINEAR MOUNTING BRACKET - 905,,,RAW FORGING / BAR STOCK FOR INJECTION LINEAR MOUNTING BRACKET - 905,1,MCH,Heavy VMC Face & Profile Milling,2,VEN0000002,Apex Precision VMC Machinists,Precision CNC 4-axis profile milling and contour machining as per drawing
3131101600,A-10059,INJECTION LINEAR MOUNTING BRACKET - 905,,,RAW FORGING / BAR STOCK FOR INJECTION LINEAR MOUNTING BRACKET - 905,2,DRL,CNC Pattern Drilling & Tapping (PCD),1,VEN0000002,Apex Precision VMC Machinists,CNC pattern drilling and precision thread tapping
3131101600,A-10059,INJECTION LINEAR MOUNTING BRACKET - 905,,,RAW FORGING / BAR STOCK FOR INJECTION LINEAR MOUNTING BRACKET - 905,3,GRD,Precision Cylindrical & Surface Grinding,1,VEN0000006,Sardar Cylindrical & Surface Grinding,Finish surface grinding to specified Ra value and de-burring
3131300400,A-10601,INJECTION GUARD SUPPORT BRACKET - 905,,,RAW FORGING / BAR STOCK FOR INJECTION GUARD SUPPORT BRACKET - 905,1,MCH,Heavy VMC Face & Profile Milling,2,VEN0000002,Apex Precision VMC Machinists,Precision CNC 4-axis profile milling and contour machining as per drawing
3131300400,A-10601,INJECTION GUARD SUPPORT BRACKET - 905,,,RAW FORGING / BAR STOCK FOR INJECTION GUARD SUPPORT BRACKET - 905,2,DRL,CNC Pattern Drilling & Tapping (PCD),1,VEN0000002,Apex Precision VMC Machinists,CNC pattern drilling and precision thread tapping
3131300400,A-10601,INJECTION GUARD SUPPORT BRACKET - 905,,,RAW FORGING / BAR STOCK FOR INJECTION GUARD SUPPORT BRACKET - 905,3,GRD,Precision Cylindrical & Surface Grinding,1,VEN0000006,Sardar Cylindrical & Surface Grinding,Finish surface grinding to specified Ra value and de-burring
4120020900,A-10799,EJECTOR ROD - 200 TON,,,RAW FORGING / BAR STOCK FOR EJECTOR ROD - 200 TON,1,MCH,Heavy VMC Face & Profile Milling,2,VEN0000002,Apex Precision VMC Machinists,Precision CNC 4-axis profile milling and contour machining as per drawing
4120020900,A-10799,EJECTOR ROD - 200 TON,,,RAW FORGING / BAR STOCK FOR EJECTOR ROD - 200 TON,2,DRL,CNC Pattern Drilling & Tapping (PCD),1,VEN0000002,Apex Precision VMC Machinists,CNC pattern drilling and precision thread tapping
4120020900,A-10799,EJECTOR ROD - 200 TON,,,RAW FORGING / BAR STOCK FOR EJECTOR ROD - 200 TON,3,GRD,Precision Cylindrical & Surface Grinding,1,VEN0000006,Sardar Cylindrical & Surface Grinding,Finish surface grinding to specified Ra value and de-burring
4120021000,A-10396,NOZZLE CYLINDER EXTENSION ROD 200-1520,,,RAW FORGING / BAR STOCK FOR NOZZLE CYLINDER EXTENSION ROD 200-1520,1,MCH,Heavy VMC Face & Profile Milling,2,VEN0000002,Apex Precision VMC Machinists,Precision CNC 4-axis profile milling and contour machining as per drawing
4120021000,A-10396,NOZZLE CYLINDER EXTENSION ROD 200-1520,,,RAW FORGING / BAR STOCK FOR NOZZLE CYLINDER EXTENSION ROD 200-1520,2,DRL,CNC Pattern Drilling & Tapping (PCD),1,VEN0000002,Apex Precision VMC Machinists,CNC pattern drilling and precision thread tapping
4120021000,A-10396,NOZZLE CYLINDER EXTENSION ROD 200-1520,,,RAW FORGING / BAR STOCK FOR NOZZLE CYLINDER EXTENSION ROD 200-1520,3,GRD,Precision Cylindrical & Surface Grinding,1,VEN0000006,Sardar Cylindrical & Surface Grinding,Finish surface grinding to specified Ra value and de-burring
4120021100,A-12028,CROSS HEAD LIMIT SWITCH OPERATING PIN-200,,,RAW FORGING / BAR STOCK FOR CROSS HEAD LIMIT SWITCH OPERATING PIN-200,1,MCH,Heavy VMC Face & Profile Milling,2,VEN0000002,Apex Precision VMC Machinists,Precision CNC 4-axis profile milling and contour machining as per drawing
4120021100,A-12028,CROSS HEAD LIMIT SWITCH OPERATING PIN-200,,,RAW FORGING / BAR STOCK FOR CROSS HEAD LIMIT SWITCH OPERATING PIN-200,2,DRL,CNC Pattern Drilling & Tapping (PCD),1,VEN0000002,Apex Precision VMC Machinists,CNC pattern drilling and precision thread tapping
4120021100,A-12028,CROSS HEAD LIMIT SWITCH OPERATING PIN-200,,,RAW FORGING / BAR STOCK FOR CROSS HEAD LIMIT SWITCH OPERATING PIN-200,3,GRD,Precision Cylindrical & Surface Grinding,1,VEN0000006,Sardar Cylindrical & Surface Grinding,Finish surface grinding to specified Ra value and de-burring
4120021200,A-10390,INJECTION MANIFOLD MTG PLATE - 1520,,,RAW FORGING / BAR STOCK FOR INJECTION MANIFOLD MTG PLATE - 1520,1,MCH,Heavy VMC Face & Profile Milling,2,VEN0000002,Apex Precision VMC Machinists,Precision CNC 4-axis profile milling and contour machining as per drawing
4120021200,A-10390,INJECTION MANIFOLD MTG PLATE - 1520,,,RAW FORGING / BAR STOCK FOR INJECTION MANIFOLD MTG PLATE - 1520,2,DRL,CNC Pattern Drilling & Tapping (PCD),1,VEN0000002,Apex Precision VMC Machinists,CNC pattern drilling and precision thread tapping
4120021200,A-10390,INJECTION MANIFOLD MTG PLATE - 1520,,,RAW FORGING / BAR STOCK FOR INJECTION MANIFOLD MTG PLATE - 1520,3,GRD,Precision Cylindrical & Surface Grinding,1,VEN0000006,Sardar Cylindrical & Surface Grinding,Finish surface grinding to specified Ra value and de-burring
3131101700,A-10062,INJECTION LINEAR MOUNTING BRACKET - 1520,,,RAW FORGING / BAR STOCK FOR INJECTION LINEAR MOUNTING BRACKET - 1520,1,MCH,Heavy VMC Face & Profile Milling,2,VEN0000002,Apex Precision VMC Machinists,Precision CNC 4-axis profile milling and contour machining as per drawing
3131101700,A-10062,INJECTION LINEAR MOUNTING BRACKET - 1520,,,RAW FORGING / BAR STOCK FOR INJECTION LINEAR MOUNTING BRACKET - 1520,2,DRL,CNC Pattern Drilling & Tapping (PCD),1,VEN0000002,Apex Precision VMC Machinists,CNC pattern drilling and precision thread tapping
3131101700,A-10062,INJECTION LINEAR MOUNTING BRACKET - 1520,,,RAW FORGING / BAR STOCK FOR INJECTION LINEAR MOUNTING BRACKET - 1520,3,GRD,Precision Cylindrical & Surface Grinding,1,VEN0000006,Sardar Cylindrical & Surface Grinding,Finish surface grinding to specified Ra value and de-burring
3131101800,A-10071,INJECTION LINEAR SHAFT MTG BRACKET - 1520,,,RAW FORGING / BAR STOCK FOR INJECTION LINEAR SHAFT MTG BRACKET - 1520,1,MCH,Heavy VMC Face & Profile Milling,2,VEN0000002,Apex Precision VMC Machinists,Precision CNC 4-axis profile milling and contour machining as per drawing
3131101800,A-10071,INJECTION LINEAR SHAFT MTG BRACKET - 1520,,,RAW FORGING / BAR STOCK FOR INJECTION LINEAR SHAFT MTG BRACKET - 1520,2,DRL,CNC Pattern Drilling & Tapping (PCD),1,VEN0000002,Apex Precision VMC Machinists,CNC pattern drilling and precision thread tapping
3131101800,A-10071,INJECTION LINEAR SHAFT MTG BRACKET - 1520,,,RAW FORGING / BAR STOCK FOR INJECTION LINEAR SHAFT MTG BRACKET - 1520,3,GRD,Precision Cylindrical & Surface Grinding,1,VEN0000006,Sardar Cylindrical & Surface Grinding,Finish surface grinding to specified Ra value and de-burring
3131300500,A-10602,INJECTION GUARD SUPPORT BRACKET - 1520,,,RAW FORGING / BAR STOCK FOR INJECTION GUARD SUPPORT BRACKET - 1520,1,MCH,Heavy VMC Face & Profile Milling,2,VEN0000002,Apex Precision VMC Machinists,Precision CNC 4-axis profile milling and contour machining as per drawing
3131300500,A-10602,INJECTION GUARD SUPPORT BRACKET - 1520,,,RAW FORGING / BAR STOCK FOR INJECTION GUARD SUPPORT BRACKET - 1520,2,DRL,CNC Pattern Drilling & Tapping (PCD),1,VEN0000002,Apex Precision VMC Machinists,CNC pattern drilling and precision thread tapping
3131300500,A-10602,INJECTION GUARD SUPPORT BRACKET - 1520,,,RAW FORGING / BAR STOCK FOR INJECTION GUARD SUPPORT BRACKET - 1520,3,GRD,Precision Cylindrical & Surface Grinding,1,VEN0000006,Sardar Cylindrical & Surface Grinding,Finish surface grinding to specified Ra value and de-burring
4110000100,A-10145,STATIONARY PLATE TOGGLE - 90 TON,4001000100,11201,STATIONARY PLATE TOGGLE - 90 TON (CASTING),1,MCH,Heavy VMC Face & Profile Milling,2,VEN0000002,Apex Precision VMC Machinists,Rough & finish top/bottom platen face to 0.02mm flat
4110000100,A-10145,STATIONARY PLATE TOGGLE - 90 TON,4001000100,11201,STATIONARY PLATE TOGGLE - 90 TON (CASTING),2,BOR,Precision CNC Line Boring (H7),3,VEN0000002,Apex Precision VMC Machinists,Bore 4x Tie bar holes to H7 tolerance
4110000100,A-10145,STATIONARY PLATE TOGGLE - 90 TON,4001000100,11201,STATIONARY PLATE TOGGLE - 90 TON (CASTING),3,DRL,CNC Pattern Drilling & Tapping (PCD),1,VEN0000002,Apex Precision VMC Machinists,M16/M20 mould clamp tapped holes as per drawing
4110000100,A-10145,STATIONARY PLATE TOGGLE - 90 TON,4001000100,11201,STATIONARY PLATE TOGGLE - 90 TON (CASTING),4,HT,Stress Relieving & Normalizing Heat Treatment,2,VEN0000004,Gujarat Heat Treaters & Nitriding,Normalize thermal stress at 550°C
4110000100,A-10145,STATIONARY PLATE TOGGLE - 90 TON,4001000100,11201,STATIONARY PLATE TOGGLE - 90 TON (CASTING),5,GRD,Precision Cylindrical & Surface Grinding,1,VEN0000006,Sardar Cylindrical & Surface Grinding,Precision surface grind to Ra 0.4 µm & rust preventive oil
4110000200,A-10150,MOVING PLATE TOGGLE - 90 TON,4001001200,11202,MOVING PLATE TOGGLE - 90 TON (CASTING),1,MCH,Heavy VMC Face & Profile Milling,2,VEN0000002,Apex Precision VMC Machinists,Rough & finish top/bottom platen face to 0.02mm flat
4110000200,A-10150,MOVING PLATE TOGGLE - 90 TON,4001001200,11202,MOVING PLATE TOGGLE - 90 TON (CASTING),2,BOR,Precision CNC Line Boring (H7),3,VEN0000002,Apex Precision VMC Machinists,Bore 4x Tie bar holes to H7 tolerance
4110000200,A-10150,MOVING PLATE TOGGLE - 90 TON,4001001200,11202,MOVING PLATE TOGGLE - 90 TON (CASTING),3,DRL,CNC Pattern Drilling & Tapping (PCD),1,VEN0000002,Apex Precision VMC Machinists,M16/M20 mould clamp tapped holes as per drawing
4110000200,A-10150,MOVING PLATE TOGGLE - 90 TON,4001001200,11202,MOVING PLATE TOGGLE - 90 TON (CASTING),4,HT,Stress Relieving & Normalizing Heat Treatment,2,VEN0000004,Gujarat Heat Treaters & Nitriding,Normalize thermal stress at 550°C
4110000200,A-10150,MOVING PLATE TOGGLE - 90 TON,4001001200,11202,MOVING PLATE TOGGLE - 90 TON (CASTING),5,GRD,Precision Cylindrical & Surface Grinding,1,VEN0000006,Sardar Cylindrical & Surface Grinding,Precision surface grind to Ra 0.4 µm & rust preventive oil
4110000300,A-10185,END PLATE - 90 TON,4001002300,11203,END PLATE - 90 TON (CASTING),1,MCH,Heavy VMC Face & Profile Milling,2,VEN0000002,Apex Precision VMC Machinists,Rough & finish top/bottom platen face to 0.02mm flat
4110000300,A-10185,END PLATE - 90 TON,4001002300,11203,END PLATE - 90 TON (CASTING),2,BOR,Precision CNC Line Boring (H7),3,VEN0000002,Apex Precision VMC Machinists,Bore 4x Tie bar holes to H7 tolerance
4110000300,A-10185,END PLATE - 90 TON,4001002300,11203,END PLATE - 90 TON (CASTING),3,DRL,CNC Pattern Drilling & Tapping (PCD),1,VEN0000002,Apex Precision VMC Machinists,M16/M20 mould clamp tapped holes as per drawing
4110000300,A-10185,END PLATE - 90 TON,4001002300,11203,END PLATE - 90 TON (CASTING),4,HT,Stress Relieving & Normalizing Heat Treatment,2,VEN0000004,Gujarat Heat Treaters & Nitriding,Normalize thermal stress at 550°C
4110000300,A-10185,END PLATE - 90 TON,4001002300,11203,END PLATE - 90 TON (CASTING),5,GRD,Precision Cylindrical & Surface Grinding,1,VEN0000006,Sardar Cylindrical & Surface Grinding,Precision surface grind to Ra 0.4 µm & rust preventive oil
4110000400,A-10180,CROSS HEAD - 90 TON,4001003600,11204,CROSS HEAD - 90 TON (CASTING),1,MCH,Heavy VMC Face & Profile Milling,2,VEN0000002,Apex Precision VMC Machinists,"Side faces, triangular profile and pivot bosses milled on 4-axis CNC"
4110000400,A-10180,CROSS HEAD - 90 TON,4001003600,11204,CROSS HEAD - 90 TON (CASTING),2,BOR,Precision CNC Line Boring (H7),2,VEN0000002,Apex Precision VMC Machinists,Line bore pivot pin holes with 0.015mm center-to-center pitch accuracy
4110000400,A-10180,CROSS HEAD - 90 TON,4001003600,11204,CROSS HEAD - 90 TON (CASTING),3,DRL,CNC Pattern Drilling & Tapping (PCD),1,VEN0000002,Apex Precision VMC Machinists,Drill lubrication oil channels and grease nipple ports
4110000400,A-10180,CROSS HEAD - 90 TON,4001003600,11204,CROSS HEAD - 90 TON (CASTING),4,HT,Stress Relieving & Normalizing Heat Treatment,2,VEN0000004,Gujarat Heat Treaters & Nitriding,Furnace normalize at 550°C to relieve internal stresses
4110000400,A-10180,CROSS HEAD - 90 TON,4001003600,11204,CROSS HEAD - 90 TON (CASTING),5,BSH,Phosphor Bronze Bushing Press-Fit & Honing,1,VEN0000002,Apex Precision VMC Machinists,Hydraulic press-fit PB bushings and finish diamond hone to H7
4110000500,A-10175,CROSS HEAD LINK - 90 TON,4001004200,11207,CROSS HEAD LINK - 90 TON (CASTING),1,MCH,Heavy VMC Face & Profile Milling,2,VEN0000002,Apex Precision VMC Machinists,"Side faces, triangular profile and pivot bosses milled on 4-axis CNC"
4110000500,A-10175,CROSS HEAD LINK - 90 TON,4001004200,11207,CROSS HEAD LINK - 90 TON (CASTING),2,BOR,Precision CNC Line Boring (H7),2,VEN0000002,Apex Precision VMC Machinists,Line bore pivot pin holes with 0.015mm center-to-center pitch accuracy
4110000500,A-10175,CROSS HEAD LINK - 90 TON,4001004200,11207,CROSS HEAD LINK - 90 TON (CASTING),3,DRL,CNC Pattern Drilling & Tapping (PCD),1,VEN0000002,Apex Precision VMC Machinists,Drill lubrication oil channels and grease nipple ports
4110000500,A-10175,CROSS HEAD LINK - 90 TON,4001004200,11207,CROSS HEAD LINK - 90 TON (CASTING),4,HT,Stress Relieving & Normalizing Heat Treatment,2,VEN0000004,Gujarat Heat Treaters & Nitriding,Furnace normalize at 550°C to relieve internal stresses
4110000500,A-10175,CROSS HEAD LINK - 90 TON,4001004200,11207,CROSS HEAD LINK - 90 TON (CASTING),5,BSH,Phosphor Bronze Bushing Press-Fit & Honing,1,VEN0000002,Apex Precision VMC Machinists,Hydraulic press-fit PB bushings and finish diamond hone to H7
4110000600,A-10155,BINARY LINK - 90 TON,4001004800,11205,BINARY LINK - 90 TON (CASTING),1,MCH,Heavy VMC Face & Profile Milling,2,VEN0000002,Apex Precision VMC Machinists,"Side faces, triangular profile and pivot bosses milled on 4-axis CNC"
4110000600,A-10155,BINARY LINK - 90 TON,4001004800,11205,BINARY LINK - 90 TON (CASTING),2,BOR,Precision CNC Line Boring (H7),2,VEN0000002,Apex Precision VMC Machinists,Line bore pivot pin holes with 0.015mm center-to-center pitch accuracy
4110000600,A-10155,BINARY LINK - 90 TON,4001004800,11205,BINARY LINK - 90 TON (CASTING),3,DRL,CNC Pattern Drilling & Tapping (PCD),1,VEN0000002,Apex Precision VMC Machinists,Drill lubrication oil channels and grease nipple ports
4110000600,A-10155,BINARY LINK - 90 TON,4001004800,11205,BINARY LINK - 90 TON (CASTING),4,HT,Stress Relieving & Normalizing Heat Treatment,2,VEN0000004,Gujarat Heat Treaters & Nitriding,Furnace normalize at 550°C to relieve internal stresses
4110000600,A-10155,BINARY LINK - 90 TON,4001004800,11205,BINARY LINK - 90 TON (CASTING),5,BSH,Phosphor Bronze Bushing Press-Fit & Honing,1,VEN0000002,Apex Precision VMC Machinists,Hydraulic press-fit PB bushings and finish diamond hone to H7
4110000700,A-10170,TERNARY LINK - 90 TON,4001005400,11206,TERNARY LINK - 90 TON (CASTING),1,MCH,Heavy VMC Face & Profile Milling,2,VEN0000002,Apex Precision VMC Machinists,"Side faces, triangular profile and pivot bosses milled on 4-axis CNC"
4110000700,A-10170,TERNARY LINK - 90 TON,4001005400,11206,TERNARY LINK - 90 TON (CASTING),2,BOR,Precision CNC Line Boring (H7),2,VEN0000002,Apex Precision VMC Machinists,Line bore pivot pin holes with 0.015mm center-to-center pitch accuracy
4110000700,A-10170,TERNARY LINK - 90 TON,4001005400,11206,TERNARY LINK - 90 TON (CASTING),3,DRL,CNC Pattern Drilling & Tapping (PCD),1,VEN0000002,Apex Precision VMC Machinists,Drill lubrication oil channels and grease nipple ports
4110000700,A-10170,TERNARY LINK - 90 TON,4001005400,11206,TERNARY LINK - 90 TON (CASTING),4,HT,Stress Relieving & Normalizing Heat Treatment,2,VEN0000004,Gujarat Heat Treaters & Nitriding,Furnace normalize at 550°C to relieve internal stresses
4110000700,A-10170,TERNARY LINK - 90 TON,4001005400,11206,TERNARY LINK - 90 TON (CASTING),5,BSH,Phosphor Bronze Bushing Press-Fit & Honing,1,VEN0000002,Apex Precision VMC Machinists,Hydraulic press-fit PB bushings and finish diamond hone to H7
4110000800,A-10168,TERNARY LINK RH - 90 TON,4001005400,11206,TERNARY LINK - 90 TON (CASTING),1,MCH,Heavy VMC Face & Profile Milling,2,VEN0000002,Apex Precision VMC Machinists,"Side faces, triangular profile and pivot bosses milled on 4-axis CNC"
4110000800,A-10168,TERNARY LINK RH - 90 TON,4001005400,11206,TERNARY LINK - 90 TON (CASTING),2,BOR,Precision CNC Line Boring (H7),2,VEN0000002,Apex Precision VMC Machinists,Line bore pivot pin holes with 0.015mm center-to-center pitch accuracy
4110000800,A-10168,TERNARY LINK RH - 90 TON,4001005400,11206,TERNARY LINK - 90 TON (CASTING),3,DRL,CNC Pattern Drilling & Tapping (PCD),1,VEN0000002,Apex Precision VMC Machinists,Drill lubrication oil channels and grease nipple ports
4110000800,A-10168,TERNARY LINK RH - 90 TON,4001005400,11206,TERNARY LINK - 90 TON (CASTING),4,HT,Stress Relieving & Normalizing Heat Treatment,2,VEN0000004,Gujarat Heat Treaters & Nitriding,Furnace normalize at 550°C to relieve internal stresses
4110000800,A-10168,TERNARY LINK RH - 90 TON,4001005400,11206,TERNARY LINK - 90 TON (CASTING),5,BSH,Phosphor Bronze Bushing Press-Fit & Honing,1,VEN0000002,Apex Precision VMC Machinists,Hydraulic press-fit PB bushings and finish diamond hone to H7
4110000900,A-10169,TERNARY LINK LH - 90 TON,4001005400,11206,TERNARY LINK - 90 TON (CASTING),1,MCH,Heavy VMC Face & Profile Milling,2,VEN0000002,Apex Precision VMC Machinists,"Side faces, triangular profile and pivot bosses milled on 4-axis CNC"
4110000900,A-10169,TERNARY LINK LH - 90 TON,4001005400,11206,TERNARY LINK - 90 TON (CASTING),2,BOR,Precision CNC Line Boring (H7),2,VEN0000002,Apex Precision VMC Machinists,Line bore pivot pin holes with 0.015mm center-to-center pitch accuracy
4110000900,A-10169,TERNARY LINK LH - 90 TON,4001005400,11206,TERNARY LINK - 90 TON (CASTING),3,DRL,CNC Pattern Drilling & Tapping (PCD),1,VEN0000002,Apex Precision VMC Machinists,Drill lubrication oil channels and grease nipple ports
4110000900,A-10169,TERNARY LINK LH - 90 TON,4001005400,11206,TERNARY LINK - 90 TON (CASTING),4,HT,Stress Relieving & Normalizing Heat Treatment,2,VEN0000004,Gujarat Heat Treaters & Nitriding,Furnace normalize at 550°C to relieve internal stresses
4110000900,A-10169,TERNARY LINK LH - 90 TON,4001005400,11206,TERNARY LINK - 90 TON (CASTING),5,BSH,Phosphor Bronze Bushing Press-Fit & Honing,1,VEN0000002,Apex Precision VMC Machinists,Hydraulic press-fit PB bushings and finish diamond hone to H7
4110001000,A-10255,GEAR NUT RETAINER - 90 TON,,,RAW FORGING / BAR STOCK FOR GEAR NUT RETAINER - 90 TON,1,MCH,Heavy VMC Face & Profile Milling,2,VEN0000002,Apex Precision VMC Machinists,Precision CNC 4-axis profile milling and contour machining as per drawing
4110001000,A-10255,GEAR NUT RETAINER - 90 TON,,,RAW FORGING / BAR STOCK FOR GEAR NUT RETAINER - 90 TON,2,DRL,CNC Pattern Drilling & Tapping (PCD),1,VEN0000002,Apex Precision VMC Machinists,CNC pattern drilling and precision thread tapping
4110001000,A-10255,GEAR NUT RETAINER - 90 TON,,,RAW FORGING / BAR STOCK FOR GEAR NUT RETAINER - 90 TON,3,GRD,Precision Cylindrical & Surface Grinding,1,VEN0000006,Sardar Cylindrical & Surface Grinding,Finish surface grinding to specified Ra value and de-burring
4110001100,A-10223,EJECTOR PLATE  TOGGLE - 90 TON,,,RAW FORGING / BAR STOCK FOR EJECTOR PLATE  TOGGLE - 90 TON,1,MCH,Heavy VMC Face & Profile Milling,2,VEN0000002,Apex Precision VMC Machinists,Precision CNC 4-axis profile milling and contour machining as per drawing
4110001100,A-10223,EJECTOR PLATE  TOGGLE - 90 TON,,,RAW FORGING / BAR STOCK FOR EJECTOR PLATE  TOGGLE - 90 TON,2,DRL,CNC Pattern Drilling & Tapping (PCD),1,VEN0000002,Apex Precision VMC Machinists,CNC pattern drilling and precision thread tapping
4110001100,A-10223,EJECTOR PLATE  TOGGLE - 90 TON,,,RAW FORGING / BAR STOCK FOR EJECTOR PLATE  TOGGLE - 90 TON,3,GRD,Precision Cylindrical & Surface Grinding,1,VEN0000006,Sardar Cylindrical & Surface Grinding,Finish surface grinding to specified Ra value and de-burring
4110001200,A-10263,DIE HEIGHT MOTOR MTG BRACKET - 90 TON,,,RAW FORGING / BAR STOCK FOR DIE HEIGHT MOTOR MTG BRACKET - 90 TON,1,MCH,Heavy VMC Face & Profile Milling,2,VEN0000002,Apex Precision VMC Machinists,Precision CNC 4-axis profile milling and contour machining as per drawing
4110001200,A-10263,DIE HEIGHT MOTOR MTG BRACKET - 90 TON,,,RAW FORGING / BAR STOCK FOR DIE HEIGHT MOTOR MTG BRACKET - 90 TON,2,DRL,CNC Pattern Drilling & Tapping (PCD),1,VEN0000002,Apex Precision VMC Machinists,CNC pattern drilling and precision thread tapping
4110001200,A-10263,DIE HEIGHT MOTOR MTG BRACKET - 90 TON,,,RAW FORGING / BAR STOCK FOR DIE HEIGHT MOTOR MTG BRACKET - 90 TON,3,GRD,Precision Cylindrical & Surface Grinding,1,VEN0000006,Sardar Cylindrical & Surface Grinding,Finish surface grinding to specified Ra value and de-burring
4010100200,A-10260,SUN GEAR - 90 TON (MODULE-3 TEETH-159),,,RAW FORGING / BAR STOCK FOR SUN GEAR - 90 TON (MODULE-3 TEETH-159),1,MCH,Heavy VMC Face & Profile Milling,2,VEN0000002,Apex Precision VMC Machinists,Precision CNC 4-axis profile milling and contour machining as per drawing
4010100200,A-10260,SUN GEAR - 90 TON (MODULE-3 TEETH-159),,,RAW FORGING / BAR STOCK FOR SUN GEAR - 90 TON (MODULE-3 TEETH-159),2,DRL,CNC Pattern Drilling & Tapping (PCD),1,VEN0000002,Apex Precision VMC Machinists,CNC pattern drilling and precision thread tapping
4010100200,A-10260,SUN GEAR - 90 TON (MODULE-3 TEETH-159),,,RAW FORGING / BAR STOCK FOR SUN GEAR - 90 TON (MODULE-3 TEETH-159),3,GRD,Precision Cylindrical & Surface Grinding,1,VEN0000006,Sardar Cylindrical & Surface Grinding,Finish surface grinding to specified Ra value and de-burring
4120000100,A-10136,TIE BAR Ø65 - 90 TON TOGGLE,,,EN19 / 42CrMo4 ROUND BAR (FORGED) FOR TIE BAR Ø65 - 90 TON TOGGLE,1,MCH,Heavy VMC Face & Profile Milling,3,VEN0000002,Apex Precision VMC Machinists,Rough & finish turn outer diameters and cut buttress tie bar threads
4120000100,A-10136,TIE BAR Ø65 - 90 TON TOGGLE,,,EN19 / 42CrMo4 ROUND BAR (FORGED) FOR TIE BAR Ø65 - 90 TON TOGGLE,2,IND,Medium Frequency Induction Hardening,2,VEN0000004,Gujarat Heat Treaters & Nitriding,Induction harden guide zones to 52-56 HRC (depth 2.5-3.0mm)
4120000100,A-10136,TIE BAR Ø65 - 90 TON TOGGLE,,,EN19 / 42CrMo4 ROUND BAR (FORGED) FOR TIE BAR Ø65 - 90 TON TOGGLE,3,GRD,Precision Cylindrical & Surface Grinding,2,VEN0000006,Sardar Cylindrical & Surface Grinding,Precision cylindrical grind to Ra 0.2 µm with 0.01mm total runout
4120000100,A-10136,TIE BAR Ø65 - 90 TON TOGGLE,,,EN19 / 42CrMo4 ROUND BAR (FORGED) FOR TIE BAR Ø65 - 90 TON TOGGLE,4,PLT,Hard Chrome Plating (25-30 Microns),2,VEN0000007,Hard Chrome Plating Corporation,Hard chrome plate 25-30 microns and micro-polish to mirror finish
4120000200,A-10126,TIE BAR LOCATING PLATE - 90 TON,,,RAW FORGING / BAR STOCK FOR TIE BAR LOCATING PLATE - 90 TON,1,MCH,Heavy VMC Face & Profile Milling,3,VEN0000002,Apex Precision VMC Machinists,Rough & finish turn outer diameters and cut buttress tie bar threads
4120000200,A-10126,TIE BAR LOCATING PLATE - 90 TON,,,RAW FORGING / BAR STOCK FOR TIE BAR LOCATING PLATE - 90 TON,2,IND,Medium Frequency Induction Hardening,2,VEN0000004,Gujarat Heat Treaters & Nitriding,Induction harden guide zones to 52-56 HRC (depth 2.5-3.0mm)
4120000200,A-10126,TIE BAR LOCATING PLATE - 90 TON,,,RAW FORGING / BAR STOCK FOR TIE BAR LOCATING PLATE - 90 TON,3,GRD,Precision Cylindrical & Surface Grinding,2,VEN0000006,Sardar Cylindrical & Surface Grinding,Precision cylindrical grind to Ra 0.2 µm with 0.01mm total runout
4120000200,A-10126,TIE BAR LOCATING PLATE - 90 TON,,,RAW FORGING / BAR STOCK FOR TIE BAR LOCATING PLATE - 90 TON,4,PLT,Hard Chrome Plating (25-30 Microns),2,VEN0000007,Hard Chrome Plating Corporation,Hard chrome plate 25-30 microns and micro-polish to mirror finish
4120000300,A-10334,TOGGLE SMALL PIN Ø30 - 90 TON,,,RAW FORGING / BAR STOCK FOR TOGGLE SMALL PIN Ø30 - 90 TON,1,MCH,Heavy VMC Face & Profile Milling,2,VEN0000002,Apex Precision VMC Machinists,Precision CNC 4-axis profile milling and contour machining as per drawing
4120000300,A-10334,TOGGLE SMALL PIN Ø30 - 90 TON,,,RAW FORGING / BAR STOCK FOR TOGGLE SMALL PIN Ø30 - 90 TON,2,DRL,CNC Pattern Drilling & Tapping (PCD),1,VEN0000002,Apex Precision VMC Machinists,CNC pattern drilling and precision thread tapping
4120000300,A-10334,TOGGLE SMALL PIN Ø30 - 90 TON,,,RAW FORGING / BAR STOCK FOR TOGGLE SMALL PIN Ø30 - 90 TON,3,GRD,Precision Cylindrical & Surface Grinding,1,VEN0000006,Sardar Cylindrical & Surface Grinding,Finish surface grinding to specified Ra value and de-burring
4120000400,A-10186,TOGGLE SMALL PIN LOCKING STRIP – 90 TON,,,RAW FORGING / BAR STOCK FOR TOGGLE SMALL PIN LOCKING STRIP – 90 TON,1,MCH,Heavy VMC Face & Profile Milling,2,VEN0000002,Apex Precision VMC Machinists,Precision CNC 4-axis profile milling and contour machining as per drawing
4120000400,A-10186,TOGGLE SMALL PIN LOCKING STRIP – 90 TON,,,RAW FORGING / BAR STOCK FOR TOGGLE SMALL PIN LOCKING STRIP – 90 TON,2,DRL,CNC Pattern Drilling & Tapping (PCD),1,VEN0000002,Apex Precision VMC Machinists,CNC pattern drilling and precision thread tapping
4120000400,A-10186,TOGGLE SMALL PIN LOCKING STRIP – 90 TON,,,RAW FORGING / BAR STOCK FOR TOGGLE SMALL PIN LOCKING STRIP – 90 TON,3,GRD,Precision Cylindrical & Surface Grinding,1,VEN0000006,Sardar Cylindrical & Surface Grinding,Finish surface grinding to specified Ra value and de-burring
4120000500,A-10329,TOGGLE BIG PIN Ø55 - 90 TON,,,RAW FORGING / BAR STOCK FOR TOGGLE BIG PIN Ø55 - 90 TON,1,MCH,Heavy VMC Face & Profile Milling,2,VEN0000002,Apex Precision VMC Machinists,Precision CNC 4-axis profile milling and contour machining as per drawing
4120000500,A-10329,TOGGLE BIG PIN Ø55 - 90 TON,,,RAW FORGING / BAR STOCK FOR TOGGLE BIG PIN Ø55 - 90 TON,2,DRL,CNC Pattern Drilling & Tapping (PCD),1,VEN0000002,Apex Precision VMC Machinists,CNC pattern drilling and precision thread tapping
4120000500,A-10329,TOGGLE BIG PIN Ø55 - 90 TON,,,RAW FORGING / BAR STOCK FOR TOGGLE BIG PIN Ø55 - 90 TON,3,GRD,Precision Cylindrical & Surface Grinding,1,VEN0000006,Sardar Cylindrical & Surface Grinding,Finish surface grinding to specified Ra value and de-burring
4120000600,A-10215,CROSS HEAD GUIDE ROD Ø45 - 90 TON,,,RAW FORGING / BAR STOCK FOR CROSS HEAD GUIDE ROD Ø45 - 90 TON,1,MCH,Heavy VMC Face & Profile Milling,2,VEN0000002,Apex Precision VMC Machinists,Precision CNC 4-axis profile milling and contour machining as per drawing
4120000600,A-10215,CROSS HEAD GUIDE ROD Ø45 - 90 TON,,,RAW FORGING / BAR STOCK FOR CROSS HEAD GUIDE ROD Ø45 - 90 TON,2,DRL,CNC Pattern Drilling & Tapping (PCD),1,VEN0000002,Apex Precision VMC Machinists,CNC pattern drilling and precision thread tapping
4120000600,A-10215,CROSS HEAD GUIDE ROD Ø45 - 90 TON,,,RAW FORGING / BAR STOCK FOR CROSS HEAD GUIDE ROD Ø45 - 90 TON,3,GRD,Precision Cylindrical & Surface Grinding,1,VEN0000006,Sardar Cylindrical & Surface Grinding,Finish surface grinding to specified Ra value and de-burring
4120000700,A-10220,CROSS HEAD GUIDE ROD LOCATING PLATE - 90 TON,,,RAW FORGING / BAR STOCK FOR CROSS HEAD GUIDE ROD LOCATING PLATE - 90 TON,1,MCH,Heavy VMC Face & Profile Milling,2,VEN0000002,Apex Precision VMC Machinists,Precision CNC 4-axis profile milling and contour machining as per drawing
4120000700,A-10220,CROSS HEAD GUIDE ROD LOCATING PLATE - 90 TON,,,RAW FORGING / BAR STOCK FOR CROSS HEAD GUIDE ROD LOCATING PLATE - 90 TON,2,DRL,CNC Pattern Drilling & Tapping (PCD),1,VEN0000002,Apex Precision VMC Machinists,CNC pattern drilling and precision thread tapping
4120000700,A-10220,CROSS HEAD GUIDE ROD LOCATING PLATE - 90 TON,,,RAW FORGING / BAR STOCK FOR CROSS HEAD GUIDE ROD LOCATING PLATE - 90 TON,3,GRD,Precision Cylindrical & Surface Grinding,1,VEN0000006,Sardar Cylindrical & Surface Grinding,Finish surface grinding to specified Ra value and de-burring
4120000800,A-10205,MOVING PLATE WIPER RETAINER - 90 TON,,,RAW FORGING / BAR STOCK FOR MOVING PLATE WIPER RETAINER - 90 TON,1,MCH,Heavy VMC Face & Profile Milling,2,VEN0000002,Apex Precision VMC Machinists,Precision CNC 4-axis profile milling and contour machining as per drawing
4120000800,A-10205,MOVING PLATE WIPER RETAINER - 90 TON,,,RAW FORGING / BAR STOCK FOR MOVING PLATE WIPER RETAINER - 90 TON,2,DRL,CNC Pattern Drilling & Tapping (PCD),1,VEN0000002,Apex Precision VMC Machinists,CNC pattern drilling and precision thread tapping
4120000800,A-10205,MOVING PLATE WIPER RETAINER - 90 TON,,,RAW FORGING / BAR STOCK FOR MOVING PLATE WIPER RETAINER - 90 TON,3,GRD,Precision Cylindrical & Surface Grinding,1,VEN0000006,Sardar Cylindrical & Surface Grinding,Finish surface grinding to specified Ra value and de-burring
4120000900,A-10463,NOZZLE TIP LOCATING RING Ø160 - 90 TON,,,RAW FORGING / BAR STOCK FOR NOZZLE TIP LOCATING RING Ø160 - 90 TON,1,MCH,Heavy VMC Face & Profile Milling,2,VEN0000002,Apex Precision VMC Machinists,Precision CNC 4-axis profile milling and contour machining as per drawing
4120000900,A-10463,NOZZLE TIP LOCATING RING Ø160 - 90 TON,,,RAW FORGING / BAR STOCK FOR NOZZLE TIP LOCATING RING Ø160 - 90 TON,2,DRL,CNC Pattern Drilling & Tapping (PCD),1,VEN0000002,Apex Precision VMC Machinists,CNC pattern drilling and precision thread tapping
4120000900,A-10463,NOZZLE TIP LOCATING RING Ø160 - 90 TON,,,RAW FORGING / BAR STOCK FOR NOZZLE TIP LOCATING RING Ø160 - 90 TON,3,GRD,Precision Cylindrical & Surface Grinding,1,VEN0000006,Sardar Cylindrical & Surface Grinding,Finish surface grinding to specified Ra value and de-burring
4120001000,A-10221,EJECTOR CYLINDER MTG PLATE - 90 TON,,,RAW FORGING / BAR STOCK FOR EJECTOR CYLINDER MTG PLATE - 90 TON,1,MCH,Heavy VMC Face & Profile Milling,2,VEN0000002,Apex Precision VMC Machinists,Precision CNC 4-axis profile milling and contour machining as per drawing
4120001000,A-10221,EJECTOR CYLINDER MTG PLATE - 90 TON,,,RAW FORGING / BAR STOCK FOR EJECTOR CYLINDER MTG PLATE - 90 TON,2,DRL,CNC Pattern Drilling & Tapping (PCD),1,VEN0000002,Apex Precision VMC Machinists,CNC pattern drilling and precision thread tapping
4120001000,A-10221,EJECTOR CYLINDER MTG PLATE - 90 TON,,,RAW FORGING / BAR STOCK FOR EJECTOR CYLINDER MTG PLATE - 90 TON,3,GRD,Precision Cylindrical & Surface Grinding,1,VEN0000006,Sardar Cylindrical & Surface Grinding,Finish surface grinding to specified Ra value and de-burring
4120001100,A-10229,EJECTOR PLATE GUIDE ROD - 90 TON,,,RAW FORGING / BAR STOCK FOR EJECTOR PLATE GUIDE ROD - 90 TON,1,MCH,Heavy VMC Face & Profile Milling,2,VEN0000002,Apex Precision VMC Machinists,Precision CNC 4-axis profile milling and contour machining as per drawing
4120001100,A-10229,EJECTOR PLATE GUIDE ROD - 90 TON,,,RAW FORGING / BAR STOCK FOR EJECTOR PLATE GUIDE ROD - 90 TON,2,DRL,CNC Pattern Drilling & Tapping (PCD),1,VEN0000002,Apex Precision VMC Machinists,CNC pattern drilling and precision thread tapping
4120001100,A-10229,EJECTOR PLATE GUIDE ROD - 90 TON,,,RAW FORGING / BAR STOCK FOR EJECTOR PLATE GUIDE ROD - 90 TON,3,GRD,Precision Cylindrical & Surface Grinding,1,VEN0000006,Sardar Cylindrical & Surface Grinding,Finish surface grinding to specified Ra value and de-burring
4120001200,A-10261,SUN GEAR BEARING SUPPORT SHAFT,,,RAW FORGING / BAR STOCK FOR SUN GEAR BEARING SUPPORT SHAFT,1,MCH,Heavy VMC Face & Profile Milling,2,VEN0000002,Apex Precision VMC Machinists,Precision CNC 4-axis profile milling and contour machining as per drawing
4120001200,A-10261,SUN GEAR BEARING SUPPORT SHAFT,,,RAW FORGING / BAR STOCK FOR SUN GEAR BEARING SUPPORT SHAFT,2,DRL,CNC Pattern Drilling & Tapping (PCD),1,VEN0000002,Apex Precision VMC Machinists,CNC pattern drilling and precision thread tapping
4120001200,A-10261,SUN GEAR BEARING SUPPORT SHAFT,,,RAW FORGING / BAR STOCK FOR SUN GEAR BEARING SUPPORT SHAFT,3,GRD,Precision Cylindrical & Surface Grinding,1,VEN0000006,Sardar Cylindrical & Surface Grinding,Finish surface grinding to specified Ra value and de-burring
4010100100,A-10264,MOLD HEIGHT ADJUSTMENT GEAR - 90 TON (MODULE-3 TEETH-18),,,RAW FORGING / BAR STOCK FOR MOLD HEIGHT ADJUSTMENT GEAR - 90 TON (MODULE-3 TEETH-18),1,MCH,Heavy VMC Face & Profile Milling,2,VEN0000002,Apex Precision VMC Machinists,Precision CNC 4-axis profile milling and contour machining as per drawing
4010100100,A-10264,MOLD HEIGHT ADJUSTMENT GEAR - 90 TON (MODULE-3 TEETH-18),,,RAW FORGING / BAR STOCK FOR MOLD HEIGHT ADJUSTMENT GEAR - 90 TON (MODULE-3 TEETH-18),2,DRL,CNC Pattern Drilling & Tapping (PCD),1,VEN0000002,Apex Precision VMC Machinists,CNC pattern drilling and precision thread tapping
4010100100,A-10264,MOLD HEIGHT ADJUSTMENT GEAR - 90 TON (MODULE-3 TEETH-18),,,RAW FORGING / BAR STOCK FOR MOLD HEIGHT ADJUSTMENT GEAR - 90 TON (MODULE-3 TEETH-18),3,GRD,Precision Cylindrical & Surface Grinding,1,VEN0000006,Sardar Cylindrical & Surface Grinding,Finish surface grinding to specified Ra value and de-burring
4020100100,A-10089,TIE BAR NUT M65 X 3 - 90 TON TOGGLE,,,RAW FORGING / BAR STOCK FOR TIE BAR NUT M65 X 3 - 90 TON TOGGLE,1,MCH,Heavy VMC Face & Profile Milling,3,VEN0000002,Apex Precision VMC Machinists,Rough & finish turn outer diameters and cut buttress tie bar threads
4020100100,A-10089,TIE BAR NUT M65 X 3 - 90 TON TOGGLE,,,RAW FORGING / BAR STOCK FOR TIE BAR NUT M65 X 3 - 90 TON TOGGLE,2,IND,Medium Frequency Induction Hardening,2,VEN0000004,Gujarat Heat Treaters & Nitriding,Induction harden guide zones to 52-56 HRC (depth 2.5-3.0mm)
4020100100,A-10089,TIE BAR NUT M65 X 3 - 90 TON TOGGLE,,,RAW FORGING / BAR STOCK FOR TIE BAR NUT M65 X 3 - 90 TON TOGGLE,3,GRD,Precision Cylindrical & Surface Grinding,2,VEN0000006,Sardar Cylindrical & Surface Grinding,Precision cylindrical grind to Ra 0.2 µm with 0.01mm total runout
4020100100,A-10089,TIE BAR NUT M65 X 3 - 90 TON TOGGLE,,,RAW FORGING / BAR STOCK FOR TIE BAR NUT M65 X 3 - 90 TON TOGGLE,4,PLT,Hard Chrome Plating (25-30 Microns),2,VEN0000007,Hard Chrome Plating Corporation,Hard chrome plate 25-30 microns and micro-polish to mirror finish
4010100800,A-10241,GEAR NUT - 90 TON (MODULE-3 TEETH-46),,,RAW FORGING / BAR STOCK FOR GEAR NUT - 90 TON (MODULE-3 TEETH-46),1,MCH,Heavy VMC Face & Profile Milling,2,VEN0000002,Apex Precision VMC Machinists,Precision CNC 4-axis profile milling and contour machining as per drawing
4010100800,A-10241,GEAR NUT - 90 TON (MODULE-3 TEETH-46),,,RAW FORGING / BAR STOCK FOR GEAR NUT - 90 TON (MODULE-3 TEETH-46),2,DRL,CNC Pattern Drilling & Tapping (PCD),1,VEN0000002,Apex Precision VMC Machinists,CNC pattern drilling and precision thread tapping
4010100800,A-10241,GEAR NUT - 90 TON (MODULE-3 TEETH-46),,,RAW FORGING / BAR STOCK FOR GEAR NUT - 90 TON (MODULE-3 TEETH-46),3,GRD,Precision Cylindrical & Surface Grinding,1,VEN0000006,Sardar Cylindrical & Surface Grinding,Finish surface grinding to specified Ra value and de-burring
4030100100,A-10246,GEAR NUT SPACER - 90 TON,,,RAW FORGING / BAR STOCK FOR GEAR NUT SPACER - 90 TON,1,MCH,Heavy VMC Face & Profile Milling,2,VEN0000002,Apex Precision VMC Machinists,Precision CNC 4-axis profile milling and contour machining as per drawing
4030100100,A-10246,GEAR NUT SPACER - 90 TON,,,RAW FORGING / BAR STOCK FOR GEAR NUT SPACER - 90 TON,2,DRL,CNC Pattern Drilling & Tapping (PCD),1,VEN0000002,Apex Precision VMC Machinists,CNC pattern drilling and precision thread tapping
4030100100,A-10246,GEAR NUT SPACER - 90 TON,,,RAW FORGING / BAR STOCK FOR GEAR NUT SPACER - 90 TON,3,GRD,Precision Cylindrical & Surface Grinding,1,VEN0000006,Sardar Cylindrical & Surface Grinding,Finish surface grinding to specified Ra value and de-burring
4030200100,A-10262,SP WASHER Ø35 X Ø12.5 X 10 THK,,,RAW FORGING / BAR STOCK FOR SP WASHER Ø35 X Ø12.5 X 10 THK,1,MCH,Heavy VMC Face & Profile Milling,2,VEN0000002,Apex Precision VMC Machinists,Precision CNC 4-axis profile milling and contour machining as per drawing
4030200100,A-10262,SP WASHER Ø35 X Ø12.5 X 10 THK,,,RAW FORGING / BAR STOCK FOR SP WASHER Ø35 X Ø12.5 X 10 THK,2,DRL,CNC Pattern Drilling & Tapping (PCD),1,VEN0000002,Apex Precision VMC Machinists,CNC pattern drilling and precision thread tapping
4030200100,A-10262,SP WASHER Ø35 X Ø12.5 X 10 THK,,,RAW FORGING / BAR STOCK FOR SP WASHER Ø35 X Ø12.5 X 10 THK,3,GRD,Precision Cylindrical & Surface Grinding,1,VEN0000006,Sardar Cylindrical & Surface Grinding,Finish surface grinding to specified Ra value and de-burring
4040100100,A-10206,MOVING PLATE BUSH Ø80 X Ø65 X 40LG - 90 TON,,,RAW FORGING / BAR STOCK FOR MOVING PLATE BUSH Ø80 X Ø65 X 40LG - 90 TON,1,MCH,Heavy VMC Face & Profile Milling,2,VEN0000002,Apex Precision VMC Machinists,Precision CNC 4-axis profile milling and contour machining as per drawing
4040100100,A-10206,MOVING PLATE BUSH Ø80 X Ø65 X 40LG - 90 TON,,,RAW FORGING / BAR STOCK FOR MOVING PLATE BUSH Ø80 X Ø65 X 40LG - 90 TON,2,DRL,CNC Pattern Drilling & Tapping (PCD),1,VEN0000002,Apex Precision VMC Machinists,CNC pattern drilling and precision thread tapping
4040100100,A-10206,MOVING PLATE BUSH Ø80 X Ø65 X 40LG - 90 TON,,,RAW FORGING / BAR STOCK FOR MOVING PLATE BUSH Ø80 X Ø65 X 40LG - 90 TON,3,GRD,Precision Cylindrical & Surface Grinding,1,VEN0000006,Sardar Cylindrical & Surface Grinding,Finish surface grinding to specified Ra value and de-burring
4040100700,A-10985,CROSS HEAD BUSH Ø55 X Ø45 X 30LG - 90 TON,,,RAW FORGING / BAR STOCK FOR CROSS HEAD BUSH Ø55 X Ø45 X 30LG - 90 TON,1,MCH,Heavy VMC Face & Profile Milling,2,VEN0000002,Apex Precision VMC Machinists,Precision CNC 4-axis profile milling and contour machining as per drawing
4040100700,A-10985,CROSS HEAD BUSH Ø55 X Ø45 X 30LG - 90 TON,,,RAW FORGING / BAR STOCK FOR CROSS HEAD BUSH Ø55 X Ø45 X 30LG - 90 TON,2,DRL,CNC Pattern Drilling & Tapping (PCD),1,VEN0000002,Apex Precision VMC Machinists,CNC pattern drilling and precision thread tapping
4040100700,A-10985,CROSS HEAD BUSH Ø55 X Ø45 X 30LG - 90 TON,,,RAW FORGING / BAR STOCK FOR CROSS HEAD BUSH Ø55 X Ø45 X 30LG - 90 TON,3,GRD,Precision Cylindrical & Surface Grinding,1,VEN0000006,Sardar Cylindrical & Surface Grinding,Finish surface grinding to specified Ra value and de-burring
4040200100,A-10191,TOGGLE SMALL GRAPHITE BUSH Ø40 X Ø30 X 55LG - 90 TON,,,RAW FORGING / BAR STOCK FOR TOGGLE SMALL GRAPHITE BUSH Ø40 X Ø30 X 55LG - 90 TON,1,MCH,Heavy VMC Face & Profile Milling,2,VEN0000002,Apex Precision VMC Machinists,Precision CNC 4-axis profile milling and contour machining as per drawing
4040200100,A-10191,TOGGLE SMALL GRAPHITE BUSH Ø40 X Ø30 X 55LG - 90 TON,,,RAW FORGING / BAR STOCK FOR TOGGLE SMALL GRAPHITE BUSH Ø40 X Ø30 X 55LG - 90 TON,2,DRL,CNC Pattern Drilling & Tapping (PCD),1,VEN0000002,Apex Precision VMC Machinists,CNC pattern drilling and precision thread tapping
4040200100,A-10191,TOGGLE SMALL GRAPHITE BUSH Ø40 X Ø30 X 55LG - 90 TON,,,RAW FORGING / BAR STOCK FOR TOGGLE SMALL GRAPHITE BUSH Ø40 X Ø30 X 55LG - 90 TON,3,GRD,Precision Cylindrical & Surface Grinding,1,VEN0000006,Sardar Cylindrical & Surface Grinding,Finish surface grinding to specified Ra value and de-burring
4040200700,A-10196,TOGGLE BIG GRAPHITE BUSH Ø70 X Ø55 X 60LG - 90 TON,,,RAW FORGING / BAR STOCK FOR TOGGLE BIG GRAPHITE BUSH Ø70 X Ø55 X 60LG - 90 TON,1,MCH,Heavy VMC Face & Profile Milling,2,VEN0000002,Apex Precision VMC Machinists,Precision CNC 4-axis profile milling and contour machining as per drawing
4040200700,A-10196,TOGGLE BIG GRAPHITE BUSH Ø70 X Ø55 X 60LG - 90 TON,,,RAW FORGING / BAR STOCK FOR TOGGLE BIG GRAPHITE BUSH Ø70 X Ø55 X 60LG - 90 TON,2,DRL,CNC Pattern Drilling & Tapping (PCD),1,VEN0000002,Apex Precision VMC Machinists,CNC pattern drilling and precision thread tapping
4040200700,A-10196,TOGGLE BIG GRAPHITE BUSH Ø70 X Ø55 X 60LG - 90 TON,,,RAW FORGING / BAR STOCK FOR TOGGLE BIG GRAPHITE BUSH Ø70 X Ø55 X 60LG - 90 TON,3,GRD,Precision Cylindrical & Surface Grinding,1,VEN0000006,Sardar Cylindrical & Surface Grinding,Finish surface grinding to specified Ra value and de-burring
4110001900,A-10144,STATIONARY PLATE TOGGLE - 110 TON,4001000200,12201,STATIONARY PLATE TOGGLE - 110 TON (CASTING),1,MCH,Heavy VMC Face & Profile Milling,2,VEN0000002,Apex Precision VMC Machinists,Rough & finish top/bottom platen face to 0.02mm flat
4110001900,A-10144,STATIONARY PLATE TOGGLE - 110 TON,4001000200,12201,STATIONARY PLATE TOGGLE - 110 TON (CASTING),2,BOR,Precision CNC Line Boring (H7),3,VEN0000002,Apex Precision VMC Machinists,Bore 4x Tie bar holes to H7 tolerance
4110001900,A-10144,STATIONARY PLATE TOGGLE - 110 TON,4001000200,12201,STATIONARY PLATE TOGGLE - 110 TON (CASTING),3,DRL,CNC Pattern Drilling & Tapping (PCD),1,VEN0000002,Apex Precision VMC Machinists,M16/M20 mould clamp tapped holes as per drawing
4110001900,A-10144,STATIONARY PLATE TOGGLE - 110 TON,4001000200,12201,STATIONARY PLATE TOGGLE - 110 TON (CASTING),4,HT,Stress Relieving & Normalizing Heat Treatment,2,VEN0000004,Gujarat Heat Treaters & Nitriding,Normalize thermal stress at 550°C
4110001900,A-10144,STATIONARY PLATE TOGGLE - 110 TON,4001000200,12201,STATIONARY PLATE TOGGLE - 110 TON (CASTING),5,GRD,Precision Cylindrical & Surface Grinding,1,VEN0000006,Sardar Cylindrical & Surface Grinding,Precision surface grind to Ra 0.4 µm & rust preventive oil
4110002000,A-10149,MOVING PLATE TOGGLE - 110 TON,4001001300,12202,MOVING PLATE TOGGLE - 110 TON (CASTING),1,MCH,Heavy VMC Face & Profile Milling,2,VEN0000002,Apex Precision VMC Machinists,Rough & finish top/bottom platen face to 0.02mm flat
4110002000,A-10149,MOVING PLATE TOGGLE - 110 TON,4001001300,12202,MOVING PLATE TOGGLE - 110 TON (CASTING),2,BOR,Precision CNC Line Boring (H7),3,VEN0000002,Apex Precision VMC Machinists,Bore 4x Tie bar holes to H7 tolerance
4110002000,A-10149,MOVING PLATE TOGGLE - 110 TON,4001001300,12202,MOVING PLATE TOGGLE - 110 TON (CASTING),3,DRL,CNC Pattern Drilling & Tapping (PCD),1,VEN0000002,Apex Precision VMC Machinists,M16/M20 mould clamp tapped holes as per drawing
4110002000,A-10149,MOVING PLATE TOGGLE - 110 TON,4001001300,12202,MOVING PLATE TOGGLE - 110 TON (CASTING),4,HT,Stress Relieving & Normalizing Heat Treatment,2,VEN0000004,Gujarat Heat Treaters & Nitriding,Normalize thermal stress at 550°C
4110002000,A-10149,MOVING PLATE TOGGLE - 110 TON,4001001300,12202,MOVING PLATE TOGGLE - 110 TON (CASTING),5,GRD,Precision Cylindrical & Surface Grinding,1,VEN0000006,Sardar Cylindrical & Surface Grinding,Precision surface grind to Ra 0.4 µm & rust preventive oil
4110002100,A-10184,END PLATE - 110 TON,4001002400,12203,END PLATE - 110 TON (CASTING),1,MCH,Heavy VMC Face & Profile Milling,2,VEN0000002,Apex Precision VMC Machinists,Rough & finish top/bottom platen face to 0.02mm flat
4110002100,A-10184,END PLATE - 110 TON,4001002400,12203,END PLATE - 110 TON (CASTING),2,BOR,Precision CNC Line Boring (H7),3,VEN0000002,Apex Precision VMC Machinists,Bore 4x Tie bar holes to H7 tolerance
4110002100,A-10184,END PLATE - 110 TON,4001002400,12203,END PLATE - 110 TON (CASTING),3,DRL,CNC Pattern Drilling & Tapping (PCD),1,VEN0000002,Apex Precision VMC Machinists,M16/M20 mould clamp tapped holes as per drawing
4110002100,A-10184,END PLATE - 110 TON,4001002400,12203,END PLATE - 110 TON (CASTING),4,HT,Stress Relieving & Normalizing Heat Treatment,2,VEN0000004,Gujarat Heat Treaters & Nitriding,Normalize thermal stress at 550°C
4110002100,A-10184,END PLATE - 110 TON,4001002400,12203,END PLATE - 110 TON (CASTING),5,GRD,Precision Cylindrical & Surface Grinding,1,VEN0000006,Sardar Cylindrical & Surface Grinding,Precision surface grind to Ra 0.4 µm & rust preventive oil
4110002200,A-10179,CROSS HEAD - 110 TON,4001003700,12204,CROSS HEAD - 110 TON (CASTING),1,MCH,Heavy VMC Face & Profile Milling,2,VEN0000002,Apex Precision VMC Machinists,"Side faces, triangular profile and pivot bosses milled on 4-axis CNC"
4110002200,A-10179,CROSS HEAD - 110 TON,4001003700,12204,CROSS HEAD - 110 TON (CASTING),2,BOR,Precision CNC Line Boring (H7),2,VEN0000002,Apex Precision VMC Machinists,Line bore pivot pin holes with 0.015mm center-to-center pitch accuracy
4110002200,A-10179,CROSS HEAD - 110 TON,4001003700,12204,CROSS HEAD - 110 TON (CASTING),3,DRL,CNC Pattern Drilling & Tapping (PCD),1,VEN0000002,Apex Precision VMC Machinists,Drill lubrication oil channels and grease nipple ports
4110002200,A-10179,CROSS HEAD - 110 TON,4001003700,12204,CROSS HEAD - 110 TON (CASTING),4,HT,Stress Relieving & Normalizing Heat Treatment,2,VEN0000004,Gujarat Heat Treaters & Nitriding,Furnace normalize at 550°C to relieve internal stresses
4110002200,A-10179,CROSS HEAD - 110 TON,4001003700,12204,CROSS HEAD - 110 TON (CASTING),5,BSH,Phosphor Bronze Bushing Press-Fit & Honing,1,VEN0000002,Apex Precision VMC Machinists,Hydraulic press-fit PB bushings and finish diamond hone to H7
4110002300,A-10174,CROSS HEAD LINK - 110 TON,4001004300,12207,CROSS HEAD LINK - 110 TON (CASTING),1,MCH,Heavy VMC Face & Profile Milling,2,VEN0000002,Apex Precision VMC Machinists,"Side faces, triangular profile and pivot bosses milled on 4-axis CNC"
4110002300,A-10174,CROSS HEAD LINK - 110 TON,4001004300,12207,CROSS HEAD LINK - 110 TON (CASTING),2,BOR,Precision CNC Line Boring (H7),2,VEN0000002,Apex Precision VMC Machinists,Line bore pivot pin holes with 0.015mm center-to-center pitch accuracy
4110002300,A-10174,CROSS HEAD LINK - 110 TON,4001004300,12207,CROSS HEAD LINK - 110 TON (CASTING),3,DRL,CNC Pattern Drilling & Tapping (PCD),1,VEN0000002,Apex Precision VMC Machinists,Drill lubrication oil channels and grease nipple ports
4110002300,A-10174,CROSS HEAD LINK - 110 TON,4001004300,12207,CROSS HEAD LINK - 110 TON (CASTING),4,HT,Stress Relieving & Normalizing Heat Treatment,2,VEN0000004,Gujarat Heat Treaters & Nitriding,Furnace normalize at 550°C to relieve internal stresses
4110002300,A-10174,CROSS HEAD LINK - 110 TON,4001004300,12207,CROSS HEAD LINK - 110 TON (CASTING),5,BSH,Phosphor Bronze Bushing Press-Fit & Honing,1,VEN0000002,Apex Precision VMC Machinists,Hydraulic press-fit PB bushings and finish diamond hone to H7
4110002400,A-10154,BINARY LINK - 110 TON,4001004900,12205,BINARY LINK - 110 TON (CASTING),1,MCH,Heavy VMC Face & Profile Milling,2,VEN0000002,Apex Precision VMC Machinists,"Side faces, triangular profile and pivot bosses milled on 4-axis CNC"
4110002400,A-10154,BINARY LINK - 110 TON,4001004900,12205,BINARY LINK - 110 TON (CASTING),2,BOR,Precision CNC Line Boring (H7),2,VEN0000002,Apex Precision VMC Machinists,Line bore pivot pin holes with 0.015mm center-to-center pitch accuracy
4110002400,A-10154,BINARY LINK - 110 TON,4001004900,12205,BINARY LINK - 110 TON (CASTING),3,DRL,CNC Pattern Drilling & Tapping (PCD),1,VEN0000002,Apex Precision VMC Machinists,Drill lubrication oil channels and grease nipple ports
4110002400,A-10154,BINARY LINK - 110 TON,4001004900,12205,BINARY LINK - 110 TON (CASTING),4,HT,Stress Relieving & Normalizing Heat Treatment,2,VEN0000004,Gujarat Heat Treaters & Nitriding,Furnace normalize at 550°C to relieve internal stresses
4110002400,A-10154,BINARY LINK - 110 TON,4001004900,12205,BINARY LINK - 110 TON (CASTING),5,BSH,Phosphor Bronze Bushing Press-Fit & Honing,1,VEN0000002,Apex Precision VMC Machinists,Hydraulic press-fit PB bushings and finish diamond hone to H7
4110002500,A-10166,TERNARY LINK - 110 TON,4001005500,12206,TERNARY LINK - 110 TON (CASTING),1,MCH,Heavy VMC Face & Profile Milling,2,VEN0000002,Apex Precision VMC Machinists,"Side faces, triangular profile and pivot bosses milled on 4-axis CNC"
4110002500,A-10166,TERNARY LINK - 110 TON,4001005500,12206,TERNARY LINK - 110 TON (CASTING),2,BOR,Precision CNC Line Boring (H7),2,VEN0000002,Apex Precision VMC Machinists,Line bore pivot pin holes with 0.015mm center-to-center pitch accuracy
4110002500,A-10166,TERNARY LINK - 110 TON,4001005500,12206,TERNARY LINK - 110 TON (CASTING),3,DRL,CNC Pattern Drilling & Tapping (PCD),1,VEN0000002,Apex Precision VMC Machinists,Drill lubrication oil channels and grease nipple ports
4110002500,A-10166,TERNARY LINK - 110 TON,4001005500,12206,TERNARY LINK - 110 TON (CASTING),4,HT,Stress Relieving & Normalizing Heat Treatment,2,VEN0000004,Gujarat Heat Treaters & Nitriding,Furnace normalize at 550°C to relieve internal stresses
4110002500,A-10166,TERNARY LINK - 110 TON,4001005500,12206,TERNARY LINK - 110 TON (CASTING),5,BSH,Phosphor Bronze Bushing Press-Fit & Honing,1,VEN0000002,Apex Precision VMC Machinists,Hydraulic press-fit PB bushings and finish diamond hone to H7
4110002600,A-10165,TERNARY LINK RH - 110 TON,4001005500,12206,TERNARY LINK - 110 TON (CASTING),1,MCH,Heavy VMC Face & Profile Milling,2,VEN0000002,Apex Precision VMC Machinists,"Side faces, triangular profile and pivot bosses milled on 4-axis CNC"
4110002600,A-10165,TERNARY LINK RH - 110 TON,4001005500,12206,TERNARY LINK - 110 TON (CASTING),2,BOR,Precision CNC Line Boring (H7),2,VEN0000002,Apex Precision VMC Machinists,Line bore pivot pin holes with 0.015mm center-to-center pitch accuracy
4110002600,A-10165,TERNARY LINK RH - 110 TON,4001005500,12206,TERNARY LINK - 110 TON (CASTING),3,DRL,CNC Pattern Drilling & Tapping (PCD),1,VEN0000002,Apex Precision VMC Machinists,Drill lubrication oil channels and grease nipple ports
4110002600,A-10165,TERNARY LINK RH - 110 TON,4001005500,12206,TERNARY LINK - 110 TON (CASTING),4,HT,Stress Relieving & Normalizing Heat Treatment,2,VEN0000004,Gujarat Heat Treaters & Nitriding,Furnace normalize at 550°C to relieve internal stresses
4110002600,A-10165,TERNARY LINK RH - 110 TON,4001005500,12206,TERNARY LINK - 110 TON (CASTING),5,BSH,Phosphor Bronze Bushing Press-Fit & Honing,1,VEN0000002,Apex Precision VMC Machinists,Hydraulic press-fit PB bushings and finish diamond hone to H7
4110002700,A-10167,TERNARY LINK LH - 110 TON,4001005500,12206,TERNARY LINK - 110 TON (CASTING),1,MCH,Heavy VMC Face & Profile Milling,2,VEN0000002,Apex Precision VMC Machinists,"Side faces, triangular profile and pivot bosses milled on 4-axis CNC"
4110002700,A-10167,TERNARY LINK LH - 110 TON,4001005500,12206,TERNARY LINK - 110 TON (CASTING),2,BOR,Precision CNC Line Boring (H7),2,VEN0000002,Apex Precision VMC Machinists,Line bore pivot pin holes with 0.015mm center-to-center pitch accuracy
4110002700,A-10167,TERNARY LINK LH - 110 TON,4001005500,12206,TERNARY LINK - 110 TON (CASTING),3,DRL,CNC Pattern Drilling & Tapping (PCD),1,VEN0000002,Apex Precision VMC Machinists,Drill lubrication oil channels and grease nipple ports
4110002700,A-10167,TERNARY LINK LH - 110 TON,4001005500,12206,TERNARY LINK - 110 TON (CASTING),4,HT,Stress Relieving & Normalizing Heat Treatment,2,VEN0000004,Gujarat Heat Treaters & Nitriding,Furnace normalize at 550°C to relieve internal stresses
4110002700,A-10167,TERNARY LINK LH - 110 TON,4001005500,12206,TERNARY LINK - 110 TON (CASTING),5,BSH,Phosphor Bronze Bushing Press-Fit & Honing,1,VEN0000002,Apex Precision VMC Machinists,Hydraulic press-fit PB bushings and finish diamond hone to H7
4110002800,A-10254,GEAR NUT RETAINER - 110 TON,,,RAW FORGING / BAR STOCK FOR GEAR NUT RETAINER - 110 TON,1,MCH,Heavy VMC Face & Profile Milling,2,VEN0000002,Apex Precision VMC Machinists,Precision CNC 4-axis profile milling and contour machining as per drawing
4110002800,A-10254,GEAR NUT RETAINER - 110 TON,,,RAW FORGING / BAR STOCK FOR GEAR NUT RETAINER - 110 TON,2,DRL,CNC Pattern Drilling & Tapping (PCD),1,VEN0000002,Apex Precision VMC Machinists,CNC pattern drilling and precision thread tapping
4110002800,A-10254,GEAR NUT RETAINER - 110 TON,,,RAW FORGING / BAR STOCK FOR GEAR NUT RETAINER - 110 TON,3,GRD,Precision Cylindrical & Surface Grinding,1,VEN0000006,Sardar Cylindrical & Surface Grinding,Finish surface grinding to specified Ra value and de-burring
4010100300,A-10259,SUN GEAR - 110 TON (MODULE-3 TEETH-178),,,RAW FORGING / BAR STOCK FOR SUN GEAR - 110 TON (MODULE-3 TEETH-178),1,MCH,Heavy VMC Face & Profile Milling,2,VEN0000002,Apex Precision VMC Machinists,Precision CNC 4-axis profile milling and contour machining as per drawing
4010100300,A-10259,SUN GEAR - 110 TON (MODULE-3 TEETH-178),,,RAW FORGING / BAR STOCK FOR SUN GEAR - 110 TON (MODULE-3 TEETH-178),2,DRL,CNC Pattern Drilling & Tapping (PCD),1,VEN0000002,Apex Precision VMC Machinists,CNC pattern drilling and precision thread tapping
4010100300,A-10259,SUN GEAR - 110 TON (MODULE-3 TEETH-178),,,RAW FORGING / BAR STOCK FOR SUN GEAR - 110 TON (MODULE-3 TEETH-178),3,GRD,Precision Cylindrical & Surface Grinding,1,VEN0000006,Sardar Cylindrical & Surface Grinding,Finish surface grinding to specified Ra value and de-burring
4120006700,A-10137,TIE BAR Ø70 - 110 TON TOGGLE,,,EN19 / 42CrMo4 ROUND BAR (FORGED) FOR TIE BAR Ø70 - 110 TON TOGGLE,1,MCH,Heavy VMC Face & Profile Milling,3,VEN0000002,Apex Precision VMC Machinists,Rough & finish turn outer diameters and cut buttress tie bar threads
4120006700,A-10137,TIE BAR Ø70 - 110 TON TOGGLE,,,EN19 / 42CrMo4 ROUND BAR (FORGED) FOR TIE BAR Ø70 - 110 TON TOGGLE,2,IND,Medium Frequency Induction Hardening,2,VEN0000004,Gujarat Heat Treaters & Nitriding,Induction harden guide zones to 52-56 HRC (depth 2.5-3.0mm)
4120006700,A-10137,TIE BAR Ø70 - 110 TON TOGGLE,,,EN19 / 42CrMo4 ROUND BAR (FORGED) FOR TIE BAR Ø70 - 110 TON TOGGLE,3,GRD,Precision Cylindrical & Surface Grinding,2,VEN0000006,Sardar Cylindrical & Surface Grinding,Precision cylindrical grind to Ra 0.2 µm with 0.01mm total runout
4120006700,A-10137,TIE BAR Ø70 - 110 TON TOGGLE,,,EN19 / 42CrMo4 ROUND BAR (FORGED) FOR TIE BAR Ø70 - 110 TON TOGGLE,4,PLT,Hard Chrome Plating (25-30 Microns),2,VEN0000007,Hard Chrome Plating Corporation,Hard chrome plate 25-30 microns and micro-polish to mirror finish
4120006800,A-10127,TIE BAR LOCATING PLATE - 110 TON,,,RAW FORGING / BAR STOCK FOR TIE BAR LOCATING PLATE - 110 TON,1,MCH,Heavy VMC Face & Profile Milling,3,VEN0000002,Apex Precision VMC Machinists,Rough & finish turn outer diameters and cut buttress tie bar threads
4120006800,A-10127,TIE BAR LOCATING PLATE - 110 TON,,,RAW FORGING / BAR STOCK FOR TIE BAR LOCATING PLATE - 110 TON,2,IND,Medium Frequency Induction Hardening,2,VEN0000004,Gujarat Heat Treaters & Nitriding,Induction harden guide zones to 52-56 HRC (depth 2.5-3.0mm)
4120006800,A-10127,TIE BAR LOCATING PLATE - 110 TON,,,RAW FORGING / BAR STOCK FOR TIE BAR LOCATING PLATE - 110 TON,3,GRD,Precision Cylindrical & Surface Grinding,2,VEN0000006,Sardar Cylindrical & Surface Grinding,Precision cylindrical grind to Ra 0.2 µm with 0.01mm total runout
4120006800,A-10127,TIE BAR LOCATING PLATE - 110 TON,,,RAW FORGING / BAR STOCK FOR TIE BAR LOCATING PLATE - 110 TON,4,PLT,Hard Chrome Plating (25-30 Microns),2,VEN0000007,Hard Chrome Plating Corporation,Hard chrome plate 25-30 microns and micro-polish to mirror finish
4120006900,A-10335,TOGGLE SMALL PIN Ø35 - 110 TON,,,RAW FORGING / BAR STOCK FOR TOGGLE SMALL PIN Ø35 - 110 TON,1,MCH,Heavy VMC Face & Profile Milling,2,VEN0000002,Apex Precision VMC Machinists,Precision CNC 4-axis profile milling and contour machining as per drawing
4120006900,A-10335,TOGGLE SMALL PIN Ø35 - 110 TON,,,RAW FORGING / BAR STOCK FOR TOGGLE SMALL PIN Ø35 - 110 TON,2,DRL,CNC Pattern Drilling & Tapping (PCD),1,VEN0000002,Apex Precision VMC Machinists,CNC pattern drilling and precision thread tapping
4120006900,A-10335,TOGGLE SMALL PIN Ø35 - 110 TON,,,RAW FORGING / BAR STOCK FOR TOGGLE SMALL PIN Ø35 - 110 TON,3,GRD,Precision Cylindrical & Surface Grinding,1,VEN0000006,Sardar Cylindrical & Surface Grinding,Finish surface grinding to specified Ra value and de-burring
4120007000,A-10187,TOGGLE SMALL PIN LOCKING STRIP – 110 TON,,,RAW FORGING / BAR STOCK FOR TOGGLE SMALL PIN LOCKING STRIP – 110 TON,1,MCH,Heavy VMC Face & Profile Milling,2,VEN0000002,Apex Precision VMC Machinists,Precision CNC 4-axis profile milling and contour machining as per drawing
4120007000,A-10187,TOGGLE SMALL PIN LOCKING STRIP – 110 TON,,,RAW FORGING / BAR STOCK FOR TOGGLE SMALL PIN LOCKING STRIP – 110 TON,2,DRL,CNC Pattern Drilling & Tapping (PCD),1,VEN0000002,Apex Precision VMC Machinists,CNC pattern drilling and precision thread tapping
4120007000,A-10187,TOGGLE SMALL PIN LOCKING STRIP – 110 TON,,,RAW FORGING / BAR STOCK FOR TOGGLE SMALL PIN LOCKING STRIP – 110 TON,3,GRD,Precision Cylindrical & Surface Grinding,1,VEN0000006,Sardar Cylindrical & Surface Grinding,Finish surface grinding to specified Ra value and de-burring
4120007100,A-10330,TOGGLE BIG PIN Ø60 - 110 TON,,,RAW FORGING / BAR STOCK FOR TOGGLE BIG PIN Ø60 - 110 TON,1,MCH,Heavy VMC Face & Profile Milling,2,VEN0000002,Apex Precision VMC Machinists,Precision CNC 4-axis profile milling and contour machining as per drawing
4120007100,A-10330,TOGGLE BIG PIN Ø60 - 110 TON,,,RAW FORGING / BAR STOCK FOR TOGGLE BIG PIN Ø60 - 110 TON,2,DRL,CNC Pattern Drilling & Tapping (PCD),1,VEN0000002,Apex Precision VMC Machinists,CNC pattern drilling and precision thread tapping
4120007100,A-10330,TOGGLE BIG PIN Ø60 - 110 TON,,,RAW FORGING / BAR STOCK FOR TOGGLE BIG PIN Ø60 - 110 TON,3,GRD,Precision Cylindrical & Surface Grinding,1,VEN0000006,Sardar Cylindrical & Surface Grinding,Finish surface grinding to specified Ra value and de-burring
4120007200,A-10214,CROSS HEAD GUIDE ROD Ø50 - 110 TON,,,RAW FORGING / BAR STOCK FOR CROSS HEAD GUIDE ROD Ø50 - 110 TON,1,MCH,Heavy VMC Face & Profile Milling,2,VEN0000002,Apex Precision VMC Machinists,Precision CNC 4-axis profile milling and contour machining as per drawing
4120007200,A-10214,CROSS HEAD GUIDE ROD Ø50 - 110 TON,,,RAW FORGING / BAR STOCK FOR CROSS HEAD GUIDE ROD Ø50 - 110 TON,2,DRL,CNC Pattern Drilling & Tapping (PCD),1,VEN0000002,Apex Precision VMC Machinists,CNC pattern drilling and precision thread tapping
4120007200,A-10214,CROSS HEAD GUIDE ROD Ø50 - 110 TON,,,RAW FORGING / BAR STOCK FOR CROSS HEAD GUIDE ROD Ø50 - 110 TON,3,GRD,Precision Cylindrical & Surface Grinding,1,VEN0000006,Sardar Cylindrical & Surface Grinding,Finish surface grinding to specified Ra value and de-burring
4120007300,A-10219,CROSS HEAD GUIDE ROD LOCATING PLATE - 110 TON,,,RAW FORGING / BAR STOCK FOR CROSS HEAD GUIDE ROD LOCATING PLATE - 110 TON,1,MCH,Heavy VMC Face & Profile Milling,2,VEN0000002,Apex Precision VMC Machinists,Precision CNC 4-axis profile milling and contour machining as per drawing
4120007300,A-10219,CROSS HEAD GUIDE ROD LOCATING PLATE - 110 TON,,,RAW FORGING / BAR STOCK FOR CROSS HEAD GUIDE ROD LOCATING PLATE - 110 TON,2,DRL,CNC Pattern Drilling & Tapping (PCD),1,VEN0000002,Apex Precision VMC Machinists,CNC pattern drilling and precision thread tapping
4120007300,A-10219,CROSS HEAD GUIDE ROD LOCATING PLATE - 110 TON,,,RAW FORGING / BAR STOCK FOR CROSS HEAD GUIDE ROD LOCATING PLATE - 110 TON,3,GRD,Precision Cylindrical & Surface Grinding,1,VEN0000006,Sardar Cylindrical & Surface Grinding,Finish surface grinding to specified Ra value and de-burring
4120007400,A-10204,MOVING PLATE WIPER RETAINER - 110 TON,,,RAW FORGING / BAR STOCK FOR MOVING PLATE WIPER RETAINER - 110 TON,1,MCH,Heavy VMC Face & Profile Milling,2,VEN0000002,Apex Precision VMC Machinists,Precision CNC 4-axis profile milling and contour machining as per drawing
4120007400,A-10204,MOVING PLATE WIPER RETAINER - 110 TON,,,RAW FORGING / BAR STOCK FOR MOVING PLATE WIPER RETAINER - 110 TON,2,DRL,CNC Pattern Drilling & Tapping (PCD),1,VEN0000002,Apex Precision VMC Machinists,CNC pattern drilling and precision thread tapping
4120007400,A-10204,MOVING PLATE WIPER RETAINER - 110 TON,,,RAW FORGING / BAR STOCK FOR MOVING PLATE WIPER RETAINER - 110 TON,3,GRD,Precision Cylindrical & Surface Grinding,1,VEN0000006,Sardar Cylindrical & Surface Grinding,Finish surface grinding to specified Ra value and de-burring
4120007500,A-10228,EJECTOR PLATE GUIDE ROD - 110 TON,,,RAW FORGING / BAR STOCK FOR EJECTOR PLATE GUIDE ROD - 110 TON,1,MCH,Heavy VMC Face & Profile Milling,2,VEN0000002,Apex Precision VMC Machinists,Precision CNC 4-axis profile milling and contour machining as per drawing
4120007500,A-10228,EJECTOR PLATE GUIDE ROD - 110 TON,,,RAW FORGING / BAR STOCK FOR EJECTOR PLATE GUIDE ROD - 110 TON,2,DRL,CNC Pattern Drilling & Tapping (PCD),1,VEN0000002,Apex Precision VMC Machinists,CNC pattern drilling and precision thread tapping
4120007500,A-10228,EJECTOR PLATE GUIDE ROD - 110 TON,,,RAW FORGING / BAR STOCK FOR EJECTOR PLATE GUIDE ROD - 110 TON,3,GRD,Precision Cylindrical & Surface Grinding,1,VEN0000006,Sardar Cylindrical & Surface Grinding,Finish surface grinding to specified Ra value and de-burring
4020100200,A-10090,TIE BAR NUT M70 X 3 - 110 TON TOGGLE,,,RAW FORGING / BAR STOCK FOR TIE BAR NUT M70 X 3 - 110 TON TOGGLE,1,MCH,Heavy VMC Face & Profile Milling,3,VEN0000002,Apex Precision VMC Machinists,Rough & finish turn outer diameters and cut buttress tie bar threads
4020100200,A-10090,TIE BAR NUT M70 X 3 - 110 TON TOGGLE,,,RAW FORGING / BAR STOCK FOR TIE BAR NUT M70 X 3 - 110 TON TOGGLE,2,IND,Medium Frequency Induction Hardening,2,VEN0000004,Gujarat Heat Treaters & Nitriding,Induction harden guide zones to 52-56 HRC (depth 2.5-3.0mm)
4020100200,A-10090,TIE BAR NUT M70 X 3 - 110 TON TOGGLE,,,RAW FORGING / BAR STOCK FOR TIE BAR NUT M70 X 3 - 110 TON TOGGLE,3,GRD,Precision Cylindrical & Surface Grinding,2,VEN0000006,Sardar Cylindrical & Surface Grinding,Precision cylindrical grind to Ra 0.2 µm with 0.01mm total runout
4020100200,A-10090,TIE BAR NUT M70 X 3 - 110 TON TOGGLE,,,RAW FORGING / BAR STOCK FOR TIE BAR NUT M70 X 3 - 110 TON TOGGLE,4,PLT,Hard Chrome Plating (25-30 Microns),2,VEN0000007,Hard Chrome Plating Corporation,Hard chrome plate 25-30 microns and micro-polish to mirror finish
4010100900,A-10242,GEAR NUT - 110 TON (MODULE-3 TEETH-48),,,RAW FORGING / BAR STOCK FOR GEAR NUT - 110 TON (MODULE-3 TEETH-48),1,MCH,Heavy VMC Face & Profile Milling,2,VEN0000002,Apex Precision VMC Machinists,Precision CNC 4-axis profile milling and contour machining as per drawing
4010100900,A-10242,GEAR NUT - 110 TON (MODULE-3 TEETH-48),,,RAW FORGING / BAR STOCK FOR GEAR NUT - 110 TON (MODULE-3 TEETH-48),2,DRL,CNC Pattern Drilling & Tapping (PCD),1,VEN0000002,Apex Precision VMC Machinists,CNC pattern drilling and precision thread tapping
4010100900,A-10242,GEAR NUT - 110 TON (MODULE-3 TEETH-48),,,RAW FORGING / BAR STOCK FOR GEAR NUT - 110 TON (MODULE-3 TEETH-48),3,GRD,Precision Cylindrical & Surface Grinding,1,VEN0000006,Sardar Cylindrical & Surface Grinding,Finish surface grinding to specified Ra value and de-burring
4030100200,A-10247,GEAR NUT SPACER - 110 TON,,,RAW FORGING / BAR STOCK FOR GEAR NUT SPACER - 110 TON,1,MCH,Heavy VMC Face & Profile Milling,2,VEN0000002,Apex Precision VMC Machinists,Precision CNC 4-axis profile milling and contour machining as per drawing
4030100200,A-10247,GEAR NUT SPACER - 110 TON,,,RAW FORGING / BAR STOCK FOR GEAR NUT SPACER - 110 TON,2,DRL,CNC Pattern Drilling & Tapping (PCD),1,VEN0000002,Apex Precision VMC Machinists,CNC pattern drilling and precision thread tapping
4030100200,A-10247,GEAR NUT SPACER - 110 TON,,,RAW FORGING / BAR STOCK FOR GEAR NUT SPACER - 110 TON,3,GRD,Precision Cylindrical & Surface Grinding,1,VEN0000006,Sardar Cylindrical & Surface Grinding,Finish surface grinding to specified Ra value and de-burring
4040100200,A-10207,MOVING PLATE BUSH Ø85 X Ø70 X 45LG - 110 TON,,,RAW FORGING / BAR STOCK FOR MOVING PLATE BUSH Ø85 X Ø70 X 45LG - 110 TON,1,MCH,Heavy VMC Face & Profile Milling,2,VEN0000002,Apex Precision VMC Machinists,Precision CNC 4-axis profile milling and contour machining as per drawing
4040100200,A-10207,MOVING PLATE BUSH Ø85 X Ø70 X 45LG - 110 TON,,,RAW FORGING / BAR STOCK FOR MOVING PLATE BUSH Ø85 X Ø70 X 45LG - 110 TON,2,DRL,CNC Pattern Drilling & Tapping (PCD),1,VEN0000002,Apex Precision VMC Machinists,CNC pattern drilling and precision thread tapping
4040100200,A-10207,MOVING PLATE BUSH Ø85 X Ø70 X 45LG - 110 TON,,,RAW FORGING / BAR STOCK FOR MOVING PLATE BUSH Ø85 X Ø70 X 45LG - 110 TON,3,GRD,Precision Cylindrical & Surface Grinding,1,VEN0000006,Sardar Cylindrical & Surface Grinding,Finish surface grinding to specified Ra value and de-burring
4040100800,A-10986,CROSS HEAD BUSH Ø60 X Ø50 X 30LG - 110 TON,,,RAW FORGING / BAR STOCK FOR CROSS HEAD BUSH Ø60 X Ø50 X 30LG - 110 TON,1,MCH,Heavy VMC Face & Profile Milling,2,VEN0000002,Apex Precision VMC Machinists,Precision CNC 4-axis profile milling and contour machining as per drawing
4040100800,A-10986,CROSS HEAD BUSH Ø60 X Ø50 X 30LG - 110 TON,,,RAW FORGING / BAR STOCK FOR CROSS HEAD BUSH Ø60 X Ø50 X 30LG - 110 TON,2,DRL,CNC Pattern Drilling & Tapping (PCD),1,VEN0000002,Apex Precision VMC Machinists,CNC pattern drilling and precision thread tapping
4040100800,A-10986,CROSS HEAD BUSH Ø60 X Ø50 X 30LG - 110 TON,,,RAW FORGING / BAR STOCK FOR CROSS HEAD BUSH Ø60 X Ø50 X 30LG - 110 TON,3,GRD,Precision Cylindrical & Surface Grinding,1,VEN0000006,Sardar Cylindrical & Surface Grinding,Finish surface grinding to specified Ra value and de-burring
4040200200,A-10192,TOGGLE SMALL GRAPHITE BUSH Ø45 X Ø35 X 60LG - 110 TON,,,RAW FORGING / BAR STOCK FOR TOGGLE SMALL GRAPHITE BUSH Ø45 X Ø35 X 60LG - 110 TON,1,MCH,Heavy VMC Face & Profile Milling,2,VEN0000002,Apex Precision VMC Machinists,Precision CNC 4-axis profile milling and contour machining as per drawing
4040200200,A-10192,TOGGLE SMALL GRAPHITE BUSH Ø45 X Ø35 X 60LG - 110 TON,,,RAW FORGING / BAR STOCK FOR TOGGLE SMALL GRAPHITE BUSH Ø45 X Ø35 X 60LG - 110 TON,2,DRL,CNC Pattern Drilling & Tapping (PCD),1,VEN0000002,Apex Precision VMC Machinists,CNC pattern drilling and precision thread tapping
4040200200,A-10192,TOGGLE SMALL GRAPHITE BUSH Ø45 X Ø35 X 60LG - 110 TON,,,RAW FORGING / BAR STOCK FOR TOGGLE SMALL GRAPHITE BUSH Ø45 X Ø35 X 60LG - 110 TON,3,GRD,Precision Cylindrical & Surface Grinding,1,VEN0000006,Sardar Cylindrical & Surface Grinding,Finish surface grinding to specified Ra value and de-burring
4040200800,A-10197,TOGGLE BIG GRAPHITE BUSH Ø75 X Ø60 X 70LG - 110 TON,,,RAW FORGING / BAR STOCK FOR TOGGLE BIG GRAPHITE BUSH Ø75 X Ø60 X 70LG - 110 TON,1,MCH,Heavy VMC Face & Profile Milling,2,VEN0000002,Apex Precision VMC Machinists,Precision CNC 4-axis profile milling and contour machining as per drawing
4040200800,A-10197,TOGGLE BIG GRAPHITE BUSH Ø75 X Ø60 X 70LG - 110 TON,,,RAW FORGING / BAR STOCK FOR TOGGLE BIG GRAPHITE BUSH Ø75 X Ø60 X 70LG - 110 TON,2,DRL,CNC Pattern Drilling & Tapping (PCD),1,VEN0000002,Apex Precision VMC Machinists,CNC pattern drilling and precision thread tapping
4040200800,A-10197,TOGGLE BIG GRAPHITE BUSH Ø75 X Ø60 X 70LG - 110 TON,,,RAW FORGING / BAR STOCK FOR TOGGLE BIG GRAPHITE BUSH Ø75 X Ø60 X 70LG - 110 TON,3,GRD,Precision Cylindrical & Surface Grinding,1,VEN0000006,Sardar Cylindrical & Surface Grinding,Finish surface grinding to specified Ra value and de-burring
4110003000,A-10143,STATIONARY PLATE TOGGLE - 140 TON,4001000300,13201,STATIONARY PLATE TOGGLE - 140 TON (CASTING),1,MCH,Heavy VMC Face & Profile Milling,2,VEN0000002,Apex Precision VMC Machinists,Rough & finish top/bottom platen face to 0.02mm flat
4110003000,A-10143,STATIONARY PLATE TOGGLE - 140 TON,4001000300,13201,STATIONARY PLATE TOGGLE - 140 TON (CASTING),2,BOR,Precision CNC Line Boring (H7),3,VEN0000002,Apex Precision VMC Machinists,Bore 4x Tie bar holes to H7 tolerance
4110003000,A-10143,STATIONARY PLATE TOGGLE - 140 TON,4001000300,13201,STATIONARY PLATE TOGGLE - 140 TON (CASTING),3,DRL,CNC Pattern Drilling & Tapping (PCD),1,VEN0000002,Apex Precision VMC Machinists,M16/M20 mould clamp tapped holes as per drawing
4110003000,A-10143,STATIONARY PLATE TOGGLE - 140 TON,4001000300,13201,STATIONARY PLATE TOGGLE - 140 TON (CASTING),4,HT,Stress Relieving & Normalizing Heat Treatment,2,VEN0000004,Gujarat Heat Treaters & Nitriding,Normalize thermal stress at 550°C
4110003000,A-10143,STATIONARY PLATE TOGGLE - 140 TON,4001000300,13201,STATIONARY PLATE TOGGLE - 140 TON (CASTING),5,GRD,Precision Cylindrical & Surface Grinding,1,VEN0000006,Sardar Cylindrical & Surface Grinding,Precision surface grind to Ra 0.4 µm & rust preventive oil
4110003100,A-10148,MOVING PLATE TOGGLE - 140 TON,4001001400,13202,MOVING PLATE  TOGGLE - 140 TON (CASTING),1,MCH,Heavy VMC Face & Profile Milling,2,VEN0000002,Apex Precision VMC Machinists,Rough & finish top/bottom platen face to 0.02mm flat
4110003100,A-10148,MOVING PLATE TOGGLE - 140 TON,4001001400,13202,MOVING PLATE  TOGGLE - 140 TON (CASTING),2,BOR,Precision CNC Line Boring (H7),3,VEN0000002,Apex Precision VMC Machinists,Bore 4x Tie bar holes to H7 tolerance
4110003100,A-10148,MOVING PLATE TOGGLE - 140 TON,4001001400,13202,MOVING PLATE  TOGGLE - 140 TON (CASTING),3,DRL,CNC Pattern Drilling & Tapping (PCD),1,VEN0000002,Apex Precision VMC Machinists,M16/M20 mould clamp tapped holes as per drawing
4110003100,A-10148,MOVING PLATE TOGGLE - 140 TON,4001001400,13202,MOVING PLATE  TOGGLE - 140 TON (CASTING),4,HT,Stress Relieving & Normalizing Heat Treatment,2,VEN0000004,Gujarat Heat Treaters & Nitriding,Normalize thermal stress at 550°C
4110003100,A-10148,MOVING PLATE TOGGLE - 140 TON,4001001400,13202,MOVING PLATE  TOGGLE - 140 TON (CASTING),5,GRD,Precision Cylindrical & Surface Grinding,1,VEN0000006,Sardar Cylindrical & Surface Grinding,Precision surface grind to Ra 0.4 µm & rust preventive oil
4110003200,A-10183,END PLATE - 140 TON,4001002500,13203,END PLATE - 140 TON (CASTING),1,MCH,Heavy VMC Face & Profile Milling,2,VEN0000002,Apex Precision VMC Machinists,Rough & finish top/bottom platen face to 0.02mm flat
4110003200,A-10183,END PLATE - 140 TON,4001002500,13203,END PLATE - 140 TON (CASTING),2,BOR,Precision CNC Line Boring (H7),3,VEN0000002,Apex Precision VMC Machinists,Bore 4x Tie bar holes to H7 tolerance
4110003200,A-10183,END PLATE - 140 TON,4001002500,13203,END PLATE - 140 TON (CASTING),3,DRL,CNC Pattern Drilling & Tapping (PCD),1,VEN0000002,Apex Precision VMC Machinists,M16/M20 mould clamp tapped holes as per drawing
4110003200,A-10183,END PLATE - 140 TON,4001002500,13203,END PLATE - 140 TON (CASTING),4,HT,Stress Relieving & Normalizing Heat Treatment,2,VEN0000004,Gujarat Heat Treaters & Nitriding,Normalize thermal stress at 550°C
4110003200,A-10183,END PLATE - 140 TON,4001002500,13203,END PLATE - 140 TON (CASTING),5,GRD,Precision Cylindrical & Surface Grinding,1,VEN0000006,Sardar Cylindrical & Surface Grinding,Precision surface grind to Ra 0.4 µm & rust preventive oil
4110003300,A-10178,CROSS HEAD - 140 TON,4001003800,13204,CROSS HEAD - 140 TON (CASTING),1,MCH,Heavy VMC Face & Profile Milling,2,VEN0000002,Apex Precision VMC Machinists,"Side faces, triangular profile and pivot bosses milled on 4-axis CNC"
4110003300,A-10178,CROSS HEAD - 140 TON,4001003800,13204,CROSS HEAD - 140 TON (CASTING),2,BOR,Precision CNC Line Boring (H7),2,VEN0000002,Apex Precision VMC Machinists,Line bore pivot pin holes with 0.015mm center-to-center pitch accuracy
4110003300,A-10178,CROSS HEAD - 140 TON,4001003800,13204,CROSS HEAD - 140 TON (CASTING),3,DRL,CNC Pattern Drilling & Tapping (PCD),1,VEN0000002,Apex Precision VMC Machinists,Drill lubrication oil channels and grease nipple ports
4110003300,A-10178,CROSS HEAD - 140 TON,4001003800,13204,CROSS HEAD - 140 TON (CASTING),4,HT,Stress Relieving & Normalizing Heat Treatment,2,VEN0000004,Gujarat Heat Treaters & Nitriding,Furnace normalize at 550°C to relieve internal stresses
4110003300,A-10178,CROSS HEAD - 140 TON,4001003800,13204,CROSS HEAD - 140 TON (CASTING),5,BSH,Phosphor Bronze Bushing Press-Fit & Honing,1,VEN0000002,Apex Precision VMC Machinists,Hydraulic press-fit PB bushings and finish diamond hone to H7
4110003400,A-10173,CROSS HEAD LINK - 140 TON,4001004400,13207,CROSS HEAD LINK - 140 TON (CASTING),1,MCH,Heavy VMC Face & Profile Milling,2,VEN0000002,Apex Precision VMC Machinists,"Side faces, triangular profile and pivot bosses milled on 4-axis CNC"
4110003400,A-10173,CROSS HEAD LINK - 140 TON,4001004400,13207,CROSS HEAD LINK - 140 TON (CASTING),2,BOR,Precision CNC Line Boring (H7),2,VEN0000002,Apex Precision VMC Machinists,Line bore pivot pin holes with 0.015mm center-to-center pitch accuracy
4110003400,A-10173,CROSS HEAD LINK - 140 TON,4001004400,13207,CROSS HEAD LINK - 140 TON (CASTING),3,DRL,CNC Pattern Drilling & Tapping (PCD),1,VEN0000002,Apex Precision VMC Machinists,Drill lubrication oil channels and grease nipple ports
4110003400,A-10173,CROSS HEAD LINK - 140 TON,4001004400,13207,CROSS HEAD LINK - 140 TON (CASTING),4,HT,Stress Relieving & Normalizing Heat Treatment,2,VEN0000004,Gujarat Heat Treaters & Nitriding,Furnace normalize at 550°C to relieve internal stresses
4110003400,A-10173,CROSS HEAD LINK - 140 TON,4001004400,13207,CROSS HEAD LINK - 140 TON (CASTING),5,BSH,Phosphor Bronze Bushing Press-Fit & Honing,1,VEN0000002,Apex Precision VMC Machinists,Hydraulic press-fit PB bushings and finish diamond hone to H7
4110003500,A-10153,BINARY LINK - 140 TON,4001005000,13205,BINARY LINK - 140 TON (CASTING),1,MCH,Heavy VMC Face & Profile Milling,2,VEN0000002,Apex Precision VMC Machinists,"Side faces, triangular profile and pivot bosses milled on 4-axis CNC"
4110003500,A-10153,BINARY LINK - 140 TON,4001005000,13205,BINARY LINK - 140 TON (CASTING),2,BOR,Precision CNC Line Boring (H7),2,VEN0000002,Apex Precision VMC Machinists,Line bore pivot pin holes with 0.015mm center-to-center pitch accuracy
4110003500,A-10153,BINARY LINK - 140 TON,4001005000,13205,BINARY LINK - 140 TON (CASTING),3,DRL,CNC Pattern Drilling & Tapping (PCD),1,VEN0000002,Apex Precision VMC Machinists,Drill lubrication oil channels and grease nipple ports
4110003500,A-10153,BINARY LINK - 140 TON,4001005000,13205,BINARY LINK - 140 TON (CASTING),4,HT,Stress Relieving & Normalizing Heat Treatment,2,VEN0000004,Gujarat Heat Treaters & Nitriding,Furnace normalize at 550°C to relieve internal stresses
4110003500,A-10153,BINARY LINK - 140 TON,4001005000,13205,BINARY LINK - 140 TON (CASTING),5,BSH,Phosphor Bronze Bushing Press-Fit & Honing,1,VEN0000002,Apex Precision VMC Machinists,Hydraulic press-fit PB bushings and finish diamond hone to H7
4110003600,A-10163,TERNARY LINK - 140 TON,4001005600,13206,TERNARY LINK - 140 TON (CASTING),1,MCH,Heavy VMC Face & Profile Milling,2,VEN0000002,Apex Precision VMC Machinists,"Side faces, triangular profile and pivot bosses milled on 4-axis CNC"
4110003600,A-10163,TERNARY LINK - 140 TON,4001005600,13206,TERNARY LINK - 140 TON (CASTING),2,BOR,Precision CNC Line Boring (H7),2,VEN0000002,Apex Precision VMC Machinists,Line bore pivot pin holes with 0.015mm center-to-center pitch accuracy
4110003600,A-10163,TERNARY LINK - 140 TON,4001005600,13206,TERNARY LINK - 140 TON (CASTING),3,DRL,CNC Pattern Drilling & Tapping (PCD),1,VEN0000002,Apex Precision VMC Machinists,Drill lubrication oil channels and grease nipple ports
4110003600,A-10163,TERNARY LINK - 140 TON,4001005600,13206,TERNARY LINK - 140 TON (CASTING),4,HT,Stress Relieving & Normalizing Heat Treatment,2,VEN0000004,Gujarat Heat Treaters & Nitriding,Furnace normalize at 550°C to relieve internal stresses
4110003600,A-10163,TERNARY LINK - 140 TON,4001005600,13206,TERNARY LINK - 140 TON (CASTING),5,BSH,Phosphor Bronze Bushing Press-Fit & Honing,1,VEN0000002,Apex Precision VMC Machinists,Hydraulic press-fit PB bushings and finish diamond hone to H7
4110003700,A-10162,TERNARY LINK RH - 140 TON,4001005600,13206,TERNARY LINK - 140 TON (CASTING),1,MCH,Heavy VMC Face & Profile Milling,2,VEN0000002,Apex Precision VMC Machinists,"Side faces, triangular profile and pivot bosses milled on 4-axis CNC"
4110003700,A-10162,TERNARY LINK RH - 140 TON,4001005600,13206,TERNARY LINK - 140 TON (CASTING),2,BOR,Precision CNC Line Boring (H7),2,VEN0000002,Apex Precision VMC Machinists,Line bore pivot pin holes with 0.015mm center-to-center pitch accuracy
4110003700,A-10162,TERNARY LINK RH - 140 TON,4001005600,13206,TERNARY LINK - 140 TON (CASTING),3,DRL,CNC Pattern Drilling & Tapping (PCD),1,VEN0000002,Apex Precision VMC Machinists,Drill lubrication oil channels and grease nipple ports
4110003700,A-10162,TERNARY LINK RH - 140 TON,4001005600,13206,TERNARY LINK - 140 TON (CASTING),4,HT,Stress Relieving & Normalizing Heat Treatment,2,VEN0000004,Gujarat Heat Treaters & Nitriding,Furnace normalize at 550°C to relieve internal stresses
4110003700,A-10162,TERNARY LINK RH - 140 TON,4001005600,13206,TERNARY LINK - 140 TON (CASTING),5,BSH,Phosphor Bronze Bushing Press-Fit & Honing,1,VEN0000002,Apex Precision VMC Machinists,Hydraulic press-fit PB bushings and finish diamond hone to H7
4110003800,A-10164,TERNARY LINK LH - 140 TON,4001005600,13206,TERNARY LINK - 140 TON (CASTING),1,MCH,Heavy VMC Face & Profile Milling,2,VEN0000002,Apex Precision VMC Machinists,"Side faces, triangular profile and pivot bosses milled on 4-axis CNC"
4110003800,A-10164,TERNARY LINK LH - 140 TON,4001005600,13206,TERNARY LINK - 140 TON (CASTING),2,BOR,Precision CNC Line Boring (H7),2,VEN0000002,Apex Precision VMC Machinists,Line bore pivot pin holes with 0.015mm center-to-center pitch accuracy
4110003800,A-10164,TERNARY LINK LH - 140 TON,4001005600,13206,TERNARY LINK - 140 TON (CASTING),3,DRL,CNC Pattern Drilling & Tapping (PCD),1,VEN0000002,Apex Precision VMC Machinists,Drill lubrication oil channels and grease nipple ports
4110003800,A-10164,TERNARY LINK LH - 140 TON,4001005600,13206,TERNARY LINK - 140 TON (CASTING),4,HT,Stress Relieving & Normalizing Heat Treatment,2,VEN0000004,Gujarat Heat Treaters & Nitriding,Furnace normalize at 550°C to relieve internal stresses
4110003800,A-10164,TERNARY LINK LH - 140 TON,4001005600,13206,TERNARY LINK - 140 TON (CASTING),5,BSH,Phosphor Bronze Bushing Press-Fit & Honing,1,VEN0000002,Apex Precision VMC Machinists,Hydraulic press-fit PB bushings and finish diamond hone to H7
4110003900,A-10253,GEAR NUT RETAINER - 140 TON,,,RAW FORGING / BAR STOCK FOR GEAR NUT RETAINER - 140 TON,1,MCH,Heavy VMC Face & Profile Milling,2,VEN0000002,Apex Precision VMC Machinists,Precision CNC 4-axis profile milling and contour machining as per drawing
4110003900,A-10253,GEAR NUT RETAINER - 140 TON,,,RAW FORGING / BAR STOCK FOR GEAR NUT RETAINER - 140 TON,2,DRL,CNC Pattern Drilling & Tapping (PCD),1,VEN0000002,Apex Precision VMC Machinists,CNC pattern drilling and precision thread tapping
4110003900,A-10253,GEAR NUT RETAINER - 140 TON,,,RAW FORGING / BAR STOCK FOR GEAR NUT RETAINER - 140 TON,3,GRD,Precision Cylindrical & Surface Grinding,1,VEN0000006,Sardar Cylindrical & Surface Grinding,Finish surface grinding to specified Ra value and de-burring
4110004000,A-10231,MOVING PLATE SLIDING BLOCK - 140 TON,,,RAW FORGING / BAR STOCK FOR MOVING PLATE SLIDING BLOCK - 140 TON,1,MCH,Heavy VMC Face & Profile Milling,2,VEN0000002,Apex Precision VMC Machinists,Precision CNC 4-axis profile milling and contour machining as per drawing
4110004000,A-10231,MOVING PLATE SLIDING BLOCK - 140 TON,,,RAW FORGING / BAR STOCK FOR MOVING PLATE SLIDING BLOCK - 140 TON,2,DRL,CNC Pattern Drilling & Tapping (PCD),1,VEN0000002,Apex Precision VMC Machinists,CNC pattern drilling and precision thread tapping
4110004000,A-10231,MOVING PLATE SLIDING BLOCK - 140 TON,,,RAW FORGING / BAR STOCK FOR MOVING PLATE SLIDING BLOCK - 140 TON,3,GRD,Precision Cylindrical & Surface Grinding,1,VEN0000006,Sardar Cylindrical & Surface Grinding,Finish surface grinding to specified Ra value and de-burring
4010100400,A-10258,SUN GEAR - 140 TON (MODULE-3 TEETH-197),,,RAW FORGING / BAR STOCK FOR SUN GEAR - 140 TON (MODULE-3 TEETH-197),1,MCH,Heavy VMC Face & Profile Milling,2,VEN0000002,Apex Precision VMC Machinists,Precision CNC 4-axis profile milling and contour machining as per drawing
4010100400,A-10258,SUN GEAR - 140 TON (MODULE-3 TEETH-197),,,RAW FORGING / BAR STOCK FOR SUN GEAR - 140 TON (MODULE-3 TEETH-197),2,DRL,CNC Pattern Drilling & Tapping (PCD),1,VEN0000002,Apex Precision VMC Machinists,CNC pattern drilling and precision thread tapping
4010100400,A-10258,SUN GEAR - 140 TON (MODULE-3 TEETH-197),,,RAW FORGING / BAR STOCK FOR SUN GEAR - 140 TON (MODULE-3 TEETH-197),3,GRD,Precision Cylindrical & Surface Grinding,1,VEN0000006,Sardar Cylindrical & Surface Grinding,Finish surface grinding to specified Ra value and de-burring
4120009800,A-10138,TIE BAR Ø80 - 140 TON TOGGLE,,,EN19 / 42CrMo4 ROUND BAR (FORGED) FOR TIE BAR Ø80 - 140 TON TOGGLE,1,MCH,Heavy VMC Face & Profile Milling,3,VEN0000002,Apex Precision VMC Machinists,Rough & finish turn outer diameters and cut buttress tie bar threads
4120009800,A-10138,TIE BAR Ø80 - 140 TON TOGGLE,,,EN19 / 42CrMo4 ROUND BAR (FORGED) FOR TIE BAR Ø80 - 140 TON TOGGLE,2,IND,Medium Frequency Induction Hardening,2,VEN0000004,Gujarat Heat Treaters & Nitriding,Induction harden guide zones to 52-56 HRC (depth 2.5-3.0mm)
4120009800,A-10138,TIE BAR Ø80 - 140 TON TOGGLE,,,EN19 / 42CrMo4 ROUND BAR (FORGED) FOR TIE BAR Ø80 - 140 TON TOGGLE,3,GRD,Precision Cylindrical & Surface Grinding,2,VEN0000006,Sardar Cylindrical & Surface Grinding,Precision cylindrical grind to Ra 0.2 µm with 0.01mm total runout
4120009800,A-10138,TIE BAR Ø80 - 140 TON TOGGLE,,,EN19 / 42CrMo4 ROUND BAR (FORGED) FOR TIE BAR Ø80 - 140 TON TOGGLE,4,PLT,Hard Chrome Plating (25-30 Microns),2,VEN0000007,Hard Chrome Plating Corporation,Hard chrome plate 25-30 microns and micro-polish to mirror finish
4120009900,A-10128,TIE BAR LOCATING PLATE - 140 TON,,,RAW FORGING / BAR STOCK FOR TIE BAR LOCATING PLATE - 140 TON,1,MCH,Heavy VMC Face & Profile Milling,3,VEN0000002,Apex Precision VMC Machinists,Rough & finish turn outer diameters and cut buttress tie bar threads
4120009900,A-10128,TIE BAR LOCATING PLATE - 140 TON,,,RAW FORGING / BAR STOCK FOR TIE BAR LOCATING PLATE - 140 TON,2,IND,Medium Frequency Induction Hardening,2,VEN0000004,Gujarat Heat Treaters & Nitriding,Induction harden guide zones to 52-56 HRC (depth 2.5-3.0mm)
4120009900,A-10128,TIE BAR LOCATING PLATE - 140 TON,,,RAW FORGING / BAR STOCK FOR TIE BAR LOCATING PLATE - 140 TON,3,GRD,Precision Cylindrical & Surface Grinding,2,VEN0000006,Sardar Cylindrical & Surface Grinding,Precision cylindrical grind to Ra 0.2 µm with 0.01mm total runout
4120009900,A-10128,TIE BAR LOCATING PLATE - 140 TON,,,RAW FORGING / BAR STOCK FOR TIE BAR LOCATING PLATE - 140 TON,4,PLT,Hard Chrome Plating (25-30 Microns),2,VEN0000007,Hard Chrome Plating Corporation,Hard chrome plate 25-30 microns and micro-polish to mirror finish
4120010000,A-10336,TOGGLE SMALL PIN Ø40 - 140 TON,,,RAW FORGING / BAR STOCK FOR TOGGLE SMALL PIN Ø40 - 140 TON,1,MCH,Heavy VMC Face & Profile Milling,2,VEN0000002,Apex Precision VMC Machinists,Precision CNC 4-axis profile milling and contour machining as per drawing
4120010000,A-10336,TOGGLE SMALL PIN Ø40 - 140 TON,,,RAW FORGING / BAR STOCK FOR TOGGLE SMALL PIN Ø40 - 140 TON,2,DRL,CNC Pattern Drilling & Tapping (PCD),1,VEN0000002,Apex Precision VMC Machinists,CNC pattern drilling and precision thread tapping
4120010000,A-10336,TOGGLE SMALL PIN Ø40 - 140 TON,,,RAW FORGING / BAR STOCK FOR TOGGLE SMALL PIN Ø40 - 140 TON,3,GRD,Precision Cylindrical & Surface Grinding,1,VEN0000006,Sardar Cylindrical & Surface Grinding,Finish surface grinding to specified Ra value and de-burring
4120010100,A-10189,TOGGLE SMALL PIN LOCKING STRIP – 140 TON,,,RAW FORGING / BAR STOCK FOR TOGGLE SMALL PIN LOCKING STRIP – 140 TON,1,MCH,Heavy VMC Face & Profile Milling,2,VEN0000002,Apex Precision VMC Machinists,Precision CNC 4-axis profile milling and contour machining as per drawing
4120010100,A-10189,TOGGLE SMALL PIN LOCKING STRIP – 140 TON,,,RAW FORGING / BAR STOCK FOR TOGGLE SMALL PIN LOCKING STRIP – 140 TON,2,DRL,CNC Pattern Drilling & Tapping (PCD),1,VEN0000002,Apex Precision VMC Machinists,CNC pattern drilling and precision thread tapping
4120010100,A-10189,TOGGLE SMALL PIN LOCKING STRIP – 140 TON,,,RAW FORGING / BAR STOCK FOR TOGGLE SMALL PIN LOCKING STRIP – 140 TON,3,GRD,Precision Cylindrical & Surface Grinding,1,VEN0000006,Sardar Cylindrical & Surface Grinding,Finish surface grinding to specified Ra value and de-burring
4120010200,A-10331,TOGGLE BIG PIN Ø70 - 140 TON,,,RAW FORGING / BAR STOCK FOR TOGGLE BIG PIN Ø70 - 140 TON,1,MCH,Heavy VMC Face & Profile Milling,2,VEN0000002,Apex Precision VMC Machinists,Precision CNC 4-axis profile milling and contour machining as per drawing
4120010200,A-10331,TOGGLE BIG PIN Ø70 - 140 TON,,,RAW FORGING / BAR STOCK FOR TOGGLE BIG PIN Ø70 - 140 TON,2,DRL,CNC Pattern Drilling & Tapping (PCD),1,VEN0000002,Apex Precision VMC Machinists,CNC pattern drilling and precision thread tapping
4120010200,A-10331,TOGGLE BIG PIN Ø70 - 140 TON,,,RAW FORGING / BAR STOCK FOR TOGGLE BIG PIN Ø70 - 140 TON,3,GRD,Precision Cylindrical & Surface Grinding,1,VEN0000006,Sardar Cylindrical & Surface Grinding,Finish surface grinding to specified Ra value and de-burring
4120010300,A-10213,CROSS HEAD GUIDE ROD Ø55 - 140 TON,,,RAW FORGING / BAR STOCK FOR CROSS HEAD GUIDE ROD Ø55 - 140 TON,1,MCH,Heavy VMC Face & Profile Milling,2,VEN0000002,Apex Precision VMC Machinists,Precision CNC 4-axis profile milling and contour machining as per drawing
4120010300,A-10213,CROSS HEAD GUIDE ROD Ø55 - 140 TON,,,RAW FORGING / BAR STOCK FOR CROSS HEAD GUIDE ROD Ø55 - 140 TON,2,DRL,CNC Pattern Drilling & Tapping (PCD),1,VEN0000002,Apex Precision VMC Machinists,CNC pattern drilling and precision thread tapping
4120010300,A-10213,CROSS HEAD GUIDE ROD Ø55 - 140 TON,,,RAW FORGING / BAR STOCK FOR CROSS HEAD GUIDE ROD Ø55 - 140 TON,3,GRD,Precision Cylindrical & Surface Grinding,1,VEN0000006,Sardar Cylindrical & Surface Grinding,Finish surface grinding to specified Ra value and de-burring
4120010400,A-10218,CROSS HEAD GUIDE ROD LOCATING PLATE - 140 TON,,,RAW FORGING / BAR STOCK FOR CROSS HEAD GUIDE ROD LOCATING PLATE - 140 TON,1,MCH,Heavy VMC Face & Profile Milling,2,VEN0000002,Apex Precision VMC Machinists,Precision CNC 4-axis profile milling and contour machining as per drawing
4120010400,A-10218,CROSS HEAD GUIDE ROD LOCATING PLATE - 140 TON,,,RAW FORGING / BAR STOCK FOR CROSS HEAD GUIDE ROD LOCATING PLATE - 140 TON,2,DRL,CNC Pattern Drilling & Tapping (PCD),1,VEN0000002,Apex Precision VMC Machinists,CNC pattern drilling and precision thread tapping
4120010400,A-10218,CROSS HEAD GUIDE ROD LOCATING PLATE - 140 TON,,,RAW FORGING / BAR STOCK FOR CROSS HEAD GUIDE ROD LOCATING PLATE - 140 TON,3,GRD,Precision Cylindrical & Surface Grinding,1,VEN0000006,Sardar Cylindrical & Surface Grinding,Finish surface grinding to specified Ra value and de-burring
4120010500,A-10203,MOVING PLATE WIPER RETAINER - 140 TON,,,RAW FORGING / BAR STOCK FOR MOVING PLATE WIPER RETAINER - 140 TON,1,MCH,Heavy VMC Face & Profile Milling,2,VEN0000002,Apex Precision VMC Machinists,Precision CNC 4-axis profile milling and contour machining as per drawing
4120010500,A-10203,MOVING PLATE WIPER RETAINER - 140 TON,,,RAW FORGING / BAR STOCK FOR MOVING PLATE WIPER RETAINER - 140 TON,2,DRL,CNC Pattern Drilling & Tapping (PCD),1,VEN0000002,Apex Precision VMC Machinists,CNC pattern drilling and precision thread tapping
4120010500,A-10203,MOVING PLATE WIPER RETAINER - 140 TON,,,RAW FORGING / BAR STOCK FOR MOVING PLATE WIPER RETAINER - 140 TON,3,GRD,Precision Cylindrical & Surface Grinding,1,VEN0000006,Sardar Cylindrical & Surface Grinding,Finish surface grinding to specified Ra value and de-burring
4120010600,A-10227,EJECTOR PLATE GUIDE ROD - 140 TON,,,RAW FORGING / BAR STOCK FOR EJECTOR PLATE GUIDE ROD - 140 TON,1,MCH,Heavy VMC Face & Profile Milling,2,VEN0000002,Apex Precision VMC Machinists,Precision CNC 4-axis profile milling and contour machining as per drawing
4120010600,A-10227,EJECTOR PLATE GUIDE ROD - 140 TON,,,RAW FORGING / BAR STOCK FOR EJECTOR PLATE GUIDE ROD - 140 TON,2,DRL,CNC Pattern Drilling & Tapping (PCD),1,VEN0000002,Apex Precision VMC Machinists,CNC pattern drilling and precision thread tapping
4120010600,A-10227,EJECTOR PLATE GUIDE ROD - 140 TON,,,RAW FORGING / BAR STOCK FOR EJECTOR PLATE GUIDE ROD - 140 TON,3,GRD,Precision Cylindrical & Surface Grinding,1,VEN0000006,Sardar Cylindrical & Surface Grinding,Finish surface grinding to specified Ra value and de-burring
4020100300,A-10133,TIE BAR NUT M80 X 3 - 140 TON TOGGLE,,,RAW FORGING / BAR STOCK FOR TIE BAR NUT M80 X 3 - 140 TON TOGGLE,1,MCH,Heavy VMC Face & Profile Milling,3,VEN0000002,Apex Precision VMC Machinists,Rough & finish turn outer diameters and cut buttress tie bar threads
4020100300,A-10133,TIE BAR NUT M80 X 3 - 140 TON TOGGLE,,,RAW FORGING / BAR STOCK FOR TIE BAR NUT M80 X 3 - 140 TON TOGGLE,2,IND,Medium Frequency Induction Hardening,2,VEN0000004,Gujarat Heat Treaters & Nitriding,Induction harden guide zones to 52-56 HRC (depth 2.5-3.0mm)
4020100300,A-10133,TIE BAR NUT M80 X 3 - 140 TON TOGGLE,,,RAW FORGING / BAR STOCK FOR TIE BAR NUT M80 X 3 - 140 TON TOGGLE,3,GRD,Precision Cylindrical & Surface Grinding,2,VEN0000006,Sardar Cylindrical & Surface Grinding,Precision cylindrical grind to Ra 0.2 µm with 0.01mm total runout
4020100300,A-10133,TIE BAR NUT M80 X 3 - 140 TON TOGGLE,,,RAW FORGING / BAR STOCK FOR TIE BAR NUT M80 X 3 - 140 TON TOGGLE,4,PLT,Hard Chrome Plating (25-30 Microns),2,VEN0000007,Hard Chrome Plating Corporation,Hard chrome plate 25-30 microns and micro-polish to mirror finish
4010101000,A-10243,GEAR NUT - 140 TON (MODULE-3 TEETH-53),,,RAW FORGING / BAR STOCK FOR GEAR NUT - 140 TON (MODULE-3 TEETH-53),1,MCH,Heavy VMC Face & Profile Milling,2,VEN0000002,Apex Precision VMC Machinists,Precision CNC 4-axis profile milling and contour machining as per drawing
4010101000,A-10243,GEAR NUT - 140 TON (MODULE-3 TEETH-53),,,RAW FORGING / BAR STOCK FOR GEAR NUT - 140 TON (MODULE-3 TEETH-53),2,DRL,CNC Pattern Drilling & Tapping (PCD),1,VEN0000002,Apex Precision VMC Machinists,CNC pattern drilling and precision thread tapping
4010101000,A-10243,GEAR NUT - 140 TON (MODULE-3 TEETH-53),,,RAW FORGING / BAR STOCK FOR GEAR NUT - 140 TON (MODULE-3 TEETH-53),3,GRD,Precision Cylindrical & Surface Grinding,1,VEN0000006,Sardar Cylindrical & Surface Grinding,Finish surface grinding to specified Ra value and de-burring
4030100300,A-10248,GEAR NUT SPACER - 140 TON,,,RAW FORGING / BAR STOCK FOR GEAR NUT SPACER - 140 TON,1,MCH,Heavy VMC Face & Profile Milling,2,VEN0000002,Apex Precision VMC Machinists,Precision CNC 4-axis profile milling and contour machining as per drawing
4030100300,A-10248,GEAR NUT SPACER - 140 TON,,,RAW FORGING / BAR STOCK FOR GEAR NUT SPACER - 140 TON,2,DRL,CNC Pattern Drilling & Tapping (PCD),1,VEN0000002,Apex Precision VMC Machinists,CNC pattern drilling and precision thread tapping
4030100300,A-10248,GEAR NUT SPACER - 140 TON,,,RAW FORGING / BAR STOCK FOR GEAR NUT SPACER - 140 TON,3,GRD,Precision Cylindrical & Surface Grinding,1,VEN0000006,Sardar Cylindrical & Surface Grinding,Finish surface grinding to specified Ra value and de-burring
4040100300,A-10208,MOVING PLATE BUSH Ø95 X Ø80 X 50LG - 140 TON,,,RAW FORGING / BAR STOCK FOR MOVING PLATE BUSH Ø95 X Ø80 X 50LG - 140 TON,1,MCH,Heavy VMC Face & Profile Milling,2,VEN0000002,Apex Precision VMC Machinists,Precision CNC 4-axis profile milling and contour machining as per drawing
4040100300,A-10208,MOVING PLATE BUSH Ø95 X Ø80 X 50LG - 140 TON,,,RAW FORGING / BAR STOCK FOR MOVING PLATE BUSH Ø95 X Ø80 X 50LG - 140 TON,2,DRL,CNC Pattern Drilling & Tapping (PCD),1,VEN0000002,Apex Precision VMC Machinists,CNC pattern drilling and precision thread tapping
4040100300,A-10208,MOVING PLATE BUSH Ø95 X Ø80 X 50LG - 140 TON,,,RAW FORGING / BAR STOCK FOR MOVING PLATE BUSH Ø95 X Ø80 X 50LG - 140 TON,3,GRD,Precision Cylindrical & Surface Grinding,1,VEN0000006,Sardar Cylindrical & Surface Grinding,Finish surface grinding to specified Ra value and de-burring
4040100900,A-10987,CROSS HEAD BUSH Ø65 X Ø55 X 33LG - 140 TON,,,RAW FORGING / BAR STOCK FOR CROSS HEAD BUSH Ø65 X Ø55 X 33LG - 140 TON,1,MCH,Heavy VMC Face & Profile Milling,2,VEN0000002,Apex Precision VMC Machinists,Precision CNC 4-axis profile milling and contour machining as per drawing
4040100900,A-10987,CROSS HEAD BUSH Ø65 X Ø55 X 33LG - 140 TON,,,RAW FORGING / BAR STOCK FOR CROSS HEAD BUSH Ø65 X Ø55 X 33LG - 140 TON,2,DRL,CNC Pattern Drilling & Tapping (PCD),1,VEN0000002,Apex Precision VMC Machinists,CNC pattern drilling and precision thread tapping
4040100900,A-10987,CROSS HEAD BUSH Ø65 X Ø55 X 33LG - 140 TON,,,RAW FORGING / BAR STOCK FOR CROSS HEAD BUSH Ø65 X Ø55 X 33LG - 140 TON,3,GRD,Precision Cylindrical & Surface Grinding,1,VEN0000006,Sardar Cylindrical & Surface Grinding,Finish surface grinding to specified Ra value and de-burring
4040200300,A-10193,TOGGLE SMALL GRAPHITE BUSH Ø50 X Ø40 X 65LG - 140 TON,,,RAW FORGING / BAR STOCK FOR TOGGLE SMALL GRAPHITE BUSH Ø50 X Ø40 X 65LG - 140 TON,1,MCH,Heavy VMC Face & Profile Milling,2,VEN0000002,Apex Precision VMC Machinists,Precision CNC 4-axis profile milling and contour machining as per drawing
4040200300,A-10193,TOGGLE SMALL GRAPHITE BUSH Ø50 X Ø40 X 65LG - 140 TON,,,RAW FORGING / BAR STOCK FOR TOGGLE SMALL GRAPHITE BUSH Ø50 X Ø40 X 65LG - 140 TON,2,DRL,CNC Pattern Drilling & Tapping (PCD),1,VEN0000002,Apex Precision VMC Machinists,CNC pattern drilling and precision thread tapping
4040200300,A-10193,TOGGLE SMALL GRAPHITE BUSH Ø50 X Ø40 X 65LG - 140 TON,,,RAW FORGING / BAR STOCK FOR TOGGLE SMALL GRAPHITE BUSH Ø50 X Ø40 X 65LG - 140 TON,3,GRD,Precision Cylindrical & Surface Grinding,1,VEN0000006,Sardar Cylindrical & Surface Grinding,Finish surface grinding to specified Ra value and de-burring
4040200900,A-10199,TOGGLE BIG GRAPHITE BUSH Ø85 X Ø70 X 75LG - 140 TON,,,RAW FORGING / BAR STOCK FOR TOGGLE BIG GRAPHITE BUSH Ø85 X Ø70 X 75LG - 140 TON,1,MCH,Heavy VMC Face & Profile Milling,2,VEN0000002,Apex Precision VMC Machinists,Precision CNC 4-axis profile milling and contour machining as per drawing
4040200900,A-10199,TOGGLE BIG GRAPHITE BUSH Ø85 X Ø70 X 75LG - 140 TON,,,RAW FORGING / BAR STOCK FOR TOGGLE BIG GRAPHITE BUSH Ø85 X Ø70 X 75LG - 140 TON,2,DRL,CNC Pattern Drilling & Tapping (PCD),1,VEN0000002,Apex Precision VMC Machinists,CNC pattern drilling and precision thread tapping
4040200900,A-10199,TOGGLE BIG GRAPHITE BUSH Ø85 X Ø70 X 75LG - 140 TON,,,RAW FORGING / BAR STOCK FOR TOGGLE BIG GRAPHITE BUSH Ø85 X Ø70 X 75LG - 140 TON,3,GRD,Precision Cylindrical & Surface Grinding,1,VEN0000006,Sardar Cylindrical & Surface Grinding,Finish surface grinding to specified Ra value and de-burring
4110004400,A-10142,STATIONARY PLATE TOGGLE - 170 TON,4001000400,14201,STATIONARY PLATE TOGGLE - 170 TON (CASTING),1,MCH,Heavy VMC Face & Profile Milling,2,VEN0000002,Apex Precision VMC Machinists,Rough & finish top/bottom platen face to 0.02mm flat
4110004400,A-10142,STATIONARY PLATE TOGGLE - 170 TON,4001000400,14201,STATIONARY PLATE TOGGLE - 170 TON (CASTING),2,BOR,Precision CNC Line Boring (H7),3,VEN0000002,Apex Precision VMC Machinists,Bore 4x Tie bar holes to H7 tolerance
4110004400,A-10142,STATIONARY PLATE TOGGLE - 170 TON,4001000400,14201,STATIONARY PLATE TOGGLE - 170 TON (CASTING),3,DRL,CNC Pattern Drilling & Tapping (PCD),1,VEN0000002,Apex Precision VMC Machinists,M16/M20 mould clamp tapped holes as per drawing
4110004400,A-10142,STATIONARY PLATE TOGGLE - 170 TON,4001000400,14201,STATIONARY PLATE TOGGLE - 170 TON (CASTING),4,HT,Stress Relieving & Normalizing Heat Treatment,2,VEN0000004,Gujarat Heat Treaters & Nitriding,Normalize thermal stress at 550°C
4110004400,A-10142,STATIONARY PLATE TOGGLE - 170 TON,4001000400,14201,STATIONARY PLATE TOGGLE - 170 TON (CASTING),5,GRD,Precision Cylindrical & Surface Grinding,1,VEN0000006,Sardar Cylindrical & Surface Grinding,Precision surface grind to Ra 0.4 µm & rust preventive oil
4110004500,A-10147,MOVING PLATE TOGGLE - 170 TON,4001001500,14202,MOVING PLATE TOGGLE - 170 TON (CASTING),1,MCH,Heavy VMC Face & Profile Milling,2,VEN0000002,Apex Precision VMC Machinists,Rough & finish top/bottom platen face to 0.02mm flat
4110004500,A-10147,MOVING PLATE TOGGLE - 170 TON,4001001500,14202,MOVING PLATE TOGGLE - 170 TON (CASTING),2,BOR,Precision CNC Line Boring (H7),3,VEN0000002,Apex Precision VMC Machinists,Bore 4x Tie bar holes to H7 tolerance
4110004500,A-10147,MOVING PLATE TOGGLE - 170 TON,4001001500,14202,MOVING PLATE TOGGLE - 170 TON (CASTING),3,DRL,CNC Pattern Drilling & Tapping (PCD),1,VEN0000002,Apex Precision VMC Machinists,M16/M20 mould clamp tapped holes as per drawing
4110004500,A-10147,MOVING PLATE TOGGLE - 170 TON,4001001500,14202,MOVING PLATE TOGGLE - 170 TON (CASTING),4,HT,Stress Relieving & Normalizing Heat Treatment,2,VEN0000004,Gujarat Heat Treaters & Nitriding,Normalize thermal stress at 550°C
4110004500,A-10147,MOVING PLATE TOGGLE - 170 TON,4001001500,14202,MOVING PLATE TOGGLE - 170 TON (CASTING),5,GRD,Precision Cylindrical & Surface Grinding,1,VEN0000006,Sardar Cylindrical & Surface Grinding,Precision surface grind to Ra 0.4 µm & rust preventive oil
4110004600,A-10182,END PLATE - 170 TON,4001002600,14203,END PLATE - 170 TON (CASTING),1,MCH,Heavy VMC Face & Profile Milling,2,VEN0000002,Apex Precision VMC Machinists,Rough & finish top/bottom platen face to 0.02mm flat
4110004600,A-10182,END PLATE - 170 TON,4001002600,14203,END PLATE - 170 TON (CASTING),2,BOR,Precision CNC Line Boring (H7),3,VEN0000002,Apex Precision VMC Machinists,Bore 4x Tie bar holes to H7 tolerance
4110004600,A-10182,END PLATE - 170 TON,4001002600,14203,END PLATE - 170 TON (CASTING),3,DRL,CNC Pattern Drilling & Tapping (PCD),1,VEN0000002,Apex Precision VMC Machinists,M16/M20 mould clamp tapped holes as per drawing
4110004600,A-10182,END PLATE - 170 TON,4001002600,14203,END PLATE - 170 TON (CASTING),4,HT,Stress Relieving & Normalizing Heat Treatment,2,VEN0000004,Gujarat Heat Treaters & Nitriding,Normalize thermal stress at 550°C
4110004600,A-10182,END PLATE - 170 TON,4001002600,14203,END PLATE - 170 TON (CASTING),5,GRD,Precision Cylindrical & Surface Grinding,1,VEN0000006,Sardar Cylindrical & Surface Grinding,Precision surface grind to Ra 0.4 µm & rust preventive oil
4110004700,A-10177,CROSS HEAD - 170 TON,4001003900,14204,CROSS HEAD - 170 TON (CASTING),1,MCH,Heavy VMC Face & Profile Milling,2,VEN0000002,Apex Precision VMC Machinists,"Side faces, triangular profile and pivot bosses milled on 4-axis CNC"
4110004700,A-10177,CROSS HEAD - 170 TON,4001003900,14204,CROSS HEAD - 170 TON (CASTING),2,BOR,Precision CNC Line Boring (H7),2,VEN0000002,Apex Precision VMC Machinists,Line bore pivot pin holes with 0.015mm center-to-center pitch accuracy
4110004700,A-10177,CROSS HEAD - 170 TON,4001003900,14204,CROSS HEAD - 170 TON (CASTING),3,DRL,CNC Pattern Drilling & Tapping (PCD),1,VEN0000002,Apex Precision VMC Machinists,Drill lubrication oil channels and grease nipple ports
4110004700,A-10177,CROSS HEAD - 170 TON,4001003900,14204,CROSS HEAD - 170 TON (CASTING),4,HT,Stress Relieving & Normalizing Heat Treatment,2,VEN0000004,Gujarat Heat Treaters & Nitriding,Furnace normalize at 550°C to relieve internal stresses
4110004700,A-10177,CROSS HEAD - 170 TON,4001003900,14204,CROSS HEAD - 170 TON (CASTING),5,BSH,Phosphor Bronze Bushing Press-Fit & Honing,1,VEN0000002,Apex Precision VMC Machinists,Hydraulic press-fit PB bushings and finish diamond hone to H7
4110004800,A-10172,CROSS HEAD LINK - 170 TON,4001004500,14207,CROSS HEAD LINK - 170 TON (CASTING),1,MCH,Heavy VMC Face & Profile Milling,2,VEN0000002,Apex Precision VMC Machinists,"Side faces, triangular profile and pivot bosses milled on 4-axis CNC"
4110004800,A-10172,CROSS HEAD LINK - 170 TON,4001004500,14207,CROSS HEAD LINK - 170 TON (CASTING),2,BOR,Precision CNC Line Boring (H7),2,VEN0000002,Apex Precision VMC Machinists,Line bore pivot pin holes with 0.015mm center-to-center pitch accuracy
4110004800,A-10172,CROSS HEAD LINK - 170 TON,4001004500,14207,CROSS HEAD LINK - 170 TON (CASTING),3,DRL,CNC Pattern Drilling & Tapping (PCD),1,VEN0000002,Apex Precision VMC Machinists,Drill lubrication oil channels and grease nipple ports
4110004800,A-10172,CROSS HEAD LINK - 170 TON,4001004500,14207,CROSS HEAD LINK - 170 TON (CASTING),4,HT,Stress Relieving & Normalizing Heat Treatment,2,VEN0000004,Gujarat Heat Treaters & Nitriding,Furnace normalize at 550°C to relieve internal stresses
4110004800,A-10172,CROSS HEAD LINK - 170 TON,4001004500,14207,CROSS HEAD LINK - 170 TON (CASTING),5,BSH,Phosphor Bronze Bushing Press-Fit & Honing,1,VEN0000002,Apex Precision VMC Machinists,Hydraulic press-fit PB bushings and finish diamond hone to H7
4110004900,A-10152,BINARY LINK - 170 TON,4001005100,14205,BINARY LINK - 170 TON (CASTING),1,MCH,Heavy VMC Face & Profile Milling,2,VEN0000002,Apex Precision VMC Machinists,"Side faces, triangular profile and pivot bosses milled on 4-axis CNC"
4110004900,A-10152,BINARY LINK - 170 TON,4001005100,14205,BINARY LINK - 170 TON (CASTING),2,BOR,Precision CNC Line Boring (H7),2,VEN0000002,Apex Precision VMC Machinists,Line bore pivot pin holes with 0.015mm center-to-center pitch accuracy
4110004900,A-10152,BINARY LINK - 170 TON,4001005100,14205,BINARY LINK - 170 TON (CASTING),3,DRL,CNC Pattern Drilling & Tapping (PCD),1,VEN0000002,Apex Precision VMC Machinists,Drill lubrication oil channels and grease nipple ports
4110004900,A-10152,BINARY LINK - 170 TON,4001005100,14205,BINARY LINK - 170 TON (CASTING),4,HT,Stress Relieving & Normalizing Heat Treatment,2,VEN0000004,Gujarat Heat Treaters & Nitriding,Furnace normalize at 550°C to relieve internal stresses
4110004900,A-10152,BINARY LINK - 170 TON,4001005100,14205,BINARY LINK - 170 TON (CASTING),5,BSH,Phosphor Bronze Bushing Press-Fit & Honing,1,VEN0000002,Apex Precision VMC Machinists,Hydraulic press-fit PB bushings and finish diamond hone to H7
4110005000,A-10160,TERNARY LINK - 170 TON,4001005600,13206,TERNARY LINK - 140 TON (CASTING),1,MCH,Heavy VMC Face & Profile Milling,2,VEN0000002,Apex Precision VMC Machinists,"Side faces, triangular profile and pivot bosses milled on 4-axis CNC"
4110005000,A-10160,TERNARY LINK - 170 TON,4001005600,13206,TERNARY LINK - 140 TON (CASTING),2,BOR,Precision CNC Line Boring (H7),2,VEN0000002,Apex Precision VMC Machinists,Line bore pivot pin holes with 0.015mm center-to-center pitch accuracy
4110005000,A-10160,TERNARY LINK - 170 TON,4001005600,13206,TERNARY LINK - 140 TON (CASTING),3,DRL,CNC Pattern Drilling & Tapping (PCD),1,VEN0000002,Apex Precision VMC Machinists,Drill lubrication oil channels and grease nipple ports
4110005000,A-10160,TERNARY LINK - 170 TON,4001005600,13206,TERNARY LINK - 140 TON (CASTING),4,HT,Stress Relieving & Normalizing Heat Treatment,2,VEN0000004,Gujarat Heat Treaters & Nitriding,Furnace normalize at 550°C to relieve internal stresses
4110005000,A-10160,TERNARY LINK - 170 TON,4001005600,13206,TERNARY LINK - 140 TON (CASTING),5,BSH,Phosphor Bronze Bushing Press-Fit & Honing,1,VEN0000002,Apex Precision VMC Machinists,Hydraulic press-fit PB bushings and finish diamond hone to H7
4110005100,A-10161,TERNARY LINK RH - 170 TON,4001005600,13206,TERNARY LINK - 140 TON (CASTING),1,MCH,Heavy VMC Face & Profile Milling,2,VEN0000002,Apex Precision VMC Machinists,"Side faces, triangular profile and pivot bosses milled on 4-axis CNC"
4110005100,A-10161,TERNARY LINK RH - 170 TON,4001005600,13206,TERNARY LINK - 140 TON (CASTING),2,BOR,Precision CNC Line Boring (H7),2,VEN0000002,Apex Precision VMC Machinists,Line bore pivot pin holes with 0.015mm center-to-center pitch accuracy
4110005100,A-10161,TERNARY LINK RH - 170 TON,4001005600,13206,TERNARY LINK - 140 TON (CASTING),3,DRL,CNC Pattern Drilling & Tapping (PCD),1,VEN0000002,Apex Precision VMC Machinists,Drill lubrication oil channels and grease nipple ports
4110005100,A-10161,TERNARY LINK RH - 170 TON,4001005600,13206,TERNARY LINK - 140 TON (CASTING),4,HT,Stress Relieving & Normalizing Heat Treatment,2,VEN0000004,Gujarat Heat Treaters & Nitriding,Furnace normalize at 550°C to relieve internal stresses
4110005100,A-10161,TERNARY LINK RH - 170 TON,4001005600,13206,TERNARY LINK - 140 TON (CASTING),5,BSH,Phosphor Bronze Bushing Press-Fit & Honing,1,VEN0000002,Apex Precision VMC Machinists,Hydraulic press-fit PB bushings and finish diamond hone to H7
4110005200,A-10159,TERNARY LINK LH - 170 TON,4001005600,13206,TERNARY LINK - 140 TON (CASTING),1,MCH,Heavy VMC Face & Profile Milling,2,VEN0000002,Apex Precision VMC Machinists,"Side faces, triangular profile and pivot bosses milled on 4-axis CNC"
4110005200,A-10159,TERNARY LINK LH - 170 TON,4001005600,13206,TERNARY LINK - 140 TON (CASTING),2,BOR,Precision CNC Line Boring (H7),2,VEN0000002,Apex Precision VMC Machinists,Line bore pivot pin holes with 0.015mm center-to-center pitch accuracy
4110005200,A-10159,TERNARY LINK LH - 170 TON,4001005600,13206,TERNARY LINK - 140 TON (CASTING),3,DRL,CNC Pattern Drilling & Tapping (PCD),1,VEN0000002,Apex Precision VMC Machinists,Drill lubrication oil channels and grease nipple ports
4110005200,A-10159,TERNARY LINK LH - 170 TON,4001005600,13206,TERNARY LINK - 140 TON (CASTING),4,HT,Stress Relieving & Normalizing Heat Treatment,2,VEN0000004,Gujarat Heat Treaters & Nitriding,Furnace normalize at 550°C to relieve internal stresses
4110005200,A-10159,TERNARY LINK LH - 170 TON,4001005600,13206,TERNARY LINK - 140 TON (CASTING),5,BSH,Phosphor Bronze Bushing Press-Fit & Honing,1,VEN0000002,Apex Precision VMC Machinists,Hydraulic press-fit PB bushings and finish diamond hone to H7
4110005300,A-10252,GEAR NUT RETAINER - 170 TON,,,RAW FORGING / BAR STOCK FOR GEAR NUT RETAINER - 170 TON,1,MCH,Heavy VMC Face & Profile Milling,2,VEN0000002,Apex Precision VMC Machinists,Precision CNC 4-axis profile milling and contour machining as per drawing
4110005300,A-10252,GEAR NUT RETAINER - 170 TON,,,RAW FORGING / BAR STOCK FOR GEAR NUT RETAINER - 170 TON,2,DRL,CNC Pattern Drilling & Tapping (PCD),1,VEN0000002,Apex Precision VMC Machinists,CNC pattern drilling and precision thread tapping
4110005300,A-10252,GEAR NUT RETAINER - 170 TON,,,RAW FORGING / BAR STOCK FOR GEAR NUT RETAINER - 170 TON,3,GRD,Precision Cylindrical & Surface Grinding,1,VEN0000006,Sardar Cylindrical & Surface Grinding,Finish surface grinding to specified Ra value and de-burring
4010100500,A-10257,SUN GEAR - 170 TON (MODULE-3 TEETH-215),,,RAW FORGING / BAR STOCK FOR SUN GEAR - 170 TON (MODULE-3 TEETH-215),1,MCH,Heavy VMC Face & Profile Milling,2,VEN0000002,Apex Precision VMC Machinists,Precision CNC 4-axis profile milling and contour machining as per drawing
4010100500,A-10257,SUN GEAR - 170 TON (MODULE-3 TEETH-215),,,RAW FORGING / BAR STOCK FOR SUN GEAR - 170 TON (MODULE-3 TEETH-215),2,DRL,CNC Pattern Drilling & Tapping (PCD),1,VEN0000002,Apex Precision VMC Machinists,CNC pattern drilling and precision thread tapping
4010100500,A-10257,SUN GEAR - 170 TON (MODULE-3 TEETH-215),,,RAW FORGING / BAR STOCK FOR SUN GEAR - 170 TON (MODULE-3 TEETH-215),3,GRD,Precision Cylindrical & Surface Grinding,1,VEN0000006,Sardar Cylindrical & Surface Grinding,Finish surface grinding to specified Ra value and de-burring
4120013900,A-10139,TIE BAR Ø90 - 170 TON TOGGLE,,,EN19 / 42CrMo4 ROUND BAR (FORGED) FOR TIE BAR Ø90 - 170 TON TOGGLE,1,MCH,Heavy VMC Face & Profile Milling,3,VEN0000002,Apex Precision VMC Machinists,Rough & finish turn outer diameters and cut buttress tie bar threads
4120013900,A-10139,TIE BAR Ø90 - 170 TON TOGGLE,,,EN19 / 42CrMo4 ROUND BAR (FORGED) FOR TIE BAR Ø90 - 170 TON TOGGLE,2,IND,Medium Frequency Induction Hardening,2,VEN0000004,Gujarat Heat Treaters & Nitriding,Induction harden guide zones to 52-56 HRC (depth 2.5-3.0mm)
4120013900,A-10139,TIE BAR Ø90 - 170 TON TOGGLE,,,EN19 / 42CrMo4 ROUND BAR (FORGED) FOR TIE BAR Ø90 - 170 TON TOGGLE,3,GRD,Precision Cylindrical & Surface Grinding,2,VEN0000006,Sardar Cylindrical & Surface Grinding,Precision cylindrical grind to Ra 0.2 µm with 0.01mm total runout
4120013900,A-10139,TIE BAR Ø90 - 170 TON TOGGLE,,,EN19 / 42CrMo4 ROUND BAR (FORGED) FOR TIE BAR Ø90 - 170 TON TOGGLE,4,PLT,Hard Chrome Plating (25-30 Microns),2,VEN0000007,Hard Chrome Plating Corporation,Hard chrome plate 25-30 microns and micro-polish to mirror finish
4120014000,A-10129,TIE BAR LOCATING PLATE - 170 TON,,,RAW FORGING / BAR STOCK FOR TIE BAR LOCATING PLATE - 170 TON,1,MCH,Heavy VMC Face & Profile Milling,3,VEN0000002,Apex Precision VMC Machinists,Rough & finish turn outer diameters and cut buttress tie bar threads
4120014000,A-10129,TIE BAR LOCATING PLATE - 170 TON,,,RAW FORGING / BAR STOCK FOR TIE BAR LOCATING PLATE - 170 TON,2,IND,Medium Frequency Induction Hardening,2,VEN0000004,Gujarat Heat Treaters & Nitriding,Induction harden guide zones to 52-56 HRC (depth 2.5-3.0mm)
4120014000,A-10129,TIE BAR LOCATING PLATE - 170 TON,,,RAW FORGING / BAR STOCK FOR TIE BAR LOCATING PLATE - 170 TON,3,GRD,Precision Cylindrical & Surface Grinding,2,VEN0000006,Sardar Cylindrical & Surface Grinding,Precision cylindrical grind to Ra 0.2 µm with 0.01mm total runout
4120014000,A-10129,TIE BAR LOCATING PLATE - 170 TON,,,RAW FORGING / BAR STOCK FOR TIE BAR LOCATING PLATE - 170 TON,4,PLT,Hard Chrome Plating (25-30 Microns),2,VEN0000007,Hard Chrome Plating Corporation,Hard chrome plate 25-30 microns and micro-polish to mirror finish
4120014100,A-10337,TOGGLE SMALL PIN Ø45 - 170 TON,,,RAW FORGING / BAR STOCK FOR TOGGLE SMALL PIN Ø45 - 170 TON,1,MCH,Heavy VMC Face & Profile Milling,2,VEN0000002,Apex Precision VMC Machinists,Precision CNC 4-axis profile milling and contour machining as per drawing
4120014100,A-10337,TOGGLE SMALL PIN Ø45 - 170 TON,,,RAW FORGING / BAR STOCK FOR TOGGLE SMALL PIN Ø45 - 170 TON,2,DRL,CNC Pattern Drilling & Tapping (PCD),1,VEN0000002,Apex Precision VMC Machinists,CNC pattern drilling and precision thread tapping
4120014100,A-10337,TOGGLE SMALL PIN Ø45 - 170 TON,,,RAW FORGING / BAR STOCK FOR TOGGLE SMALL PIN Ø45 - 170 TON,3,GRD,Precision Cylindrical & Surface Grinding,1,VEN0000006,Sardar Cylindrical & Surface Grinding,Finish surface grinding to specified Ra value and de-burring
4120014200,A-10188,TOGGLE SMALL PIN LOCKING STRIP – 170 TON,,,RAW FORGING / BAR STOCK FOR TOGGLE SMALL PIN LOCKING STRIP – 170 TON,1,MCH,Heavy VMC Face & Profile Milling,2,VEN0000002,Apex Precision VMC Machinists,Precision CNC 4-axis profile milling and contour machining as per drawing
4120014200,A-10188,TOGGLE SMALL PIN LOCKING STRIP – 170 TON,,,RAW FORGING / BAR STOCK FOR TOGGLE SMALL PIN LOCKING STRIP – 170 TON,2,DRL,CNC Pattern Drilling & Tapping (PCD),1,VEN0000002,Apex Precision VMC Machinists,CNC pattern drilling and precision thread tapping
4120014200,A-10188,TOGGLE SMALL PIN LOCKING STRIP – 170 TON,,,RAW FORGING / BAR STOCK FOR TOGGLE SMALL PIN LOCKING STRIP – 170 TON,3,GRD,Precision Cylindrical & Surface Grinding,1,VEN0000006,Sardar Cylindrical & Surface Grinding,Finish surface grinding to specified Ra value and de-burring
4120014300,A-10332,TOGGLE BIG PIN Ø70 - 170 TON,,,RAW FORGING / BAR STOCK FOR TOGGLE BIG PIN Ø70 - 170 TON,1,MCH,Heavy VMC Face & Profile Milling,2,VEN0000002,Apex Precision VMC Machinists,Precision CNC 4-axis profile milling and contour machining as per drawing
4120014300,A-10332,TOGGLE BIG PIN Ø70 - 170 TON,,,RAW FORGING / BAR STOCK FOR TOGGLE BIG PIN Ø70 - 170 TON,2,DRL,CNC Pattern Drilling & Tapping (PCD),1,VEN0000002,Apex Precision VMC Machinists,CNC pattern drilling and precision thread tapping
4120014300,A-10332,TOGGLE BIG PIN Ø70 - 170 TON,,,RAW FORGING / BAR STOCK FOR TOGGLE BIG PIN Ø70 - 170 TON,3,GRD,Precision Cylindrical & Surface Grinding,1,VEN0000006,Sardar Cylindrical & Surface Grinding,Finish surface grinding to specified Ra value and de-burring
4120014400,A-10212,CROSS HEAD GUIDE ROD Ø60 - 170 TON,,,RAW FORGING / BAR STOCK FOR CROSS HEAD GUIDE ROD Ø60 - 170 TON,1,MCH,Heavy VMC Face & Profile Milling,2,VEN0000002,Apex Precision VMC Machinists,Precision CNC 4-axis profile milling and contour machining as per drawing
4120014400,A-10212,CROSS HEAD GUIDE ROD Ø60 - 170 TON,,,RAW FORGING / BAR STOCK FOR CROSS HEAD GUIDE ROD Ø60 - 170 TON,2,DRL,CNC Pattern Drilling & Tapping (PCD),1,VEN0000002,Apex Precision VMC Machinists,CNC pattern drilling and precision thread tapping
4120014400,A-10212,CROSS HEAD GUIDE ROD Ø60 - 170 TON,,,RAW FORGING / BAR STOCK FOR CROSS HEAD GUIDE ROD Ø60 - 170 TON,3,GRD,Precision Cylindrical & Surface Grinding,1,VEN0000006,Sardar Cylindrical & Surface Grinding,Finish surface grinding to specified Ra value and de-burring
4120014500,A-10217,CROSS HEAD GUIDE ROD LOCATING PLATE - 170 TON,,,RAW FORGING / BAR STOCK FOR CROSS HEAD GUIDE ROD LOCATING PLATE - 170 TON,1,MCH,Heavy VMC Face & Profile Milling,2,VEN0000002,Apex Precision VMC Machinists,Precision CNC 4-axis profile milling and contour machining as per drawing
4120014500,A-10217,CROSS HEAD GUIDE ROD LOCATING PLATE - 170 TON,,,RAW FORGING / BAR STOCK FOR CROSS HEAD GUIDE ROD LOCATING PLATE - 170 TON,2,DRL,CNC Pattern Drilling & Tapping (PCD),1,VEN0000002,Apex Precision VMC Machinists,CNC pattern drilling and precision thread tapping
4120014500,A-10217,CROSS HEAD GUIDE ROD LOCATING PLATE - 170 TON,,,RAW FORGING / BAR STOCK FOR CROSS HEAD GUIDE ROD LOCATING PLATE - 170 TON,3,GRD,Precision Cylindrical & Surface Grinding,1,VEN0000006,Sardar Cylindrical & Surface Grinding,Finish surface grinding to specified Ra value and de-burring
4120014600,A-10202,MOVING PLATE WIPER RETAINER - 170 TON,,,RAW FORGING / BAR STOCK FOR MOVING PLATE WIPER RETAINER - 170 TON,1,MCH,Heavy VMC Face & Profile Milling,2,VEN0000002,Apex Precision VMC Machinists,Precision CNC 4-axis profile milling and contour machining as per drawing
4120014600,A-10202,MOVING PLATE WIPER RETAINER - 170 TON,,,RAW FORGING / BAR STOCK FOR MOVING PLATE WIPER RETAINER - 170 TON,2,DRL,CNC Pattern Drilling & Tapping (PCD),1,VEN0000002,Apex Precision VMC Machinists,CNC pattern drilling and precision thread tapping
4120014600,A-10202,MOVING PLATE WIPER RETAINER - 170 TON,,,RAW FORGING / BAR STOCK FOR MOVING PLATE WIPER RETAINER - 170 TON,3,GRD,Precision Cylindrical & Surface Grinding,1,VEN0000006,Sardar Cylindrical & Surface Grinding,Finish surface grinding to specified Ra value and de-burring
4120014700,A-10222,EJECTOR CYLINDER MTG PLATE - 170 TON,,,RAW FORGING / BAR STOCK FOR EJECTOR CYLINDER MTG PLATE - 170 TON,1,MCH,Heavy VMC Face & Profile Milling,2,VEN0000002,Apex Precision VMC Machinists,Precision CNC 4-axis profile milling and contour machining as per drawing
4120014700,A-10222,EJECTOR CYLINDER MTG PLATE - 170 TON,,,RAW FORGING / BAR STOCK FOR EJECTOR CYLINDER MTG PLATE - 170 TON,2,DRL,CNC Pattern Drilling & Tapping (PCD),1,VEN0000002,Apex Precision VMC Machinists,CNC pattern drilling and precision thread tapping
4120014700,A-10222,EJECTOR CYLINDER MTG PLATE - 170 TON,,,RAW FORGING / BAR STOCK FOR EJECTOR CYLINDER MTG PLATE - 170 TON,3,GRD,Precision Cylindrical & Surface Grinding,1,VEN0000006,Sardar Cylindrical & Surface Grinding,Finish surface grinding to specified Ra value and de-burring
4120014800,A-10226,EJECTOR PLATE GUIDE ROD - 170 TON,,,RAW FORGING / BAR STOCK FOR EJECTOR PLATE GUIDE ROD - 170 TON,1,MCH,Heavy VMC Face & Profile Milling,2,VEN0000002,Apex Precision VMC Machinists,Precision CNC 4-axis profile milling and contour machining as per drawing
4120014800,A-10226,EJECTOR PLATE GUIDE ROD - 170 TON,,,RAW FORGING / BAR STOCK FOR EJECTOR PLATE GUIDE ROD - 170 TON,2,DRL,CNC Pattern Drilling & Tapping (PCD),1,VEN0000002,Apex Precision VMC Machinists,CNC pattern drilling and precision thread tapping
4120014800,A-10226,EJECTOR PLATE GUIDE ROD - 170 TON,,,RAW FORGING / BAR STOCK FOR EJECTOR PLATE GUIDE ROD - 170 TON,3,GRD,Precision Cylindrical & Surface Grinding,1,VEN0000006,Sardar Cylindrical & Surface Grinding,Finish surface grinding to specified Ra value and de-burring
4020100400,A-10134,TIE BAR NUT M90 X 3 - 170 TON TOGGLE,,,RAW FORGING / BAR STOCK FOR TIE BAR NUT M90 X 3 - 170 TON TOGGLE,1,MCH,Heavy VMC Face & Profile Milling,3,VEN0000002,Apex Precision VMC Machinists,Rough & finish turn outer diameters and cut buttress tie bar threads
4020100400,A-10134,TIE BAR NUT M90 X 3 - 170 TON TOGGLE,,,RAW FORGING / BAR STOCK FOR TIE BAR NUT M90 X 3 - 170 TON TOGGLE,2,IND,Medium Frequency Induction Hardening,2,VEN0000004,Gujarat Heat Treaters & Nitriding,Induction harden guide zones to 52-56 HRC (depth 2.5-3.0mm)
4020100400,A-10134,TIE BAR NUT M90 X 3 - 170 TON TOGGLE,,,RAW FORGING / BAR STOCK FOR TIE BAR NUT M90 X 3 - 170 TON TOGGLE,3,GRD,Precision Cylindrical & Surface Grinding,2,VEN0000006,Sardar Cylindrical & Surface Grinding,Precision cylindrical grind to Ra 0.2 µm with 0.01mm total runout
4020100400,A-10134,TIE BAR NUT M90 X 3 - 170 TON TOGGLE,,,RAW FORGING / BAR STOCK FOR TIE BAR NUT M90 X 3 - 170 TON TOGGLE,4,PLT,Hard Chrome Plating (25-30 Microns),2,VEN0000007,Hard Chrome Plating Corporation,Hard chrome plate 25-30 microns and micro-polish to mirror finish
4010101100,A-10244,GEAR NUT - 170 TON (MODULE-3 TEETH-58),,,RAW FORGING / BAR STOCK FOR GEAR NUT - 170 TON (MODULE-3 TEETH-58),1,MCH,Heavy VMC Face & Profile Milling,2,VEN0000002,Apex Precision VMC Machinists,Precision CNC 4-axis profile milling and contour machining as per drawing
4010101100,A-10244,GEAR NUT - 170 TON (MODULE-3 TEETH-58),,,RAW FORGING / BAR STOCK FOR GEAR NUT - 170 TON (MODULE-3 TEETH-58),2,DRL,CNC Pattern Drilling & Tapping (PCD),1,VEN0000002,Apex Precision VMC Machinists,CNC pattern drilling and precision thread tapping
4010101100,A-10244,GEAR NUT - 170 TON (MODULE-3 TEETH-58),,,RAW FORGING / BAR STOCK FOR GEAR NUT - 170 TON (MODULE-3 TEETH-58),3,GRD,Precision Cylindrical & Surface Grinding,1,VEN0000006,Sardar Cylindrical & Surface Grinding,Finish surface grinding to specified Ra value and de-burring
4030100400,A-10249,GEAR NUT SPACER - 170 TON,,,RAW FORGING / BAR STOCK FOR GEAR NUT SPACER - 170 TON,1,MCH,Heavy VMC Face & Profile Milling,2,VEN0000002,Apex Precision VMC Machinists,Precision CNC 4-axis profile milling and contour machining as per drawing
4030100400,A-10249,GEAR NUT SPACER - 170 TON,,,RAW FORGING / BAR STOCK FOR GEAR NUT SPACER - 170 TON,2,DRL,CNC Pattern Drilling & Tapping (PCD),1,VEN0000002,Apex Precision VMC Machinists,CNC pattern drilling and precision thread tapping
4030100400,A-10249,GEAR NUT SPACER - 170 TON,,,RAW FORGING / BAR STOCK FOR GEAR NUT SPACER - 170 TON,3,GRD,Precision Cylindrical & Surface Grinding,1,VEN0000006,Sardar Cylindrical & Surface Grinding,Finish surface grinding to specified Ra value and de-burring
4040100400,A-10209,MOVING PLATE BUSH Ø105 X Ø90 X 55LG - 170 TON,,,RAW FORGING / BAR STOCK FOR MOVING PLATE BUSH Ø105 X Ø90 X 55LG - 170 TON,1,MCH,Heavy VMC Face & Profile Milling,2,VEN0000002,Apex Precision VMC Machinists,Precision CNC 4-axis profile milling and contour machining as per drawing
4040100400,A-10209,MOVING PLATE BUSH Ø105 X Ø90 X 55LG - 170 TON,,,RAW FORGING / BAR STOCK FOR MOVING PLATE BUSH Ø105 X Ø90 X 55LG - 170 TON,2,DRL,CNC Pattern Drilling & Tapping (PCD),1,VEN0000002,Apex Precision VMC Machinists,CNC pattern drilling and precision thread tapping
4040100400,A-10209,MOVING PLATE BUSH Ø105 X Ø90 X 55LG - 170 TON,,,RAW FORGING / BAR STOCK FOR MOVING PLATE BUSH Ø105 X Ø90 X 55LG - 170 TON,3,GRD,Precision Cylindrical & Surface Grinding,1,VEN0000006,Sardar Cylindrical & Surface Grinding,Finish surface grinding to specified Ra value and de-burring
4040200400,A-10195,TOGGLE SMALL GRAPHITE BUSH Ø55 X Ø45 X 70LG - 170 TON,,,RAW FORGING / BAR STOCK FOR TOGGLE SMALL GRAPHITE BUSH Ø55 X Ø45 X 70LG - 170 TON,1,MCH,Heavy VMC Face & Profile Milling,2,VEN0000002,Apex Precision VMC Machinists,Precision CNC 4-axis profile milling and contour machining as per drawing
4040200400,A-10195,TOGGLE SMALL GRAPHITE BUSH Ø55 X Ø45 X 70LG - 170 TON,,,RAW FORGING / BAR STOCK FOR TOGGLE SMALL GRAPHITE BUSH Ø55 X Ø45 X 70LG - 170 TON,2,DRL,CNC Pattern Drilling & Tapping (PCD),1,VEN0000002,Apex Precision VMC Machinists,CNC pattern drilling and precision thread tapping
4040200400,A-10195,TOGGLE SMALL GRAPHITE BUSH Ø55 X Ø45 X 70LG - 170 TON,,,RAW FORGING / BAR STOCK FOR TOGGLE SMALL GRAPHITE BUSH Ø55 X Ø45 X 70LG - 170 TON,3,GRD,Precision Cylindrical & Surface Grinding,1,VEN0000006,Sardar Cylindrical & Surface Grinding,Finish surface grinding to specified Ra value and de-burring
4040201000,A-10198,TOGGLE BIG GRAPHITE BUSH Ø90 X Ø75 X 85LG - 170 TON,,,RAW FORGING / BAR STOCK FOR TOGGLE BIG GRAPHITE BUSH Ø90 X Ø75 X 85LG - 170 TON,1,MCH,Heavy VMC Face & Profile Milling,2,VEN0000002,Apex Precision VMC Machinists,Precision CNC 4-axis profile milling and contour machining as per drawing
4040201000,A-10198,TOGGLE BIG GRAPHITE BUSH Ø90 X Ø75 X 85LG - 170 TON,,,RAW FORGING / BAR STOCK FOR TOGGLE BIG GRAPHITE BUSH Ø90 X Ø75 X 85LG - 170 TON,2,DRL,CNC Pattern Drilling & Tapping (PCD),1,VEN0000002,Apex Precision VMC Machinists,CNC pattern drilling and precision thread tapping
4040201000,A-10198,TOGGLE BIG GRAPHITE BUSH Ø90 X Ø75 X 85LG - 170 TON,,,RAW FORGING / BAR STOCK FOR TOGGLE BIG GRAPHITE BUSH Ø90 X Ø75 X 85LG - 170 TON,3,GRD,Precision Cylindrical & Surface Grinding,1,VEN0000006,Sardar Cylindrical & Surface Grinding,Finish surface grinding to specified Ra value and de-burring
4110005800,A-10141,STATIONARY PLATE TOGGLE - 200 TON,4001000500,15201,STATIONARY PLATE TOGGLE - 200 TON (CASTING),1,MCH,Heavy VMC Face & Profile Milling,2,VEN0000002,Apex Precision VMC Machinists,Rough & finish top/bottom platen face to 0.02mm flat
4110005800,A-10141,STATIONARY PLATE TOGGLE - 200 TON,4001000500,15201,STATIONARY PLATE TOGGLE - 200 TON (CASTING),2,BOR,Precision CNC Line Boring (H7),3,VEN0000002,Apex Precision VMC Machinists,Bore 4x Tie bar holes to H7 tolerance
4110005800,A-10141,STATIONARY PLATE TOGGLE - 200 TON,4001000500,15201,STATIONARY PLATE TOGGLE - 200 TON (CASTING),3,DRL,CNC Pattern Drilling & Tapping (PCD),1,VEN0000002,Apex Precision VMC Machinists,M16/M20 mould clamp tapped holes as per drawing
4110005800,A-10141,STATIONARY PLATE TOGGLE - 200 TON,4001000500,15201,STATIONARY PLATE TOGGLE - 200 TON (CASTING),4,HT,Stress Relieving & Normalizing Heat Treatment,2,VEN0000004,Gujarat Heat Treaters & Nitriding,Normalize thermal stress at 550°C
4110005800,A-10141,STATIONARY PLATE TOGGLE - 200 TON,4001000500,15201,STATIONARY PLATE TOGGLE - 200 TON (CASTING),5,GRD,Precision Cylindrical & Surface Grinding,1,VEN0000006,Sardar Cylindrical & Surface Grinding,Precision surface grind to Ra 0.4 µm & rust preventive oil
4110005900,A-10146,MOVING PLATE TOGGLE - 200 TON,4001001600,15202,MOVING PLATE TOGGLE - 200 TON (CASTING),1,MCH,Heavy VMC Face & Profile Milling,2,VEN0000002,Apex Precision VMC Machinists,Rough & finish top/bottom platen face to 0.02mm flat
4110005900,A-10146,MOVING PLATE TOGGLE - 200 TON,4001001600,15202,MOVING PLATE TOGGLE - 200 TON (CASTING),2,BOR,Precision CNC Line Boring (H7),3,VEN0000002,Apex Precision VMC Machinists,Bore 4x Tie bar holes to H7 tolerance
4110005900,A-10146,MOVING PLATE TOGGLE - 200 TON,4001001600,15202,MOVING PLATE TOGGLE - 200 TON (CASTING),3,DRL,CNC Pattern Drilling & Tapping (PCD),1,VEN0000002,Apex Precision VMC Machinists,M16/M20 mould clamp tapped holes as per drawing
4110005900,A-10146,MOVING PLATE TOGGLE - 200 TON,4001001600,15202,MOVING PLATE TOGGLE - 200 TON (CASTING),4,HT,Stress Relieving & Normalizing Heat Treatment,2,VEN0000004,Gujarat Heat Treaters & Nitriding,Normalize thermal stress at 550°C
4110005900,A-10146,MOVING PLATE TOGGLE - 200 TON,4001001600,15202,MOVING PLATE TOGGLE - 200 TON (CASTING),5,GRD,Precision Cylindrical & Surface Grinding,1,VEN0000006,Sardar Cylindrical & Surface Grinding,Precision surface grind to Ra 0.4 µm & rust preventive oil
4110006000,A-10181,END PLATE - 200 TON,4001002700,15203,END PLATE - 200 TON (CASTING),1,MCH,Heavy VMC Face & Profile Milling,2,VEN0000002,Apex Precision VMC Machinists,Rough & finish top/bottom platen face to 0.02mm flat
4110006000,A-10181,END PLATE - 200 TON,4001002700,15203,END PLATE - 200 TON (CASTING),2,BOR,Precision CNC Line Boring (H7),3,VEN0000002,Apex Precision VMC Machinists,Bore 4x Tie bar holes to H7 tolerance
4110006000,A-10181,END PLATE - 200 TON,4001002700,15203,END PLATE - 200 TON (CASTING),3,DRL,CNC Pattern Drilling & Tapping (PCD),1,VEN0000002,Apex Precision VMC Machinists,M16/M20 mould clamp tapped holes as per drawing
4110006000,A-10181,END PLATE - 200 TON,4001002700,15203,END PLATE - 200 TON (CASTING),4,HT,Stress Relieving & Normalizing Heat Treatment,2,VEN0000004,Gujarat Heat Treaters & Nitriding,Normalize thermal stress at 550°C
4110006000,A-10181,END PLATE - 200 TON,4001002700,15203,END PLATE - 200 TON (CASTING),5,GRD,Precision Cylindrical & Surface Grinding,1,VEN0000006,Sardar Cylindrical & Surface Grinding,Precision surface grind to Ra 0.4 µm & rust preventive oil
4110006100,A-10176,CROSS HEAD - 200 TON,4001004000,15204,CROSS HEAD - 200 TON (CASTING),1,MCH,Heavy VMC Face & Profile Milling,2,VEN0000002,Apex Precision VMC Machinists,"Side faces, triangular profile and pivot bosses milled on 4-axis CNC"
4110006100,A-10176,CROSS HEAD - 200 TON,4001004000,15204,CROSS HEAD - 200 TON (CASTING),2,BOR,Precision CNC Line Boring (H7),2,VEN0000002,Apex Precision VMC Machinists,Line bore pivot pin holes with 0.015mm center-to-center pitch accuracy
4110006100,A-10176,CROSS HEAD - 200 TON,4001004000,15204,CROSS HEAD - 200 TON (CASTING),3,DRL,CNC Pattern Drilling & Tapping (PCD),1,VEN0000002,Apex Precision VMC Machinists,Drill lubrication oil channels and grease nipple ports
4110006100,A-10176,CROSS HEAD - 200 TON,4001004000,15204,CROSS HEAD - 200 TON (CASTING),4,HT,Stress Relieving & Normalizing Heat Treatment,2,VEN0000004,Gujarat Heat Treaters & Nitriding,Furnace normalize at 550°C to relieve internal stresses
4110006100,A-10176,CROSS HEAD - 200 TON,4001004000,15204,CROSS HEAD - 200 TON (CASTING),5,BSH,Phosphor Bronze Bushing Press-Fit & Honing,1,VEN0000002,Apex Precision VMC Machinists,Hydraulic press-fit PB bushings and finish diamond hone to H7
4110006200,A-10171,CROSS HEAD LINK - 200 TON,4001004600,15207,CROSS HEAD LINK - 200 TON (CASTING),1,MCH,Heavy VMC Face & Profile Milling,2,VEN0000002,Apex Precision VMC Machinists,"Side faces, triangular profile and pivot bosses milled on 4-axis CNC"
4110006200,A-10171,CROSS HEAD LINK - 200 TON,4001004600,15207,CROSS HEAD LINK - 200 TON (CASTING),2,BOR,Precision CNC Line Boring (H7),2,VEN0000002,Apex Precision VMC Machinists,Line bore pivot pin holes with 0.015mm center-to-center pitch accuracy
4110006200,A-10171,CROSS HEAD LINK - 200 TON,4001004600,15207,CROSS HEAD LINK - 200 TON (CASTING),3,DRL,CNC Pattern Drilling & Tapping (PCD),1,VEN0000002,Apex Precision VMC Machinists,Drill lubrication oil channels and grease nipple ports
4110006200,A-10171,CROSS HEAD LINK - 200 TON,4001004600,15207,CROSS HEAD LINK - 200 TON (CASTING),4,HT,Stress Relieving & Normalizing Heat Treatment,2,VEN0000004,Gujarat Heat Treaters & Nitriding,Furnace normalize at 550°C to relieve internal stresses
4110006200,A-10171,CROSS HEAD LINK - 200 TON,4001004600,15207,CROSS HEAD LINK - 200 TON (CASTING),5,BSH,Phosphor Bronze Bushing Press-Fit & Honing,1,VEN0000002,Apex Precision VMC Machinists,Hydraulic press-fit PB bushings and finish diamond hone to H7
4110006300,A-10151,BINARY LINK - 200 TON,4001005200,15205,BINARY LINK - 200 TON (CASTING),1,MCH,Heavy VMC Face & Profile Milling,2,VEN0000002,Apex Precision VMC Machinists,"Side faces, triangular profile and pivot bosses milled on 4-axis CNC"
4110006300,A-10151,BINARY LINK - 200 TON,4001005200,15205,BINARY LINK - 200 TON (CASTING),2,BOR,Precision CNC Line Boring (H7),2,VEN0000002,Apex Precision VMC Machinists,Line bore pivot pin holes with 0.015mm center-to-center pitch accuracy
4110006300,A-10151,BINARY LINK - 200 TON,4001005200,15205,BINARY LINK - 200 TON (CASTING),3,DRL,CNC Pattern Drilling & Tapping (PCD),1,VEN0000002,Apex Precision VMC Machinists,Drill lubrication oil channels and grease nipple ports
4110006300,A-10151,BINARY LINK - 200 TON,4001005200,15205,BINARY LINK - 200 TON (CASTING),4,HT,Stress Relieving & Normalizing Heat Treatment,2,VEN0000004,Gujarat Heat Treaters & Nitriding,Furnace normalize at 550°C to relieve internal stresses
4110006300,A-10151,BINARY LINK - 200 TON,4001005200,15205,BINARY LINK - 200 TON (CASTING),5,BSH,Phosphor Bronze Bushing Press-Fit & Honing,1,VEN0000002,Apex Precision VMC Machinists,Hydraulic press-fit PB bushings and finish diamond hone to H7
4110006400,A-10156,TERNARY LINK - 200 TON,4001005800,15206,TERNARY LINK - 200 TON (CASTING),1,MCH,Heavy VMC Face & Profile Milling,2,VEN0000002,Apex Precision VMC Machinists,"Side faces, triangular profile and pivot bosses milled on 4-axis CNC"
4110006400,A-10156,TERNARY LINK - 200 TON,4001005800,15206,TERNARY LINK - 200 TON (CASTING),2,BOR,Precision CNC Line Boring (H7),2,VEN0000002,Apex Precision VMC Machinists,Line bore pivot pin holes with 0.015mm center-to-center pitch accuracy
4110006400,A-10156,TERNARY LINK - 200 TON,4001005800,15206,TERNARY LINK - 200 TON (CASTING),3,DRL,CNC Pattern Drilling & Tapping (PCD),1,VEN0000002,Apex Precision VMC Machinists,Drill lubrication oil channels and grease nipple ports
4110006400,A-10156,TERNARY LINK - 200 TON,4001005800,15206,TERNARY LINK - 200 TON (CASTING),4,HT,Stress Relieving & Normalizing Heat Treatment,2,VEN0000004,Gujarat Heat Treaters & Nitriding,Furnace normalize at 550°C to relieve internal stresses
4110006400,A-10156,TERNARY LINK - 200 TON,4001005800,15206,TERNARY LINK - 200 TON (CASTING),5,BSH,Phosphor Bronze Bushing Press-Fit & Honing,1,VEN0000002,Apex Precision VMC Machinists,Hydraulic press-fit PB bushings and finish diamond hone to H7
4110006500,A-10157,TERNARY LINK RH - 200 TON,4001005800,15206,TERNARY LINK - 200 TON (CASTING),1,MCH,Heavy VMC Face & Profile Milling,2,VEN0000002,Apex Precision VMC Machinists,"Side faces, triangular profile and pivot bosses milled on 4-axis CNC"
4110006500,A-10157,TERNARY LINK RH - 200 TON,4001005800,15206,TERNARY LINK - 200 TON (CASTING),2,BOR,Precision CNC Line Boring (H7),2,VEN0000002,Apex Precision VMC Machinists,Line bore pivot pin holes with 0.015mm center-to-center pitch accuracy
4110006500,A-10157,TERNARY LINK RH - 200 TON,4001005800,15206,TERNARY LINK - 200 TON (CASTING),3,DRL,CNC Pattern Drilling & Tapping (PCD),1,VEN0000002,Apex Precision VMC Machinists,Drill lubrication oil channels and grease nipple ports
4110006500,A-10157,TERNARY LINK RH - 200 TON,4001005800,15206,TERNARY LINK - 200 TON (CASTING),4,HT,Stress Relieving & Normalizing Heat Treatment,2,VEN0000004,Gujarat Heat Treaters & Nitriding,Furnace normalize at 550°C to relieve internal stresses
4110006500,A-10157,TERNARY LINK RH - 200 TON,4001005800,15206,TERNARY LINK - 200 TON (CASTING),5,BSH,Phosphor Bronze Bushing Press-Fit & Honing,1,VEN0000002,Apex Precision VMC Machinists,Hydraulic press-fit PB bushings and finish diamond hone to H7
4110006600,A-10158,TERNARY LINK LH - 200 TON,4001005800,15206,TERNARY LINK - 200 TON (CASTING),1,MCH,Heavy VMC Face & Profile Milling,2,VEN0000002,Apex Precision VMC Machinists,"Side faces, triangular profile and pivot bosses milled on 4-axis CNC"
4110006600,A-10158,TERNARY LINK LH - 200 TON,4001005800,15206,TERNARY LINK - 200 TON (CASTING),2,BOR,Precision CNC Line Boring (H7),2,VEN0000002,Apex Precision VMC Machinists,Line bore pivot pin holes with 0.015mm center-to-center pitch accuracy
4110006600,A-10158,TERNARY LINK LH - 200 TON,4001005800,15206,TERNARY LINK - 200 TON (CASTING),3,DRL,CNC Pattern Drilling & Tapping (PCD),1,VEN0000002,Apex Precision VMC Machinists,Drill lubrication oil channels and grease nipple ports
4110006600,A-10158,TERNARY LINK LH - 200 TON,4001005800,15206,TERNARY LINK - 200 TON (CASTING),4,HT,Stress Relieving & Normalizing Heat Treatment,2,VEN0000004,Gujarat Heat Treaters & Nitriding,Furnace normalize at 550°C to relieve internal stresses
4110006600,A-10158,TERNARY LINK LH - 200 TON,4001005800,15206,TERNARY LINK - 200 TON (CASTING),5,BSH,Phosphor Bronze Bushing Press-Fit & Honing,1,VEN0000002,Apex Precision VMC Machinists,Hydraulic press-fit PB bushings and finish diamond hone to H7
4110006700,A-10251,GEAR NUT RETAINER - 200 TON,,,RAW FORGING / BAR STOCK FOR GEAR NUT RETAINER - 200 TON,1,MCH,Heavy VMC Face & Profile Milling,2,VEN0000002,Apex Precision VMC Machinists,Precision CNC 4-axis profile milling and contour machining as per drawing
4110006700,A-10251,GEAR NUT RETAINER - 200 TON,,,RAW FORGING / BAR STOCK FOR GEAR NUT RETAINER - 200 TON,2,DRL,CNC Pattern Drilling & Tapping (PCD),1,VEN0000002,Apex Precision VMC Machinists,CNC pattern drilling and precision thread tapping
4110006700,A-10251,GEAR NUT RETAINER - 200 TON,,,RAW FORGING / BAR STOCK FOR GEAR NUT RETAINER - 200 TON,3,GRD,Precision Cylindrical & Surface Grinding,1,VEN0000006,Sardar Cylindrical & Surface Grinding,Finish surface grinding to specified Ra value and de-burring
4110006800,A-10230,MOVING PLATE SLIDING BLOCK - 200 TON,,,RAW FORGING / BAR STOCK FOR MOVING PLATE SLIDING BLOCK - 200 TON,1,MCH,Heavy VMC Face & Profile Milling,2,VEN0000002,Apex Precision VMC Machinists,Precision CNC 4-axis profile milling and contour machining as per drawing
4110006800,A-10230,MOVING PLATE SLIDING BLOCK - 200 TON,,,RAW FORGING / BAR STOCK FOR MOVING PLATE SLIDING BLOCK - 200 TON,2,DRL,CNC Pattern Drilling & Tapping (PCD),1,VEN0000002,Apex Precision VMC Machinists,CNC pattern drilling and precision thread tapping
4110006800,A-10230,MOVING PLATE SLIDING BLOCK - 200 TON,,,RAW FORGING / BAR STOCK FOR MOVING PLATE SLIDING BLOCK - 200 TON,3,GRD,Precision Cylindrical & Surface Grinding,1,VEN0000006,Sardar Cylindrical & Surface Grinding,Finish surface grinding to specified Ra value and de-burring
4010100600,A-10256,SUN GEAR - 200 TON (MODULE-3 TEETH-240),,,RAW FORGING / BAR STOCK FOR SUN GEAR - 200 TON (MODULE-3 TEETH-240),1,MCH,Heavy VMC Face & Profile Milling,2,VEN0000002,Apex Precision VMC Machinists,Precision CNC 4-axis profile milling and contour machining as per drawing
4010100600,A-10256,SUN GEAR - 200 TON (MODULE-3 TEETH-240),,,RAW FORGING / BAR STOCK FOR SUN GEAR - 200 TON (MODULE-3 TEETH-240),2,DRL,CNC Pattern Drilling & Tapping (PCD),1,VEN0000002,Apex Precision VMC Machinists,CNC pattern drilling and precision thread tapping
4010100600,A-10256,SUN GEAR - 200 TON (MODULE-3 TEETH-240),,,RAW FORGING / BAR STOCK FOR SUN GEAR - 200 TON (MODULE-3 TEETH-240),3,GRD,Precision Cylindrical & Surface Grinding,1,VEN0000006,Sardar Cylindrical & Surface Grinding,Finish surface grinding to specified Ra value and de-burring
4120017700,A-10140,TIE BAR Ø95 - 200 TON TOGGLE,,,EN19 / 42CrMo4 ROUND BAR (FORGED) FOR TIE BAR Ø95 - 200 TON TOGGLE,1,MCH,Heavy VMC Face & Profile Milling,3,VEN0000002,Apex Precision VMC Machinists,Rough & finish turn outer diameters and cut buttress tie bar threads
4120017700,A-10140,TIE BAR Ø95 - 200 TON TOGGLE,,,EN19 / 42CrMo4 ROUND BAR (FORGED) FOR TIE BAR Ø95 - 200 TON TOGGLE,2,IND,Medium Frequency Induction Hardening,2,VEN0000004,Gujarat Heat Treaters & Nitriding,Induction harden guide zones to 52-56 HRC (depth 2.5-3.0mm)
4120017700,A-10140,TIE BAR Ø95 - 200 TON TOGGLE,,,EN19 / 42CrMo4 ROUND BAR (FORGED) FOR TIE BAR Ø95 - 200 TON TOGGLE,3,GRD,Precision Cylindrical & Surface Grinding,2,VEN0000006,Sardar Cylindrical & Surface Grinding,Precision cylindrical grind to Ra 0.2 µm with 0.01mm total runout
4120017700,A-10140,TIE BAR Ø95 - 200 TON TOGGLE,,,EN19 / 42CrMo4 ROUND BAR (FORGED) FOR TIE BAR Ø95 - 200 TON TOGGLE,4,PLT,Hard Chrome Plating (25-30 Microns),2,VEN0000007,Hard Chrome Plating Corporation,Hard chrome plate 25-30 microns and micro-polish to mirror finish
4120017800,A-10130,TIE BAR LOCATING PLATE - 200 TON,,,RAW FORGING / BAR STOCK FOR TIE BAR LOCATING PLATE - 200 TON,1,MCH,Heavy VMC Face & Profile Milling,3,VEN0000002,Apex Precision VMC Machinists,Rough & finish turn outer diameters and cut buttress tie bar threads
4120017800,A-10130,TIE BAR LOCATING PLATE - 200 TON,,,RAW FORGING / BAR STOCK FOR TIE BAR LOCATING PLATE - 200 TON,2,IND,Medium Frequency Induction Hardening,2,VEN0000004,Gujarat Heat Treaters & Nitriding,Induction harden guide zones to 52-56 HRC (depth 2.5-3.0mm)
4120017800,A-10130,TIE BAR LOCATING PLATE - 200 TON,,,RAW FORGING / BAR STOCK FOR TIE BAR LOCATING PLATE - 200 TON,3,GRD,Precision Cylindrical & Surface Grinding,2,VEN0000006,Sardar Cylindrical & Surface Grinding,Precision cylindrical grind to Ra 0.2 µm with 0.01mm total runout
4120017800,A-10130,TIE BAR LOCATING PLATE - 200 TON,,,RAW FORGING / BAR STOCK FOR TIE BAR LOCATING PLATE - 200 TON,4,PLT,Hard Chrome Plating (25-30 Microns),2,VEN0000007,Hard Chrome Plating Corporation,Hard chrome plate 25-30 microns and micro-polish to mirror finish
4120017900,A-10338,TOGGLE SMALL PIN Ø50 - 200 TON,,,RAW FORGING / BAR STOCK FOR TOGGLE SMALL PIN Ø50 - 200 TON,1,MCH,Heavy VMC Face & Profile Milling,2,VEN0000002,Apex Precision VMC Machinists,Precision CNC 4-axis profile milling and contour machining as per drawing
4120017900,A-10338,TOGGLE SMALL PIN Ø50 - 200 TON,,,RAW FORGING / BAR STOCK FOR TOGGLE SMALL PIN Ø50 - 200 TON,2,DRL,CNC Pattern Drilling & Tapping (PCD),1,VEN0000002,Apex Precision VMC Machinists,CNC pattern drilling and precision thread tapping
4120017900,A-10338,TOGGLE SMALL PIN Ø50 - 200 TON,,,RAW FORGING / BAR STOCK FOR TOGGLE SMALL PIN Ø50 - 200 TON,3,GRD,Precision Cylindrical & Surface Grinding,1,VEN0000006,Sardar Cylindrical & Surface Grinding,Finish surface grinding to specified Ra value and de-burring
4120018000,A-10190,TOGGLE SMALL PIN LOCKING STRIP - 200 TON,,,RAW FORGING / BAR STOCK FOR TOGGLE SMALL PIN LOCKING STRIP - 200 TON,1,MCH,Heavy VMC Face & Profile Milling,2,VEN0000002,Apex Precision VMC Machinists,Precision CNC 4-axis profile milling and contour machining as per drawing
4120018000,A-10190,TOGGLE SMALL PIN LOCKING STRIP - 200 TON,,,RAW FORGING / BAR STOCK FOR TOGGLE SMALL PIN LOCKING STRIP - 200 TON,2,DRL,CNC Pattern Drilling & Tapping (PCD),1,VEN0000002,Apex Precision VMC Machinists,CNC pattern drilling and precision thread tapping
4120018000,A-10190,TOGGLE SMALL PIN LOCKING STRIP - 200 TON,,,RAW FORGING / BAR STOCK FOR TOGGLE SMALL PIN LOCKING STRIP - 200 TON,3,GRD,Precision Cylindrical & Surface Grinding,1,VEN0000006,Sardar Cylindrical & Surface Grinding,Finish surface grinding to specified Ra value and de-burring
4120018100,A-10333,TOGGLE BIG PIN Ø80 - 200 TON,,,RAW FORGING / BAR STOCK FOR TOGGLE BIG PIN Ø80 - 200 TON,1,MCH,Heavy VMC Face & Profile Milling,2,VEN0000002,Apex Precision VMC Machinists,Precision CNC 4-axis profile milling and contour machining as per drawing
4120018100,A-10333,TOGGLE BIG PIN Ø80 - 200 TON,,,RAW FORGING / BAR STOCK FOR TOGGLE BIG PIN Ø80 - 200 TON,2,DRL,CNC Pattern Drilling & Tapping (PCD),1,VEN0000002,Apex Precision VMC Machinists,CNC pattern drilling and precision thread tapping
4120018100,A-10333,TOGGLE BIG PIN Ø80 - 200 TON,,,RAW FORGING / BAR STOCK FOR TOGGLE BIG PIN Ø80 - 200 TON,3,GRD,Precision Cylindrical & Surface Grinding,1,VEN0000006,Sardar Cylindrical & Surface Grinding,Finish surface grinding to specified Ra value and de-burring
4120018200,A-10211,CROSS HEAD GUIDE ROD Ø65 - 200 TON,,,RAW FORGING / BAR STOCK FOR CROSS HEAD GUIDE ROD Ø65 - 200 TON,1,MCH,Heavy VMC Face & Profile Milling,2,VEN0000002,Apex Precision VMC Machinists,Precision CNC 4-axis profile milling and contour machining as per drawing
4120018200,A-10211,CROSS HEAD GUIDE ROD Ø65 - 200 TON,,,RAW FORGING / BAR STOCK FOR CROSS HEAD GUIDE ROD Ø65 - 200 TON,2,DRL,CNC Pattern Drilling & Tapping (PCD),1,VEN0000002,Apex Precision VMC Machinists,CNC pattern drilling and precision thread tapping
4120018200,A-10211,CROSS HEAD GUIDE ROD Ø65 - 200 TON,,,RAW FORGING / BAR STOCK FOR CROSS HEAD GUIDE ROD Ø65 - 200 TON,3,GRD,Precision Cylindrical & Surface Grinding,1,VEN0000006,Sardar Cylindrical & Surface Grinding,Finish surface grinding to specified Ra value and de-burring
4120018300,A-10216,CROSS HEAD GUIDE ROD LOCATING PLATE - 200 TON,,,RAW FORGING / BAR STOCK FOR CROSS HEAD GUIDE ROD LOCATING PLATE - 200 TON,1,MCH,Heavy VMC Face & Profile Milling,2,VEN0000002,Apex Precision VMC Machinists,Precision CNC 4-axis profile milling and contour machining as per drawing
4120018300,A-10216,CROSS HEAD GUIDE ROD LOCATING PLATE - 200 TON,,,RAW FORGING / BAR STOCK FOR CROSS HEAD GUIDE ROD LOCATING PLATE - 200 TON,2,DRL,CNC Pattern Drilling & Tapping (PCD),1,VEN0000002,Apex Precision VMC Machinists,CNC pattern drilling and precision thread tapping
4120018300,A-10216,CROSS HEAD GUIDE ROD LOCATING PLATE - 200 TON,,,RAW FORGING / BAR STOCK FOR CROSS HEAD GUIDE ROD LOCATING PLATE - 200 TON,3,GRD,Precision Cylindrical & Surface Grinding,1,VEN0000006,Sardar Cylindrical & Surface Grinding,Finish surface grinding to specified Ra value and de-burring
4120018400,A-10201,MOVING PLATE WIPER RETAINER - 200 TON,,,RAW FORGING / BAR STOCK FOR MOVING PLATE WIPER RETAINER - 200 TON,1,MCH,Heavy VMC Face & Profile Milling,2,VEN0000002,Apex Precision VMC Machinists,Precision CNC 4-axis profile milling and contour machining as per drawing
4120018400,A-10201,MOVING PLATE WIPER RETAINER - 200 TON,,,RAW FORGING / BAR STOCK FOR MOVING PLATE WIPER RETAINER - 200 TON,2,DRL,CNC Pattern Drilling & Tapping (PCD),1,VEN0000002,Apex Precision VMC Machinists,CNC pattern drilling and precision thread tapping
4120018400,A-10201,MOVING PLATE WIPER RETAINER - 200 TON,,,RAW FORGING / BAR STOCK FOR MOVING PLATE WIPER RETAINER - 200 TON,3,GRD,Precision Cylindrical & Surface Grinding,1,VEN0000006,Sardar Cylindrical & Surface Grinding,Finish surface grinding to specified Ra value and de-burring
4120018500,A-10225,EJECTOR PLATE GUIDE ROD - 200 TON,,,RAW FORGING / BAR STOCK FOR EJECTOR PLATE GUIDE ROD - 200 TON,1,MCH,Heavy VMC Face & Profile Milling,2,VEN0000002,Apex Precision VMC Machinists,Precision CNC 4-axis profile milling and contour machining as per drawing
4120018500,A-10225,EJECTOR PLATE GUIDE ROD - 200 TON,,,RAW FORGING / BAR STOCK FOR EJECTOR PLATE GUIDE ROD - 200 TON,2,DRL,CNC Pattern Drilling & Tapping (PCD),1,VEN0000002,Apex Precision VMC Machinists,CNC pattern drilling and precision thread tapping
4120018500,A-10225,EJECTOR PLATE GUIDE ROD - 200 TON,,,RAW FORGING / BAR STOCK FOR EJECTOR PLATE GUIDE ROD - 200 TON,3,GRD,Precision Cylindrical & Surface Grinding,1,VEN0000006,Sardar Cylindrical & Surface Grinding,Finish surface grinding to specified Ra value and de-burring
4020100500,A-10135,TIE BAR NUT M95 X 3  - 200 TON TOGGLE,,,RAW FORGING / BAR STOCK FOR TIE BAR NUT M95 X 3  - 200 TON TOGGLE,1,MCH,Heavy VMC Face & Profile Milling,3,VEN0000002,Apex Precision VMC Machinists,Rough & finish turn outer diameters and cut buttress tie bar threads
4020100500,A-10135,TIE BAR NUT M95 X 3  - 200 TON TOGGLE,,,RAW FORGING / BAR STOCK FOR TIE BAR NUT M95 X 3  - 200 TON TOGGLE,2,IND,Medium Frequency Induction Hardening,2,VEN0000004,Gujarat Heat Treaters & Nitriding,Induction harden guide zones to 52-56 HRC (depth 2.5-3.0mm)
4020100500,A-10135,TIE BAR NUT M95 X 3  - 200 TON TOGGLE,,,RAW FORGING / BAR STOCK FOR TIE BAR NUT M95 X 3  - 200 TON TOGGLE,3,GRD,Precision Cylindrical & Surface Grinding,2,VEN0000006,Sardar Cylindrical & Surface Grinding,Precision cylindrical grind to Ra 0.2 µm with 0.01mm total runout
4020100500,A-10135,TIE BAR NUT M95 X 3  - 200 TON TOGGLE,,,RAW FORGING / BAR STOCK FOR TIE BAR NUT M95 X 3  - 200 TON TOGGLE,4,PLT,Hard Chrome Plating (25-30 Microns),2,VEN0000007,Hard Chrome Plating Corporation,Hard chrome plate 25-30 microns and micro-polish to mirror finish
4010101200,A-10245,GEAR NUT - 200 TON (MODULE-3 TEETH-60),,,RAW FORGING / BAR STOCK FOR GEAR NUT - 200 TON (MODULE-3 TEETH-60),1,MCH,Heavy VMC Face & Profile Milling,2,VEN0000002,Apex Precision VMC Machinists,Precision CNC 4-axis profile milling and contour machining as per drawing
4010101200,A-10245,GEAR NUT - 200 TON (MODULE-3 TEETH-60),,,RAW FORGING / BAR STOCK FOR GEAR NUT - 200 TON (MODULE-3 TEETH-60),2,DRL,CNC Pattern Drilling & Tapping (PCD),1,VEN0000002,Apex Precision VMC Machinists,CNC pattern drilling and precision thread tapping
4010101200,A-10245,GEAR NUT - 200 TON (MODULE-3 TEETH-60),,,RAW FORGING / BAR STOCK FOR GEAR NUT - 200 TON (MODULE-3 TEETH-60),3,GRD,Precision Cylindrical & Surface Grinding,1,VEN0000006,Sardar Cylindrical & Surface Grinding,Finish surface grinding to specified Ra value and de-burring
4030100500,A-10250,GEAR NUT SPACER - 200 TON,,,RAW FORGING / BAR STOCK FOR GEAR NUT SPACER - 200 TON,1,MCH,Heavy VMC Face & Profile Milling,2,VEN0000002,Apex Precision VMC Machinists,Precision CNC 4-axis profile milling and contour machining as per drawing
4030100500,A-10250,GEAR NUT SPACER - 200 TON,,,RAW FORGING / BAR STOCK FOR GEAR NUT SPACER - 200 TON,2,DRL,CNC Pattern Drilling & Tapping (PCD),1,VEN0000002,Apex Precision VMC Machinists,CNC pattern drilling and precision thread tapping
4030100500,A-10250,GEAR NUT SPACER - 200 TON,,,RAW FORGING / BAR STOCK FOR GEAR NUT SPACER - 200 TON,3,GRD,Precision Cylindrical & Surface Grinding,1,VEN0000006,Sardar Cylindrical & Surface Grinding,Finish surface grinding to specified Ra value and de-burring
4040100500,A-10210,MOVING PLATE BUSH Ø110 X Ø95 X 60LG - 200 TON,,,RAW FORGING / BAR STOCK FOR MOVING PLATE BUSH Ø110 X Ø95 X 60LG - 200 TON,1,MCH,Heavy VMC Face & Profile Milling,2,VEN0000002,Apex Precision VMC Machinists,Precision CNC 4-axis profile milling and contour machining as per drawing
4040100500,A-10210,MOVING PLATE BUSH Ø110 X Ø95 X 60LG - 200 TON,,,RAW FORGING / BAR STOCK FOR MOVING PLATE BUSH Ø110 X Ø95 X 60LG - 200 TON,2,DRL,CNC Pattern Drilling & Tapping (PCD),1,VEN0000002,Apex Precision VMC Machinists,CNC pattern drilling and precision thread tapping
4040100500,A-10210,MOVING PLATE BUSH Ø110 X Ø95 X 60LG - 200 TON,,,RAW FORGING / BAR STOCK FOR MOVING PLATE BUSH Ø110 X Ø95 X 60LG - 200 TON,3,GRD,Precision Cylindrical & Surface Grinding,1,VEN0000006,Sardar Cylindrical & Surface Grinding,Finish surface grinding to specified Ra value and de-burring
4040101100,A-10989,CROSS HEAD BUSH Ø75 X Ø65 X 38LG - 200 TON,,,RAW FORGING / BAR STOCK FOR CROSS HEAD BUSH Ø75 X Ø65 X 38LG - 200 TON,1,MCH,Heavy VMC Face & Profile Milling,2,VEN0000002,Apex Precision VMC Machinists,Precision CNC 4-axis profile milling and contour machining as per drawing
4040101100,A-10989,CROSS HEAD BUSH Ø75 X Ø65 X 38LG - 200 TON,,,RAW FORGING / BAR STOCK FOR CROSS HEAD BUSH Ø75 X Ø65 X 38LG - 200 TON,2,DRL,CNC Pattern Drilling & Tapping (PCD),1,VEN0000002,Apex Precision VMC Machinists,CNC pattern drilling and precision thread tapping
4040101100,A-10989,CROSS HEAD BUSH Ø75 X Ø65 X 38LG - 200 TON,,,RAW FORGING / BAR STOCK FOR CROSS HEAD BUSH Ø75 X Ø65 X 38LG - 200 TON,3,GRD,Precision Cylindrical & Surface Grinding,1,VEN0000006,Sardar Cylindrical & Surface Grinding,Finish surface grinding to specified Ra value and de-burring
4040200500,A-10194,TOGGLE SMALL GRAPHITE BUSH Ø60 X Ø50 X 75LG - 200 TON,,,RAW FORGING / BAR STOCK FOR TOGGLE SMALL GRAPHITE BUSH Ø60 X Ø50 X 75LG - 200 TON,1,MCH,Heavy VMC Face & Profile Milling,2,VEN0000002,Apex Precision VMC Machinists,Precision CNC 4-axis profile milling and contour machining as per drawing
4040200500,A-10194,TOGGLE SMALL GRAPHITE BUSH Ø60 X Ø50 X 75LG - 200 TON,,,RAW FORGING / BAR STOCK FOR TOGGLE SMALL GRAPHITE BUSH Ø60 X Ø50 X 75LG - 200 TON,2,DRL,CNC Pattern Drilling & Tapping (PCD),1,VEN0000002,Apex Precision VMC Machinists,CNC pattern drilling and precision thread tapping
4040200500,A-10194,TOGGLE SMALL GRAPHITE BUSH Ø60 X Ø50 X 75LG - 200 TON,,,RAW FORGING / BAR STOCK FOR TOGGLE SMALL GRAPHITE BUSH Ø60 X Ø50 X 75LG - 200 TON,3,GRD,Precision Cylindrical & Surface Grinding,1,VEN0000006,Sardar Cylindrical & Surface Grinding,Finish surface grinding to specified Ra value and de-burring
4040201100,A-10200,TOGGLE BIG GRAPHITE BUSH Ø95 X Ø80 X 95LG - 200 TON,,,RAW FORGING / BAR STOCK FOR TOGGLE BIG GRAPHITE BUSH Ø95 X Ø80 X 95LG - 200 TON,1,MCH,Heavy VMC Face & Profile Milling,2,VEN0000002,Apex Precision VMC Machinists,Precision CNC 4-axis profile milling and contour machining as per drawing
4040201100,A-10200,TOGGLE BIG GRAPHITE BUSH Ø95 X Ø80 X 95LG - 200 TON,,,RAW FORGING / BAR STOCK FOR TOGGLE BIG GRAPHITE BUSH Ø95 X Ø80 X 95LG - 200 TON,2,DRL,CNC Pattern Drilling & Tapping (PCD),1,VEN0000002,Apex Precision VMC Machinists,CNC pattern drilling and precision thread tapping
4040201100,A-10200,TOGGLE BIG GRAPHITE BUSH Ø95 X Ø80 X 95LG - 200 TON,,,RAW FORGING / BAR STOCK FOR TOGGLE BIG GRAPHITE BUSH Ø95 X Ø80 X 95LG - 200 TON,3,GRD,Precision Cylindrical & Surface Grinding,1,VEN0000006,Sardar Cylindrical & Surface Grinding,Finish surface grinding to specified Ra value and de-burring
4110001300,A-10013,INJECTION GUIDE ROD SUPPORT Ø60 - 280,,,RAW FORGING / BAR STOCK FOR INJECTION GUIDE ROD SUPPORT Ø60 - 280,1,MCH,Heavy VMC Face & Profile Milling,2,VEN0000002,Apex Precision VMC Machinists,Precision CNC 4-axis profile milling and contour machining as per drawing
4110001300,A-10013,INJECTION GUIDE ROD SUPPORT Ø60 - 280,,,RAW FORGING / BAR STOCK FOR INJECTION GUIDE ROD SUPPORT Ø60 - 280,2,DRL,CNC Pattern Drilling & Tapping (PCD),1,VEN0000002,Apex Precision VMC Machinists,CNC pattern drilling and precision thread tapping
4110001300,A-10013,INJECTION GUIDE ROD SUPPORT Ø60 - 280,,,RAW FORGING / BAR STOCK FOR INJECTION GUIDE ROD SUPPORT Ø60 - 280,3,GRD,Precision Cylindrical & Surface Grinding,1,VEN0000006,Sardar Cylindrical & Surface Grinding,Finish surface grinding to specified Ra value and de-burring
4110001400,A-10081,INJECTION CYLINDER ROD NUT RETAINER - 280,,,RAW FORGING / BAR STOCK FOR INJECTION CYLINDER ROD NUT RETAINER - 280,1,MCH,Heavy VMC Face & Profile Milling,2,VEN0000002,Apex Precision VMC Machinists,Precision CNC 4-axis profile milling and contour machining as per drawing
4110001400,A-10081,INJECTION CYLINDER ROD NUT RETAINER - 280,,,RAW FORGING / BAR STOCK FOR INJECTION CYLINDER ROD NUT RETAINER - 280,2,DRL,CNC Pattern Drilling & Tapping (PCD),1,VEN0000002,Apex Precision VMC Machinists,CNC pattern drilling and precision thread tapping
4110001400,A-10081,INJECTION CYLINDER ROD NUT RETAINER - 280,,,RAW FORGING / BAR STOCK FOR INJECTION CYLINDER ROD NUT RETAINER - 280,3,GRD,Precision Cylindrical & Surface Grinding,1,VEN0000006,Sardar Cylindrical & Surface Grinding,Finish surface grinding to specified Ra value and de-burring
4120001300,A-10014,INJECTION GUIDE ROD Ø60 - 280,,,RAW FORGING / BAR STOCK FOR INJECTION GUIDE ROD Ø60 - 280,1,MCH,Heavy VMC Face & Profile Milling,2,VEN0000002,Apex Precision VMC Machinists,Precision CNC 4-axis profile milling and contour machining as per drawing
4120001300,A-10014,INJECTION GUIDE ROD Ø60 - 280,,,RAW FORGING / BAR STOCK FOR INJECTION GUIDE ROD Ø60 - 280,2,DRL,CNC Pattern Drilling & Tapping (PCD),1,VEN0000002,Apex Precision VMC Machinists,CNC pattern drilling and precision thread tapping
4120001300,A-10014,INJECTION GUIDE ROD Ø60 - 280,,,RAW FORGING / BAR STOCK FOR INJECTION GUIDE ROD Ø60 - 280,3,GRD,Precision Cylindrical & Surface Grinding,1,VEN0000006,Sardar Cylindrical & Surface Grinding,Finish surface grinding to specified Ra value and de-burring
4020100700,A-10086,INJECTION CYLINDER ROD NUT - 280 (M40 X 2),,,RAW FORGING / BAR STOCK FOR INJECTION CYLINDER ROD NUT - 280 (M40 X 2),1,MCH,Heavy VMC Face & Profile Milling,2,VEN0000002,Apex Precision VMC Machinists,Precision CNC 4-axis profile milling and contour machining as per drawing
4020100700,A-10086,INJECTION CYLINDER ROD NUT - 280 (M40 X 2),,,RAW FORGING / BAR STOCK FOR INJECTION CYLINDER ROD NUT - 280 (M40 X 2),2,DRL,CNC Pattern Drilling & Tapping (PCD),1,VEN0000002,Apex Precision VMC Machinists,CNC pattern drilling and precision thread tapping
4020100700,A-10086,INJECTION CYLINDER ROD NUT - 280 (M40 X 2),,,RAW FORGING / BAR STOCK FOR INJECTION CYLINDER ROD NUT - 280 (M40 X 2),3,GRD,Precision Cylindrical & Surface Grinding,1,VEN0000006,Sardar Cylindrical & Surface Grinding,Finish surface grinding to specified Ra value and de-burring
4120007600,A-10015,INJECTION GUIDE ROD Ø60 - 420,,,RAW FORGING / BAR STOCK FOR INJECTION GUIDE ROD Ø60 - 420,1,MCH,Heavy VMC Face & Profile Milling,2,VEN0000002,Apex Precision VMC Machinists,Precision CNC 4-axis profile milling and contour machining as per drawing
4120007600,A-10015,INJECTION GUIDE ROD Ø60 - 420,,,RAW FORGING / BAR STOCK FOR INJECTION GUIDE ROD Ø60 - 420,2,DRL,CNC Pattern Drilling & Tapping (PCD),1,VEN0000002,Apex Precision VMC Machinists,CNC pattern drilling and precision thread tapping
4120007600,A-10015,INJECTION GUIDE ROD Ø60 - 420,,,RAW FORGING / BAR STOCK FOR INJECTION GUIDE ROD Ø60 - 420,3,GRD,Precision Cylindrical & Surface Grinding,1,VEN0000006,Sardar Cylindrical & Surface Grinding,Finish surface grinding to specified Ra value and de-burring
4110004100,A-10082,INJECTION CYLINDER ROD NUT RETAINER - 635,,,RAW FORGING / BAR STOCK FOR INJECTION CYLINDER ROD NUT RETAINER - 635,1,MCH,Heavy VMC Face & Profile Milling,2,VEN0000002,Apex Precision VMC Machinists,Precision CNC 4-axis profile milling and contour machining as per drawing
4110004100,A-10082,INJECTION CYLINDER ROD NUT RETAINER - 635,,,RAW FORGING / BAR STOCK FOR INJECTION CYLINDER ROD NUT RETAINER - 635,2,DRL,CNC Pattern Drilling & Tapping (PCD),1,VEN0000002,Apex Precision VMC Machinists,CNC pattern drilling and precision thread tapping
4110004100,A-10082,INJECTION CYLINDER ROD NUT RETAINER - 635,,,RAW FORGING / BAR STOCK FOR INJECTION CYLINDER ROD NUT RETAINER - 635,3,GRD,Precision Cylindrical & Surface Grinding,1,VEN0000006,Sardar Cylindrical & Surface Grinding,Finish surface grinding to specified Ra value and de-burring
4120010700,A-10016,INJECTION GUIDE ROD Ø60 - 635,,,RAW FORGING / BAR STOCK FOR INJECTION GUIDE ROD Ø60 - 635,1,MCH,Heavy VMC Face & Profile Milling,2,VEN0000002,Apex Precision VMC Machinists,Precision CNC 4-axis profile milling and contour machining as per drawing
4120010700,A-10016,INJECTION GUIDE ROD Ø60 - 635,,,RAW FORGING / BAR STOCK FOR INJECTION GUIDE ROD Ø60 - 635,2,DRL,CNC Pattern Drilling & Tapping (PCD),1,VEN0000002,Apex Precision VMC Machinists,CNC pattern drilling and precision thread tapping
4120010700,A-10016,INJECTION GUIDE ROD Ø60 - 635,,,RAW FORGING / BAR STOCK FOR INJECTION GUIDE ROD Ø60 - 635,3,GRD,Precision Cylindrical & Surface Grinding,1,VEN0000006,Sardar Cylindrical & Surface Grinding,Finish surface grinding to specified Ra value and de-burring
4020100800,A-10087,INJECTION CYLINDER ROD NUT - 635 (M50 X 2),,,RAW FORGING / BAR STOCK FOR INJECTION CYLINDER ROD NUT - 635 (M50 X 2),1,MCH,Heavy VMC Face & Profile Milling,2,VEN0000002,Apex Precision VMC Machinists,Precision CNC 4-axis profile milling and contour machining as per drawing
4020100800,A-10087,INJECTION CYLINDER ROD NUT - 635 (M50 X 2),,,RAW FORGING / BAR STOCK FOR INJECTION CYLINDER ROD NUT - 635 (M50 X 2),2,DRL,CNC Pattern Drilling & Tapping (PCD),1,VEN0000002,Apex Precision VMC Machinists,CNC pattern drilling and precision thread tapping
4020100800,A-10087,INJECTION CYLINDER ROD NUT - 635 (M50 X 2),,,RAW FORGING / BAR STOCK FOR INJECTION CYLINDER ROD NUT - 635 (M50 X 2),3,GRD,Precision Cylindrical & Surface Grinding,1,VEN0000006,Sardar Cylindrical & Surface Grinding,Finish surface grinding to specified Ra value and de-burring
4110005400,A-10012,INJECTION GUIDE ROD SUPPORT Ø70 - 905,,,RAW FORGING / BAR STOCK FOR INJECTION GUIDE ROD SUPPORT Ø70 - 905,1,MCH,Heavy VMC Face & Profile Milling,2,VEN0000002,Apex Precision VMC Machinists,Precision CNC 4-axis profile milling and contour machining as per drawing
4110005400,A-10012,INJECTION GUIDE ROD SUPPORT Ø70 - 905,,,RAW FORGING / BAR STOCK FOR INJECTION GUIDE ROD SUPPORT Ø70 - 905,2,DRL,CNC Pattern Drilling & Tapping (PCD),1,VEN0000002,Apex Precision VMC Machinists,CNC pattern drilling and precision thread tapping
4110005400,A-10012,INJECTION GUIDE ROD SUPPORT Ø70 - 905,,,RAW FORGING / BAR STOCK FOR INJECTION GUIDE ROD SUPPORT Ø70 - 905,3,GRD,Precision Cylindrical & Surface Grinding,1,VEN0000006,Sardar Cylindrical & Surface Grinding,Finish surface grinding to specified Ra value and de-burring
4110005500,A-10083,INJECTION CYLINDER ROD NUT RETAINER - 905,,,RAW FORGING / BAR STOCK FOR INJECTION CYLINDER ROD NUT RETAINER - 905,1,MCH,Heavy VMC Face & Profile Milling,2,VEN0000002,Apex Precision VMC Machinists,Precision CNC 4-axis profile milling and contour machining as per drawing
4110005500,A-10083,INJECTION CYLINDER ROD NUT RETAINER - 905,,,RAW FORGING / BAR STOCK FOR INJECTION CYLINDER ROD NUT RETAINER - 905,2,DRL,CNC Pattern Drilling & Tapping (PCD),1,VEN0000002,Apex Precision VMC Machinists,CNC pattern drilling and precision thread tapping
4110005500,A-10083,INJECTION CYLINDER ROD NUT RETAINER - 905,,,RAW FORGING / BAR STOCK FOR INJECTION CYLINDER ROD NUT RETAINER - 905,3,GRD,Precision Cylindrical & Surface Grinding,1,VEN0000006,Sardar Cylindrical & Surface Grinding,Finish surface grinding to specified Ra value and de-burring
4120014900,A-10017,INJECTION GUIDE ROD Ø70 - 905,,,RAW FORGING / BAR STOCK FOR INJECTION GUIDE ROD Ø70 - 905,1,MCH,Heavy VMC Face & Profile Milling,2,VEN0000002,Apex Precision VMC Machinists,Precision CNC 4-axis profile milling and contour machining as per drawing
4120014900,A-10017,INJECTION GUIDE ROD Ø70 - 905,,,RAW FORGING / BAR STOCK FOR INJECTION GUIDE ROD Ø70 - 905,2,DRL,CNC Pattern Drilling & Tapping (PCD),1,VEN0000002,Apex Precision VMC Machinists,CNC pattern drilling and precision thread tapping
4120014900,A-10017,INJECTION GUIDE ROD Ø70 - 905,,,RAW FORGING / BAR STOCK FOR INJECTION GUIDE ROD Ø70 - 905,3,GRD,Precision Cylindrical & Surface Grinding,1,VEN0000006,Sardar Cylindrical & Surface Grinding,Finish surface grinding to specified Ra value and de-burring
4020100900,A-10088,INJECTION CYLINDER ROD NUT - 905 (M60 X 2),,,RAW FORGING / BAR STOCK FOR INJECTION CYLINDER ROD NUT - 905 (M60 X 2),1,MCH,Heavy VMC Face & Profile Milling,2,VEN0000002,Apex Precision VMC Machinists,Precision CNC 4-axis profile milling and contour machining as per drawing
4020100900,A-10088,INJECTION CYLINDER ROD NUT - 905 (M60 X 2),,,RAW FORGING / BAR STOCK FOR INJECTION CYLINDER ROD NUT - 905 (M60 X 2),2,DRL,CNC Pattern Drilling & Tapping (PCD),1,VEN0000002,Apex Precision VMC Machinists,CNC pattern drilling and precision thread tapping
4020100900,A-10088,INJECTION CYLINDER ROD NUT - 905 (M60 X 2),,,RAW FORGING / BAR STOCK FOR INJECTION CYLINDER ROD NUT - 905 (M60 X 2),3,GRD,Precision Cylindrical & Surface Grinding,1,VEN0000006,Sardar Cylindrical & Surface Grinding,Finish surface grinding to specified Ra value and de-burring
4110006900,A-10084,INJECTION CYLINDER ROD NUT RETAINER - 1520,,,RAW FORGING / BAR STOCK FOR INJECTION CYLINDER ROD NUT RETAINER - 1520,1,MCH,Heavy VMC Face & Profile Milling,2,VEN0000002,Apex Precision VMC Machinists,Precision CNC 4-axis profile milling and contour machining as per drawing
4110006900,A-10084,INJECTION CYLINDER ROD NUT RETAINER - 1520,,,RAW FORGING / BAR STOCK FOR INJECTION CYLINDER ROD NUT RETAINER - 1520,2,DRL,CNC Pattern Drilling & Tapping (PCD),1,VEN0000002,Apex Precision VMC Machinists,CNC pattern drilling and precision thread tapping
4110006900,A-10084,INJECTION CYLINDER ROD NUT RETAINER - 1520,,,RAW FORGING / BAR STOCK FOR INJECTION CYLINDER ROD NUT RETAINER - 1520,3,GRD,Precision Cylindrical & Surface Grinding,1,VEN0000006,Sardar Cylindrical & Surface Grinding,Finish surface grinding to specified Ra value and de-burring
4120018600,A-10018,INJECTION GUIDE ROD Ø70 - 1520,,,RAW FORGING / BAR STOCK FOR INJECTION GUIDE ROD Ø70 - 1520,1,MCH,Heavy VMC Face & Profile Milling,2,VEN0000002,Apex Precision VMC Machinists,Precision CNC 4-axis profile milling and contour machining as per drawing
4120018600,A-10018,INJECTION GUIDE ROD Ø70 - 1520,,,RAW FORGING / BAR STOCK FOR INJECTION GUIDE ROD Ø70 - 1520,2,DRL,CNC Pattern Drilling & Tapping (PCD),1,VEN0000002,Apex Precision VMC Machinists,CNC pattern drilling and precision thread tapping
4120018600,A-10018,INJECTION GUIDE ROD Ø70 - 1520,,,RAW FORGING / BAR STOCK FOR INJECTION GUIDE ROD Ø70 - 1520,3,GRD,Precision Cylindrical & Surface Grinding,1,VEN0000006,Sardar Cylindrical & Surface Grinding,Finish surface grinding to specified Ra value and de-burring
4110007200,A-10085,INJECTION CYLINDER ROD NUT RETAINER - 2350,,,RAW FORGING / BAR STOCK FOR INJECTION CYLINDER ROD NUT RETAINER - 2350,1,MCH,Heavy VMC Face & Profile Milling,2,VEN0000002,Apex Precision VMC Machinists,Precision CNC 4-axis profile milling and contour machining as per drawing
4110007200,A-10085,INJECTION CYLINDER ROD NUT RETAINER - 2350,,,RAW FORGING / BAR STOCK FOR INJECTION CYLINDER ROD NUT RETAINER - 2350,2,DRL,CNC Pattern Drilling & Tapping (PCD),1,VEN0000002,Apex Precision VMC Machinists,CNC pattern drilling and precision thread tapping
4110007200,A-10085,INJECTION CYLINDER ROD NUT RETAINER - 2350,,,RAW FORGING / BAR STOCK FOR INJECTION CYLINDER ROD NUT RETAINER - 2350,3,GRD,Precision Cylindrical & Surface Grinding,1,VEN0000006,Sardar Cylindrical & Surface Grinding,Finish surface grinding to specified Ra value and de-burring
4120021300,A-10019,INJECTION GUIDE ROD Ø70 - 2350,,,RAW FORGING / BAR STOCK FOR INJECTION GUIDE ROD Ø70 - 2350,1,MCH,Heavy VMC Face & Profile Milling,2,VEN0000002,Apex Precision VMC Machinists,Precision CNC 4-axis profile milling and contour machining as per drawing
4120021300,A-10019,INJECTION GUIDE ROD Ø70 - 2350,,,RAW FORGING / BAR STOCK FOR INJECTION GUIDE ROD Ø70 - 2350,2,DRL,CNC Pattern Drilling & Tapping (PCD),1,VEN0000002,Apex Precision VMC Machinists,CNC pattern drilling and precision thread tapping
4120021300,A-10019,INJECTION GUIDE ROD Ø70 - 2350,,,RAW FORGING / BAR STOCK FOR INJECTION GUIDE ROD Ø70 - 2350,3,GRD,Precision Cylindrical & Surface Grinding,1,VEN0000006,Sardar Cylindrical & Surface Grinding,Finish surface grinding to specified Ra value and de-burring
4110001500,A-10020,BARREL PLATE - 280 (STOCK-150),,,RAW FORGING / BAR STOCK FOR BARREL PLATE - 280 (STOCK-150),1,GNDR,Deep Hole Gun Drilling & Trepanning,3,VEN0000002,Apex Precision VMC Machinists,Deep hole gun drilling and trepanning from solid forged alloy bar
4110001500,A-10020,BARREL PLATE - 280 (STOCK-150),,,RAW FORGING / BAR STOCK FOR BARREL PLATE - 280 (STOCK-150),2,HON,Deep Hole Diamond Honing (Ra 0.1 µm),2,VEN0000006,Sardar Cylindrical & Surface Grinding,Vertical diamond honing of bore to H7 tolerance and Ra 0.1 micron
4110001500,A-10020,BARREL PLATE - 280 (STOCK-150),,,RAW FORGING / BAR STOCK FOR BARREL PLATE - 280 (STOCK-150),3,MCH,Heavy VMC Face & Profile Milling,2,VEN0000002,Apex Precision VMC Machinists,"Mill feed opening hopper throat, thermocouple ports and heater flanges"
4110001500,A-10020,BARREL PLATE - 280 (STOCK-150),,,RAW FORGING / BAR STOCK FOR BARREL PLATE - 280 (STOCK-150),4,NIT,Deep Gas Nitriding & Hardening (65-68 HRC),3,VEN0000004,Gujarat Heat Treaters & Nitriding,"Internal bore gas nitriding hardening to 65-68 HRC, case depth 0.6mm"
4120001400,A-10109,INJECTION CYLINDER FRONT CAP - 280,,,RAW FORGING / BAR STOCK FOR INJECTION CYLINDER FRONT CAP - 280,1,MCH,Heavy VMC Face & Profile Milling,2,VEN0000002,Apex Precision VMC Machinists,Precision CNC 4-axis profile milling and contour machining as per drawing
4120001400,A-10109,INJECTION CYLINDER FRONT CAP - 280,,,RAW FORGING / BAR STOCK FOR INJECTION CYLINDER FRONT CAP - 280,2,DRL,CNC Pattern Drilling & Tapping (PCD),1,VEN0000002,Apex Precision VMC Machinists,CNC pattern drilling and precision thread tapping
4120001400,A-10109,INJECTION CYLINDER FRONT CAP - 280,,,RAW FORGING / BAR STOCK FOR INJECTION CYLINDER FRONT CAP - 280,3,GRD,Precision Cylindrical & Surface Grinding,1,VEN0000006,Sardar Cylindrical & Surface Grinding,Finish surface grinding to specified Ra value and de-burring
4120001500,A-10103,INJECTION CYLINDER END CAP - 280,,,RAW FORGING / BAR STOCK FOR INJECTION CYLINDER END CAP - 280,1,MCH,Heavy VMC Face & Profile Milling,2,VEN0000002,Apex Precision VMC Machinists,Precision CNC 4-axis profile milling and contour machining as per drawing
4120001500,A-10103,INJECTION CYLINDER END CAP - 280,,,RAW FORGING / BAR STOCK FOR INJECTION CYLINDER END CAP - 280,2,DRL,CNC Pattern Drilling & Tapping (PCD),1,VEN0000002,Apex Precision VMC Machinists,CNC pattern drilling and precision thread tapping
4120001500,A-10103,INJECTION CYLINDER END CAP - 280,,,RAW FORGING / BAR STOCK FOR INJECTION CYLINDER END CAP - 280,3,GRD,Precision Cylindrical & Surface Grinding,1,VEN0000006,Sardar Cylindrical & Surface Grinding,Finish surface grinding to specified Ra value and de-burring
4120001600,A-10091,INJECTION CYLINDER ROD - 280,,,RAW FORGING / BAR STOCK FOR INJECTION CYLINDER ROD - 280,1,MCH,Heavy VMC Face & Profile Milling,2,VEN0000002,Apex Precision VMC Machinists,Precision CNC 4-axis profile milling and contour machining as per drawing
4120001600,A-10091,INJECTION CYLINDER ROD - 280,,,RAW FORGING / BAR STOCK FOR INJECTION CYLINDER ROD - 280,2,DRL,CNC Pattern Drilling & Tapping (PCD),1,VEN0000002,Apex Precision VMC Machinists,CNC pattern drilling and precision thread tapping
4120001600,A-10091,INJECTION CYLINDER ROD - 280,,,RAW FORGING / BAR STOCK FOR INJECTION CYLINDER ROD - 280,3,GRD,Precision Cylindrical & Surface Grinding,1,VEN0000006,Sardar Cylindrical & Surface Grinding,Finish surface grinding to specified Ra value and de-burring
4120001700,A-10097,INJECTION PISTON Ø100 - 280,,,RAW FORGING / BAR STOCK FOR INJECTION PISTON Ø100 - 280,1,MCH,Heavy VMC Face & Profile Milling,2,VEN0000002,Apex Precision VMC Machinists,Precision CNC 4-axis profile milling and contour machining as per drawing
4120001700,A-10097,INJECTION PISTON Ø100 - 280,,,RAW FORGING / BAR STOCK FOR INJECTION PISTON Ø100 - 280,2,DRL,CNC Pattern Drilling & Tapping (PCD),1,VEN0000002,Apex Precision VMC Machinists,CNC pattern drilling and precision thread tapping
4120001700,A-10097,INJECTION PISTON Ø100 - 280,,,RAW FORGING / BAR STOCK FOR INJECTION PISTON Ø100 - 280,3,GRD,Precision Cylindrical & Surface Grinding,1,VEN0000006,Sardar Cylindrical & Surface Grinding,Finish surface grinding to specified Ra value and de-burring
4120001800,A-10312,HYDRAULIC ROD BUSH - Ø50,,,RAW FORGING / BAR STOCK FOR HYDRAULIC ROD BUSH - Ø50,1,MCH,Heavy VMC Face & Profile Milling,2,VEN0000002,Apex Precision VMC Machinists,Precision CNC 4-axis profile milling and contour machining as per drawing
4120001800,A-10312,HYDRAULIC ROD BUSH - Ø50,,,RAW FORGING / BAR STOCK FOR HYDRAULIC ROD BUSH - Ø50,2,DRL,CNC Pattern Drilling & Tapping (PCD),1,VEN0000002,Apex Precision VMC Machinists,CNC pattern drilling and precision thread tapping
4120001800,A-10312,HYDRAULIC ROD BUSH - Ø50,,,RAW FORGING / BAR STOCK FOR HYDRAULIC ROD BUSH - Ø50,3,GRD,Precision Cylindrical & Surface Grinding,1,VEN0000006,Sardar Cylindrical & Surface Grinding,Finish surface grinding to specified Ra value and de-burring
4110002900,A-10021,BARREL PLATE - 420 (STOCK-175),,,RAW FORGING / BAR STOCK FOR BARREL PLATE - 420 (STOCK-175),1,GNDR,Deep Hole Gun Drilling & Trepanning,3,VEN0000002,Apex Precision VMC Machinists,Deep hole gun drilling and trepanning from solid forged alloy bar
4110002900,A-10021,BARREL PLATE - 420 (STOCK-175),,,RAW FORGING / BAR STOCK FOR BARREL PLATE - 420 (STOCK-175),2,HON,Deep Hole Diamond Honing (Ra 0.1 µm),2,VEN0000006,Sardar Cylindrical & Surface Grinding,Vertical diamond honing of bore to H7 tolerance and Ra 0.1 micron
4110002900,A-10021,BARREL PLATE - 420 (STOCK-175),,,RAW FORGING / BAR STOCK FOR BARREL PLATE - 420 (STOCK-175),3,MCH,Heavy VMC Face & Profile Milling,2,VEN0000002,Apex Precision VMC Machinists,"Mill feed opening hopper throat, thermocouple ports and heater flanges"
4110002900,A-10021,BARREL PLATE - 420 (STOCK-175),,,RAW FORGING / BAR STOCK FOR BARREL PLATE - 420 (STOCK-175),4,NIT,Deep Gas Nitriding & Hardening (65-68 HRC),3,VEN0000004,Gujarat Heat Treaters & Nitriding,"Internal bore gas nitriding hardening to 65-68 HRC, case depth 0.6mm"
4120007700,A-10110,INJECTION CYLINDER FRONT CAP - 420,,,RAW FORGING / BAR STOCK FOR INJECTION CYLINDER FRONT CAP - 420,1,MCH,Heavy VMC Face & Profile Milling,2,VEN0000002,Apex Precision VMC Machinists,Precision CNC 4-axis profile milling and contour machining as per drawing
4120007700,A-10110,INJECTION CYLINDER FRONT CAP - 420,,,RAW FORGING / BAR STOCK FOR INJECTION CYLINDER FRONT CAP - 420,2,DRL,CNC Pattern Drilling & Tapping (PCD),1,VEN0000002,Apex Precision VMC Machinists,CNC pattern drilling and precision thread tapping
4120007700,A-10110,INJECTION CYLINDER FRONT CAP - 420,,,RAW FORGING / BAR STOCK FOR INJECTION CYLINDER FRONT CAP - 420,3,GRD,Precision Cylindrical & Surface Grinding,1,VEN0000006,Sardar Cylindrical & Surface Grinding,Finish surface grinding to specified Ra value and de-burring
4120007800,A-10104,INJECTION CYLINDER END CAP - 420,,,RAW FORGING / BAR STOCK FOR INJECTION CYLINDER END CAP - 420,1,MCH,Heavy VMC Face & Profile Milling,2,VEN0000002,Apex Precision VMC Machinists,Precision CNC 4-axis profile milling and contour machining as per drawing
4120007800,A-10104,INJECTION CYLINDER END CAP - 420,,,RAW FORGING / BAR STOCK FOR INJECTION CYLINDER END CAP - 420,2,DRL,CNC Pattern Drilling & Tapping (PCD),1,VEN0000002,Apex Precision VMC Machinists,CNC pattern drilling and precision thread tapping
4120007800,A-10104,INJECTION CYLINDER END CAP - 420,,,RAW FORGING / BAR STOCK FOR INJECTION CYLINDER END CAP - 420,3,GRD,Precision Cylindrical & Surface Grinding,1,VEN0000006,Sardar Cylindrical & Surface Grinding,Finish surface grinding to specified Ra value and de-burring
4120007900,A-10092,INJECTION CYLINDER ROD - 420,,,RAW FORGING / BAR STOCK FOR INJECTION CYLINDER ROD - 420,1,MCH,Heavy VMC Face & Profile Milling,2,VEN0000002,Apex Precision VMC Machinists,Precision CNC 4-axis profile milling and contour machining as per drawing
4120007900,A-10092,INJECTION CYLINDER ROD - 420,,,RAW FORGING / BAR STOCK FOR INJECTION CYLINDER ROD - 420,2,DRL,CNC Pattern Drilling & Tapping (PCD),1,VEN0000002,Apex Precision VMC Machinists,CNC pattern drilling and precision thread tapping
4120007900,A-10092,INJECTION CYLINDER ROD - 420,,,RAW FORGING / BAR STOCK FOR INJECTION CYLINDER ROD - 420,3,GRD,Precision Cylindrical & Surface Grinding,1,VEN0000006,Sardar Cylindrical & Surface Grinding,Finish surface grinding to specified Ra value and de-burring
4120008000,A-10098,INJECTION PISTON Ø110 - 420,,,RAW FORGING / BAR STOCK FOR INJECTION PISTON Ø110 - 420,1,MCH,Heavy VMC Face & Profile Milling,2,VEN0000002,Apex Precision VMC Machinists,Precision CNC 4-axis profile milling and contour machining as per drawing
4120008000,A-10098,INJECTION PISTON Ø110 - 420,,,RAW FORGING / BAR STOCK FOR INJECTION PISTON Ø110 - 420,2,DRL,CNC Pattern Drilling & Tapping (PCD),1,VEN0000002,Apex Precision VMC Machinists,CNC pattern drilling and precision thread tapping
4120008000,A-10098,INJECTION PISTON Ø110 - 420,,,RAW FORGING / BAR STOCK FOR INJECTION PISTON Ø110 - 420,3,GRD,Precision Cylindrical & Surface Grinding,1,VEN0000006,Sardar Cylindrical & Surface Grinding,Finish surface grinding to specified Ra value and de-burring
4110004200,A-10022,BARREL PLATE - 635 (STOCK-210),,,RAW FORGING / BAR STOCK FOR BARREL PLATE - 635 (STOCK-210),1,GNDR,Deep Hole Gun Drilling & Trepanning,3,VEN0000002,Apex Precision VMC Machinists,Deep hole gun drilling and trepanning from solid forged alloy bar
4110004200,A-10022,BARREL PLATE - 635 (STOCK-210),,,RAW FORGING / BAR STOCK FOR BARREL PLATE - 635 (STOCK-210),2,HON,Deep Hole Diamond Honing (Ra 0.1 µm),2,VEN0000006,Sardar Cylindrical & Surface Grinding,Vertical diamond honing of bore to H7 tolerance and Ra 0.1 micron
4110004200,A-10022,BARREL PLATE - 635 (STOCK-210),,,RAW FORGING / BAR STOCK FOR BARREL PLATE - 635 (STOCK-210),3,MCH,Heavy VMC Face & Profile Milling,2,VEN0000002,Apex Precision VMC Machinists,"Mill feed opening hopper throat, thermocouple ports and heater flanges"
4110004200,A-10022,BARREL PLATE - 635 (STOCK-210),,,RAW FORGING / BAR STOCK FOR BARREL PLATE - 635 (STOCK-210),4,NIT,Deep Gas Nitriding & Hardening (65-68 HRC),3,VEN0000004,Gujarat Heat Treaters & Nitriding,"Internal bore gas nitriding hardening to 65-68 HRC, case depth 0.6mm"
4120010800,A-10111,INJECTION CYLINDER FRONT CAP - 635,,,RAW FORGING / BAR STOCK FOR INJECTION CYLINDER FRONT CAP - 635,1,MCH,Heavy VMC Face & Profile Milling,2,VEN0000002,Apex Precision VMC Machinists,Precision CNC 4-axis profile milling and contour machining as per drawing
4120010800,A-10111,INJECTION CYLINDER FRONT CAP - 635,,,RAW FORGING / BAR STOCK FOR INJECTION CYLINDER FRONT CAP - 635,2,DRL,CNC Pattern Drilling & Tapping (PCD),1,VEN0000002,Apex Precision VMC Machinists,CNC pattern drilling and precision thread tapping
4120010800,A-10111,INJECTION CYLINDER FRONT CAP - 635,,,RAW FORGING / BAR STOCK FOR INJECTION CYLINDER FRONT CAP - 635,3,GRD,Precision Cylindrical & Surface Grinding,1,VEN0000006,Sardar Cylindrical & Surface Grinding,Finish surface grinding to specified Ra value and de-burring
4120010900,A-10105,INJECTION CYLINDER END CAP - 635,,,RAW FORGING / BAR STOCK FOR INJECTION CYLINDER END CAP - 635,1,MCH,Heavy VMC Face & Profile Milling,2,VEN0000002,Apex Precision VMC Machinists,Precision CNC 4-axis profile milling and contour machining as per drawing
4120010900,A-10105,INJECTION CYLINDER END CAP - 635,,,RAW FORGING / BAR STOCK FOR INJECTION CYLINDER END CAP - 635,2,DRL,CNC Pattern Drilling & Tapping (PCD),1,VEN0000002,Apex Precision VMC Machinists,CNC pattern drilling and precision thread tapping
4120010900,A-10105,INJECTION CYLINDER END CAP - 635,,,RAW FORGING / BAR STOCK FOR INJECTION CYLINDER END CAP - 635,3,GRD,Precision Cylindrical & Surface Grinding,1,VEN0000006,Sardar Cylindrical & Surface Grinding,Finish surface grinding to specified Ra value and de-burring
4120011000,A-10093,INJECTION CYLINDER ROD - 635,,,RAW FORGING / BAR STOCK FOR INJECTION CYLINDER ROD - 635,1,MCH,Heavy VMC Face & Profile Milling,2,VEN0000002,Apex Precision VMC Machinists,Precision CNC 4-axis profile milling and contour machining as per drawing
4120011000,A-10093,INJECTION CYLINDER ROD - 635,,,RAW FORGING / BAR STOCK FOR INJECTION CYLINDER ROD - 635,2,DRL,CNC Pattern Drilling & Tapping (PCD),1,VEN0000002,Apex Precision VMC Machinists,CNC pattern drilling and precision thread tapping
4120011000,A-10093,INJECTION CYLINDER ROD - 635,,,RAW FORGING / BAR STOCK FOR INJECTION CYLINDER ROD - 635,3,GRD,Precision Cylindrical & Surface Grinding,1,VEN0000006,Sardar Cylindrical & Surface Grinding,Finish surface grinding to specified Ra value and de-burring
4120011100,A-10099,INJECTION PISTON Ø125 - 635,,,RAW FORGING / BAR STOCK FOR INJECTION PISTON Ø125 - 635,1,MCH,Heavy VMC Face & Profile Milling,2,VEN0000002,Apex Precision VMC Machinists,Precision CNC 4-axis profile milling and contour machining as per drawing
4120011100,A-10099,INJECTION PISTON Ø125 - 635,,,RAW FORGING / BAR STOCK FOR INJECTION PISTON Ø125 - 635,2,DRL,CNC Pattern Drilling & Tapping (PCD),1,VEN0000002,Apex Precision VMC Machinists,CNC pattern drilling and precision thread tapping
4120011100,A-10099,INJECTION PISTON Ø125 - 635,,,RAW FORGING / BAR STOCK FOR INJECTION PISTON Ø125 - 635,3,GRD,Precision Cylindrical & Surface Grinding,1,VEN0000006,Sardar Cylindrical & Surface Grinding,Finish surface grinding to specified Ra value and de-burring
4120011200,A-10313,HYDRAULIC ROD BUSH - Ø60,,,RAW FORGING / BAR STOCK FOR HYDRAULIC ROD BUSH - Ø60,1,MCH,Heavy VMC Face & Profile Milling,2,VEN0000002,Apex Precision VMC Machinists,Precision CNC 4-axis profile milling and contour machining as per drawing
4120011200,A-10313,HYDRAULIC ROD BUSH - Ø60,,,RAW FORGING / BAR STOCK FOR HYDRAULIC ROD BUSH - Ø60,2,DRL,CNC Pattern Drilling & Tapping (PCD),1,VEN0000002,Apex Precision VMC Machinists,CNC pattern drilling and precision thread tapping
4120011200,A-10313,HYDRAULIC ROD BUSH - Ø60,,,RAW FORGING / BAR STOCK FOR HYDRAULIC ROD BUSH - Ø60,3,GRD,Precision Cylindrical & Surface Grinding,1,VEN0000006,Sardar Cylindrical & Surface Grinding,Finish surface grinding to specified Ra value and de-burring
4110005600,A-10023,BARREL PLATE - 905 (STOCK-245),,,RAW FORGING / BAR STOCK FOR BARREL PLATE - 905 (STOCK-245),1,GNDR,Deep Hole Gun Drilling & Trepanning,3,VEN0000002,Apex Precision VMC Machinists,Deep hole gun drilling and trepanning from solid forged alloy bar
4110005600,A-10023,BARREL PLATE - 905 (STOCK-245),,,RAW FORGING / BAR STOCK FOR BARREL PLATE - 905 (STOCK-245),2,HON,Deep Hole Diamond Honing (Ra 0.1 µm),2,VEN0000006,Sardar Cylindrical & Surface Grinding,Vertical diamond honing of bore to H7 tolerance and Ra 0.1 micron
4110005600,A-10023,BARREL PLATE - 905 (STOCK-245),,,RAW FORGING / BAR STOCK FOR BARREL PLATE - 905 (STOCK-245),3,MCH,Heavy VMC Face & Profile Milling,2,VEN0000002,Apex Precision VMC Machinists,"Mill feed opening hopper throat, thermocouple ports and heater flanges"
4110005600,A-10023,BARREL PLATE - 905 (STOCK-245),,,RAW FORGING / BAR STOCK FOR BARREL PLATE - 905 (STOCK-245),4,NIT,Deep Gas Nitriding & Hardening (65-68 HRC),3,VEN0000004,Gujarat Heat Treaters & Nitriding,"Internal bore gas nitriding hardening to 65-68 HRC, case depth 0.6mm"
4120015000,A-10112,INJECTION CYLINDER FRONT CAP - 905,,,RAW FORGING / BAR STOCK FOR INJECTION CYLINDER FRONT CAP - 905,1,MCH,Heavy VMC Face & Profile Milling,2,VEN0000002,Apex Precision VMC Machinists,Precision CNC 4-axis profile milling and contour machining as per drawing
4120015000,A-10112,INJECTION CYLINDER FRONT CAP - 905,,,RAW FORGING / BAR STOCK FOR INJECTION CYLINDER FRONT CAP - 905,2,DRL,CNC Pattern Drilling & Tapping (PCD),1,VEN0000002,Apex Precision VMC Machinists,CNC pattern drilling and precision thread tapping
4120015000,A-10112,INJECTION CYLINDER FRONT CAP - 905,,,RAW FORGING / BAR STOCK FOR INJECTION CYLINDER FRONT CAP - 905,3,GRD,Precision Cylindrical & Surface Grinding,1,VEN0000006,Sardar Cylindrical & Surface Grinding,Finish surface grinding to specified Ra value and de-burring
4120015100,A-10106,INJECTION CYLINDER END CAP - 905,,,RAW FORGING / BAR STOCK FOR INJECTION CYLINDER END CAP - 905,1,MCH,Heavy VMC Face & Profile Milling,2,VEN0000002,Apex Precision VMC Machinists,Precision CNC 4-axis profile milling and contour machining as per drawing
4120015100,A-10106,INJECTION CYLINDER END CAP - 905,,,RAW FORGING / BAR STOCK FOR INJECTION CYLINDER END CAP - 905,2,DRL,CNC Pattern Drilling & Tapping (PCD),1,VEN0000002,Apex Precision VMC Machinists,CNC pattern drilling and precision thread tapping
4120015100,A-10106,INJECTION CYLINDER END CAP - 905,,,RAW FORGING / BAR STOCK FOR INJECTION CYLINDER END CAP - 905,3,GRD,Precision Cylindrical & Surface Grinding,1,VEN0000006,Sardar Cylindrical & Surface Grinding,Finish surface grinding to specified Ra value and de-burring
4120015200,A-10094,INJECTION CYLINDER ROD - 905,,,RAW FORGING / BAR STOCK FOR INJECTION CYLINDER ROD - 905,1,MCH,Heavy VMC Face & Profile Milling,2,VEN0000002,Apex Precision VMC Machinists,Precision CNC 4-axis profile milling and contour machining as per drawing
4120015200,A-10094,INJECTION CYLINDER ROD - 905,,,RAW FORGING / BAR STOCK FOR INJECTION CYLINDER ROD - 905,2,DRL,CNC Pattern Drilling & Tapping (PCD),1,VEN0000002,Apex Precision VMC Machinists,CNC pattern drilling and precision thread tapping
4120015200,A-10094,INJECTION CYLINDER ROD - 905,,,RAW FORGING / BAR STOCK FOR INJECTION CYLINDER ROD - 905,3,GRD,Precision Cylindrical & Surface Grinding,1,VEN0000006,Sardar Cylindrical & Surface Grinding,Finish surface grinding to specified Ra value and de-burring
4120015300,A-10100,INJECTION PISTON Ø140 - 905,,,RAW FORGING / BAR STOCK FOR INJECTION PISTON Ø140 - 905,1,MCH,Heavy VMC Face & Profile Milling,2,VEN0000002,Apex Precision VMC Machinists,Precision CNC 4-axis profile milling and contour machining as per drawing
4120015300,A-10100,INJECTION PISTON Ø140 - 905,,,RAW FORGING / BAR STOCK FOR INJECTION PISTON Ø140 - 905,2,DRL,CNC Pattern Drilling & Tapping (PCD),1,VEN0000002,Apex Precision VMC Machinists,CNC pattern drilling and precision thread tapping
4120015300,A-10100,INJECTION PISTON Ø140 - 905,,,RAW FORGING / BAR STOCK FOR INJECTION PISTON Ø140 - 905,3,GRD,Precision Cylindrical & Surface Grinding,1,VEN0000006,Sardar Cylindrical & Surface Grinding,Finish surface grinding to specified Ra value and de-burring
4120015400,A-10314,HYDRAULIC ROD BUSH - Ø70,,,RAW FORGING / BAR STOCK FOR HYDRAULIC ROD BUSH - Ø70,1,MCH,Heavy VMC Face & Profile Milling,2,VEN0000002,Apex Precision VMC Machinists,Precision CNC 4-axis profile milling and contour machining as per drawing
4120015400,A-10314,HYDRAULIC ROD BUSH - Ø70,,,RAW FORGING / BAR STOCK FOR HYDRAULIC ROD BUSH - Ø70,2,DRL,CNC Pattern Drilling & Tapping (PCD),1,VEN0000002,Apex Precision VMC Machinists,CNC pattern drilling and precision thread tapping
4120015400,A-10314,HYDRAULIC ROD BUSH - Ø70,,,RAW FORGING / BAR STOCK FOR HYDRAULIC ROD BUSH - Ø70,3,GRD,Precision Cylindrical & Surface Grinding,1,VEN0000006,Sardar Cylindrical & Surface Grinding,Finish surface grinding to specified Ra value and de-burring
4110007000,A-10024,BARREL PLATE - 1520 (STOCK-280),,,RAW FORGING / BAR STOCK FOR BARREL PLATE - 1520 (STOCK-280),1,GNDR,Deep Hole Gun Drilling & Trepanning,3,VEN0000002,Apex Precision VMC Machinists,Deep hole gun drilling and trepanning from solid forged alloy bar
4110007000,A-10024,BARREL PLATE - 1520 (STOCK-280),,,RAW FORGING / BAR STOCK FOR BARREL PLATE - 1520 (STOCK-280),2,HON,Deep Hole Diamond Honing (Ra 0.1 µm),2,VEN0000006,Sardar Cylindrical & Surface Grinding,Vertical diamond honing of bore to H7 tolerance and Ra 0.1 micron
4110007000,A-10024,BARREL PLATE - 1520 (STOCK-280),,,RAW FORGING / BAR STOCK FOR BARREL PLATE - 1520 (STOCK-280),3,MCH,Heavy VMC Face & Profile Milling,2,VEN0000002,Apex Precision VMC Machinists,"Mill feed opening hopper throat, thermocouple ports and heater flanges"
4110007000,A-10024,BARREL PLATE - 1520 (STOCK-280),,,RAW FORGING / BAR STOCK FOR BARREL PLATE - 1520 (STOCK-280),4,NIT,Deep Gas Nitriding & Hardening (65-68 HRC),3,VEN0000004,Gujarat Heat Treaters & Nitriding,"Internal bore gas nitriding hardening to 65-68 HRC, case depth 0.6mm"
4120018700,A-10113,INJECTION CYLINDER FRONT CAP - 1520,,,RAW FORGING / BAR STOCK FOR INJECTION CYLINDER FRONT CAP - 1520,1,MCH,Heavy VMC Face & Profile Milling,2,VEN0000002,Apex Precision VMC Machinists,Precision CNC 4-axis profile milling and contour machining as per drawing
4120018700,A-10113,INJECTION CYLINDER FRONT CAP - 1520,,,RAW FORGING / BAR STOCK FOR INJECTION CYLINDER FRONT CAP - 1520,2,DRL,CNC Pattern Drilling & Tapping (PCD),1,VEN0000002,Apex Precision VMC Machinists,CNC pattern drilling and precision thread tapping
4120018700,A-10113,INJECTION CYLINDER FRONT CAP - 1520,,,RAW FORGING / BAR STOCK FOR INJECTION CYLINDER FRONT CAP - 1520,3,GRD,Precision Cylindrical & Surface Grinding,1,VEN0000006,Sardar Cylindrical & Surface Grinding,Finish surface grinding to specified Ra value and de-burring
4120018800,A-10107,INJECTION CYLINDER END CAP - 1520,,,RAW FORGING / BAR STOCK FOR INJECTION CYLINDER END CAP - 1520,1,MCH,Heavy VMC Face & Profile Milling,2,VEN0000002,Apex Precision VMC Machinists,Precision CNC 4-axis profile milling and contour machining as per drawing
4120018800,A-10107,INJECTION CYLINDER END CAP - 1520,,,RAW FORGING / BAR STOCK FOR INJECTION CYLINDER END CAP - 1520,2,DRL,CNC Pattern Drilling & Tapping (PCD),1,VEN0000002,Apex Precision VMC Machinists,CNC pattern drilling and precision thread tapping
4120018800,A-10107,INJECTION CYLINDER END CAP - 1520,,,RAW FORGING / BAR STOCK FOR INJECTION CYLINDER END CAP - 1520,3,GRD,Precision Cylindrical & Surface Grinding,1,VEN0000006,Sardar Cylindrical & Surface Grinding,Finish surface grinding to specified Ra value and de-burring
4120018900,A-10095,INJECTION CYLINDER ROD - 1520,,,RAW FORGING / BAR STOCK FOR INJECTION CYLINDER ROD - 1520,1,MCH,Heavy VMC Face & Profile Milling,2,VEN0000002,Apex Precision VMC Machinists,Precision CNC 4-axis profile milling and contour machining as per drawing
4120018900,A-10095,INJECTION CYLINDER ROD - 1520,,,RAW FORGING / BAR STOCK FOR INJECTION CYLINDER ROD - 1520,2,DRL,CNC Pattern Drilling & Tapping (PCD),1,VEN0000002,Apex Precision VMC Machinists,CNC pattern drilling and precision thread tapping
4120018900,A-10095,INJECTION CYLINDER ROD - 1520,,,RAW FORGING / BAR STOCK FOR INJECTION CYLINDER ROD - 1520,3,GRD,Precision Cylindrical & Surface Grinding,1,VEN0000006,Sardar Cylindrical & Surface Grinding,Finish surface grinding to specified Ra value and de-burring
4120019000,A-10101,INJECTION PISTON Ø165 - 1520,,,RAW FORGING / BAR STOCK FOR INJECTION PISTON Ø165 - 1520,1,MCH,Heavy VMC Face & Profile Milling,2,VEN0000002,Apex Precision VMC Machinists,Precision CNC 4-axis profile milling and contour machining as per drawing
4120019000,A-10101,INJECTION PISTON Ø165 - 1520,,,RAW FORGING / BAR STOCK FOR INJECTION PISTON Ø165 - 1520,2,DRL,CNC Pattern Drilling & Tapping (PCD),1,VEN0000002,Apex Precision VMC Machinists,CNC pattern drilling and precision thread tapping
4120019000,A-10101,INJECTION PISTON Ø165 - 1520,,,RAW FORGING / BAR STOCK FOR INJECTION PISTON Ø165 - 1520,3,GRD,Precision Cylindrical & Surface Grinding,1,VEN0000006,Sardar Cylindrical & Surface Grinding,Finish surface grinding to specified Ra value and de-burring
4120019100,A-10315,HYDRAULIC ROD BUSH - Ø75,,,RAW FORGING / BAR STOCK FOR HYDRAULIC ROD BUSH - Ø75,1,MCH,Heavy VMC Face & Profile Milling,2,VEN0000002,Apex Precision VMC Machinists,Precision CNC 4-axis profile milling and contour machining as per drawing
4120019100,A-10315,HYDRAULIC ROD BUSH - Ø75,,,RAW FORGING / BAR STOCK FOR HYDRAULIC ROD BUSH - Ø75,2,DRL,CNC Pattern Drilling & Tapping (PCD),1,VEN0000002,Apex Precision VMC Machinists,CNC pattern drilling and precision thread tapping
4120019100,A-10315,HYDRAULIC ROD BUSH - Ø75,,,RAW FORGING / BAR STOCK FOR HYDRAULIC ROD BUSH - Ø75,3,GRD,Precision Cylindrical & Surface Grinding,1,VEN0000006,Sardar Cylindrical & Surface Grinding,Finish surface grinding to specified Ra value and de-burring
4110007300,A-10025,BARREL PLATE - 2350 (STOCK-315),,,RAW FORGING / BAR STOCK FOR BARREL PLATE - 2350 (STOCK-315),1,GNDR,Deep Hole Gun Drilling & Trepanning,3,VEN0000002,Apex Precision VMC Machinists,Deep hole gun drilling and trepanning from solid forged alloy bar
4110007300,A-10025,BARREL PLATE - 2350 (STOCK-315),,,RAW FORGING / BAR STOCK FOR BARREL PLATE - 2350 (STOCK-315),2,HON,Deep Hole Diamond Honing (Ra 0.1 µm),2,VEN0000006,Sardar Cylindrical & Surface Grinding,Vertical diamond honing of bore to H7 tolerance and Ra 0.1 micron
4110007300,A-10025,BARREL PLATE - 2350 (STOCK-315),,,RAW FORGING / BAR STOCK FOR BARREL PLATE - 2350 (STOCK-315),3,MCH,Heavy VMC Face & Profile Milling,2,VEN0000002,Apex Precision VMC Machinists,"Mill feed opening hopper throat, thermocouple ports and heater flanges"
4110007300,A-10025,BARREL PLATE - 2350 (STOCK-315),,,RAW FORGING / BAR STOCK FOR BARREL PLATE - 2350 (STOCK-315),4,NIT,Deep Gas Nitriding & Hardening (65-68 HRC),3,VEN0000004,Gujarat Heat Treaters & Nitriding,"Internal bore gas nitriding hardening to 65-68 HRC, case depth 0.6mm"
4120021400,A-10114,INJECTION CYLINDER FRONT CAP - 2350,,,RAW FORGING / BAR STOCK FOR INJECTION CYLINDER FRONT CAP - 2350,1,MCH,Heavy VMC Face & Profile Milling,2,VEN0000002,Apex Precision VMC Machinists,Precision CNC 4-axis profile milling and contour machining as per drawing
4120021400,A-10114,INJECTION CYLINDER FRONT CAP - 2350,,,RAW FORGING / BAR STOCK FOR INJECTION CYLINDER FRONT CAP - 2350,2,DRL,CNC Pattern Drilling & Tapping (PCD),1,VEN0000002,Apex Precision VMC Machinists,CNC pattern drilling and precision thread tapping
4120021400,A-10114,INJECTION CYLINDER FRONT CAP - 2350,,,RAW FORGING / BAR STOCK FOR INJECTION CYLINDER FRONT CAP - 2350,3,GRD,Precision Cylindrical & Surface Grinding,1,VEN0000006,Sardar Cylindrical & Surface Grinding,Finish surface grinding to specified Ra value and de-burring
4120021500,A-10108,INJECTION CYLINDER END CAP - 2350,,,RAW FORGING / BAR STOCK FOR INJECTION CYLINDER END CAP - 2350,1,MCH,Heavy VMC Face & Profile Milling,2,VEN0000002,Apex Precision VMC Machinists,Precision CNC 4-axis profile milling and contour machining as per drawing
4120021500,A-10108,INJECTION CYLINDER END CAP - 2350,,,RAW FORGING / BAR STOCK FOR INJECTION CYLINDER END CAP - 2350,2,DRL,CNC Pattern Drilling & Tapping (PCD),1,VEN0000002,Apex Precision VMC Machinists,CNC pattern drilling and precision thread tapping
4120021500,A-10108,INJECTION CYLINDER END CAP - 2350,,,RAW FORGING / BAR STOCK FOR INJECTION CYLINDER END CAP - 2350,3,GRD,Precision Cylindrical & Surface Grinding,1,VEN0000006,Sardar Cylindrical & Surface Grinding,Finish surface grinding to specified Ra value and de-burring
4120021600,A-10096,INJECTION CYLINDER ROD - 2350,,,RAW FORGING / BAR STOCK FOR INJECTION CYLINDER ROD - 2350,1,MCH,Heavy VMC Face & Profile Milling,2,VEN0000002,Apex Precision VMC Machinists,Precision CNC 4-axis profile milling and contour machining as per drawing
4120021600,A-10096,INJECTION CYLINDER ROD - 2350,,,RAW FORGING / BAR STOCK FOR INJECTION CYLINDER ROD - 2350,2,DRL,CNC Pattern Drilling & Tapping (PCD),1,VEN0000002,Apex Precision VMC Machinists,CNC pattern drilling and precision thread tapping
4120021600,A-10096,INJECTION CYLINDER ROD - 2350,,,RAW FORGING / BAR STOCK FOR INJECTION CYLINDER ROD - 2350,3,GRD,Precision Cylindrical & Surface Grinding,1,VEN0000006,Sardar Cylindrical & Surface Grinding,Finish surface grinding to specified Ra value and de-burring
4120021700,A-10102,INJECTION PISTON Ø190 - 2350,,,RAW FORGING / BAR STOCK FOR INJECTION PISTON Ø190 - 2350,1,MCH,Heavy VMC Face & Profile Milling,2,VEN0000002,Apex Precision VMC Machinists,Precision CNC 4-axis profile milling and contour machining as per drawing
4120021700,A-10102,INJECTION PISTON Ø190 - 2350,,,RAW FORGING / BAR STOCK FOR INJECTION PISTON Ø190 - 2350,2,DRL,CNC Pattern Drilling & Tapping (PCD),1,VEN0000002,Apex Precision VMC Machinists,CNC pattern drilling and precision thread tapping
4120021700,A-10102,INJECTION PISTON Ø190 - 2350,,,RAW FORGING / BAR STOCK FOR INJECTION PISTON Ø190 - 2350,3,GRD,Precision Cylindrical & Surface Grinding,1,VEN0000006,Sardar Cylindrical & Surface Grinding,Finish surface grinding to specified Ra value and de-burring
4120021800,A-10316,HYDRAULIC ROD BUSH - Ø80,,,RAW FORGING / BAR STOCK FOR HYDRAULIC ROD BUSH - Ø80,1,MCH,Heavy VMC Face & Profile Milling,2,VEN0000002,Apex Precision VMC Machinists,Precision CNC 4-axis profile milling and contour machining as per drawing
4120021800,A-10316,HYDRAULIC ROD BUSH - Ø80,,,RAW FORGING / BAR STOCK FOR HYDRAULIC ROD BUSH - Ø80,2,DRL,CNC Pattern Drilling & Tapping (PCD),1,VEN0000002,Apex Precision VMC Machinists,CNC pattern drilling and precision thread tapping
4120021800,A-10316,HYDRAULIC ROD BUSH - Ø80,,,RAW FORGING / BAR STOCK FOR HYDRAULIC ROD BUSH - Ø80,3,GRD,Precision Cylindrical & Surface Grinding,1,VEN0000006,Sardar Cylindrical & Surface Grinding,Finish surface grinding to specified Ra value and de-burring
4110001600,A-10026,BEARING HOUSING - 280,,,RAW FORGING / BAR STOCK FOR BEARING HOUSING - 280,1,MCH,Heavy VMC Face & Profile Milling,2,VEN0000002,Apex Precision VMC Machinists,Precision CNC 4-axis profile milling and contour machining as per drawing
4110001600,A-10026,BEARING HOUSING - 280,,,RAW FORGING / BAR STOCK FOR BEARING HOUSING - 280,2,DRL,CNC Pattern Drilling & Tapping (PCD),1,VEN0000002,Apex Precision VMC Machinists,CNC pattern drilling and precision thread tapping
4110001600,A-10026,BEARING HOUSING - 280,,,RAW FORGING / BAR STOCK FOR BEARING HOUSING - 280,3,GRD,Precision Cylindrical & Surface Grinding,1,VEN0000006,Sardar Cylindrical & Surface Grinding,Finish surface grinding to specified Ra value and de-burring
4120001900,A-10039,SCREW DRIVE SHAFT - 280,,,RAW FORGING / BAR STOCK FOR SCREW DRIVE SHAFT - 280,1,MCH,Heavy VMC Face & Profile Milling,3,VEN0000002,Apex Precision VMC Machinists,"Precision turning of shank, root diameters and spline coupling drive"
4120001900,A-10039,SCREW DRIVE SHAFT - 280,,,RAW FORGING / BAR STOCK FOR SCREW DRIVE SHAFT - 280,2,SCRM,CNC Variable Pitch Screw Flight Whirling,4,VEN0000002,Apex Precision VMC Machinists,"CNC flight whirling of feed, compression, metering & barrier mixing flights"
4120001900,A-10039,SCREW DRIVE SHAFT - 280,,,RAW FORGING / BAR STOCK FOR SCREW DRIVE SHAFT - 280,3,NIT,Deep Gas Nitriding & Hardening (65-68 HRC),3,VEN0000004,Gujarat Heat Treaters & Nitriding,"Deep gas nitriding in vertical retort to 65-68 HRC, case depth 0.5-0.6mm"
4120001900,A-10039,SCREW DRIVE SHAFT - 280,,,RAW FORGING / BAR STOCK FOR SCREW DRIVE SHAFT - 280,4,GRD,Precision Cylindrical & Surface Grinding,2,VEN0000006,Sardar Cylindrical & Surface Grinding,Cylindrical grind flight crests & polish root channels to Ra 0.1 µm
4120002000,A-10076,DRIVE SHAFT OIL SEAL FLANGE - 280,,,RAW FORGING / BAR STOCK FOR DRIVE SHAFT OIL SEAL FLANGE - 280,1,MCH,Heavy VMC Face & Profile Milling,2,VEN0000002,Apex Precision VMC Machinists,Precision CNC 4-axis profile milling and contour machining as per drawing
4120002000,A-10076,DRIVE SHAFT OIL SEAL FLANGE - 280,,,RAW FORGING / BAR STOCK FOR DRIVE SHAFT OIL SEAL FLANGE - 280,2,DRL,CNC Pattern Drilling & Tapping (PCD),1,VEN0000002,Apex Precision VMC Machinists,CNC pattern drilling and precision thread tapping
4120002000,A-10076,DRIVE SHAFT OIL SEAL FLANGE - 280,,,RAW FORGING / BAR STOCK FOR DRIVE SHAFT OIL SEAL FLANGE - 280,3,GRD,Precision Cylindrical & Surface Grinding,1,VEN0000006,Sardar Cylindrical & Surface Grinding,Finish surface grinding to specified Ra value and de-burring
4020101000,A-10035,DRIVE SHAFT NUT - 280 (M70 X 3),,,RAW FORGING / BAR STOCK FOR DRIVE SHAFT NUT - 280 (M70 X 3),1,MCH,Heavy VMC Face & Profile Milling,2,VEN0000002,Apex Precision VMC Machinists,Precision CNC 4-axis profile milling and contour machining as per drawing
4020101000,A-10035,DRIVE SHAFT NUT - 280 (M70 X 3),,,RAW FORGING / BAR STOCK FOR DRIVE SHAFT NUT - 280 (M70 X 3),2,DRL,CNC Pattern Drilling & Tapping (PCD),1,VEN0000002,Apex Precision VMC Machinists,CNC pattern drilling and precision thread tapping
4020101000,A-10035,DRIVE SHAFT NUT - 280 (M70 X 3),,,RAW FORGING / BAR STOCK FOR DRIVE SHAFT NUT - 280 (M70 X 3),3,GRD,Precision Cylindrical & Surface Grinding,1,VEN0000006,Sardar Cylindrical & Surface Grinding,Finish surface grinding to specified Ra value and de-burring
4020101100,A-10031,DRIVE SHAFT CHECK NUT - 280 (M70 X 3),,,RAW FORGING / BAR STOCK FOR DRIVE SHAFT CHECK NUT - 280 (M70 X 3),1,MCH,Heavy VMC Face & Profile Milling,2,VEN0000002,Apex Precision VMC Machinists,Precision CNC 4-axis profile milling and contour machining as per drawing
4020101100,A-10031,DRIVE SHAFT CHECK NUT - 280 (M70 X 3),,,RAW FORGING / BAR STOCK FOR DRIVE SHAFT CHECK NUT - 280 (M70 X 3),2,DRL,CNC Pattern Drilling & Tapping (PCD),1,VEN0000002,Apex Precision VMC Machinists,CNC pattern drilling and precision thread tapping
4020101100,A-10031,DRIVE SHAFT CHECK NUT - 280 (M70 X 3),,,RAW FORGING / BAR STOCK FOR DRIVE SHAFT CHECK NUT - 280 (M70 X 3),3,GRD,Precision Cylindrical & Surface Grinding,1,VEN0000006,Sardar Cylindrical & Surface Grinding,Finish surface grinding to specified Ra value and de-burring
4110004300,A-10027,BEARING HOUSING - 635,,,RAW FORGING / BAR STOCK FOR BEARING HOUSING - 635,1,MCH,Heavy VMC Face & Profile Milling,2,VEN0000002,Apex Precision VMC Machinists,Precision CNC 4-axis profile milling and contour machining as per drawing
4110004300,A-10027,BEARING HOUSING - 635,,,RAW FORGING / BAR STOCK FOR BEARING HOUSING - 635,2,DRL,CNC Pattern Drilling & Tapping (PCD),1,VEN0000002,Apex Precision VMC Machinists,CNC pattern drilling and precision thread tapping
4110004300,A-10027,BEARING HOUSING - 635,,,RAW FORGING / BAR STOCK FOR BEARING HOUSING - 635,3,GRD,Precision Cylindrical & Surface Grinding,1,VEN0000006,Sardar Cylindrical & Surface Grinding,Finish surface grinding to specified Ra value and de-burring
4120011300,A-10040,SCREW DRIVE SHAFT - 635,,,RAW FORGING / BAR STOCK FOR SCREW DRIVE SHAFT - 635,1,MCH,Heavy VMC Face & Profile Milling,3,VEN0000002,Apex Precision VMC Machinists,"Precision turning of shank, root diameters and spline coupling drive"
4120011300,A-10040,SCREW DRIVE SHAFT - 635,,,RAW FORGING / BAR STOCK FOR SCREW DRIVE SHAFT - 635,2,SCRM,CNC Variable Pitch Screw Flight Whirling,4,VEN0000002,Apex Precision VMC Machinists,"CNC flight whirling of feed, compression, metering & barrier mixing flights"
4120011300,A-10040,SCREW DRIVE SHAFT - 635,,,RAW FORGING / BAR STOCK FOR SCREW DRIVE SHAFT - 635,3,NIT,Deep Gas Nitriding & Hardening (65-68 HRC),3,VEN0000004,Gujarat Heat Treaters & Nitriding,"Deep gas nitriding in vertical retort to 65-68 HRC, case depth 0.5-0.6mm"
4120011300,A-10040,SCREW DRIVE SHAFT - 635,,,RAW FORGING / BAR STOCK FOR SCREW DRIVE SHAFT - 635,4,GRD,Precision Cylindrical & Surface Grinding,2,VEN0000006,Sardar Cylindrical & Surface Grinding,Cylindrical grind flight crests & polish root channels to Ra 0.1 µm
4120011400,A-10077,DRIVE SHAFT OIL SEAL FLANGE - 635,,,RAW FORGING / BAR STOCK FOR DRIVE SHAFT OIL SEAL FLANGE - 635,1,MCH,Heavy VMC Face & Profile Milling,2,VEN0000002,Apex Precision VMC Machinists,Precision CNC 4-axis profile milling and contour machining as per drawing
4120011400,A-10077,DRIVE SHAFT OIL SEAL FLANGE - 635,,,RAW FORGING / BAR STOCK FOR DRIVE SHAFT OIL SEAL FLANGE - 635,2,DRL,CNC Pattern Drilling & Tapping (PCD),1,VEN0000002,Apex Precision VMC Machinists,CNC pattern drilling and precision thread tapping
4120011400,A-10077,DRIVE SHAFT OIL SEAL FLANGE - 635,,,RAW FORGING / BAR STOCK FOR DRIVE SHAFT OIL SEAL FLANGE - 635,3,GRD,Precision Cylindrical & Surface Grinding,1,VEN0000006,Sardar Cylindrical & Surface Grinding,Finish surface grinding to specified Ra value and de-burring
4020101200,A-10036,DRIVE SHAFT NUT - 635 (M80 X 3),,,RAW FORGING / BAR STOCK FOR DRIVE SHAFT NUT - 635 (M80 X 3),1,MCH,Heavy VMC Face & Profile Milling,2,VEN0000002,Apex Precision VMC Machinists,Precision CNC 4-axis profile milling and contour machining as per drawing
4020101200,A-10036,DRIVE SHAFT NUT - 635 (M80 X 3),,,RAW FORGING / BAR STOCK FOR DRIVE SHAFT NUT - 635 (M80 X 3),2,DRL,CNC Pattern Drilling & Tapping (PCD),1,VEN0000002,Apex Precision VMC Machinists,CNC pattern drilling and precision thread tapping
4020101200,A-10036,DRIVE SHAFT NUT - 635 (M80 X 3),,,RAW FORGING / BAR STOCK FOR DRIVE SHAFT NUT - 635 (M80 X 3),3,GRD,Precision Cylindrical & Surface Grinding,1,VEN0000006,Sardar Cylindrical & Surface Grinding,Finish surface grinding to specified Ra value and de-burring
4020101300,A-10032,DRIVE SHAFT CHECK NUT - 635 (M80 X 3),,,RAW FORGING / BAR STOCK FOR DRIVE SHAFT CHECK NUT - 635 (M80 X 3),1,MCH,Heavy VMC Face & Profile Milling,2,VEN0000002,Apex Precision VMC Machinists,Precision CNC 4-axis profile milling and contour machining as per drawing
4020101300,A-10032,DRIVE SHAFT CHECK NUT - 635 (M80 X 3),,,RAW FORGING / BAR STOCK FOR DRIVE SHAFT CHECK NUT - 635 (M80 X 3),2,DRL,CNC Pattern Drilling & Tapping (PCD),1,VEN0000002,Apex Precision VMC Machinists,CNC pattern drilling and precision thread tapping
4020101300,A-10032,DRIVE SHAFT CHECK NUT - 635 (M80 X 3),,,RAW FORGING / BAR STOCK FOR DRIVE SHAFT CHECK NUT - 635 (M80 X 3),3,GRD,Precision Cylindrical & Surface Grinding,1,VEN0000006,Sardar Cylindrical & Surface Grinding,Finish surface grinding to specified Ra value and de-burring
4110005700,A-10028,BEARING HOUSING - 905,,,RAW FORGING / BAR STOCK FOR BEARING HOUSING - 905,1,MCH,Heavy VMC Face & Profile Milling,2,VEN0000002,Apex Precision VMC Machinists,Precision CNC 4-axis profile milling and contour machining as per drawing
4110005700,A-10028,BEARING HOUSING - 905,,,RAW FORGING / BAR STOCK FOR BEARING HOUSING - 905,2,DRL,CNC Pattern Drilling & Tapping (PCD),1,VEN0000002,Apex Precision VMC Machinists,CNC pattern drilling and precision thread tapping
4110005700,A-10028,BEARING HOUSING - 905,,,RAW FORGING / BAR STOCK FOR BEARING HOUSING - 905,3,GRD,Precision Cylindrical & Surface Grinding,1,VEN0000006,Sardar Cylindrical & Surface Grinding,Finish surface grinding to specified Ra value and de-burring
4120015500,A-10041,SCREW DRIVE SHAFT - 905,,,RAW FORGING / BAR STOCK FOR SCREW DRIVE SHAFT - 905,1,MCH,Heavy VMC Face & Profile Milling,3,VEN0000002,Apex Precision VMC Machinists,"Precision turning of shank, root diameters and spline coupling drive"
4120015500,A-10041,SCREW DRIVE SHAFT - 905,,,RAW FORGING / BAR STOCK FOR SCREW DRIVE SHAFT - 905,2,SCRM,CNC Variable Pitch Screw Flight Whirling,4,VEN0000002,Apex Precision VMC Machinists,"CNC flight whirling of feed, compression, metering & barrier mixing flights"
4120015500,A-10041,SCREW DRIVE SHAFT - 905,,,RAW FORGING / BAR STOCK FOR SCREW DRIVE SHAFT - 905,3,NIT,Deep Gas Nitriding & Hardening (65-68 HRC),3,VEN0000004,Gujarat Heat Treaters & Nitriding,"Deep gas nitriding in vertical retort to 65-68 HRC, case depth 0.5-0.6mm"
4120015500,A-10041,SCREW DRIVE SHAFT - 905,,,RAW FORGING / BAR STOCK FOR SCREW DRIVE SHAFT - 905,4,GRD,Precision Cylindrical & Surface Grinding,2,VEN0000006,Sardar Cylindrical & Surface Grinding,Cylindrical grind flight crests & polish root channels to Ra 0.1 µm
4120015600,A-10078,DRIVE SHAFT OIL SEAL FLANGE - 905,,,RAW FORGING / BAR STOCK FOR DRIVE SHAFT OIL SEAL FLANGE - 905,1,MCH,Heavy VMC Face & Profile Milling,2,VEN0000002,Apex Precision VMC Machinists,Precision CNC 4-axis profile milling and contour machining as per drawing
4120015600,A-10078,DRIVE SHAFT OIL SEAL FLANGE - 905,,,RAW FORGING / BAR STOCK FOR DRIVE SHAFT OIL SEAL FLANGE - 905,2,DRL,CNC Pattern Drilling & Tapping (PCD),1,VEN0000002,Apex Precision VMC Machinists,CNC pattern drilling and precision thread tapping
4120015600,A-10078,DRIVE SHAFT OIL SEAL FLANGE - 905,,,RAW FORGING / BAR STOCK FOR DRIVE SHAFT OIL SEAL FLANGE - 905,3,GRD,Precision Cylindrical & Surface Grinding,1,VEN0000006,Sardar Cylindrical & Surface Grinding,Finish surface grinding to specified Ra value and de-burring
4110007100,A-10029,BEARING HOUSING - 1520,,,RAW FORGING / BAR STOCK FOR BEARING HOUSING - 1520,1,MCH,Heavy VMC Face & Profile Milling,2,VEN0000002,Apex Precision VMC Machinists,Precision CNC 4-axis profile milling and contour machining as per drawing
4110007100,A-10029,BEARING HOUSING - 1520,,,RAW FORGING / BAR STOCK FOR BEARING HOUSING - 1520,2,DRL,CNC Pattern Drilling & Tapping (PCD),1,VEN0000002,Apex Precision VMC Machinists,CNC pattern drilling and precision thread tapping
4110007100,A-10029,BEARING HOUSING - 1520,,,RAW FORGING / BAR STOCK FOR BEARING HOUSING - 1520,3,GRD,Precision Cylindrical & Surface Grinding,1,VEN0000006,Sardar Cylindrical & Surface Grinding,Finish surface grinding to specified Ra value and de-burring
4120019200,A-10042,SCREW DRIVE SHAFT - 1520,,,RAW FORGING / BAR STOCK FOR SCREW DRIVE SHAFT - 1520,1,MCH,Heavy VMC Face & Profile Milling,3,VEN0000002,Apex Precision VMC Machinists,"Precision turning of shank, root diameters and spline coupling drive"
4120019200,A-10042,SCREW DRIVE SHAFT - 1520,,,RAW FORGING / BAR STOCK FOR SCREW DRIVE SHAFT - 1520,2,SCRM,CNC Variable Pitch Screw Flight Whirling,4,VEN0000002,Apex Precision VMC Machinists,"CNC flight whirling of feed, compression, metering & barrier mixing flights"
4120019200,A-10042,SCREW DRIVE SHAFT - 1520,,,RAW FORGING / BAR STOCK FOR SCREW DRIVE SHAFT - 1520,3,NIT,Deep Gas Nitriding & Hardening (65-68 HRC),3,VEN0000004,Gujarat Heat Treaters & Nitriding,"Deep gas nitriding in vertical retort to 65-68 HRC, case depth 0.5-0.6mm"
4120019200,A-10042,SCREW DRIVE SHAFT - 1520,,,RAW FORGING / BAR STOCK FOR SCREW DRIVE SHAFT - 1520,4,GRD,Precision Cylindrical & Surface Grinding,2,VEN0000006,Sardar Cylindrical & Surface Grinding,Cylindrical grind flight crests & polish root channels to Ra 0.1 µm
4120019300,A-10079,DRIVE SHAFT OIL SEAL FLANGE - 1520,,,RAW FORGING / BAR STOCK FOR DRIVE SHAFT OIL SEAL FLANGE - 1520,1,MCH,Heavy VMC Face & Profile Milling,2,VEN0000002,Apex Precision VMC Machinists,Precision CNC 4-axis profile milling and contour machining as per drawing
4120019300,A-10079,DRIVE SHAFT OIL SEAL FLANGE - 1520,,,RAW FORGING / BAR STOCK FOR DRIVE SHAFT OIL SEAL FLANGE - 1520,2,DRL,CNC Pattern Drilling & Tapping (PCD),1,VEN0000002,Apex Precision VMC Machinists,CNC pattern drilling and precision thread tapping
4120019300,A-10079,DRIVE SHAFT OIL SEAL FLANGE - 1520,,,RAW FORGING / BAR STOCK FOR DRIVE SHAFT OIL SEAL FLANGE - 1520,3,GRD,Precision Cylindrical & Surface Grinding,1,VEN0000006,Sardar Cylindrical & Surface Grinding,Finish surface grinding to specified Ra value and de-burring
4020101400,A-10037,DRIVE SHAFT NUT - 1520 (M90 X 4),,,RAW FORGING / BAR STOCK FOR DRIVE SHAFT NUT - 1520 (M90 X 4),1,MCH,Heavy VMC Face & Profile Milling,2,VEN0000002,Apex Precision VMC Machinists,Precision CNC 4-axis profile milling and contour machining as per drawing
4020101400,A-10037,DRIVE SHAFT NUT - 1520 (M90 X 4),,,RAW FORGING / BAR STOCK FOR DRIVE SHAFT NUT - 1520 (M90 X 4),2,DRL,CNC Pattern Drilling & Tapping (PCD),1,VEN0000002,Apex Precision VMC Machinists,CNC pattern drilling and precision thread tapping
4020101400,A-10037,DRIVE SHAFT NUT - 1520 (M90 X 4),,,RAW FORGING / BAR STOCK FOR DRIVE SHAFT NUT - 1520 (M90 X 4),3,GRD,Precision Cylindrical & Surface Grinding,1,VEN0000006,Sardar Cylindrical & Surface Grinding,Finish surface grinding to specified Ra value and de-burring
4020101500,A-10033,DRIVE SHAFT CHECK NUT - 1520 (M90 X 4),,,RAW FORGING / BAR STOCK FOR DRIVE SHAFT CHECK NUT - 1520 (M90 X 4),1,MCH,Heavy VMC Face & Profile Milling,2,VEN0000002,Apex Precision VMC Machinists,Precision CNC 4-axis profile milling and contour machining as per drawing
4020101500,A-10033,DRIVE SHAFT CHECK NUT - 1520 (M90 X 4),,,RAW FORGING / BAR STOCK FOR DRIVE SHAFT CHECK NUT - 1520 (M90 X 4),2,DRL,CNC Pattern Drilling & Tapping (PCD),1,VEN0000002,Apex Precision VMC Machinists,CNC pattern drilling and precision thread tapping
4020101500,A-10033,DRIVE SHAFT CHECK NUT - 1520 (M90 X 4),,,RAW FORGING / BAR STOCK FOR DRIVE SHAFT CHECK NUT - 1520 (M90 X 4),3,GRD,Precision Cylindrical & Surface Grinding,1,VEN0000006,Sardar Cylindrical & Surface Grinding,Finish surface grinding to specified Ra value and de-burring
4110007400,A-10030,BEARING HOUSING - 2350,,,RAW FORGING / BAR STOCK FOR BEARING HOUSING - 2350,1,MCH,Heavy VMC Face & Profile Milling,2,VEN0000002,Apex Precision VMC Machinists,Precision CNC 4-axis profile milling and contour machining as per drawing
4110007400,A-10030,BEARING HOUSING - 2350,,,RAW FORGING / BAR STOCK FOR BEARING HOUSING - 2350,2,DRL,CNC Pattern Drilling & Tapping (PCD),1,VEN0000002,Apex Precision VMC Machinists,CNC pattern drilling and precision thread tapping
4110007400,A-10030,BEARING HOUSING - 2350,,,RAW FORGING / BAR STOCK FOR BEARING HOUSING - 2350,3,GRD,Precision Cylindrical & Surface Grinding,1,VEN0000006,Sardar Cylindrical & Surface Grinding,Finish surface grinding to specified Ra value and de-burring
4120021900,A-10043,SCREW DRIVE SHAFT - 2350,,,RAW FORGING / BAR STOCK FOR SCREW DRIVE SHAFT - 2350,1,MCH,Heavy VMC Face & Profile Milling,3,VEN0000002,Apex Precision VMC Machinists,"Precision turning of shank, root diameters and spline coupling drive"
4120021900,A-10043,SCREW DRIVE SHAFT - 2350,,,RAW FORGING / BAR STOCK FOR SCREW DRIVE SHAFT - 2350,2,SCRM,CNC Variable Pitch Screw Flight Whirling,4,VEN0000002,Apex Precision VMC Machinists,"CNC flight whirling of feed, compression, metering & barrier mixing flights"
4120021900,A-10043,SCREW DRIVE SHAFT - 2350,,,RAW FORGING / BAR STOCK FOR SCREW DRIVE SHAFT - 2350,3,NIT,Deep Gas Nitriding & Hardening (65-68 HRC),3,VEN0000004,Gujarat Heat Treaters & Nitriding,"Deep gas nitriding in vertical retort to 65-68 HRC, case depth 0.5-0.6mm"
4120021900,A-10043,SCREW DRIVE SHAFT - 2350,,,RAW FORGING / BAR STOCK FOR SCREW DRIVE SHAFT - 2350,4,GRD,Precision Cylindrical & Surface Grinding,2,VEN0000006,Sardar Cylindrical & Surface Grinding,Cylindrical grind flight crests & polish root channels to Ra 0.1 µm
4120022000,A-10080,DRIVE SHAFT OIL SEAL FLANGE - 2350,,,RAW FORGING / BAR STOCK FOR DRIVE SHAFT OIL SEAL FLANGE - 2350,1,MCH,Heavy VMC Face & Profile Milling,2,VEN0000002,Apex Precision VMC Machinists,Precision CNC 4-axis profile milling and contour machining as per drawing
4120022000,A-10080,DRIVE SHAFT OIL SEAL FLANGE - 2350,,,RAW FORGING / BAR STOCK FOR DRIVE SHAFT OIL SEAL FLANGE - 2350,2,DRL,CNC Pattern Drilling & Tapping (PCD),1,VEN0000002,Apex Precision VMC Machinists,CNC pattern drilling and precision thread tapping
4120022000,A-10080,DRIVE SHAFT OIL SEAL FLANGE - 2350,,,RAW FORGING / BAR STOCK FOR DRIVE SHAFT OIL SEAL FLANGE - 2350,3,GRD,Precision Cylindrical & Surface Grinding,1,VEN0000006,Sardar Cylindrical & Surface Grinding,Finish surface grinding to specified Ra value and de-burring
4020101600,A-10038,DRIVE SHAFT NUT - 2350 (M110 X 4),,,RAW FORGING / BAR STOCK FOR DRIVE SHAFT NUT - 2350 (M110 X 4),1,MCH,Heavy VMC Face & Profile Milling,2,VEN0000002,Apex Precision VMC Machinists,Precision CNC 4-axis profile milling and contour machining as per drawing
4020101600,A-10038,DRIVE SHAFT NUT - 2350 (M110 X 4),,,RAW FORGING / BAR STOCK FOR DRIVE SHAFT NUT - 2350 (M110 X 4),2,DRL,CNC Pattern Drilling & Tapping (PCD),1,VEN0000002,Apex Precision VMC Machinists,CNC pattern drilling and precision thread tapping
4020101600,A-10038,DRIVE SHAFT NUT - 2350 (M110 X 4),,,RAW FORGING / BAR STOCK FOR DRIVE SHAFT NUT - 2350 (M110 X 4),3,GRD,Precision Cylindrical & Surface Grinding,1,VEN0000006,Sardar Cylindrical & Surface Grinding,Finish surface grinding to specified Ra value and de-burring
4020101700,A-10034,DRIVE SHAFT CHECK NUT - 2350 (M110 X 4),,,RAW FORGING / BAR STOCK FOR DRIVE SHAFT CHECK NUT - 2350 (M110 X 4),1,MCH,Heavy VMC Face & Profile Milling,2,VEN0000002,Apex Precision VMC Machinists,Precision CNC 4-axis profile milling and contour machining as per drawing
4020101700,A-10034,DRIVE SHAFT CHECK NUT - 2350 (M110 X 4),,,RAW FORGING / BAR STOCK FOR DRIVE SHAFT CHECK NUT - 2350 (M110 X 4),2,DRL,CNC Pattern Drilling & Tapping (PCD),1,VEN0000002,Apex Precision VMC Machinists,CNC pattern drilling and precision thread tapping
4020101700,A-10034,DRIVE SHAFT CHECK NUT - 2350 (M110 X 4),,,RAW FORGING / BAR STOCK FOR DRIVE SHAFT CHECK NUT - 2350 (M110 X 4),3,GRD,Precision Cylindrical & Surface Grinding,1,VEN0000006,Sardar Cylindrical & Surface Grinding,Finish surface grinding to specified Ra value and de-burring
4120002100,A-10401,BARREL Ø30 - 280,,,EN41B FORGED SEAMLESS CYLINDER BARREL FOR BARREL Ø30 - 280,1,GNDR,Deep Hole Gun Drilling & Trepanning,3,VEN0000002,Apex Precision VMC Machinists,Deep hole gun drilling and trepanning from solid forged alloy bar
4120002100,A-10401,BARREL Ø30 - 280,,,EN41B FORGED SEAMLESS CYLINDER BARREL FOR BARREL Ø30 - 280,2,HON,Deep Hole Diamond Honing (Ra 0.1 µm),2,VEN0000006,Sardar Cylindrical & Surface Grinding,Vertical diamond honing of bore to H7 tolerance and Ra 0.1 micron
4120002100,A-10401,BARREL Ø30 - 280,,,EN41B FORGED SEAMLESS CYLINDER BARREL FOR BARREL Ø30 - 280,3,MCH,Heavy VMC Face & Profile Milling,2,VEN0000002,Apex Precision VMC Machinists,"Mill feed opening hopper throat, thermocouple ports and heater flanges"
4120002100,A-10401,BARREL Ø30 - 280,,,EN41B FORGED SEAMLESS CYLINDER BARREL FOR BARREL Ø30 - 280,4,NIT,Deep Gas Nitriding & Hardening (65-68 HRC),3,VEN0000004,Gujarat Heat Treaters & Nitriding,"Internal bore gas nitriding hardening to 65-68 HRC, case depth 0.6mm"
4120002200,A-10419,SCREW Ø30 - 280,,,EN41B / 38CrMoAl ALLOY STEEL ROUND BAR FOR SCREW Ø30 - 280,1,MCH,Heavy VMC Face & Profile Milling,3,VEN0000002,Apex Precision VMC Machinists,"Precision turning of shank, root diameters and spline coupling drive"
4120002200,A-10419,SCREW Ø30 - 280,,,EN41B / 38CrMoAl ALLOY STEEL ROUND BAR FOR SCREW Ø30 - 280,2,SCRM,CNC Variable Pitch Screw Flight Whirling,4,VEN0000002,Apex Precision VMC Machinists,"CNC flight whirling of feed, compression, metering & barrier mixing flights"
4120002200,A-10419,SCREW Ø30 - 280,,,EN41B / 38CrMoAl ALLOY STEEL ROUND BAR FOR SCREW Ø30 - 280,3,NIT,Deep Gas Nitriding & Hardening (65-68 HRC),3,VEN0000004,Gujarat Heat Treaters & Nitriding,"Deep gas nitriding in vertical retort to 65-68 HRC, case depth 0.5-0.6mm"
4120002200,A-10419,SCREW Ø30 - 280,,,EN41B / 38CrMoAl ALLOY STEEL ROUND BAR FOR SCREW Ø30 - 280,4,GRD,Precision Cylindrical & Surface Grinding,2,VEN0000006,Sardar Cylindrical & Surface Grinding,Cylindrical grind flight crests & polish root channels to Ra 0.1 µm
4120002300,A-10437,BARREL ADAPT Ø30 - 280,,,RAW FORGING / BAR STOCK FOR BARREL ADAPT Ø30 - 280,1,GNDR,Deep Hole Gun Drilling & Trepanning,3,VEN0000002,Apex Precision VMC Machinists,Deep hole gun drilling and trepanning from solid forged alloy bar
4120002300,A-10437,BARREL ADAPT Ø30 - 280,,,RAW FORGING / BAR STOCK FOR BARREL ADAPT Ø30 - 280,2,HON,Deep Hole Diamond Honing (Ra 0.1 µm),2,VEN0000006,Sardar Cylindrical & Surface Grinding,Vertical diamond honing of bore to H7 tolerance and Ra 0.1 micron
4120002300,A-10437,BARREL ADAPT Ø30 - 280,,,RAW FORGING / BAR STOCK FOR BARREL ADAPT Ø30 - 280,3,MCH,Heavy VMC Face & Profile Milling,2,VEN0000002,Apex Precision VMC Machinists,"Mill feed opening hopper throat, thermocouple ports and heater flanges"
4120002300,A-10437,BARREL ADAPT Ø30 - 280,,,RAW FORGING / BAR STOCK FOR BARREL ADAPT Ø30 - 280,4,NIT,Deep Gas Nitriding & Hardening (65-68 HRC),3,VEN0000004,Gujarat Heat Treaters & Nitriding,"Internal bore gas nitriding hardening to 65-68 HRC, case depth 0.6mm"
4120002400,A-10455,SCREW TIP - 30,,,RAW FORGING / BAR STOCK FOR SCREW TIP - 30,1,MCH,Heavy VMC Face & Profile Milling,3,VEN0000002,Apex Precision VMC Machinists,"Precision turning of shank, root diameters and spline coupling drive"
4120002400,A-10455,SCREW TIP - 30,,,RAW FORGING / BAR STOCK FOR SCREW TIP - 30,2,SCRM,CNC Variable Pitch Screw Flight Whirling,4,VEN0000002,Apex Precision VMC Machinists,"CNC flight whirling of feed, compression, metering & barrier mixing flights"
4120002400,A-10455,SCREW TIP - 30,,,RAW FORGING / BAR STOCK FOR SCREW TIP - 30,3,NIT,Deep Gas Nitriding & Hardening (65-68 HRC),3,VEN0000004,Gujarat Heat Treaters & Nitriding,"Deep gas nitriding in vertical retort to 65-68 HRC, case depth 0.5-0.6mm"
4120002400,A-10455,SCREW TIP - 30,,,RAW FORGING / BAR STOCK FOR SCREW TIP - 30,4,GRD,Precision Cylindrical & Surface Grinding,2,VEN0000006,Sardar Cylindrical & Surface Grinding,Cylindrical grind flight crests & polish root channels to Ra 0.1 µm
4120002500,A-10464,SLIDER - 30,,,RAW FORGING / BAR STOCK FOR SLIDER - 30,1,MCH,Heavy VMC Face & Profile Milling,2,VEN0000002,Apex Precision VMC Machinists,Precision CNC 4-axis profile milling and contour machining as per drawing
4120002500,A-10464,SLIDER - 30,,,RAW FORGING / BAR STOCK FOR SLIDER - 30,2,DRL,CNC Pattern Drilling & Tapping (PCD),1,VEN0000002,Apex Precision VMC Machinists,CNC pattern drilling and precision thread tapping
4120002500,A-10464,SLIDER - 30,,,RAW FORGING / BAR STOCK FOR SLIDER - 30,3,GRD,Precision Cylindrical & Surface Grinding,1,VEN0000006,Sardar Cylindrical & Surface Grinding,Finish surface grinding to specified Ra value and de-burring
4120002600,A-10472,SLIDER SEAT - 30,,,RAW FORGING / BAR STOCK FOR SLIDER SEAT - 30,1,MCH,Heavy VMC Face & Profile Milling,2,VEN0000002,Apex Precision VMC Machinists,Precision CNC 4-axis profile milling and contour machining as per drawing
4120002600,A-10472,SLIDER SEAT - 30,,,RAW FORGING / BAR STOCK FOR SLIDER SEAT - 30,2,DRL,CNC Pattern Drilling & Tapping (PCD),1,VEN0000002,Apex Precision VMC Machinists,CNC pattern drilling and precision thread tapping
4120002600,A-10472,SLIDER SEAT - 30,,,RAW FORGING / BAR STOCK FOR SLIDER SEAT - 30,3,GRD,Precision Cylindrical & Surface Grinding,1,VEN0000006,Sardar Cylindrical & Surface Grinding,Finish surface grinding to specified Ra value and de-burring
4120002700,A-10941,NOZZLE TIP LONG - M30 X 2P X 115LG,,,RAW FORGING / BAR STOCK FOR NOZZLE TIP LONG - M30 X 2P X 115LG,1,MCH,Heavy VMC Face & Profile Milling,2,VEN0000002,Apex Precision VMC Machinists,Precision CNC 4-axis profile milling and contour machining as per drawing
4120002700,A-10941,NOZZLE TIP LONG - M30 X 2P X 115LG,,,RAW FORGING / BAR STOCK FOR NOZZLE TIP LONG - M30 X 2P X 115LG,2,DRL,CNC Pattern Drilling & Tapping (PCD),1,VEN0000002,Apex Precision VMC Machinists,CNC pattern drilling and precision thread tapping
4120002700,A-10941,NOZZLE TIP LONG - M30 X 2P X 115LG,,,RAW FORGING / BAR STOCK FOR NOZZLE TIP LONG - M30 X 2P X 115LG,3,GRD,Precision Cylindrical & Surface Grinding,1,VEN0000006,Sardar Cylindrical & Surface Grinding,Finish surface grinding to specified Ra value and de-burring
4120002800,A-10060,SPLIT COLLAR - 30,,,RAW FORGING / BAR STOCK FOR SPLIT COLLAR - 30,1,MCH,Heavy VMC Face & Profile Milling,2,VEN0000002,Apex Precision VMC Machinists,Precision CNC 4-axis profile milling and contour machining as per drawing
4120002800,A-10060,SPLIT COLLAR - 30,,,RAW FORGING / BAR STOCK FOR SPLIT COLLAR - 30,2,DRL,CNC Pattern Drilling & Tapping (PCD),1,VEN0000002,Apex Precision VMC Machinists,CNC pattern drilling and precision thread tapping
4120002800,A-10060,SPLIT COLLAR - 30,,,RAW FORGING / BAR STOCK FOR SPLIT COLLAR - 30,3,GRD,Precision Cylindrical & Surface Grinding,1,VEN0000006,Sardar Cylindrical & Surface Grinding,Finish surface grinding to specified Ra value and de-burring
4120002900,A-10044,FEED SCREW COUPLING - 30,,,RAW FORGING / BAR STOCK FOR FEED SCREW COUPLING - 30,1,MCH,Heavy VMC Face & Profile Milling,3,VEN0000002,Apex Precision VMC Machinists,"Precision turning of shank, root diameters and spline coupling drive"
4120002900,A-10044,FEED SCREW COUPLING - 30,,,RAW FORGING / BAR STOCK FOR FEED SCREW COUPLING - 30,2,SCRM,CNC Variable Pitch Screw Flight Whirling,4,VEN0000002,Apex Precision VMC Machinists,"CNC flight whirling of feed, compression, metering & barrier mixing flights"
4120002900,A-10044,FEED SCREW COUPLING - 30,,,RAW FORGING / BAR STOCK FOR FEED SCREW COUPLING - 30,3,NIT,Deep Gas Nitriding & Hardening (65-68 HRC),3,VEN0000004,Gujarat Heat Treaters & Nitriding,"Deep gas nitriding in vertical retort to 65-68 HRC, case depth 0.5-0.6mm"
4120002900,A-10044,FEED SCREW COUPLING - 30,,,RAW FORGING / BAR STOCK FOR FEED SCREW COUPLING - 30,4,GRD,Precision Cylindrical & Surface Grinding,2,VEN0000006,Sardar Cylindrical & Surface Grinding,Cylindrical grind flight crests & polish root channels to Ra 0.1 µm
4120003000,A-10790,SCREW KEY - 280,,,RAW FORGING / BAR STOCK FOR SCREW KEY - 280,1,MCH,Heavy VMC Face & Profile Milling,3,VEN0000002,Apex Precision VMC Machinists,"Precision turning of shank, root diameters and spline coupling drive"
4120003000,A-10790,SCREW KEY - 280,,,RAW FORGING / BAR STOCK FOR SCREW KEY - 280,2,SCRM,CNC Variable Pitch Screw Flight Whirling,4,VEN0000002,Apex Precision VMC Machinists,"CNC flight whirling of feed, compression, metering & barrier mixing flights"
4120003000,A-10790,SCREW KEY - 280,,,RAW FORGING / BAR STOCK FOR SCREW KEY - 280,3,NIT,Deep Gas Nitriding & Hardening (65-68 HRC),3,VEN0000004,Gujarat Heat Treaters & Nitriding,"Deep gas nitriding in vertical retort to 65-68 HRC, case depth 0.5-0.6mm"
4120003000,A-10790,SCREW KEY - 280,,,RAW FORGING / BAR STOCK FOR SCREW KEY - 280,4,GRD,Precision Cylindrical & Surface Grinding,2,VEN0000006,Sardar Cylindrical & Surface Grinding,Cylindrical grind flight crests & polish root channels to Ra 0.1 µm
4120003100,A-10053,BARREL LOCK PIN,,,RAW FORGING / BAR STOCK FOR BARREL LOCK PIN,1,GNDR,Deep Hole Gun Drilling & Trepanning,3,VEN0000002,Apex Precision VMC Machinists,Deep hole gun drilling and trepanning from solid forged alloy bar
4120003100,A-10053,BARREL LOCK PIN,,,RAW FORGING / BAR STOCK FOR BARREL LOCK PIN,2,HON,Deep Hole Diamond Honing (Ra 0.1 µm),2,VEN0000006,Sardar Cylindrical & Surface Grinding,Vertical diamond honing of bore to H7 tolerance and Ra 0.1 micron
4120003100,A-10053,BARREL LOCK PIN,,,RAW FORGING / BAR STOCK FOR BARREL LOCK PIN,3,MCH,Heavy VMC Face & Profile Milling,2,VEN0000002,Apex Precision VMC Machinists,"Mill feed opening hopper throat, thermocouple ports and heater flanges"
4120003100,A-10053,BARREL LOCK PIN,,,RAW FORGING / BAR STOCK FOR BARREL LOCK PIN,4,NIT,Deep Gas Nitriding & Hardening (65-68 HRC),3,VEN0000004,Gujarat Heat Treaters & Nitriding,"Internal bore gas nitriding hardening to 65-68 HRC, case depth 0.6mm"
4020101800,A-10364,BARREL NUT M70 X 3P - 280,,,RAW FORGING / BAR STOCK FOR BARREL NUT M70 X 3P - 280,1,GNDR,Deep Hole Gun Drilling & Trepanning,3,VEN0000002,Apex Precision VMC Machinists,Deep hole gun drilling and trepanning from solid forged alloy bar
4020101800,A-10364,BARREL NUT M70 X 3P - 280,,,RAW FORGING / BAR STOCK FOR BARREL NUT M70 X 3P - 280,2,HON,Deep Hole Diamond Honing (Ra 0.1 µm),2,VEN0000006,Sardar Cylindrical & Surface Grinding,Vertical diamond honing of bore to H7 tolerance and Ra 0.1 micron
4020101800,A-10364,BARREL NUT M70 X 3P - 280,,,RAW FORGING / BAR STOCK FOR BARREL NUT M70 X 3P - 280,3,MCH,Heavy VMC Face & Profile Milling,2,VEN0000002,Apex Precision VMC Machinists,"Mill feed opening hopper throat, thermocouple ports and heater flanges"
4020101800,A-10364,BARREL NUT M70 X 3P - 280,,,RAW FORGING / BAR STOCK FOR BARREL NUT M70 X 3P - 280,4,NIT,Deep Gas Nitriding & Hardening (65-68 HRC),3,VEN0000004,Gujarat Heat Treaters & Nitriding,"Internal bore gas nitriding hardening to 65-68 HRC, case depth 0.6mm"
4020101900,A-10370,BARREL CHECKNUT M70 X 3P - 280,,,RAW FORGING / BAR STOCK FOR BARREL CHECKNUT M70 X 3P - 280,1,GNDR,Deep Hole Gun Drilling & Trepanning,3,VEN0000002,Apex Precision VMC Machinists,Deep hole gun drilling and trepanning from solid forged alloy bar
4020101900,A-10370,BARREL CHECKNUT M70 X 3P - 280,,,RAW FORGING / BAR STOCK FOR BARREL CHECKNUT M70 X 3P - 280,2,HON,Deep Hole Diamond Honing (Ra 0.1 µm),2,VEN0000006,Sardar Cylindrical & Surface Grinding,Vertical diamond honing of bore to H7 tolerance and Ra 0.1 micron
4020101900,A-10370,BARREL CHECKNUT M70 X 3P - 280,,,RAW FORGING / BAR STOCK FOR BARREL CHECKNUT M70 X 3P - 280,3,MCH,Heavy VMC Face & Profile Milling,2,VEN0000002,Apex Precision VMC Machinists,"Mill feed opening hopper throat, thermocouple ports and heater flanges"
4020101900,A-10370,BARREL CHECKNUT M70 X 3P - 280,,,RAW FORGING / BAR STOCK FOR BARREL CHECKNUT M70 X 3P - 280,4,NIT,Deep Gas Nitriding & Hardening (65-68 HRC),3,VEN0000004,Gujarat Heat Treaters & Nitriding,"Internal bore gas nitriding hardening to 65-68 HRC, case depth 0.6mm"
3131000100,A-10046,HYD MOTOR PROX SENSOR MTG - 280,,,RAW FORGING / BAR STOCK FOR HYD MOTOR PROX SENSOR MTG - 280,1,MCH,Heavy VMC Face & Profile Milling,2,VEN0000002,Apex Precision VMC Machinists,Precision CNC 4-axis profile milling and contour machining as per drawing
3131000100,A-10046,HYD MOTOR PROX SENSOR MTG - 280,,,RAW FORGING / BAR STOCK FOR HYD MOTOR PROX SENSOR MTG - 280,2,DRL,CNC Pattern Drilling & Tapping (PCD),1,VEN0000002,Apex Precision VMC Machinists,CNC pattern drilling and precision thread tapping
3131000100,A-10046,HYD MOTOR PROX SENSOR MTG - 280,,,RAW FORGING / BAR STOCK FOR HYD MOTOR PROX SENSOR MTG - 280,3,GRD,Precision Cylindrical & Surface Grinding,1,VEN0000006,Sardar Cylindrical & Surface Grinding,Finish surface grinding to specified Ra value and de-burring
4120008100,A-10404,BARREL Ø35 - 420,,,EN41B FORGED SEAMLESS CYLINDER BARREL FOR BARREL Ø35 - 420,1,GNDR,Deep Hole Gun Drilling & Trepanning,3,VEN0000002,Apex Precision VMC Machinists,Deep hole gun drilling and trepanning from solid forged alloy bar
4120008100,A-10404,BARREL Ø35 - 420,,,EN41B FORGED SEAMLESS CYLINDER BARREL FOR BARREL Ø35 - 420,2,HON,Deep Hole Diamond Honing (Ra 0.1 µm),2,VEN0000006,Sardar Cylindrical & Surface Grinding,Vertical diamond honing of bore to H7 tolerance and Ra 0.1 micron
4120008100,A-10404,BARREL Ø35 - 420,,,EN41B FORGED SEAMLESS CYLINDER BARREL FOR BARREL Ø35 - 420,3,MCH,Heavy VMC Face & Profile Milling,2,VEN0000002,Apex Precision VMC Machinists,"Mill feed opening hopper throat, thermocouple ports and heater flanges"
4120008100,A-10404,BARREL Ø35 - 420,,,EN41B FORGED SEAMLESS CYLINDER BARREL FOR BARREL Ø35 - 420,4,NIT,Deep Gas Nitriding & Hardening (65-68 HRC),3,VEN0000004,Gujarat Heat Treaters & Nitriding,"Internal bore gas nitriding hardening to 65-68 HRC, case depth 0.6mm"
4120008200,A-10422,SCREW Ø35 - 420,,,EN41B / 38CrMoAl ALLOY STEEL ROUND BAR FOR SCREW Ø35 - 420,1,MCH,Heavy VMC Face & Profile Milling,3,VEN0000002,Apex Precision VMC Machinists,"Precision turning of shank, root diameters and spline coupling drive"
4120008200,A-10422,SCREW Ø35 - 420,,,EN41B / 38CrMoAl ALLOY STEEL ROUND BAR FOR SCREW Ø35 - 420,2,SCRM,CNC Variable Pitch Screw Flight Whirling,4,VEN0000002,Apex Precision VMC Machinists,"CNC flight whirling of feed, compression, metering & barrier mixing flights"
4120008200,A-10422,SCREW Ø35 - 420,,,EN41B / 38CrMoAl ALLOY STEEL ROUND BAR FOR SCREW Ø35 - 420,3,NIT,Deep Gas Nitriding & Hardening (65-68 HRC),3,VEN0000004,Gujarat Heat Treaters & Nitriding,"Deep gas nitriding in vertical retort to 65-68 HRC, case depth 0.5-0.6mm"
4120008200,A-10422,SCREW Ø35 - 420,,,EN41B / 38CrMoAl ALLOY STEEL ROUND BAR FOR SCREW Ø35 - 420,4,GRD,Precision Cylindrical & Surface Grinding,2,VEN0000006,Sardar Cylindrical & Surface Grinding,Cylindrical grind flight crests & polish root channels to Ra 0.1 µm
4120008300,A-10440,BARREL ADAPT Ø35 - 420,,,RAW FORGING / BAR STOCK FOR BARREL ADAPT Ø35 - 420,1,GNDR,Deep Hole Gun Drilling & Trepanning,3,VEN0000002,Apex Precision VMC Machinists,Deep hole gun drilling and trepanning from solid forged alloy bar
4120008300,A-10440,BARREL ADAPT Ø35 - 420,,,RAW FORGING / BAR STOCK FOR BARREL ADAPT Ø35 - 420,2,HON,Deep Hole Diamond Honing (Ra 0.1 µm),2,VEN0000006,Sardar Cylindrical & Surface Grinding,Vertical diamond honing of bore to H7 tolerance and Ra 0.1 micron
4120008300,A-10440,BARREL ADAPT Ø35 - 420,,,RAW FORGING / BAR STOCK FOR BARREL ADAPT Ø35 - 420,3,MCH,Heavy VMC Face & Profile Milling,2,VEN0000002,Apex Precision VMC Machinists,"Mill feed opening hopper throat, thermocouple ports and heater flanges"
4120008300,A-10440,BARREL ADAPT Ø35 - 420,,,RAW FORGING / BAR STOCK FOR BARREL ADAPT Ø35 - 420,4,NIT,Deep Gas Nitriding & Hardening (65-68 HRC),3,VEN0000004,Gujarat Heat Treaters & Nitriding,"Internal bore gas nitriding hardening to 65-68 HRC, case depth 0.6mm"
4120003500,A-10456,SCREW TIP - 35,,,RAW FORGING / BAR STOCK FOR SCREW TIP - 35,1,MCH,Heavy VMC Face & Profile Milling,3,VEN0000002,Apex Precision VMC Machinists,"Precision turning of shank, root diameters and spline coupling drive"
4120003500,A-10456,SCREW TIP - 35,,,RAW FORGING / BAR STOCK FOR SCREW TIP - 35,2,SCRM,CNC Variable Pitch Screw Flight Whirling,4,VEN0000002,Apex Precision VMC Machinists,"CNC flight whirling of feed, compression, metering & barrier mixing flights"
4120003500,A-10456,SCREW TIP - 35,,,RAW FORGING / BAR STOCK FOR SCREW TIP - 35,3,NIT,Deep Gas Nitriding & Hardening (65-68 HRC),3,VEN0000004,Gujarat Heat Treaters & Nitriding,"Deep gas nitriding in vertical retort to 65-68 HRC, case depth 0.5-0.6mm"
4120003500,A-10456,SCREW TIP - 35,,,RAW FORGING / BAR STOCK FOR SCREW TIP - 35,4,GRD,Precision Cylindrical & Surface Grinding,2,VEN0000006,Sardar Cylindrical & Surface Grinding,Cylindrical grind flight crests & polish root channels to Ra 0.1 µm
4120003600,A-10465,SLIDER - 35,,,RAW FORGING / BAR STOCK FOR SLIDER - 35,1,MCH,Heavy VMC Face & Profile Milling,2,VEN0000002,Apex Precision VMC Machinists,Precision CNC 4-axis profile milling and contour machining as per drawing
4120003600,A-10465,SLIDER - 35,,,RAW FORGING / BAR STOCK FOR SLIDER - 35,2,DRL,CNC Pattern Drilling & Tapping (PCD),1,VEN0000002,Apex Precision VMC Machinists,CNC pattern drilling and precision thread tapping
4120003600,A-10465,SLIDER - 35,,,RAW FORGING / BAR STOCK FOR SLIDER - 35,3,GRD,Precision Cylindrical & Surface Grinding,1,VEN0000006,Sardar Cylindrical & Surface Grinding,Finish surface grinding to specified Ra value and de-burring
4120003700,A-10473,SLIDER SEAT - 35,,,RAW FORGING / BAR STOCK FOR SLIDER SEAT - 35,1,MCH,Heavy VMC Face & Profile Milling,2,VEN0000002,Apex Precision VMC Machinists,Precision CNC 4-axis profile milling and contour machining as per drawing
4120003700,A-10473,SLIDER SEAT - 35,,,RAW FORGING / BAR STOCK FOR SLIDER SEAT - 35,2,DRL,CNC Pattern Drilling & Tapping (PCD),1,VEN0000002,Apex Precision VMC Machinists,CNC pattern drilling and precision thread tapping
4120003700,A-10473,SLIDER SEAT - 35,,,RAW FORGING / BAR STOCK FOR SLIDER SEAT - 35,3,GRD,Precision Cylindrical & Surface Grinding,1,VEN0000006,Sardar Cylindrical & Surface Grinding,Finish surface grinding to specified Ra value and de-burring
4120004400,A-10067,SPLIT COLLAR - 35,,,RAW FORGING / BAR STOCK FOR SPLIT COLLAR - 35,1,MCH,Heavy VMC Face & Profile Milling,2,VEN0000002,Apex Precision VMC Machinists,Precision CNC 4-axis profile milling and contour machining as per drawing
4120004400,A-10067,SPLIT COLLAR - 35,,,RAW FORGING / BAR STOCK FOR SPLIT COLLAR - 35,2,DRL,CNC Pattern Drilling & Tapping (PCD),1,VEN0000002,Apex Precision VMC Machinists,CNC pattern drilling and precision thread tapping
4120004400,A-10067,SPLIT COLLAR - 35,,,RAW FORGING / BAR STOCK FOR SPLIT COLLAR - 35,3,GRD,Precision Cylindrical & Surface Grinding,1,VEN0000006,Sardar Cylindrical & Surface Grinding,Finish surface grinding to specified Ra value and de-burring
4120004500,A-10045,FEED SCREW COUPLING - 35,,,RAW FORGING / BAR STOCK FOR FEED SCREW COUPLING - 35,1,MCH,Heavy VMC Face & Profile Milling,3,VEN0000002,Apex Precision VMC Machinists,"Precision turning of shank, root diameters and spline coupling drive"
4120004500,A-10045,FEED SCREW COUPLING - 35,,,RAW FORGING / BAR STOCK FOR FEED SCREW COUPLING - 35,2,SCRM,CNC Variable Pitch Screw Flight Whirling,4,VEN0000002,Apex Precision VMC Machinists,"CNC flight whirling of feed, compression, metering & barrier mixing flights"
4120004500,A-10045,FEED SCREW COUPLING - 35,,,RAW FORGING / BAR STOCK FOR FEED SCREW COUPLING - 35,3,NIT,Deep Gas Nitriding & Hardening (65-68 HRC),3,VEN0000004,Gujarat Heat Treaters & Nitriding,"Deep gas nitriding in vertical retort to 65-68 HRC, case depth 0.5-0.6mm"
4120004500,A-10045,FEED SCREW COUPLING - 35,,,RAW FORGING / BAR STOCK FOR FEED SCREW COUPLING - 35,4,GRD,Precision Cylindrical & Surface Grinding,2,VEN0000006,Sardar Cylindrical & Surface Grinding,Cylindrical grind flight crests & polish root channels to Ra 0.1 µm
4020102000,A-10363,BARREL NUT M80 X 3P - 420,,,RAW FORGING / BAR STOCK FOR BARREL NUT M80 X 3P - 420,1,GNDR,Deep Hole Gun Drilling & Trepanning,3,VEN0000002,Apex Precision VMC Machinists,Deep hole gun drilling and trepanning from solid forged alloy bar
4020102000,A-10363,BARREL NUT M80 X 3P - 420,,,RAW FORGING / BAR STOCK FOR BARREL NUT M80 X 3P - 420,2,HON,Deep Hole Diamond Honing (Ra 0.1 µm),2,VEN0000006,Sardar Cylindrical & Surface Grinding,Vertical diamond honing of bore to H7 tolerance and Ra 0.1 micron
4020102000,A-10363,BARREL NUT M80 X 3P - 420,,,RAW FORGING / BAR STOCK FOR BARREL NUT M80 X 3P - 420,3,MCH,Heavy VMC Face & Profile Milling,2,VEN0000002,Apex Precision VMC Machinists,"Mill feed opening hopper throat, thermocouple ports and heater flanges"
4020102000,A-10363,BARREL NUT M80 X 3P - 420,,,RAW FORGING / BAR STOCK FOR BARREL NUT M80 X 3P - 420,4,NIT,Deep Gas Nitriding & Hardening (65-68 HRC),3,VEN0000004,Gujarat Heat Treaters & Nitriding,"Internal bore gas nitriding hardening to 65-68 HRC, case depth 0.6mm"
4020102100,A-10369,BARREL CHECKNUT M80 X 3P - 420,,,RAW FORGING / BAR STOCK FOR BARREL CHECKNUT M80 X 3P - 420,1,GNDR,Deep Hole Gun Drilling & Trepanning,3,VEN0000002,Apex Precision VMC Machinists,Deep hole gun drilling and trepanning from solid forged alloy bar
4020102100,A-10369,BARREL CHECKNUT M80 X 3P - 420,,,RAW FORGING / BAR STOCK FOR BARREL CHECKNUT M80 X 3P - 420,2,HON,Deep Hole Diamond Honing (Ra 0.1 µm),2,VEN0000006,Sardar Cylindrical & Surface Grinding,Vertical diamond honing of bore to H7 tolerance and Ra 0.1 micron
4020102100,A-10369,BARREL CHECKNUT M80 X 3P - 420,,,RAW FORGING / BAR STOCK FOR BARREL CHECKNUT M80 X 3P - 420,3,MCH,Heavy VMC Face & Profile Milling,2,VEN0000002,Apex Precision VMC Machinists,"Mill feed opening hopper throat, thermocouple ports and heater flanges"
4020102100,A-10369,BARREL CHECKNUT M80 X 3P - 420,,,RAW FORGING / BAR STOCK FOR BARREL CHECKNUT M80 X 3P - 420,4,NIT,Deep Gas Nitriding & Hardening (65-68 HRC),3,VEN0000004,Gujarat Heat Treaters & Nitriding,"Internal bore gas nitriding hardening to 65-68 HRC, case depth 0.6mm"
4120011500,A-10407,BARREL Ø40 - 635,,,EN41B FORGED SEAMLESS CYLINDER BARREL FOR BARREL Ø40 - 635,1,GNDR,Deep Hole Gun Drilling & Trepanning,3,VEN0000002,Apex Precision VMC Machinists,Deep hole gun drilling and trepanning from solid forged alloy bar
4120011500,A-10407,BARREL Ø40 - 635,,,EN41B FORGED SEAMLESS CYLINDER BARREL FOR BARREL Ø40 - 635,2,HON,Deep Hole Diamond Honing (Ra 0.1 µm),2,VEN0000006,Sardar Cylindrical & Surface Grinding,Vertical diamond honing of bore to H7 tolerance and Ra 0.1 micron
4120011500,A-10407,BARREL Ø40 - 635,,,EN41B FORGED SEAMLESS CYLINDER BARREL FOR BARREL Ø40 - 635,3,MCH,Heavy VMC Face & Profile Milling,2,VEN0000002,Apex Precision VMC Machinists,"Mill feed opening hopper throat, thermocouple ports and heater flanges"
4120011500,A-10407,BARREL Ø40 - 635,,,EN41B FORGED SEAMLESS CYLINDER BARREL FOR BARREL Ø40 - 635,4,NIT,Deep Gas Nitriding & Hardening (65-68 HRC),3,VEN0000004,Gujarat Heat Treaters & Nitriding,"Internal bore gas nitriding hardening to 65-68 HRC, case depth 0.6mm"
4120011600,A-10425,SCREW Ø40 - 635,,,EN41B / 38CrMoAl ALLOY STEEL ROUND BAR FOR SCREW Ø40 - 635,1,MCH,Heavy VMC Face & Profile Milling,3,VEN0000002,Apex Precision VMC Machinists,"Precision turning of shank, root diameters and spline coupling drive"
4120011600,A-10425,SCREW Ø40 - 635,,,EN41B / 38CrMoAl ALLOY STEEL ROUND BAR FOR SCREW Ø40 - 635,2,SCRM,CNC Variable Pitch Screw Flight Whirling,4,VEN0000002,Apex Precision VMC Machinists,"CNC flight whirling of feed, compression, metering & barrier mixing flights"
4120011600,A-10425,SCREW Ø40 - 635,,,EN41B / 38CrMoAl ALLOY STEEL ROUND BAR FOR SCREW Ø40 - 635,3,NIT,Deep Gas Nitriding & Hardening (65-68 HRC),3,VEN0000004,Gujarat Heat Treaters & Nitriding,"Deep gas nitriding in vertical retort to 65-68 HRC, case depth 0.5-0.6mm"
4120011600,A-10425,SCREW Ø40 - 635,,,EN41B / 38CrMoAl ALLOY STEEL ROUND BAR FOR SCREW Ø40 - 635,4,GRD,Precision Cylindrical & Surface Grinding,2,VEN0000006,Sardar Cylindrical & Surface Grinding,Cylindrical grind flight crests & polish root channels to Ra 0.1 µm
4120011700,A-10443,BARREL ADAPT Ø40 - 635,,,RAW FORGING / BAR STOCK FOR BARREL ADAPT Ø40 - 635,1,GNDR,Deep Hole Gun Drilling & Trepanning,3,VEN0000002,Apex Precision VMC Machinists,Deep hole gun drilling and trepanning from solid forged alloy bar
4120011700,A-10443,BARREL ADAPT Ø40 - 635,,,RAW FORGING / BAR STOCK FOR BARREL ADAPT Ø40 - 635,2,HON,Deep Hole Diamond Honing (Ra 0.1 µm),2,VEN0000006,Sardar Cylindrical & Surface Grinding,Vertical diamond honing of bore to H7 tolerance and Ra 0.1 micron
4120011700,A-10443,BARREL ADAPT Ø40 - 635,,,RAW FORGING / BAR STOCK FOR BARREL ADAPT Ø40 - 635,3,MCH,Heavy VMC Face & Profile Milling,2,VEN0000002,Apex Precision VMC Machinists,"Mill feed opening hopper throat, thermocouple ports and heater flanges"
4120011700,A-10443,BARREL ADAPT Ø40 - 635,,,RAW FORGING / BAR STOCK FOR BARREL ADAPT Ø40 - 635,4,NIT,Deep Gas Nitriding & Hardening (65-68 HRC),3,VEN0000004,Gujarat Heat Treaters & Nitriding,"Internal bore gas nitriding hardening to 65-68 HRC, case depth 0.6mm"
4120004100,A-10457,SCREW TIP - 40,,,RAW FORGING / BAR STOCK FOR SCREW TIP - 40,1,MCH,Heavy VMC Face & Profile Milling,3,VEN0000002,Apex Precision VMC Machinists,"Precision turning of shank, root diameters and spline coupling drive"
4120004100,A-10457,SCREW TIP - 40,,,RAW FORGING / BAR STOCK FOR SCREW TIP - 40,2,SCRM,CNC Variable Pitch Screw Flight Whirling,4,VEN0000002,Apex Precision VMC Machinists,"CNC flight whirling of feed, compression, metering & barrier mixing flights"
4120004100,A-10457,SCREW TIP - 40,,,RAW FORGING / BAR STOCK FOR SCREW TIP - 40,3,NIT,Deep Gas Nitriding & Hardening (65-68 HRC),3,VEN0000004,Gujarat Heat Treaters & Nitriding,"Deep gas nitriding in vertical retort to 65-68 HRC, case depth 0.5-0.6mm"
4120004100,A-10457,SCREW TIP - 40,,,RAW FORGING / BAR STOCK FOR SCREW TIP - 40,4,GRD,Precision Cylindrical & Surface Grinding,2,VEN0000006,Sardar Cylindrical & Surface Grinding,Cylindrical grind flight crests & polish root channels to Ra 0.1 µm
4120004200,A-10466,SLIDER - 40,,,RAW FORGING / BAR STOCK FOR SLIDER - 40,1,MCH,Heavy VMC Face & Profile Milling,2,VEN0000002,Apex Precision VMC Machinists,Precision CNC 4-axis profile milling and contour machining as per drawing
4120004200,A-10466,SLIDER - 40,,,RAW FORGING / BAR STOCK FOR SLIDER - 40,2,DRL,CNC Pattern Drilling & Tapping (PCD),1,VEN0000002,Apex Precision VMC Machinists,CNC pattern drilling and precision thread tapping
4120004200,A-10466,SLIDER - 40,,,RAW FORGING / BAR STOCK FOR SLIDER - 40,3,GRD,Precision Cylindrical & Surface Grinding,1,VEN0000006,Sardar Cylindrical & Surface Grinding,Finish surface grinding to specified Ra value and de-burring
4120004300,A-10474,SLIDER SEAT - 40,,,RAW FORGING / BAR STOCK FOR SLIDER SEAT - 40,1,MCH,Heavy VMC Face & Profile Milling,2,VEN0000002,Apex Precision VMC Machinists,Precision CNC 4-axis profile milling and contour machining as per drawing
4120004300,A-10474,SLIDER SEAT - 40,,,RAW FORGING / BAR STOCK FOR SLIDER SEAT - 40,2,DRL,CNC Pattern Drilling & Tapping (PCD),1,VEN0000002,Apex Precision VMC Machinists,CNC pattern drilling and precision thread tapping
4120004300,A-10474,SLIDER SEAT - 40,,,RAW FORGING / BAR STOCK FOR SLIDER SEAT - 40,3,GRD,Precision Cylindrical & Surface Grinding,1,VEN0000006,Sardar Cylindrical & Surface Grinding,Finish surface grinding to specified Ra value and de-burring
4120011800,A-10064,SPLIT COLLAR - 40,,,RAW FORGING / BAR STOCK FOR SPLIT COLLAR - 40,1,MCH,Heavy VMC Face & Profile Milling,2,VEN0000002,Apex Precision VMC Machinists,Precision CNC 4-axis profile milling and contour machining as per drawing
4120011800,A-10064,SPLIT COLLAR - 40,,,RAW FORGING / BAR STOCK FOR SPLIT COLLAR - 40,2,DRL,CNC Pattern Drilling & Tapping (PCD),1,VEN0000002,Apex Precision VMC Machinists,CNC pattern drilling and precision thread tapping
4120011800,A-10064,SPLIT COLLAR - 40,,,RAW FORGING / BAR STOCK FOR SPLIT COLLAR - 40,3,GRD,Precision Cylindrical & Surface Grinding,1,VEN0000006,Sardar Cylindrical & Surface Grinding,Finish surface grinding to specified Ra value and de-burring
4120011900,A-10048,FEED SCREW COUPLING - 40,,,RAW FORGING / BAR STOCK FOR FEED SCREW COUPLING - 40,1,MCH,Heavy VMC Face & Profile Milling,3,VEN0000002,Apex Precision VMC Machinists,"Precision turning of shank, root diameters and spline coupling drive"
4120011900,A-10048,FEED SCREW COUPLING - 40,,,RAW FORGING / BAR STOCK FOR FEED SCREW COUPLING - 40,2,SCRM,CNC Variable Pitch Screw Flight Whirling,4,VEN0000002,Apex Precision VMC Machinists,"CNC flight whirling of feed, compression, metering & barrier mixing flights"
4120011900,A-10048,FEED SCREW COUPLING - 40,,,RAW FORGING / BAR STOCK FOR FEED SCREW COUPLING - 40,3,NIT,Deep Gas Nitriding & Hardening (65-68 HRC),3,VEN0000004,Gujarat Heat Treaters & Nitriding,"Deep gas nitriding in vertical retort to 65-68 HRC, case depth 0.5-0.6mm"
4120011900,A-10048,FEED SCREW COUPLING - 40,,,RAW FORGING / BAR STOCK FOR FEED SCREW COUPLING - 40,4,GRD,Precision Cylindrical & Surface Grinding,2,VEN0000006,Sardar Cylindrical & Surface Grinding,Cylindrical grind flight crests & polish root channels to Ra 0.1 µm
4120012000,A-10791,SCREW KEY - 635,,,RAW FORGING / BAR STOCK FOR SCREW KEY - 635,1,MCH,Heavy VMC Face & Profile Milling,3,VEN0000002,Apex Precision VMC Machinists,"Precision turning of shank, root diameters and spline coupling drive"
4120012000,A-10791,SCREW KEY - 635,,,RAW FORGING / BAR STOCK FOR SCREW KEY - 635,2,SCRM,CNC Variable Pitch Screw Flight Whirling,4,VEN0000002,Apex Precision VMC Machinists,"CNC flight whirling of feed, compression, metering & barrier mixing flights"
4120012000,A-10791,SCREW KEY - 635,,,RAW FORGING / BAR STOCK FOR SCREW KEY - 635,3,NIT,Deep Gas Nitriding & Hardening (65-68 HRC),3,VEN0000004,Gujarat Heat Treaters & Nitriding,"Deep gas nitriding in vertical retort to 65-68 HRC, case depth 0.5-0.6mm"
4120012000,A-10791,SCREW KEY - 635,,,RAW FORGING / BAR STOCK FOR SCREW KEY - 635,4,GRD,Precision Cylindrical & Surface Grinding,2,VEN0000006,Sardar Cylindrical & Surface Grinding,Cylindrical grind flight crests & polish root channels to Ra 0.1 µm
4020102200,A-10362,BARREL NUT M85 X 3P - 635,,,RAW FORGING / BAR STOCK FOR BARREL NUT M85 X 3P - 635,1,GNDR,Deep Hole Gun Drilling & Trepanning,3,VEN0000002,Apex Precision VMC Machinists,Deep hole gun drilling and trepanning from solid forged alloy bar
4020102200,A-10362,BARREL NUT M85 X 3P - 635,,,RAW FORGING / BAR STOCK FOR BARREL NUT M85 X 3P - 635,2,HON,Deep Hole Diamond Honing (Ra 0.1 µm),2,VEN0000006,Sardar Cylindrical & Surface Grinding,Vertical diamond honing of bore to H7 tolerance and Ra 0.1 micron
4020102200,A-10362,BARREL NUT M85 X 3P - 635,,,RAW FORGING / BAR STOCK FOR BARREL NUT M85 X 3P - 635,3,MCH,Heavy VMC Face & Profile Milling,2,VEN0000002,Apex Precision VMC Machinists,"Mill feed opening hopper throat, thermocouple ports and heater flanges"
4020102200,A-10362,BARREL NUT M85 X 3P - 635,,,RAW FORGING / BAR STOCK FOR BARREL NUT M85 X 3P - 635,4,NIT,Deep Gas Nitriding & Hardening (65-68 HRC),3,VEN0000004,Gujarat Heat Treaters & Nitriding,"Internal bore gas nitriding hardening to 65-68 HRC, case depth 0.6mm"
4020102300,A-10368,BARREL CHECKNUT M85 X 3P - 635,,,RAW FORGING / BAR STOCK FOR BARREL CHECKNUT M85 X 3P - 635,1,GNDR,Deep Hole Gun Drilling & Trepanning,3,VEN0000002,Apex Precision VMC Machinists,Deep hole gun drilling and trepanning from solid forged alloy bar
4020102300,A-10368,BARREL CHECKNUT M85 X 3P - 635,,,RAW FORGING / BAR STOCK FOR BARREL CHECKNUT M85 X 3P - 635,2,HON,Deep Hole Diamond Honing (Ra 0.1 µm),2,VEN0000006,Sardar Cylindrical & Surface Grinding,Vertical diamond honing of bore to H7 tolerance and Ra 0.1 micron
4020102300,A-10368,BARREL CHECKNUT M85 X 3P - 635,,,RAW FORGING / BAR STOCK FOR BARREL CHECKNUT M85 X 3P - 635,3,MCH,Heavy VMC Face & Profile Milling,2,VEN0000002,Apex Precision VMC Machinists,"Mill feed opening hopper throat, thermocouple ports and heater flanges"
4020102300,A-10368,BARREL CHECKNUT M85 X 3P - 635,,,RAW FORGING / BAR STOCK FOR BARREL CHECKNUT M85 X 3P - 635,4,NIT,Deep Gas Nitriding & Hardening (65-68 HRC),3,VEN0000004,Gujarat Heat Treaters & Nitriding,"Internal bore gas nitriding hardening to 65-68 HRC, case depth 0.6mm"
3131000200,A-10047,HYD MOTOR PROX SENSOR MTG - 635,,,RAW FORGING / BAR STOCK FOR HYD MOTOR PROX SENSOR MTG - 635,1,MCH,Heavy VMC Face & Profile Milling,2,VEN0000002,Apex Precision VMC Machinists,Precision CNC 4-axis profile milling and contour machining as per drawing
3131000200,A-10047,HYD MOTOR PROX SENSOR MTG - 635,,,RAW FORGING / BAR STOCK FOR HYD MOTOR PROX SENSOR MTG - 635,2,DRL,CNC Pattern Drilling & Tapping (PCD),1,VEN0000002,Apex Precision VMC Machinists,CNC pattern drilling and precision thread tapping
3131000200,A-10047,HYD MOTOR PROX SENSOR MTG - 635,,,RAW FORGING / BAR STOCK FOR HYD MOTOR PROX SENSOR MTG - 635,3,GRD,Precision Cylindrical & Surface Grinding,1,VEN0000006,Sardar Cylindrical & Surface Grinding,Finish surface grinding to specified Ra value and de-burring
4120015700,A-10410,BARREL Ø45 - 905,,,EN41B FORGED SEAMLESS CYLINDER BARREL FOR BARREL Ø45 - 905,1,GNDR,Deep Hole Gun Drilling & Trepanning,3,VEN0000002,Apex Precision VMC Machinists,Deep hole gun drilling and trepanning from solid forged alloy bar
4120015700,A-10410,BARREL Ø45 - 905,,,EN41B FORGED SEAMLESS CYLINDER BARREL FOR BARREL Ø45 - 905,2,HON,Deep Hole Diamond Honing (Ra 0.1 µm),2,VEN0000006,Sardar Cylindrical & Surface Grinding,Vertical diamond honing of bore to H7 tolerance and Ra 0.1 micron
4120015700,A-10410,BARREL Ø45 - 905,,,EN41B FORGED SEAMLESS CYLINDER BARREL FOR BARREL Ø45 - 905,3,MCH,Heavy VMC Face & Profile Milling,2,VEN0000002,Apex Precision VMC Machinists,"Mill feed opening hopper throat, thermocouple ports and heater flanges"
4120015700,A-10410,BARREL Ø45 - 905,,,EN41B FORGED SEAMLESS CYLINDER BARREL FOR BARREL Ø45 - 905,4,NIT,Deep Gas Nitriding & Hardening (65-68 HRC),3,VEN0000004,Gujarat Heat Treaters & Nitriding,"Internal bore gas nitriding hardening to 65-68 HRC, case depth 0.6mm"
4120015800,A-10428,SCREW Ø45 - 905,,,EN41B / 38CrMoAl ALLOY STEEL ROUND BAR FOR SCREW Ø45 - 905,1,MCH,Heavy VMC Face & Profile Milling,3,VEN0000002,Apex Precision VMC Machinists,"Precision turning of shank, root diameters and spline coupling drive"
4120015800,A-10428,SCREW Ø45 - 905,,,EN41B / 38CrMoAl ALLOY STEEL ROUND BAR FOR SCREW Ø45 - 905,2,SCRM,CNC Variable Pitch Screw Flight Whirling,4,VEN0000002,Apex Precision VMC Machinists,"CNC flight whirling of feed, compression, metering & barrier mixing flights"
4120015800,A-10428,SCREW Ø45 - 905,,,EN41B / 38CrMoAl ALLOY STEEL ROUND BAR FOR SCREW Ø45 - 905,3,NIT,Deep Gas Nitriding & Hardening (65-68 HRC),3,VEN0000004,Gujarat Heat Treaters & Nitriding,"Deep gas nitriding in vertical retort to 65-68 HRC, case depth 0.5-0.6mm"
4120015800,A-10428,SCREW Ø45 - 905,,,EN41B / 38CrMoAl ALLOY STEEL ROUND BAR FOR SCREW Ø45 - 905,4,GRD,Precision Cylindrical & Surface Grinding,2,VEN0000006,Sardar Cylindrical & Surface Grinding,Cylindrical grind flight crests & polish root channels to Ra 0.1 µm
4120015900,A-10446,BARREL ADAPT Ø45 - 905,,,RAW FORGING / BAR STOCK FOR BARREL ADAPT Ø45 - 905,1,GNDR,Deep Hole Gun Drilling & Trepanning,3,VEN0000002,Apex Precision VMC Machinists,Deep hole gun drilling and trepanning from solid forged alloy bar
4120015900,A-10446,BARREL ADAPT Ø45 - 905,,,RAW FORGING / BAR STOCK FOR BARREL ADAPT Ø45 - 905,2,HON,Deep Hole Diamond Honing (Ra 0.1 µm),2,VEN0000006,Sardar Cylindrical & Surface Grinding,Vertical diamond honing of bore to H7 tolerance and Ra 0.1 micron
4120015900,A-10446,BARREL ADAPT Ø45 - 905,,,RAW FORGING / BAR STOCK FOR BARREL ADAPT Ø45 - 905,3,MCH,Heavy VMC Face & Profile Milling,2,VEN0000002,Apex Precision VMC Machinists,"Mill feed opening hopper throat, thermocouple ports and heater flanges"
4120015900,A-10446,BARREL ADAPT Ø45 - 905,,,RAW FORGING / BAR STOCK FOR BARREL ADAPT Ø45 - 905,4,NIT,Deep Gas Nitriding & Hardening (65-68 HRC),3,VEN0000004,Gujarat Heat Treaters & Nitriding,"Internal bore gas nitriding hardening to 65-68 HRC, case depth 0.6mm"
4120009000,A-10458,SCREW TIP - 45,,,RAW FORGING / BAR STOCK FOR SCREW TIP - 45,1,MCH,Heavy VMC Face & Profile Milling,3,VEN0000002,Apex Precision VMC Machinists,"Precision turning of shank, root diameters and spline coupling drive"
4120009000,A-10458,SCREW TIP - 45,,,RAW FORGING / BAR STOCK FOR SCREW TIP - 45,2,SCRM,CNC Variable Pitch Screw Flight Whirling,4,VEN0000002,Apex Precision VMC Machinists,"CNC flight whirling of feed, compression, metering & barrier mixing flights"
4120009000,A-10458,SCREW TIP - 45,,,RAW FORGING / BAR STOCK FOR SCREW TIP - 45,3,NIT,Deep Gas Nitriding & Hardening (65-68 HRC),3,VEN0000004,Gujarat Heat Treaters & Nitriding,"Deep gas nitriding in vertical retort to 65-68 HRC, case depth 0.5-0.6mm"
4120009000,A-10458,SCREW TIP - 45,,,RAW FORGING / BAR STOCK FOR SCREW TIP - 45,4,GRD,Precision Cylindrical & Surface Grinding,2,VEN0000006,Sardar Cylindrical & Surface Grinding,Cylindrical grind flight crests & polish root channels to Ra 0.1 µm
4120009100,A-10467,SLIDER - 45,,,RAW FORGING / BAR STOCK FOR SLIDER - 45,1,MCH,Heavy VMC Face & Profile Milling,2,VEN0000002,Apex Precision VMC Machinists,Precision CNC 4-axis profile milling and contour machining as per drawing
4120009100,A-10467,SLIDER - 45,,,RAW FORGING / BAR STOCK FOR SLIDER - 45,2,DRL,CNC Pattern Drilling & Tapping (PCD),1,VEN0000002,Apex Precision VMC Machinists,CNC pattern drilling and precision thread tapping
4120009100,A-10467,SLIDER - 45,,,RAW FORGING / BAR STOCK FOR SLIDER - 45,3,GRD,Precision Cylindrical & Surface Grinding,1,VEN0000006,Sardar Cylindrical & Surface Grinding,Finish surface grinding to specified Ra value and de-burring
4120009200,A-10475,SLIDER SEAT - 45,,,RAW FORGING / BAR STOCK FOR SLIDER SEAT - 45,1,MCH,Heavy VMC Face & Profile Milling,2,VEN0000002,Apex Precision VMC Machinists,Precision CNC 4-axis profile milling and contour machining as per drawing
4120009200,A-10475,SLIDER SEAT - 45,,,RAW FORGING / BAR STOCK FOR SLIDER SEAT - 45,2,DRL,CNC Pattern Drilling & Tapping (PCD),1,VEN0000002,Apex Precision VMC Machinists,CNC pattern drilling and precision thread tapping
4120009200,A-10475,SLIDER SEAT - 45,,,RAW FORGING / BAR STOCK FOR SLIDER SEAT - 45,3,GRD,Precision Cylindrical & Surface Grinding,1,VEN0000006,Sardar Cylindrical & Surface Grinding,Finish surface grinding to specified Ra value and de-burring
4120016000,A-10942,NOZZLE TIP LONG - M45 X 3P X 153LG,,,RAW FORGING / BAR STOCK FOR NOZZLE TIP LONG - M45 X 3P X 153LG,1,MCH,Heavy VMC Face & Profile Milling,2,VEN0000002,Apex Precision VMC Machinists,Precision CNC 4-axis profile milling and contour machining as per drawing
4120016000,A-10942,NOZZLE TIP LONG - M45 X 3P X 153LG,,,RAW FORGING / BAR STOCK FOR NOZZLE TIP LONG - M45 X 3P X 153LG,2,DRL,CNC Pattern Drilling & Tapping (PCD),1,VEN0000002,Apex Precision VMC Machinists,CNC pattern drilling and precision thread tapping
4120016000,A-10942,NOZZLE TIP LONG - M45 X 3P X 153LG,,,RAW FORGING / BAR STOCK FOR NOZZLE TIP LONG - M45 X 3P X 153LG,3,GRD,Precision Cylindrical & Surface Grinding,1,VEN0000006,Sardar Cylindrical & Surface Grinding,Finish surface grinding to specified Ra value and de-burring
4120016100,A-10063,SPLIT COLLAR - 45,,,RAW FORGING / BAR STOCK FOR SPLIT COLLAR - 45,1,MCH,Heavy VMC Face & Profile Milling,2,VEN0000002,Apex Precision VMC Machinists,Precision CNC 4-axis profile milling and contour machining as per drawing
4120016100,A-10063,SPLIT COLLAR - 45,,,RAW FORGING / BAR STOCK FOR SPLIT COLLAR - 45,2,DRL,CNC Pattern Drilling & Tapping (PCD),1,VEN0000002,Apex Precision VMC Machinists,CNC pattern drilling and precision thread tapping
4120016100,A-10063,SPLIT COLLAR - 45,,,RAW FORGING / BAR STOCK FOR SPLIT COLLAR - 45,3,GRD,Precision Cylindrical & Surface Grinding,1,VEN0000006,Sardar Cylindrical & Surface Grinding,Finish surface grinding to specified Ra value and de-burring
4120016200,A-10051,FEED SCREW COUPLING - 45,,,RAW FORGING / BAR STOCK FOR FEED SCREW COUPLING - 45,1,MCH,Heavy VMC Face & Profile Milling,3,VEN0000002,Apex Precision VMC Machinists,"Precision turning of shank, root diameters and spline coupling drive"
4120016200,A-10051,FEED SCREW COUPLING - 45,,,RAW FORGING / BAR STOCK FOR FEED SCREW COUPLING - 45,2,SCRM,CNC Variable Pitch Screw Flight Whirling,4,VEN0000002,Apex Precision VMC Machinists,"CNC flight whirling of feed, compression, metering & barrier mixing flights"
4120016200,A-10051,FEED SCREW COUPLING - 45,,,RAW FORGING / BAR STOCK FOR FEED SCREW COUPLING - 45,3,NIT,Deep Gas Nitriding & Hardening (65-68 HRC),3,VEN0000004,Gujarat Heat Treaters & Nitriding,"Deep gas nitriding in vertical retort to 65-68 HRC, case depth 0.5-0.6mm"
4120016200,A-10051,FEED SCREW COUPLING - 45,,,RAW FORGING / BAR STOCK FOR FEED SCREW COUPLING - 45,4,GRD,Precision Cylindrical & Surface Grinding,2,VEN0000006,Sardar Cylindrical & Surface Grinding,Cylindrical grind flight crests & polish root channels to Ra 0.1 µm
4120016300,A-10792,SCREW KEY - 905,,,RAW FORGING / BAR STOCK FOR SCREW KEY - 905,1,MCH,Heavy VMC Face & Profile Milling,3,VEN0000002,Apex Precision VMC Machinists,"Precision turning of shank, root diameters and spline coupling drive"
4120016300,A-10792,SCREW KEY - 905,,,RAW FORGING / BAR STOCK FOR SCREW KEY - 905,2,SCRM,CNC Variable Pitch Screw Flight Whirling,4,VEN0000002,Apex Precision VMC Machinists,"CNC flight whirling of feed, compression, metering & barrier mixing flights"
4120016300,A-10792,SCREW KEY - 905,,,RAW FORGING / BAR STOCK FOR SCREW KEY - 905,3,NIT,Deep Gas Nitriding & Hardening (65-68 HRC),3,VEN0000004,Gujarat Heat Treaters & Nitriding,"Deep gas nitriding in vertical retort to 65-68 HRC, case depth 0.5-0.6mm"
4120016300,A-10792,SCREW KEY - 905,,,RAW FORGING / BAR STOCK FOR SCREW KEY - 905,4,GRD,Precision Cylindrical & Surface Grinding,2,VEN0000006,Sardar Cylindrical & Surface Grinding,Cylindrical grind flight crests & polish root channels to Ra 0.1 µm
4020102400,A-10361,BARREL NUT M95 X4P - 905,,,RAW FORGING / BAR STOCK FOR BARREL NUT M95 X4P - 905,1,GNDR,Deep Hole Gun Drilling & Trepanning,3,VEN0000002,Apex Precision VMC Machinists,Deep hole gun drilling and trepanning from solid forged alloy bar
4020102400,A-10361,BARREL NUT M95 X4P - 905,,,RAW FORGING / BAR STOCK FOR BARREL NUT M95 X4P - 905,2,HON,Deep Hole Diamond Honing (Ra 0.1 µm),2,VEN0000006,Sardar Cylindrical & Surface Grinding,Vertical diamond honing of bore to H7 tolerance and Ra 0.1 micron
4020102400,A-10361,BARREL NUT M95 X4P - 905,,,RAW FORGING / BAR STOCK FOR BARREL NUT M95 X4P - 905,3,MCH,Heavy VMC Face & Profile Milling,2,VEN0000002,Apex Precision VMC Machinists,"Mill feed opening hopper throat, thermocouple ports and heater flanges"
4020102400,A-10361,BARREL NUT M95 X4P - 905,,,RAW FORGING / BAR STOCK FOR BARREL NUT M95 X4P - 905,4,NIT,Deep Gas Nitriding & Hardening (65-68 HRC),3,VEN0000004,Gujarat Heat Treaters & Nitriding,"Internal bore gas nitriding hardening to 65-68 HRC, case depth 0.6mm"
4020102500,A-10367,BARREL CHECKNUT M95 X 4P - 905,,,RAW FORGING / BAR STOCK FOR BARREL CHECKNUT M95 X 4P - 905,1,GNDR,Deep Hole Gun Drilling & Trepanning,3,VEN0000002,Apex Precision VMC Machinists,Deep hole gun drilling and trepanning from solid forged alloy bar
4020102500,A-10367,BARREL CHECKNUT M95 X 4P - 905,,,RAW FORGING / BAR STOCK FOR BARREL CHECKNUT M95 X 4P - 905,2,HON,Deep Hole Diamond Honing (Ra 0.1 µm),2,VEN0000006,Sardar Cylindrical & Surface Grinding,Vertical diamond honing of bore to H7 tolerance and Ra 0.1 micron
4020102500,A-10367,BARREL CHECKNUT M95 X 4P - 905,,,RAW FORGING / BAR STOCK FOR BARREL CHECKNUT M95 X 4P - 905,3,MCH,Heavy VMC Face & Profile Milling,2,VEN0000002,Apex Precision VMC Machinists,"Mill feed opening hopper throat, thermocouple ports and heater flanges"
4020102500,A-10367,BARREL CHECKNUT M95 X 4P - 905,,,RAW FORGING / BAR STOCK FOR BARREL CHECKNUT M95 X 4P - 905,4,NIT,Deep Gas Nitriding & Hardening (65-68 HRC),3,VEN0000004,Gujarat Heat Treaters & Nitriding,"Internal bore gas nitriding hardening to 65-68 HRC, case depth 0.6mm"
3131000300,A-10049,HYD MOTOR PROX SENSOR MTG - 905,,,RAW FORGING / BAR STOCK FOR HYD MOTOR PROX SENSOR MTG - 905,1,MCH,Heavy VMC Face & Profile Milling,2,VEN0000002,Apex Precision VMC Machinists,Precision CNC 4-axis profile milling and contour machining as per drawing
3131000300,A-10049,HYD MOTOR PROX SENSOR MTG - 905,,,RAW FORGING / BAR STOCK FOR HYD MOTOR PROX SENSOR MTG - 905,2,DRL,CNC Pattern Drilling & Tapping (PCD),1,VEN0000002,Apex Precision VMC Machinists,CNC pattern drilling and precision thread tapping
3131000300,A-10049,HYD MOTOR PROX SENSOR MTG - 905,,,RAW FORGING / BAR STOCK FOR HYD MOTOR PROX SENSOR MTG - 905,3,GRD,Precision Cylindrical & Surface Grinding,1,VEN0000006,Sardar Cylindrical & Surface Grinding,Finish surface grinding to specified Ra value and de-burring
4120019400,A-10413,BARREL Ø50 - 1520,,,EN41B FORGED SEAMLESS CYLINDER BARREL FOR BARREL Ø50 - 1520,1,GNDR,Deep Hole Gun Drilling & Trepanning,3,VEN0000002,Apex Precision VMC Machinists,Deep hole gun drilling and trepanning from solid forged alloy bar
4120019400,A-10413,BARREL Ø50 - 1520,,,EN41B FORGED SEAMLESS CYLINDER BARREL FOR BARREL Ø50 - 1520,2,HON,Deep Hole Diamond Honing (Ra 0.1 µm),2,VEN0000006,Sardar Cylindrical & Surface Grinding,Vertical diamond honing of bore to H7 tolerance and Ra 0.1 micron
4120019400,A-10413,BARREL Ø50 - 1520,,,EN41B FORGED SEAMLESS CYLINDER BARREL FOR BARREL Ø50 - 1520,3,MCH,Heavy VMC Face & Profile Milling,2,VEN0000002,Apex Precision VMC Machinists,"Mill feed opening hopper throat, thermocouple ports and heater flanges"
4120019400,A-10413,BARREL Ø50 - 1520,,,EN41B FORGED SEAMLESS CYLINDER BARREL FOR BARREL Ø50 - 1520,4,NIT,Deep Gas Nitriding & Hardening (65-68 HRC),3,VEN0000004,Gujarat Heat Treaters & Nitriding,"Internal bore gas nitriding hardening to 65-68 HRC, case depth 0.6mm"
4120019500,A-10431,SCREW Ø50 - 1520,,,EN41B / 38CrMoAl ALLOY STEEL ROUND BAR FOR SCREW Ø50 - 1520,1,MCH,Heavy VMC Face & Profile Milling,3,VEN0000002,Apex Precision VMC Machinists,"Precision turning of shank, root diameters and spline coupling drive"
4120019500,A-10431,SCREW Ø50 - 1520,,,EN41B / 38CrMoAl ALLOY STEEL ROUND BAR FOR SCREW Ø50 - 1520,2,SCRM,CNC Variable Pitch Screw Flight Whirling,4,VEN0000002,Apex Precision VMC Machinists,"CNC flight whirling of feed, compression, metering & barrier mixing flights"
4120019500,A-10431,SCREW Ø50 - 1520,,,EN41B / 38CrMoAl ALLOY STEEL ROUND BAR FOR SCREW Ø50 - 1520,3,NIT,Deep Gas Nitriding & Hardening (65-68 HRC),3,VEN0000004,Gujarat Heat Treaters & Nitriding,"Deep gas nitriding in vertical retort to 65-68 HRC, case depth 0.5-0.6mm"
4120019500,A-10431,SCREW Ø50 - 1520,,,EN41B / 38CrMoAl ALLOY STEEL ROUND BAR FOR SCREW Ø50 - 1520,4,GRD,Precision Cylindrical & Surface Grinding,2,VEN0000006,Sardar Cylindrical & Surface Grinding,Cylindrical grind flight crests & polish root channels to Ra 0.1 µm
4120019600,A-10449,BARREL ADAPT Ø50 - 1520,,,RAW FORGING / BAR STOCK FOR BARREL ADAPT Ø50 - 1520,1,GNDR,Deep Hole Gun Drilling & Trepanning,3,VEN0000002,Apex Precision VMC Machinists,Deep hole gun drilling and trepanning from solid forged alloy bar
4120019600,A-10449,BARREL ADAPT Ø50 - 1520,,,RAW FORGING / BAR STOCK FOR BARREL ADAPT Ø50 - 1520,2,HON,Deep Hole Diamond Honing (Ra 0.1 µm),2,VEN0000006,Sardar Cylindrical & Surface Grinding,Vertical diamond honing of bore to H7 tolerance and Ra 0.1 micron
4120019600,A-10449,BARREL ADAPT Ø50 - 1520,,,RAW FORGING / BAR STOCK FOR BARREL ADAPT Ø50 - 1520,3,MCH,Heavy VMC Face & Profile Milling,2,VEN0000002,Apex Precision VMC Machinists,"Mill feed opening hopper throat, thermocouple ports and heater flanges"
4120019600,A-10449,BARREL ADAPT Ø50 - 1520,,,RAW FORGING / BAR STOCK FOR BARREL ADAPT Ø50 - 1520,4,NIT,Deep Gas Nitriding & Hardening (65-68 HRC),3,VEN0000004,Gujarat Heat Treaters & Nitriding,"Internal bore gas nitriding hardening to 65-68 HRC, case depth 0.6mm"
4120012700,A-10459,SCREW TIP - 50,,,RAW FORGING / BAR STOCK FOR SCREW TIP - 50,1,MCH,Heavy VMC Face & Profile Milling,3,VEN0000002,Apex Precision VMC Machinists,"Precision turning of shank, root diameters and spline coupling drive"
4120012700,A-10459,SCREW TIP - 50,,,RAW FORGING / BAR STOCK FOR SCREW TIP - 50,2,SCRM,CNC Variable Pitch Screw Flight Whirling,4,VEN0000002,Apex Precision VMC Machinists,"CNC flight whirling of feed, compression, metering & barrier mixing flights"
4120012700,A-10459,SCREW TIP - 50,,,RAW FORGING / BAR STOCK FOR SCREW TIP - 50,3,NIT,Deep Gas Nitriding & Hardening (65-68 HRC),3,VEN0000004,Gujarat Heat Treaters & Nitriding,"Deep gas nitriding in vertical retort to 65-68 HRC, case depth 0.5-0.6mm"
4120012700,A-10459,SCREW TIP - 50,,,RAW FORGING / BAR STOCK FOR SCREW TIP - 50,4,GRD,Precision Cylindrical & Surface Grinding,2,VEN0000006,Sardar Cylindrical & Surface Grinding,Cylindrical grind flight crests & polish root channels to Ra 0.1 µm
4120012800,A-10468,SLIDER - 50,,,RAW FORGING / BAR STOCK FOR SLIDER - 50,1,MCH,Heavy VMC Face & Profile Milling,2,VEN0000002,Apex Precision VMC Machinists,Precision CNC 4-axis profile milling and contour machining as per drawing
4120012800,A-10468,SLIDER - 50,,,RAW FORGING / BAR STOCK FOR SLIDER - 50,2,DRL,CNC Pattern Drilling & Tapping (PCD),1,VEN0000002,Apex Precision VMC Machinists,CNC pattern drilling and precision thread tapping
4120012800,A-10468,SLIDER - 50,,,RAW FORGING / BAR STOCK FOR SLIDER - 50,3,GRD,Precision Cylindrical & Surface Grinding,1,VEN0000006,Sardar Cylindrical & Surface Grinding,Finish surface grinding to specified Ra value and de-burring
4120012900,A-10476,SLIDER SEAT - 50,,,RAW FORGING / BAR STOCK FOR SLIDER SEAT - 50,1,MCH,Heavy VMC Face & Profile Milling,2,VEN0000002,Apex Precision VMC Machinists,Precision CNC 4-axis profile milling and contour machining as per drawing
4120012900,A-10476,SLIDER SEAT - 50,,,RAW FORGING / BAR STOCK FOR SLIDER SEAT - 50,2,DRL,CNC Pattern Drilling & Tapping (PCD),1,VEN0000002,Apex Precision VMC Machinists,CNC pattern drilling and precision thread tapping
4120012900,A-10476,SLIDER SEAT - 50,,,RAW FORGING / BAR STOCK FOR SLIDER SEAT - 50,3,GRD,Precision Cylindrical & Surface Grinding,1,VEN0000006,Sardar Cylindrical & Surface Grinding,Finish surface grinding to specified Ra value and de-burring
4120019700,A-10070,SPLIT COLLAR - 50,,,RAW FORGING / BAR STOCK FOR SPLIT COLLAR - 50,1,MCH,Heavy VMC Face & Profile Milling,2,VEN0000002,Apex Precision VMC Machinists,Precision CNC 4-axis profile milling and contour machining as per drawing
4120019700,A-10070,SPLIT COLLAR - 50,,,RAW FORGING / BAR STOCK FOR SPLIT COLLAR - 50,2,DRL,CNC Pattern Drilling & Tapping (PCD),1,VEN0000002,Apex Precision VMC Machinists,CNC pattern drilling and precision thread tapping
4120019700,A-10070,SPLIT COLLAR - 50,,,RAW FORGING / BAR STOCK FOR SPLIT COLLAR - 50,3,GRD,Precision Cylindrical & Surface Grinding,1,VEN0000006,Sardar Cylindrical & Surface Grinding,Finish surface grinding to specified Ra value and de-burring
4120019800,A-10054,FEED SCREW COUPLING - 50,,,RAW FORGING / BAR STOCK FOR FEED SCREW COUPLING - 50,1,MCH,Heavy VMC Face & Profile Milling,3,VEN0000002,Apex Precision VMC Machinists,"Precision turning of shank, root diameters and spline coupling drive"
4120019800,A-10054,FEED SCREW COUPLING - 50,,,RAW FORGING / BAR STOCK FOR FEED SCREW COUPLING - 50,2,SCRM,CNC Variable Pitch Screw Flight Whirling,4,VEN0000002,Apex Precision VMC Machinists,"CNC flight whirling of feed, compression, metering & barrier mixing flights"
4120019800,A-10054,FEED SCREW COUPLING - 50,,,RAW FORGING / BAR STOCK FOR FEED SCREW COUPLING - 50,3,NIT,Deep Gas Nitriding & Hardening (65-68 HRC),3,VEN0000004,Gujarat Heat Treaters & Nitriding,"Deep gas nitriding in vertical retort to 65-68 HRC, case depth 0.5-0.6mm"
4120019800,A-10054,FEED SCREW COUPLING - 50,,,RAW FORGING / BAR STOCK FOR FEED SCREW COUPLING - 50,4,GRD,Precision Cylindrical & Surface Grinding,2,VEN0000006,Sardar Cylindrical & Surface Grinding,Cylindrical grind flight crests & polish root channels to Ra 0.1 µm
4120019900,A-10793,SCREW KEY - 1520,,,RAW FORGING / BAR STOCK FOR SCREW KEY - 1520,1,MCH,Heavy VMC Face & Profile Milling,3,VEN0000002,Apex Precision VMC Machinists,"Precision turning of shank, root diameters and spline coupling drive"
4120019900,A-10793,SCREW KEY - 1520,,,RAW FORGING / BAR STOCK FOR SCREW KEY - 1520,2,SCRM,CNC Variable Pitch Screw Flight Whirling,4,VEN0000002,Apex Precision VMC Machinists,"CNC flight whirling of feed, compression, metering & barrier mixing flights"
4120019900,A-10793,SCREW KEY - 1520,,,RAW FORGING / BAR STOCK FOR SCREW KEY - 1520,3,NIT,Deep Gas Nitriding & Hardening (65-68 HRC),3,VEN0000004,Gujarat Heat Treaters & Nitriding,"Deep gas nitriding in vertical retort to 65-68 HRC, case depth 0.5-0.6mm"
4120019900,A-10793,SCREW KEY - 1520,,,RAW FORGING / BAR STOCK FOR SCREW KEY - 1520,4,GRD,Precision Cylindrical & Surface Grinding,2,VEN0000006,Sardar Cylindrical & Surface Grinding,Cylindrical grind flight crests & polish root channels to Ra 0.1 µm
4020102600,A-10360,BARREL NUT M105 X 4P - 1520,,,RAW FORGING / BAR STOCK FOR BARREL NUT M105 X 4P - 1520,1,GNDR,Deep Hole Gun Drilling & Trepanning,3,VEN0000002,Apex Precision VMC Machinists,Deep hole gun drilling and trepanning from solid forged alloy bar
4020102600,A-10360,BARREL NUT M105 X 4P - 1520,,,RAW FORGING / BAR STOCK FOR BARREL NUT M105 X 4P - 1520,2,HON,Deep Hole Diamond Honing (Ra 0.1 µm),2,VEN0000006,Sardar Cylindrical & Surface Grinding,Vertical diamond honing of bore to H7 tolerance and Ra 0.1 micron
4020102600,A-10360,BARREL NUT M105 X 4P - 1520,,,RAW FORGING / BAR STOCK FOR BARREL NUT M105 X 4P - 1520,3,MCH,Heavy VMC Face & Profile Milling,2,VEN0000002,Apex Precision VMC Machinists,"Mill feed opening hopper throat, thermocouple ports and heater flanges"
4020102600,A-10360,BARREL NUT M105 X 4P - 1520,,,RAW FORGING / BAR STOCK FOR BARREL NUT M105 X 4P - 1520,4,NIT,Deep Gas Nitriding & Hardening (65-68 HRC),3,VEN0000004,Gujarat Heat Treaters & Nitriding,"Internal bore gas nitriding hardening to 65-68 HRC, case depth 0.6mm"
4020102700,A-10366,BARREL CHECKNUT M105 X 4P - 1520,,,RAW FORGING / BAR STOCK FOR BARREL CHECKNUT M105 X 4P - 1520,1,GNDR,Deep Hole Gun Drilling & Trepanning,3,VEN0000002,Apex Precision VMC Machinists,Deep hole gun drilling and trepanning from solid forged alloy bar
4020102700,A-10366,BARREL CHECKNUT M105 X 4P - 1520,,,RAW FORGING / BAR STOCK FOR BARREL CHECKNUT M105 X 4P - 1520,2,HON,Deep Hole Diamond Honing (Ra 0.1 µm),2,VEN0000006,Sardar Cylindrical & Surface Grinding,Vertical diamond honing of bore to H7 tolerance and Ra 0.1 micron
4020102700,A-10366,BARREL CHECKNUT M105 X 4P - 1520,,,RAW FORGING / BAR STOCK FOR BARREL CHECKNUT M105 X 4P - 1520,3,MCH,Heavy VMC Face & Profile Milling,2,VEN0000002,Apex Precision VMC Machinists,"Mill feed opening hopper throat, thermocouple ports and heater flanges"
4020102700,A-10366,BARREL CHECKNUT M105 X 4P - 1520,,,RAW FORGING / BAR STOCK FOR BARREL CHECKNUT M105 X 4P - 1520,4,NIT,Deep Gas Nitriding & Hardening (65-68 HRC),3,VEN0000004,Gujarat Heat Treaters & Nitriding,"Internal bore gas nitriding hardening to 65-68 HRC, case depth 0.6mm"
3131000400,A-10050,HYD MOTOR PROX SENSOR MTG - 1520,,,RAW FORGING / BAR STOCK FOR HYD MOTOR PROX SENSOR MTG - 1520,1,MCH,Heavy VMC Face & Profile Milling,2,VEN0000002,Apex Precision VMC Machinists,Precision CNC 4-axis profile milling and contour machining as per drawing
3131000400,A-10050,HYD MOTOR PROX SENSOR MTG - 1520,,,RAW FORGING / BAR STOCK FOR HYD MOTOR PROX SENSOR MTG - 1520,2,DRL,CNC Pattern Drilling & Tapping (PCD),1,VEN0000002,Apex Precision VMC Machinists,CNC pattern drilling and precision thread tapping
3131000400,A-10050,HYD MOTOR PROX SENSOR MTG - 1520,,,RAW FORGING / BAR STOCK FOR HYD MOTOR PROX SENSOR MTG - 1520,3,GRD,Precision Cylindrical & Surface Grinding,1,VEN0000006,Sardar Cylindrical & Surface Grinding,Finish surface grinding to specified Ra value and de-burring
4120022100,A-10416,BARREL Ø60 - 2350,,,EN41B FORGED SEAMLESS CYLINDER BARREL FOR BARREL Ø60 - 2350,1,GNDR,Deep Hole Gun Drilling & Trepanning,3,VEN0000002,Apex Precision VMC Machinists,Deep hole gun drilling and trepanning from solid forged alloy bar
4120022100,A-10416,BARREL Ø60 - 2350,,,EN41B FORGED SEAMLESS CYLINDER BARREL FOR BARREL Ø60 - 2350,2,HON,Deep Hole Diamond Honing (Ra 0.1 µm),2,VEN0000006,Sardar Cylindrical & Surface Grinding,Vertical diamond honing of bore to H7 tolerance and Ra 0.1 micron
4120022100,A-10416,BARREL Ø60 - 2350,,,EN41B FORGED SEAMLESS CYLINDER BARREL FOR BARREL Ø60 - 2350,3,MCH,Heavy VMC Face & Profile Milling,2,VEN0000002,Apex Precision VMC Machinists,"Mill feed opening hopper throat, thermocouple ports and heater flanges"
4120022100,A-10416,BARREL Ø60 - 2350,,,EN41B FORGED SEAMLESS CYLINDER BARREL FOR BARREL Ø60 - 2350,4,NIT,Deep Gas Nitriding & Hardening (65-68 HRC),3,VEN0000004,Gujarat Heat Treaters & Nitriding,"Internal bore gas nitriding hardening to 65-68 HRC, case depth 0.6mm"
4120022200,A-10434,SCREW Ø60 - 2350,,,EN41B / 38CrMoAl ALLOY STEEL ROUND BAR FOR SCREW Ø60 - 2350,1,MCH,Heavy VMC Face & Profile Milling,3,VEN0000002,Apex Precision VMC Machinists,"Precision turning of shank, root diameters and spline coupling drive"
4120022200,A-10434,SCREW Ø60 - 2350,,,EN41B / 38CrMoAl ALLOY STEEL ROUND BAR FOR SCREW Ø60 - 2350,2,SCRM,CNC Variable Pitch Screw Flight Whirling,4,VEN0000002,Apex Precision VMC Machinists,"CNC flight whirling of feed, compression, metering & barrier mixing flights"
4120022200,A-10434,SCREW Ø60 - 2350,,,EN41B / 38CrMoAl ALLOY STEEL ROUND BAR FOR SCREW Ø60 - 2350,3,NIT,Deep Gas Nitriding & Hardening (65-68 HRC),3,VEN0000004,Gujarat Heat Treaters & Nitriding,"Deep gas nitriding in vertical retort to 65-68 HRC, case depth 0.5-0.6mm"
4120022200,A-10434,SCREW Ø60 - 2350,,,EN41B / 38CrMoAl ALLOY STEEL ROUND BAR FOR SCREW Ø60 - 2350,4,GRD,Precision Cylindrical & Surface Grinding,2,VEN0000006,Sardar Cylindrical & Surface Grinding,Cylindrical grind flight crests & polish root channels to Ra 0.1 µm
4120022300,A-10452,BARREL ADAPT Ø60 - 2350,,,RAW FORGING / BAR STOCK FOR BARREL ADAPT Ø60 - 2350,1,GNDR,Deep Hole Gun Drilling & Trepanning,3,VEN0000002,Apex Precision VMC Machinists,Deep hole gun drilling and trepanning from solid forged alloy bar
4120022300,A-10452,BARREL ADAPT Ø60 - 2350,,,RAW FORGING / BAR STOCK FOR BARREL ADAPT Ø60 - 2350,2,HON,Deep Hole Diamond Honing (Ra 0.1 µm),2,VEN0000006,Sardar Cylindrical & Surface Grinding,Vertical diamond honing of bore to H7 tolerance and Ra 0.1 micron
4120022300,A-10452,BARREL ADAPT Ø60 - 2350,,,RAW FORGING / BAR STOCK FOR BARREL ADAPT Ø60 - 2350,3,MCH,Heavy VMC Face & Profile Milling,2,VEN0000002,Apex Precision VMC Machinists,"Mill feed opening hopper throat, thermocouple ports and heater flanges"
4120022300,A-10452,BARREL ADAPT Ø60 - 2350,,,RAW FORGING / BAR STOCK FOR BARREL ADAPT Ø60 - 2350,4,NIT,Deep Gas Nitriding & Hardening (65-68 HRC),3,VEN0000004,Gujarat Heat Treaters & Nitriding,"Internal bore gas nitriding hardening to 65-68 HRC, case depth 0.6mm"
4120017000,A-10460,SCREW TIP - 60,,,RAW FORGING / BAR STOCK FOR SCREW TIP - 60,1,MCH,Heavy VMC Face & Profile Milling,3,VEN0000002,Apex Precision VMC Machinists,"Precision turning of shank, root diameters and spline coupling drive"
4120017000,A-10460,SCREW TIP - 60,,,RAW FORGING / BAR STOCK FOR SCREW TIP - 60,2,SCRM,CNC Variable Pitch Screw Flight Whirling,4,VEN0000002,Apex Precision VMC Machinists,"CNC flight whirling of feed, compression, metering & barrier mixing flights"
4120017000,A-10460,SCREW TIP - 60,,,RAW FORGING / BAR STOCK FOR SCREW TIP - 60,3,NIT,Deep Gas Nitriding & Hardening (65-68 HRC),3,VEN0000004,Gujarat Heat Treaters & Nitriding,"Deep gas nitriding in vertical retort to 65-68 HRC, case depth 0.5-0.6mm"
4120017000,A-10460,SCREW TIP - 60,,,RAW FORGING / BAR STOCK FOR SCREW TIP - 60,4,GRD,Precision Cylindrical & Surface Grinding,2,VEN0000006,Sardar Cylindrical & Surface Grinding,Cylindrical grind flight crests & polish root channels to Ra 0.1 µm
4120017100,A-10469,SLIDER - 60,,,RAW FORGING / BAR STOCK FOR SLIDER - 60,1,MCH,Heavy VMC Face & Profile Milling,2,VEN0000002,Apex Precision VMC Machinists,Precision CNC 4-axis profile milling and contour machining as per drawing
4120017100,A-10469,SLIDER - 60,,,RAW FORGING / BAR STOCK FOR SLIDER - 60,2,DRL,CNC Pattern Drilling & Tapping (PCD),1,VEN0000002,Apex Precision VMC Machinists,CNC pattern drilling and precision thread tapping
4120017100,A-10469,SLIDER - 60,,,RAW FORGING / BAR STOCK FOR SLIDER - 60,3,GRD,Precision Cylindrical & Surface Grinding,1,VEN0000006,Sardar Cylindrical & Surface Grinding,Finish surface grinding to specified Ra value and de-burring
4120017200,A-10477,SLIDER SEAT - 60,,,RAW FORGING / BAR STOCK FOR SLIDER SEAT - 60,1,MCH,Heavy VMC Face & Profile Milling,2,VEN0000002,Apex Precision VMC Machinists,Precision CNC 4-axis profile milling and contour machining as per drawing
4120017200,A-10477,SLIDER SEAT - 60,,,RAW FORGING / BAR STOCK FOR SLIDER SEAT - 60,2,DRL,CNC Pattern Drilling & Tapping (PCD),1,VEN0000002,Apex Precision VMC Machinists,CNC pattern drilling and precision thread tapping
4120017200,A-10477,SLIDER SEAT - 60,,,RAW FORGING / BAR STOCK FOR SLIDER SEAT - 60,3,GRD,Precision Cylindrical & Surface Grinding,1,VEN0000006,Sardar Cylindrical & Surface Grinding,Finish surface grinding to specified Ra value and de-burring
4120022400,A-10073,SPLIT COLLAR - 60,,,RAW FORGING / BAR STOCK FOR SPLIT COLLAR - 60,1,MCH,Heavy VMC Face & Profile Milling,2,VEN0000002,Apex Precision VMC Machinists,Precision CNC 4-axis profile milling and contour machining as per drawing
4120022400,A-10073,SPLIT COLLAR - 60,,,RAW FORGING / BAR STOCK FOR SPLIT COLLAR - 60,2,DRL,CNC Pattern Drilling & Tapping (PCD),1,VEN0000002,Apex Precision VMC Machinists,CNC pattern drilling and precision thread tapping
4120022400,A-10073,SPLIT COLLAR - 60,,,RAW FORGING / BAR STOCK FOR SPLIT COLLAR - 60,3,GRD,Precision Cylindrical & Surface Grinding,1,VEN0000006,Sardar Cylindrical & Surface Grinding,Finish surface grinding to specified Ra value and de-burring
4120022500,A-10057,FEED SCREW COUPLING - 60,,,RAW FORGING / BAR STOCK FOR FEED SCREW COUPLING - 60,1,MCH,Heavy VMC Face & Profile Milling,3,VEN0000002,Apex Precision VMC Machinists,"Precision turning of shank, root diameters and spline coupling drive"
4120022500,A-10057,FEED SCREW COUPLING - 60,,,RAW FORGING / BAR STOCK FOR FEED SCREW COUPLING - 60,2,SCRM,CNC Variable Pitch Screw Flight Whirling,4,VEN0000002,Apex Precision VMC Machinists,"CNC flight whirling of feed, compression, metering & barrier mixing flights"
4120022500,A-10057,FEED SCREW COUPLING - 60,,,RAW FORGING / BAR STOCK FOR FEED SCREW COUPLING - 60,3,NIT,Deep Gas Nitriding & Hardening (65-68 HRC),3,VEN0000004,Gujarat Heat Treaters & Nitriding,"Deep gas nitriding in vertical retort to 65-68 HRC, case depth 0.5-0.6mm"
4120022500,A-10057,FEED SCREW COUPLING - 60,,,RAW FORGING / BAR STOCK FOR FEED SCREW COUPLING - 60,4,GRD,Precision Cylindrical & Surface Grinding,2,VEN0000006,Sardar Cylindrical & Surface Grinding,Cylindrical grind flight crests & polish root channels to Ra 0.1 µm
4120022600,A-10794,SCREW KEY - 2350,,,RAW FORGING / BAR STOCK FOR SCREW KEY - 2350,1,MCH,Heavy VMC Face & Profile Milling,3,VEN0000002,Apex Precision VMC Machinists,"Precision turning of shank, root diameters and spline coupling drive"
4120022600,A-10794,SCREW KEY - 2350,,,RAW FORGING / BAR STOCK FOR SCREW KEY - 2350,2,SCRM,CNC Variable Pitch Screw Flight Whirling,4,VEN0000002,Apex Precision VMC Machinists,"CNC flight whirling of feed, compression, metering & barrier mixing flights"
4120022600,A-10794,SCREW KEY - 2350,,,RAW FORGING / BAR STOCK FOR SCREW KEY - 2350,3,NIT,Deep Gas Nitriding & Hardening (65-68 HRC),3,VEN0000004,Gujarat Heat Treaters & Nitriding,"Deep gas nitriding in vertical retort to 65-68 HRC, case depth 0.5-0.6mm"
4120022600,A-10794,SCREW KEY - 2350,,,RAW FORGING / BAR STOCK FOR SCREW KEY - 2350,4,GRD,Precision Cylindrical & Surface Grinding,2,VEN0000006,Sardar Cylindrical & Surface Grinding,Cylindrical grind flight crests & polish root channels to Ra 0.1 µm
4020102800,A-10359,BARREL NUT M120 X 4P - 2350,,,RAW FORGING / BAR STOCK FOR BARREL NUT M120 X 4P - 2350,1,GNDR,Deep Hole Gun Drilling & Trepanning,3,VEN0000002,Apex Precision VMC Machinists,Deep hole gun drilling and trepanning from solid forged alloy bar
4020102800,A-10359,BARREL NUT M120 X 4P - 2350,,,RAW FORGING / BAR STOCK FOR BARREL NUT M120 X 4P - 2350,2,HON,Deep Hole Diamond Honing (Ra 0.1 µm),2,VEN0000006,Sardar Cylindrical & Surface Grinding,Vertical diamond honing of bore to H7 tolerance and Ra 0.1 micron
4020102800,A-10359,BARREL NUT M120 X 4P - 2350,,,RAW FORGING / BAR STOCK FOR BARREL NUT M120 X 4P - 2350,3,MCH,Heavy VMC Face & Profile Milling,2,VEN0000002,Apex Precision VMC Machinists,"Mill feed opening hopper throat, thermocouple ports and heater flanges"
4020102800,A-10359,BARREL NUT M120 X 4P - 2350,,,RAW FORGING / BAR STOCK FOR BARREL NUT M120 X 4P - 2350,4,NIT,Deep Gas Nitriding & Hardening (65-68 HRC),3,VEN0000004,Gujarat Heat Treaters & Nitriding,"Internal bore gas nitriding hardening to 65-68 HRC, case depth 0.6mm"
4020102900,A-10365,BARREL CHECKNUT M120 X 4P - 2350,,,RAW FORGING / BAR STOCK FOR BARREL CHECKNUT M120 X 4P - 2350,1,GNDR,Deep Hole Gun Drilling & Trepanning,3,VEN0000002,Apex Precision VMC Machinists,Deep hole gun drilling and trepanning from solid forged alloy bar
4020102900,A-10365,BARREL CHECKNUT M120 X 4P - 2350,,,RAW FORGING / BAR STOCK FOR BARREL CHECKNUT M120 X 4P - 2350,2,HON,Deep Hole Diamond Honing (Ra 0.1 µm),2,VEN0000006,Sardar Cylindrical & Surface Grinding,Vertical diamond honing of bore to H7 tolerance and Ra 0.1 micron
4020102900,A-10365,BARREL CHECKNUT M120 X 4P - 2350,,,RAW FORGING / BAR STOCK FOR BARREL CHECKNUT M120 X 4P - 2350,3,MCH,Heavy VMC Face & Profile Milling,2,VEN0000002,Apex Precision VMC Machinists,"Mill feed opening hopper throat, thermocouple ports and heater flanges"
4020102900,A-10365,BARREL CHECKNUT M120 X 4P - 2350,,,RAW FORGING / BAR STOCK FOR BARREL CHECKNUT M120 X 4P - 2350,4,NIT,Deep Gas Nitriding & Hardening (65-68 HRC),3,VEN0000004,Gujarat Heat Treaters & Nitriding,"Internal bore gas nitriding hardening to 65-68 HRC, case depth 0.6mm"
3131000500,A-10052,HYD MOTOR PROX SENSOR MTG - 2350,,,RAW FORGING / BAR STOCK FOR HYD MOTOR PROX SENSOR MTG - 2350,1,MCH,Heavy VMC Face & Profile Milling,2,VEN0000002,Apex Precision VMC Machinists,Precision CNC 4-axis profile milling and contour machining as per drawing
3131000500,A-10052,HYD MOTOR PROX SENSOR MTG - 2350,,,RAW FORGING / BAR STOCK FOR HYD MOTOR PROX SENSOR MTG - 2350,2,DRL,CNC Pattern Drilling & Tapping (PCD),1,VEN0000002,Apex Precision VMC Machinists,CNC pattern drilling and precision thread tapping
3131000500,A-10052,HYD MOTOR PROX SENSOR MTG - 2350,,,RAW FORGING / BAR STOCK FOR HYD MOTOR PROX SENSOR MTG - 2350,3,GRD,Precision Cylindrical & Surface Grinding,1,VEN0000006,Sardar Cylindrical & Surface Grinding,Finish surface grinding to specified Ra value and de-burring
4120003200,A-10402,BARREL Ø35 - 280,,,EN41B FORGED SEAMLESS CYLINDER BARREL FOR BARREL Ø35 - 280,1,GNDR,Deep Hole Gun Drilling & Trepanning,3,VEN0000002,Apex Precision VMC Machinists,Deep hole gun drilling and trepanning from solid forged alloy bar
4120003200,A-10402,BARREL Ø35 - 280,,,EN41B FORGED SEAMLESS CYLINDER BARREL FOR BARREL Ø35 - 280,2,HON,Deep Hole Diamond Honing (Ra 0.1 µm),2,VEN0000006,Sardar Cylindrical & Surface Grinding,Vertical diamond honing of bore to H7 tolerance and Ra 0.1 micron
4120003200,A-10402,BARREL Ø35 - 280,,,EN41B FORGED SEAMLESS CYLINDER BARREL FOR BARREL Ø35 - 280,3,MCH,Heavy VMC Face & Profile Milling,2,VEN0000002,Apex Precision VMC Machinists,"Mill feed opening hopper throat, thermocouple ports and heater flanges"
4120003200,A-10402,BARREL Ø35 - 280,,,EN41B FORGED SEAMLESS CYLINDER BARREL FOR BARREL Ø35 - 280,4,NIT,Deep Gas Nitriding & Hardening (65-68 HRC),3,VEN0000004,Gujarat Heat Treaters & Nitriding,"Internal bore gas nitriding hardening to 65-68 HRC, case depth 0.6mm"
4120003300,A-10420,SCREW Ø35 - 280,,,EN41B / 38CrMoAl ALLOY STEEL ROUND BAR FOR SCREW Ø35 - 280,1,MCH,Heavy VMC Face & Profile Milling,3,VEN0000002,Apex Precision VMC Machinists,"Precision turning of shank, root diameters and spline coupling drive"
4120003300,A-10420,SCREW Ø35 - 280,,,EN41B / 38CrMoAl ALLOY STEEL ROUND BAR FOR SCREW Ø35 - 280,2,SCRM,CNC Variable Pitch Screw Flight Whirling,4,VEN0000002,Apex Precision VMC Machinists,"CNC flight whirling of feed, compression, metering & barrier mixing flights"
4120003300,A-10420,SCREW Ø35 - 280,,,EN41B / 38CrMoAl ALLOY STEEL ROUND BAR FOR SCREW Ø35 - 280,3,NIT,Deep Gas Nitriding & Hardening (65-68 HRC),3,VEN0000004,Gujarat Heat Treaters & Nitriding,"Deep gas nitriding in vertical retort to 65-68 HRC, case depth 0.5-0.6mm"
4120003300,A-10420,SCREW Ø35 - 280,,,EN41B / 38CrMoAl ALLOY STEEL ROUND BAR FOR SCREW Ø35 - 280,4,GRD,Precision Cylindrical & Surface Grinding,2,VEN0000006,Sardar Cylindrical & Surface Grinding,Cylindrical grind flight crests & polish root channels to Ra 0.1 µm
4120003400,A-10438,BARREL ADAPT Ø35 - 280,,,RAW FORGING / BAR STOCK FOR BARREL ADAPT Ø35 - 280,1,GNDR,Deep Hole Gun Drilling & Trepanning,3,VEN0000002,Apex Precision VMC Machinists,Deep hole gun drilling and trepanning from solid forged alloy bar
4120003400,A-10438,BARREL ADAPT Ø35 - 280,,,RAW FORGING / BAR STOCK FOR BARREL ADAPT Ø35 - 280,2,HON,Deep Hole Diamond Honing (Ra 0.1 µm),2,VEN0000006,Sardar Cylindrical & Surface Grinding,Vertical diamond honing of bore to H7 tolerance and Ra 0.1 micron
4120003400,A-10438,BARREL ADAPT Ø35 - 280,,,RAW FORGING / BAR STOCK FOR BARREL ADAPT Ø35 - 280,3,MCH,Heavy VMC Face & Profile Milling,2,VEN0000002,Apex Precision VMC Machinists,"Mill feed opening hopper throat, thermocouple ports and heater flanges"
4120003400,A-10438,BARREL ADAPT Ø35 - 280,,,RAW FORGING / BAR STOCK FOR BARREL ADAPT Ø35 - 280,4,NIT,Deep Gas Nitriding & Hardening (65-68 HRC),3,VEN0000004,Gujarat Heat Treaters & Nitriding,"Internal bore gas nitriding hardening to 65-68 HRC, case depth 0.6mm"
4120008400,A-10405,BARREL Ø40 - 420,,,EN41B FORGED SEAMLESS CYLINDER BARREL FOR BARREL Ø40 - 420,1,GNDR,Deep Hole Gun Drilling & Trepanning,3,VEN0000002,Apex Precision VMC Machinists,Deep hole gun drilling and trepanning from solid forged alloy bar
4120008400,A-10405,BARREL Ø40 - 420,,,EN41B FORGED SEAMLESS CYLINDER BARREL FOR BARREL Ø40 - 420,2,HON,Deep Hole Diamond Honing (Ra 0.1 µm),2,VEN0000006,Sardar Cylindrical & Surface Grinding,Vertical diamond honing of bore to H7 tolerance and Ra 0.1 micron
4120008400,A-10405,BARREL Ø40 - 420,,,EN41B FORGED SEAMLESS CYLINDER BARREL FOR BARREL Ø40 - 420,3,MCH,Heavy VMC Face & Profile Milling,2,VEN0000002,Apex Precision VMC Machinists,"Mill feed opening hopper throat, thermocouple ports and heater flanges"
4120008400,A-10405,BARREL Ø40 - 420,,,EN41B FORGED SEAMLESS CYLINDER BARREL FOR BARREL Ø40 - 420,4,NIT,Deep Gas Nitriding & Hardening (65-68 HRC),3,VEN0000004,Gujarat Heat Treaters & Nitriding,"Internal bore gas nitriding hardening to 65-68 HRC, case depth 0.6mm"
4120008500,A-10423,SCREW Ø40 - 420,,,EN41B / 38CrMoAl ALLOY STEEL ROUND BAR FOR SCREW Ø40 - 420,1,MCH,Heavy VMC Face & Profile Milling,3,VEN0000002,Apex Precision VMC Machinists,"Precision turning of shank, root diameters and spline coupling drive"
4120008500,A-10423,SCREW Ø40 - 420,,,EN41B / 38CrMoAl ALLOY STEEL ROUND BAR FOR SCREW Ø40 - 420,2,SCRM,CNC Variable Pitch Screw Flight Whirling,4,VEN0000002,Apex Precision VMC Machinists,"CNC flight whirling of feed, compression, metering & barrier mixing flights"
4120008500,A-10423,SCREW Ø40 - 420,,,EN41B / 38CrMoAl ALLOY STEEL ROUND BAR FOR SCREW Ø40 - 420,3,NIT,Deep Gas Nitriding & Hardening (65-68 HRC),3,VEN0000004,Gujarat Heat Treaters & Nitriding,"Deep gas nitriding in vertical retort to 65-68 HRC, case depth 0.5-0.6mm"
4120008500,A-10423,SCREW Ø40 - 420,,,EN41B / 38CrMoAl ALLOY STEEL ROUND BAR FOR SCREW Ø40 - 420,4,GRD,Precision Cylindrical & Surface Grinding,2,VEN0000006,Sardar Cylindrical & Surface Grinding,Cylindrical grind flight crests & polish root channels to Ra 0.1 µm
4120008600,A-10441,BARREL ADAPT Ø40 - 420,,,RAW FORGING / BAR STOCK FOR BARREL ADAPT Ø40 - 420,1,GNDR,Deep Hole Gun Drilling & Trepanning,3,VEN0000002,Apex Precision VMC Machinists,Deep hole gun drilling and trepanning from solid forged alloy bar
4120008600,A-10441,BARREL ADAPT Ø40 - 420,,,RAW FORGING / BAR STOCK FOR BARREL ADAPT Ø40 - 420,2,HON,Deep Hole Diamond Honing (Ra 0.1 µm),2,VEN0000006,Sardar Cylindrical & Surface Grinding,Vertical diamond honing of bore to H7 tolerance and Ra 0.1 micron
4120008600,A-10441,BARREL ADAPT Ø40 - 420,,,RAW FORGING / BAR STOCK FOR BARREL ADAPT Ø40 - 420,3,MCH,Heavy VMC Face & Profile Milling,2,VEN0000002,Apex Precision VMC Machinists,"Mill feed opening hopper throat, thermocouple ports and heater flanges"
4120008600,A-10441,BARREL ADAPT Ø40 - 420,,,RAW FORGING / BAR STOCK FOR BARREL ADAPT Ø40 - 420,4,NIT,Deep Gas Nitriding & Hardening (65-68 HRC),3,VEN0000004,Gujarat Heat Treaters & Nitriding,"Internal bore gas nitriding hardening to 65-68 HRC, case depth 0.6mm"
4120012100,A-10408,BARREL Ø45 - 635,,,EN41B FORGED SEAMLESS CYLINDER BARREL FOR BARREL Ø45 - 635,1,GNDR,Deep Hole Gun Drilling & Trepanning,3,VEN0000002,Apex Precision VMC Machinists,Deep hole gun drilling and trepanning from solid forged alloy bar
4120012100,A-10408,BARREL Ø45 - 635,,,EN41B FORGED SEAMLESS CYLINDER BARREL FOR BARREL Ø45 - 635,2,HON,Deep Hole Diamond Honing (Ra 0.1 µm),2,VEN0000006,Sardar Cylindrical & Surface Grinding,Vertical diamond honing of bore to H7 tolerance and Ra 0.1 micron
4120012100,A-10408,BARREL Ø45 - 635,,,EN41B FORGED SEAMLESS CYLINDER BARREL FOR BARREL Ø45 - 635,3,MCH,Heavy VMC Face & Profile Milling,2,VEN0000002,Apex Precision VMC Machinists,"Mill feed opening hopper throat, thermocouple ports and heater flanges"
4120012100,A-10408,BARREL Ø45 - 635,,,EN41B FORGED SEAMLESS CYLINDER BARREL FOR BARREL Ø45 - 635,4,NIT,Deep Gas Nitriding & Hardening (65-68 HRC),3,VEN0000004,Gujarat Heat Treaters & Nitriding,"Internal bore gas nitriding hardening to 65-68 HRC, case depth 0.6mm"
4120012200,A-10426,SCREW Ø45 - 635,,,EN41B / 38CrMoAl ALLOY STEEL ROUND BAR FOR SCREW Ø45 - 635,1,MCH,Heavy VMC Face & Profile Milling,3,VEN0000002,Apex Precision VMC Machinists,"Precision turning of shank, root diameters and spline coupling drive"
4120012200,A-10426,SCREW Ø45 - 635,,,EN41B / 38CrMoAl ALLOY STEEL ROUND BAR FOR SCREW Ø45 - 635,2,SCRM,CNC Variable Pitch Screw Flight Whirling,4,VEN0000002,Apex Precision VMC Machinists,"CNC flight whirling of feed, compression, metering & barrier mixing flights"
4120012200,A-10426,SCREW Ø45 - 635,,,EN41B / 38CrMoAl ALLOY STEEL ROUND BAR FOR SCREW Ø45 - 635,3,NIT,Deep Gas Nitriding & Hardening (65-68 HRC),3,VEN0000004,Gujarat Heat Treaters & Nitriding,"Deep gas nitriding in vertical retort to 65-68 HRC, case depth 0.5-0.6mm"
4120012200,A-10426,SCREW Ø45 - 635,,,EN41B / 38CrMoAl ALLOY STEEL ROUND BAR FOR SCREW Ø45 - 635,4,GRD,Precision Cylindrical & Surface Grinding,2,VEN0000006,Sardar Cylindrical & Surface Grinding,Cylindrical grind flight crests & polish root channels to Ra 0.1 µm
4120012300,A-10444,BARREL ADAPT Ø45 - 635,,,RAW FORGING / BAR STOCK FOR BARREL ADAPT Ø45 - 635,1,GNDR,Deep Hole Gun Drilling & Trepanning,3,VEN0000002,Apex Precision VMC Machinists,Deep hole gun drilling and trepanning from solid forged alloy bar
4120012300,A-10444,BARREL ADAPT Ø45 - 635,,,RAW FORGING / BAR STOCK FOR BARREL ADAPT Ø45 - 635,2,HON,Deep Hole Diamond Honing (Ra 0.1 µm),2,VEN0000006,Sardar Cylindrical & Surface Grinding,Vertical diamond honing of bore to H7 tolerance and Ra 0.1 micron
4120012300,A-10444,BARREL ADAPT Ø45 - 635,,,RAW FORGING / BAR STOCK FOR BARREL ADAPT Ø45 - 635,3,MCH,Heavy VMC Face & Profile Milling,2,VEN0000002,Apex Precision VMC Machinists,"Mill feed opening hopper throat, thermocouple ports and heater flanges"
4120012300,A-10444,BARREL ADAPT Ø45 - 635,,,RAW FORGING / BAR STOCK FOR BARREL ADAPT Ø45 - 635,4,NIT,Deep Gas Nitriding & Hardening (65-68 HRC),3,VEN0000004,Gujarat Heat Treaters & Nitriding,"Internal bore gas nitriding hardening to 65-68 HRC, case depth 0.6mm"
4120016400,A-10411,BARREL Ø50 - 905,,,EN41B FORGED SEAMLESS CYLINDER BARREL FOR BARREL Ø50 - 905,1,GNDR,Deep Hole Gun Drilling & Trepanning,3,VEN0000002,Apex Precision VMC Machinists,Deep hole gun drilling and trepanning from solid forged alloy bar
4120016400,A-10411,BARREL Ø50 - 905,,,EN41B FORGED SEAMLESS CYLINDER BARREL FOR BARREL Ø50 - 905,2,HON,Deep Hole Diamond Honing (Ra 0.1 µm),2,VEN0000006,Sardar Cylindrical & Surface Grinding,Vertical diamond honing of bore to H7 tolerance and Ra 0.1 micron
4120016400,A-10411,BARREL Ø50 - 905,,,EN41B FORGED SEAMLESS CYLINDER BARREL FOR BARREL Ø50 - 905,3,MCH,Heavy VMC Face & Profile Milling,2,VEN0000002,Apex Precision VMC Machinists,"Mill feed opening hopper throat, thermocouple ports and heater flanges"
4120016400,A-10411,BARREL Ø50 - 905,,,EN41B FORGED SEAMLESS CYLINDER BARREL FOR BARREL Ø50 - 905,4,NIT,Deep Gas Nitriding & Hardening (65-68 HRC),3,VEN0000004,Gujarat Heat Treaters & Nitriding,"Internal bore gas nitriding hardening to 65-68 HRC, case depth 0.6mm"
4120016500,A-10429,SCREW Ø50 - 905,,,EN41B / 38CrMoAl ALLOY STEEL ROUND BAR FOR SCREW Ø50 - 905,1,MCH,Heavy VMC Face & Profile Milling,3,VEN0000002,Apex Precision VMC Machinists,"Precision turning of shank, root diameters and spline coupling drive"
4120016500,A-10429,SCREW Ø50 - 905,,,EN41B / 38CrMoAl ALLOY STEEL ROUND BAR FOR SCREW Ø50 - 905,2,SCRM,CNC Variable Pitch Screw Flight Whirling,4,VEN0000002,Apex Precision VMC Machinists,"CNC flight whirling of feed, compression, metering & barrier mixing flights"
4120016500,A-10429,SCREW Ø50 - 905,,,EN41B / 38CrMoAl ALLOY STEEL ROUND BAR FOR SCREW Ø50 - 905,3,NIT,Deep Gas Nitriding & Hardening (65-68 HRC),3,VEN0000004,Gujarat Heat Treaters & Nitriding,"Deep gas nitriding in vertical retort to 65-68 HRC, case depth 0.5-0.6mm"
4120016500,A-10429,SCREW Ø50 - 905,,,EN41B / 38CrMoAl ALLOY STEEL ROUND BAR FOR SCREW Ø50 - 905,4,GRD,Precision Cylindrical & Surface Grinding,2,VEN0000006,Sardar Cylindrical & Surface Grinding,Cylindrical grind flight crests & polish root channels to Ra 0.1 µm
4120016600,A-10447,BARREL ADAPT Ø50 - 905,,,RAW FORGING / BAR STOCK FOR BARREL ADAPT Ø50 - 905,1,GNDR,Deep Hole Gun Drilling & Trepanning,3,VEN0000002,Apex Precision VMC Machinists,Deep hole gun drilling and trepanning from solid forged alloy bar
4120016600,A-10447,BARREL ADAPT Ø50 - 905,,,RAW FORGING / BAR STOCK FOR BARREL ADAPT Ø50 - 905,2,HON,Deep Hole Diamond Honing (Ra 0.1 µm),2,VEN0000006,Sardar Cylindrical & Surface Grinding,Vertical diamond honing of bore to H7 tolerance and Ra 0.1 micron
4120016600,A-10447,BARREL ADAPT Ø50 - 905,,,RAW FORGING / BAR STOCK FOR BARREL ADAPT Ø50 - 905,3,MCH,Heavy VMC Face & Profile Milling,2,VEN0000002,Apex Precision VMC Machinists,"Mill feed opening hopper throat, thermocouple ports and heater flanges"
4120016600,A-10447,BARREL ADAPT Ø50 - 905,,,RAW FORGING / BAR STOCK FOR BARREL ADAPT Ø50 - 905,4,NIT,Deep Gas Nitriding & Hardening (65-68 HRC),3,VEN0000004,Gujarat Heat Treaters & Nitriding,"Internal bore gas nitriding hardening to 65-68 HRC, case depth 0.6mm"
4120020000,A-10414,BARREL Ø60 - 1520,,,EN41B FORGED SEAMLESS CYLINDER BARREL FOR BARREL Ø60 - 1520,1,GNDR,Deep Hole Gun Drilling & Trepanning,3,VEN0000002,Apex Precision VMC Machinists,Deep hole gun drilling and trepanning from solid forged alloy bar
4120020000,A-10414,BARREL Ø60 - 1520,,,EN41B FORGED SEAMLESS CYLINDER BARREL FOR BARREL Ø60 - 1520,2,HON,Deep Hole Diamond Honing (Ra 0.1 µm),2,VEN0000006,Sardar Cylindrical & Surface Grinding,Vertical diamond honing of bore to H7 tolerance and Ra 0.1 micron
4120020000,A-10414,BARREL Ø60 - 1520,,,EN41B FORGED SEAMLESS CYLINDER BARREL FOR BARREL Ø60 - 1520,3,MCH,Heavy VMC Face & Profile Milling,2,VEN0000002,Apex Precision VMC Machinists,"Mill feed opening hopper throat, thermocouple ports and heater flanges"
4120020000,A-10414,BARREL Ø60 - 1520,,,EN41B FORGED SEAMLESS CYLINDER BARREL FOR BARREL Ø60 - 1520,4,NIT,Deep Gas Nitriding & Hardening (65-68 HRC),3,VEN0000004,Gujarat Heat Treaters & Nitriding,"Internal bore gas nitriding hardening to 65-68 HRC, case depth 0.6mm"
4120020100,A-10432,SCREW Ø60 - 1520,,,EN41B / 38CrMoAl ALLOY STEEL ROUND BAR FOR SCREW Ø60 - 1520,1,MCH,Heavy VMC Face & Profile Milling,3,VEN0000002,Apex Precision VMC Machinists,"Precision turning of shank, root diameters and spline coupling drive"
4120020100,A-10432,SCREW Ø60 - 1520,,,EN41B / 38CrMoAl ALLOY STEEL ROUND BAR FOR SCREW Ø60 - 1520,2,SCRM,CNC Variable Pitch Screw Flight Whirling,4,VEN0000002,Apex Precision VMC Machinists,"CNC flight whirling of feed, compression, metering & barrier mixing flights"
4120020100,A-10432,SCREW Ø60 - 1520,,,EN41B / 38CrMoAl ALLOY STEEL ROUND BAR FOR SCREW Ø60 - 1520,3,NIT,Deep Gas Nitriding & Hardening (65-68 HRC),3,VEN0000004,Gujarat Heat Treaters & Nitriding,"Deep gas nitriding in vertical retort to 65-68 HRC, case depth 0.5-0.6mm"
4120020100,A-10432,SCREW Ø60 - 1520,,,EN41B / 38CrMoAl ALLOY STEEL ROUND BAR FOR SCREW Ø60 - 1520,4,GRD,Precision Cylindrical & Surface Grinding,2,VEN0000006,Sardar Cylindrical & Surface Grinding,Cylindrical grind flight crests & polish root channels to Ra 0.1 µm
4120020200,A-10450,BARREL ADAPT Ø60 - 1520,,,RAW FORGING / BAR STOCK FOR BARREL ADAPT Ø60 - 1520,1,GNDR,Deep Hole Gun Drilling & Trepanning,3,VEN0000002,Apex Precision VMC Machinists,Deep hole gun drilling and trepanning from solid forged alloy bar
4120020200,A-10450,BARREL ADAPT Ø60 - 1520,,,RAW FORGING / BAR STOCK FOR BARREL ADAPT Ø60 - 1520,2,HON,Deep Hole Diamond Honing (Ra 0.1 µm),2,VEN0000006,Sardar Cylindrical & Surface Grinding,Vertical diamond honing of bore to H7 tolerance and Ra 0.1 micron
4120020200,A-10450,BARREL ADAPT Ø60 - 1520,,,RAW FORGING / BAR STOCK FOR BARREL ADAPT Ø60 - 1520,3,MCH,Heavy VMC Face & Profile Milling,2,VEN0000002,Apex Precision VMC Machinists,"Mill feed opening hopper throat, thermocouple ports and heater flanges"
4120020200,A-10450,BARREL ADAPT Ø60 - 1520,,,RAW FORGING / BAR STOCK FOR BARREL ADAPT Ø60 - 1520,4,NIT,Deep Gas Nitriding & Hardening (65-68 HRC),3,VEN0000004,Gujarat Heat Treaters & Nitriding,"Internal bore gas nitriding hardening to 65-68 HRC, case depth 0.6mm"
4120022700,A-10417,BARREL Ø70 - 2350,,,EN41B FORGED SEAMLESS CYLINDER BARREL FOR BARREL Ø70 - 2350,1,GNDR,Deep Hole Gun Drilling & Trepanning,3,VEN0000002,Apex Precision VMC Machinists,Deep hole gun drilling and trepanning from solid forged alloy bar
4120022700,A-10417,BARREL Ø70 - 2350,,,EN41B FORGED SEAMLESS CYLINDER BARREL FOR BARREL Ø70 - 2350,2,HON,Deep Hole Diamond Honing (Ra 0.1 µm),2,VEN0000006,Sardar Cylindrical & Surface Grinding,Vertical diamond honing of bore to H7 tolerance and Ra 0.1 micron
4120022700,A-10417,BARREL Ø70 - 2350,,,EN41B FORGED SEAMLESS CYLINDER BARREL FOR BARREL Ø70 - 2350,3,MCH,Heavy VMC Face & Profile Milling,2,VEN0000002,Apex Precision VMC Machinists,"Mill feed opening hopper throat, thermocouple ports and heater flanges"
4120022700,A-10417,BARREL Ø70 - 2350,,,EN41B FORGED SEAMLESS CYLINDER BARREL FOR BARREL Ø70 - 2350,4,NIT,Deep Gas Nitriding & Hardening (65-68 HRC),3,VEN0000004,Gujarat Heat Treaters & Nitriding,"Internal bore gas nitriding hardening to 65-68 HRC, case depth 0.6mm"
4120022800,A-10435,SCREW Ø70 - 2350,,,EN41B / 38CrMoAl ALLOY STEEL ROUND BAR FOR SCREW Ø70 - 2350,1,MCH,Heavy VMC Face & Profile Milling,3,VEN0000002,Apex Precision VMC Machinists,"Precision turning of shank, root diameters and spline coupling drive"
4120022800,A-10435,SCREW Ø70 - 2350,,,EN41B / 38CrMoAl ALLOY STEEL ROUND BAR FOR SCREW Ø70 - 2350,2,SCRM,CNC Variable Pitch Screw Flight Whirling,4,VEN0000002,Apex Precision VMC Machinists,"CNC flight whirling of feed, compression, metering & barrier mixing flights"
4120022800,A-10435,SCREW Ø70 - 2350,,,EN41B / 38CrMoAl ALLOY STEEL ROUND BAR FOR SCREW Ø70 - 2350,3,NIT,Deep Gas Nitriding & Hardening (65-68 HRC),3,VEN0000004,Gujarat Heat Treaters & Nitriding,"Deep gas nitriding in vertical retort to 65-68 HRC, case depth 0.5-0.6mm"
4120022800,A-10435,SCREW Ø70 - 2350,,,EN41B / 38CrMoAl ALLOY STEEL ROUND BAR FOR SCREW Ø70 - 2350,4,GRD,Precision Cylindrical & Surface Grinding,2,VEN0000006,Sardar Cylindrical & Surface Grinding,Cylindrical grind flight crests & polish root channels to Ra 0.1 µm
4120022900,A-10453,BARREL ADAPT Ø70 - 2350,,,RAW FORGING / BAR STOCK FOR BARREL ADAPT Ø70 - 2350,1,GNDR,Deep Hole Gun Drilling & Trepanning,3,VEN0000002,Apex Precision VMC Machinists,Deep hole gun drilling and trepanning from solid forged alloy bar
4120022900,A-10453,BARREL ADAPT Ø70 - 2350,,,RAW FORGING / BAR STOCK FOR BARREL ADAPT Ø70 - 2350,2,HON,Deep Hole Diamond Honing (Ra 0.1 µm),2,VEN0000006,Sardar Cylindrical & Surface Grinding,Vertical diamond honing of bore to H7 tolerance and Ra 0.1 micron
4120022900,A-10453,BARREL ADAPT Ø70 - 2350,,,RAW FORGING / BAR STOCK FOR BARREL ADAPT Ø70 - 2350,3,MCH,Heavy VMC Face & Profile Milling,2,VEN0000002,Apex Precision VMC Machinists,"Mill feed opening hopper throat, thermocouple ports and heater flanges"
4120022900,A-10453,BARREL ADAPT Ø70 - 2350,,,RAW FORGING / BAR STOCK FOR BARREL ADAPT Ø70 - 2350,4,NIT,Deep Gas Nitriding & Hardening (65-68 HRC),3,VEN0000004,Gujarat Heat Treaters & Nitriding,"Internal bore gas nitriding hardening to 65-68 HRC, case depth 0.6mm"
4120020600,A-10461,SCREW TIP - 70,,,RAW FORGING / BAR STOCK FOR SCREW TIP - 70,1,MCH,Heavy VMC Face & Profile Milling,3,VEN0000002,Apex Precision VMC Machinists,"Precision turning of shank, root diameters and spline coupling drive"
4120020600,A-10461,SCREW TIP - 70,,,RAW FORGING / BAR STOCK FOR SCREW TIP - 70,2,SCRM,CNC Variable Pitch Screw Flight Whirling,4,VEN0000002,Apex Precision VMC Machinists,"CNC flight whirling of feed, compression, metering & barrier mixing flights"
4120020600,A-10461,SCREW TIP - 70,,,RAW FORGING / BAR STOCK FOR SCREW TIP - 70,3,NIT,Deep Gas Nitriding & Hardening (65-68 HRC),3,VEN0000004,Gujarat Heat Treaters & Nitriding,"Deep gas nitriding in vertical retort to 65-68 HRC, case depth 0.5-0.6mm"
4120020600,A-10461,SCREW TIP - 70,,,RAW FORGING / BAR STOCK FOR SCREW TIP - 70,4,GRD,Precision Cylindrical & Surface Grinding,2,VEN0000006,Sardar Cylindrical & Surface Grinding,Cylindrical grind flight crests & polish root channels to Ra 0.1 µm
4120020700,A-10470,SLIDER - 70,,,RAW FORGING / BAR STOCK FOR SLIDER - 70,1,MCH,Heavy VMC Face & Profile Milling,2,VEN0000002,Apex Precision VMC Machinists,Precision CNC 4-axis profile milling and contour machining as per drawing
4120020700,A-10470,SLIDER - 70,,,RAW FORGING / BAR STOCK FOR SLIDER - 70,2,DRL,CNC Pattern Drilling & Tapping (PCD),1,VEN0000002,Apex Precision VMC Machinists,CNC pattern drilling and precision thread tapping
4120020700,A-10470,SLIDER - 70,,,RAW FORGING / BAR STOCK FOR SLIDER - 70,3,GRD,Precision Cylindrical & Surface Grinding,1,VEN0000006,Sardar Cylindrical & Surface Grinding,Finish surface grinding to specified Ra value and de-burring
4120020800,A-10478,SLIDER SEAT - 70,,,RAW FORGING / BAR STOCK FOR SLIDER SEAT - 70,1,MCH,Heavy VMC Face & Profile Milling,2,VEN0000002,Apex Precision VMC Machinists,Precision CNC 4-axis profile milling and contour machining as per drawing
4120020800,A-10478,SLIDER SEAT - 70,,,RAW FORGING / BAR STOCK FOR SLIDER SEAT - 70,2,DRL,CNC Pattern Drilling & Tapping (PCD),1,VEN0000002,Apex Precision VMC Machinists,CNC pattern drilling and precision thread tapping
4120020800,A-10478,SLIDER SEAT - 70,,,RAW FORGING / BAR STOCK FOR SLIDER SEAT - 70,3,GRD,Precision Cylindrical & Surface Grinding,1,VEN0000006,Sardar Cylindrical & Surface Grinding,Finish surface grinding to specified Ra value and de-burring
4120003800,A-10403,BARREL Ø40 - 280,,,EN41B FORGED SEAMLESS CYLINDER BARREL FOR BARREL Ø40 - 280,1,GNDR,Deep Hole Gun Drilling & Trepanning,3,VEN0000002,Apex Precision VMC Machinists,Deep hole gun drilling and trepanning from solid forged alloy bar
4120003800,A-10403,BARREL Ø40 - 280,,,EN41B FORGED SEAMLESS CYLINDER BARREL FOR BARREL Ø40 - 280,2,HON,Deep Hole Diamond Honing (Ra 0.1 µm),2,VEN0000006,Sardar Cylindrical & Surface Grinding,Vertical diamond honing of bore to H7 tolerance and Ra 0.1 micron
4120003800,A-10403,BARREL Ø40 - 280,,,EN41B FORGED SEAMLESS CYLINDER BARREL FOR BARREL Ø40 - 280,3,MCH,Heavy VMC Face & Profile Milling,2,VEN0000002,Apex Precision VMC Machinists,"Mill feed opening hopper throat, thermocouple ports and heater flanges"
4120003800,A-10403,BARREL Ø40 - 280,,,EN41B FORGED SEAMLESS CYLINDER BARREL FOR BARREL Ø40 - 280,4,NIT,Deep Gas Nitriding & Hardening (65-68 HRC),3,VEN0000004,Gujarat Heat Treaters & Nitriding,"Internal bore gas nitriding hardening to 65-68 HRC, case depth 0.6mm"
4120003900,A-10421,SCREW Ø40 - 280,,,EN41B / 38CrMoAl ALLOY STEEL ROUND BAR FOR SCREW Ø40 - 280,1,MCH,Heavy VMC Face & Profile Milling,3,VEN0000002,Apex Precision VMC Machinists,"Precision turning of shank, root diameters and spline coupling drive"
4120003900,A-10421,SCREW Ø40 - 280,,,EN41B / 38CrMoAl ALLOY STEEL ROUND BAR FOR SCREW Ø40 - 280,2,SCRM,CNC Variable Pitch Screw Flight Whirling,4,VEN0000002,Apex Precision VMC Machinists,"CNC flight whirling of feed, compression, metering & barrier mixing flights"
4120003900,A-10421,SCREW Ø40 - 280,,,EN41B / 38CrMoAl ALLOY STEEL ROUND BAR FOR SCREW Ø40 - 280,3,NIT,Deep Gas Nitriding & Hardening (65-68 HRC),3,VEN0000004,Gujarat Heat Treaters & Nitriding,"Deep gas nitriding in vertical retort to 65-68 HRC, case depth 0.5-0.6mm"
4120003900,A-10421,SCREW Ø40 - 280,,,EN41B / 38CrMoAl ALLOY STEEL ROUND BAR FOR SCREW Ø40 - 280,4,GRD,Precision Cylindrical & Surface Grinding,2,VEN0000006,Sardar Cylindrical & Surface Grinding,Cylindrical grind flight crests & polish root channels to Ra 0.1 µm
4120004000,A-10439,BARREL ADAPT Ø40 - 280,,,RAW FORGING / BAR STOCK FOR BARREL ADAPT Ø40 - 280,1,GNDR,Deep Hole Gun Drilling & Trepanning,3,VEN0000002,Apex Precision VMC Machinists,Deep hole gun drilling and trepanning from solid forged alloy bar
4120004000,A-10439,BARREL ADAPT Ø40 - 280,,,RAW FORGING / BAR STOCK FOR BARREL ADAPT Ø40 - 280,2,HON,Deep Hole Diamond Honing (Ra 0.1 µm),2,VEN0000006,Sardar Cylindrical & Surface Grinding,Vertical diamond honing of bore to H7 tolerance and Ra 0.1 micron
4120004000,A-10439,BARREL ADAPT Ø40 - 280,,,RAW FORGING / BAR STOCK FOR BARREL ADAPT Ø40 - 280,3,MCH,Heavy VMC Face & Profile Milling,2,VEN0000002,Apex Precision VMC Machinists,"Mill feed opening hopper throat, thermocouple ports and heater flanges"
4120004000,A-10439,BARREL ADAPT Ø40 - 280,,,RAW FORGING / BAR STOCK FOR BARREL ADAPT Ø40 - 280,4,NIT,Deep Gas Nitriding & Hardening (65-68 HRC),3,VEN0000004,Gujarat Heat Treaters & Nitriding,"Internal bore gas nitriding hardening to 65-68 HRC, case depth 0.6mm"
4120008700,A-10406,BARREL Ø45 - 420,,,EN41B FORGED SEAMLESS CYLINDER BARREL FOR BARREL Ø45 - 420,1,GNDR,Deep Hole Gun Drilling & Trepanning,3,VEN0000002,Apex Precision VMC Machinists,Deep hole gun drilling and trepanning from solid forged alloy bar
4120008700,A-10406,BARREL Ø45 - 420,,,EN41B FORGED SEAMLESS CYLINDER BARREL FOR BARREL Ø45 - 420,2,HON,Deep Hole Diamond Honing (Ra 0.1 µm),2,VEN0000006,Sardar Cylindrical & Surface Grinding,Vertical diamond honing of bore to H7 tolerance and Ra 0.1 micron
4120008700,A-10406,BARREL Ø45 - 420,,,EN41B FORGED SEAMLESS CYLINDER BARREL FOR BARREL Ø45 - 420,3,MCH,Heavy VMC Face & Profile Milling,2,VEN0000002,Apex Precision VMC Machinists,"Mill feed opening hopper throat, thermocouple ports and heater flanges"
4120008700,A-10406,BARREL Ø45 - 420,,,EN41B FORGED SEAMLESS CYLINDER BARREL FOR BARREL Ø45 - 420,4,NIT,Deep Gas Nitriding & Hardening (65-68 HRC),3,VEN0000004,Gujarat Heat Treaters & Nitriding,"Internal bore gas nitriding hardening to 65-68 HRC, case depth 0.6mm"
4120008800,A-10424,SCREW Ø45 - 420,,,EN41B / 38CrMoAl ALLOY STEEL ROUND BAR FOR SCREW Ø45 - 420,1,MCH,Heavy VMC Face & Profile Milling,3,VEN0000002,Apex Precision VMC Machinists,"Precision turning of shank, root diameters and spline coupling drive"
4120008800,A-10424,SCREW Ø45 - 420,,,EN41B / 38CrMoAl ALLOY STEEL ROUND BAR FOR SCREW Ø45 - 420,2,SCRM,CNC Variable Pitch Screw Flight Whirling,4,VEN0000002,Apex Precision VMC Machinists,"CNC flight whirling of feed, compression, metering & barrier mixing flights"
4120008800,A-10424,SCREW Ø45 - 420,,,EN41B / 38CrMoAl ALLOY STEEL ROUND BAR FOR SCREW Ø45 - 420,3,NIT,Deep Gas Nitriding & Hardening (65-68 HRC),3,VEN0000004,Gujarat Heat Treaters & Nitriding,"Deep gas nitriding in vertical retort to 65-68 HRC, case depth 0.5-0.6mm"
4120008800,A-10424,SCREW Ø45 - 420,,,EN41B / 38CrMoAl ALLOY STEEL ROUND BAR FOR SCREW Ø45 - 420,4,GRD,Precision Cylindrical & Surface Grinding,2,VEN0000006,Sardar Cylindrical & Surface Grinding,Cylindrical grind flight crests & polish root channels to Ra 0.1 µm
4120008900,A-10442,BARREL ADAPT Ø45 - 420,,,RAW FORGING / BAR STOCK FOR BARREL ADAPT Ø45 - 420,1,GNDR,Deep Hole Gun Drilling & Trepanning,3,VEN0000002,Apex Precision VMC Machinists,Deep hole gun drilling and trepanning from solid forged alloy bar
4120008900,A-10442,BARREL ADAPT Ø45 - 420,,,RAW FORGING / BAR STOCK FOR BARREL ADAPT Ø45 - 420,2,HON,Deep Hole Diamond Honing (Ra 0.1 µm),2,VEN0000006,Sardar Cylindrical & Surface Grinding,Vertical diamond honing of bore to H7 tolerance and Ra 0.1 micron
4120008900,A-10442,BARREL ADAPT Ø45 - 420,,,RAW FORGING / BAR STOCK FOR BARREL ADAPT Ø45 - 420,3,MCH,Heavy VMC Face & Profile Milling,2,VEN0000002,Apex Precision VMC Machinists,"Mill feed opening hopper throat, thermocouple ports and heater flanges"
4120008900,A-10442,BARREL ADAPT Ø45 - 420,,,RAW FORGING / BAR STOCK FOR BARREL ADAPT Ø45 - 420,4,NIT,Deep Gas Nitriding & Hardening (65-68 HRC),3,VEN0000004,Gujarat Heat Treaters & Nitriding,"Internal bore gas nitriding hardening to 65-68 HRC, case depth 0.6mm"
4120012400,A-10409,BARREL Ø50 - 635,,,EN41B FORGED SEAMLESS CYLINDER BARREL FOR BARREL Ø50 - 635,1,GNDR,Deep Hole Gun Drilling & Trepanning,3,VEN0000002,Apex Precision VMC Machinists,Deep hole gun drilling and trepanning from solid forged alloy bar
4120012400,A-10409,BARREL Ø50 - 635,,,EN41B FORGED SEAMLESS CYLINDER BARREL FOR BARREL Ø50 - 635,2,HON,Deep Hole Diamond Honing (Ra 0.1 µm),2,VEN0000006,Sardar Cylindrical & Surface Grinding,Vertical diamond honing of bore to H7 tolerance and Ra 0.1 micron
4120012400,A-10409,BARREL Ø50 - 635,,,EN41B FORGED SEAMLESS CYLINDER BARREL FOR BARREL Ø50 - 635,3,MCH,Heavy VMC Face & Profile Milling,2,VEN0000002,Apex Precision VMC Machinists,"Mill feed opening hopper throat, thermocouple ports and heater flanges"
4120012400,A-10409,BARREL Ø50 - 635,,,EN41B FORGED SEAMLESS CYLINDER BARREL FOR BARREL Ø50 - 635,4,NIT,Deep Gas Nitriding & Hardening (65-68 HRC),3,VEN0000004,Gujarat Heat Treaters & Nitriding,"Internal bore gas nitriding hardening to 65-68 HRC, case depth 0.6mm"
4120012500,A-10427,SCREW Ø50 - 635,,,EN41B / 38CrMoAl ALLOY STEEL ROUND BAR FOR SCREW Ø50 - 635,1,MCH,Heavy VMC Face & Profile Milling,3,VEN0000002,Apex Precision VMC Machinists,"Precision turning of shank, root diameters and spline coupling drive"
4120012500,A-10427,SCREW Ø50 - 635,,,EN41B / 38CrMoAl ALLOY STEEL ROUND BAR FOR SCREW Ø50 - 635,2,SCRM,CNC Variable Pitch Screw Flight Whirling,4,VEN0000002,Apex Precision VMC Machinists,"CNC flight whirling of feed, compression, metering & barrier mixing flights"
4120012500,A-10427,SCREW Ø50 - 635,,,EN41B / 38CrMoAl ALLOY STEEL ROUND BAR FOR SCREW Ø50 - 635,3,NIT,Deep Gas Nitriding & Hardening (65-68 HRC),3,VEN0000004,Gujarat Heat Treaters & Nitriding,"Deep gas nitriding in vertical retort to 65-68 HRC, case depth 0.5-0.6mm"
4120012500,A-10427,SCREW Ø50 - 635,,,EN41B / 38CrMoAl ALLOY STEEL ROUND BAR FOR SCREW Ø50 - 635,4,GRD,Precision Cylindrical & Surface Grinding,2,VEN0000006,Sardar Cylindrical & Surface Grinding,Cylindrical grind flight crests & polish root channels to Ra 0.1 µm
4120012600,A-10445,BARREL ADAPT Ø50 - 635,,,RAW FORGING / BAR STOCK FOR BARREL ADAPT Ø50 - 635,1,GNDR,Deep Hole Gun Drilling & Trepanning,3,VEN0000002,Apex Precision VMC Machinists,Deep hole gun drilling and trepanning from solid forged alloy bar
4120012600,A-10445,BARREL ADAPT Ø50 - 635,,,RAW FORGING / BAR STOCK FOR BARREL ADAPT Ø50 - 635,2,HON,Deep Hole Diamond Honing (Ra 0.1 µm),2,VEN0000006,Sardar Cylindrical & Surface Grinding,Vertical diamond honing of bore to H7 tolerance and Ra 0.1 micron
4120012600,A-10445,BARREL ADAPT Ø50 - 635,,,RAW FORGING / BAR STOCK FOR BARREL ADAPT Ø50 - 635,3,MCH,Heavy VMC Face & Profile Milling,2,VEN0000002,Apex Precision VMC Machinists,"Mill feed opening hopper throat, thermocouple ports and heater flanges"
4120012600,A-10445,BARREL ADAPT Ø50 - 635,,,RAW FORGING / BAR STOCK FOR BARREL ADAPT Ø50 - 635,4,NIT,Deep Gas Nitriding & Hardening (65-68 HRC),3,VEN0000004,Gujarat Heat Treaters & Nitriding,"Internal bore gas nitriding hardening to 65-68 HRC, case depth 0.6mm"
4120016700,A-10412,BARREL Ø60 - 905,,,EN41B FORGED SEAMLESS CYLINDER BARREL FOR BARREL Ø60 - 905,1,GNDR,Deep Hole Gun Drilling & Trepanning,3,VEN0000002,Apex Precision VMC Machinists,Deep hole gun drilling and trepanning from solid forged alloy bar
4120016700,A-10412,BARREL Ø60 - 905,,,EN41B FORGED SEAMLESS CYLINDER BARREL FOR BARREL Ø60 - 905,2,HON,Deep Hole Diamond Honing (Ra 0.1 µm),2,VEN0000006,Sardar Cylindrical & Surface Grinding,Vertical diamond honing of bore to H7 tolerance and Ra 0.1 micron
4120016700,A-10412,BARREL Ø60 - 905,,,EN41B FORGED SEAMLESS CYLINDER BARREL FOR BARREL Ø60 - 905,3,MCH,Heavy VMC Face & Profile Milling,2,VEN0000002,Apex Precision VMC Machinists,"Mill feed opening hopper throat, thermocouple ports and heater flanges"
4120016700,A-10412,BARREL Ø60 - 905,,,EN41B FORGED SEAMLESS CYLINDER BARREL FOR BARREL Ø60 - 905,4,NIT,Deep Gas Nitriding & Hardening (65-68 HRC),3,VEN0000004,Gujarat Heat Treaters & Nitriding,"Internal bore gas nitriding hardening to 65-68 HRC, case depth 0.6mm"
4120016800,A-10430,SCREW Ø60 - 905,,,EN41B / 38CrMoAl ALLOY STEEL ROUND BAR FOR SCREW Ø60 - 905,1,MCH,Heavy VMC Face & Profile Milling,3,VEN0000002,Apex Precision VMC Machinists,"Precision turning of shank, root diameters and spline coupling drive"
4120016800,A-10430,SCREW Ø60 - 905,,,EN41B / 38CrMoAl ALLOY STEEL ROUND BAR FOR SCREW Ø60 - 905,2,SCRM,CNC Variable Pitch Screw Flight Whirling,4,VEN0000002,Apex Precision VMC Machinists,"CNC flight whirling of feed, compression, metering & barrier mixing flights"
4120016800,A-10430,SCREW Ø60 - 905,,,EN41B / 38CrMoAl ALLOY STEEL ROUND BAR FOR SCREW Ø60 - 905,3,NIT,Deep Gas Nitriding & Hardening (65-68 HRC),3,VEN0000004,Gujarat Heat Treaters & Nitriding,"Deep gas nitriding in vertical retort to 65-68 HRC, case depth 0.5-0.6mm"
4120016800,A-10430,SCREW Ø60 - 905,,,EN41B / 38CrMoAl ALLOY STEEL ROUND BAR FOR SCREW Ø60 - 905,4,GRD,Precision Cylindrical & Surface Grinding,2,VEN0000006,Sardar Cylindrical & Surface Grinding,Cylindrical grind flight crests & polish root channels to Ra 0.1 µm
4120016900,A-10448,BARREL ADAPT Ø60 - 905,,,RAW FORGING / BAR STOCK FOR BARREL ADAPT Ø60 - 905,1,GNDR,Deep Hole Gun Drilling & Trepanning,3,VEN0000002,Apex Precision VMC Machinists,Deep hole gun drilling and trepanning from solid forged alloy bar
4120016900,A-10448,BARREL ADAPT Ø60 - 905,,,RAW FORGING / BAR STOCK FOR BARREL ADAPT Ø60 - 905,2,HON,Deep Hole Diamond Honing (Ra 0.1 µm),2,VEN0000006,Sardar Cylindrical & Surface Grinding,Vertical diamond honing of bore to H7 tolerance and Ra 0.1 micron
4120016900,A-10448,BARREL ADAPT Ø60 - 905,,,RAW FORGING / BAR STOCK FOR BARREL ADAPT Ø60 - 905,3,MCH,Heavy VMC Face & Profile Milling,2,VEN0000002,Apex Precision VMC Machinists,"Mill feed opening hopper throat, thermocouple ports and heater flanges"
4120016900,A-10448,BARREL ADAPT Ø60 - 905,,,RAW FORGING / BAR STOCK FOR BARREL ADAPT Ø60 - 905,4,NIT,Deep Gas Nitriding & Hardening (65-68 HRC),3,VEN0000004,Gujarat Heat Treaters & Nitriding,"Internal bore gas nitriding hardening to 65-68 HRC, case depth 0.6mm"
4120020300,A-10415,BARREL Ø70 - 1520,,,EN41B FORGED SEAMLESS CYLINDER BARREL FOR BARREL Ø70 - 1520,1,GNDR,Deep Hole Gun Drilling & Trepanning,3,VEN0000002,Apex Precision VMC Machinists,Deep hole gun drilling and trepanning from solid forged alloy bar
4120020300,A-10415,BARREL Ø70 - 1520,,,EN41B FORGED SEAMLESS CYLINDER BARREL FOR BARREL Ø70 - 1520,2,HON,Deep Hole Diamond Honing (Ra 0.1 µm),2,VEN0000006,Sardar Cylindrical & Surface Grinding,Vertical diamond honing of bore to H7 tolerance and Ra 0.1 micron
4120020300,A-10415,BARREL Ø70 - 1520,,,EN41B FORGED SEAMLESS CYLINDER BARREL FOR BARREL Ø70 - 1520,3,MCH,Heavy VMC Face & Profile Milling,2,VEN0000002,Apex Precision VMC Machinists,"Mill feed opening hopper throat, thermocouple ports and heater flanges"
4120020300,A-10415,BARREL Ø70 - 1520,,,EN41B FORGED SEAMLESS CYLINDER BARREL FOR BARREL Ø70 - 1520,4,NIT,Deep Gas Nitriding & Hardening (65-68 HRC),3,VEN0000004,Gujarat Heat Treaters & Nitriding,"Internal bore gas nitriding hardening to 65-68 HRC, case depth 0.6mm"
4120020400,A-10433,SCREW Ø70 - 1520,,,EN41B / 38CrMoAl ALLOY STEEL ROUND BAR FOR SCREW Ø70 - 1520,1,MCH,Heavy VMC Face & Profile Milling,3,VEN0000002,Apex Precision VMC Machinists,"Precision turning of shank, root diameters and spline coupling drive"
4120020400,A-10433,SCREW Ø70 - 1520,,,EN41B / 38CrMoAl ALLOY STEEL ROUND BAR FOR SCREW Ø70 - 1520,2,SCRM,CNC Variable Pitch Screw Flight Whirling,4,VEN0000002,Apex Precision VMC Machinists,"CNC flight whirling of feed, compression, metering & barrier mixing flights"
4120020400,A-10433,SCREW Ø70 - 1520,,,EN41B / 38CrMoAl ALLOY STEEL ROUND BAR FOR SCREW Ø70 - 1520,3,NIT,Deep Gas Nitriding & Hardening (65-68 HRC),3,VEN0000004,Gujarat Heat Treaters & Nitriding,"Deep gas nitriding in vertical retort to 65-68 HRC, case depth 0.5-0.6mm"
4120020400,A-10433,SCREW Ø70 - 1520,,,EN41B / 38CrMoAl ALLOY STEEL ROUND BAR FOR SCREW Ø70 - 1520,4,GRD,Precision Cylindrical & Surface Grinding,2,VEN0000006,Sardar Cylindrical & Surface Grinding,Cylindrical grind flight crests & polish root channels to Ra 0.1 µm
4120020500,A-10451,BARREL ADAPT Ø70 - 1520,,,RAW FORGING / BAR STOCK FOR BARREL ADAPT Ø70 - 1520,1,GNDR,Deep Hole Gun Drilling & Trepanning,3,VEN0000002,Apex Precision VMC Machinists,Deep hole gun drilling and trepanning from solid forged alloy bar
4120020500,A-10451,BARREL ADAPT Ø70 - 1520,,,RAW FORGING / BAR STOCK FOR BARREL ADAPT Ø70 - 1520,2,HON,Deep Hole Diamond Honing (Ra 0.1 µm),2,VEN0000006,Sardar Cylindrical & Surface Grinding,Vertical diamond honing of bore to H7 tolerance and Ra 0.1 micron
4120020500,A-10451,BARREL ADAPT Ø70 - 1520,,,RAW FORGING / BAR STOCK FOR BARREL ADAPT Ø70 - 1520,3,MCH,Heavy VMC Face & Profile Milling,2,VEN0000002,Apex Precision VMC Machinists,"Mill feed opening hopper throat, thermocouple ports and heater flanges"
4120020500,A-10451,BARREL ADAPT Ø70 - 1520,,,RAW FORGING / BAR STOCK FOR BARREL ADAPT Ø70 - 1520,4,NIT,Deep Gas Nitriding & Hardening (65-68 HRC),3,VEN0000004,Gujarat Heat Treaters & Nitriding,"Internal bore gas nitriding hardening to 65-68 HRC, case depth 0.6mm"
4120023000,A-10418,BARREL Ø80 - 2350,,,EN41B FORGED SEAMLESS CYLINDER BARREL FOR BARREL Ø80 - 2350,1,GNDR,Deep Hole Gun Drilling & Trepanning,3,VEN0000002,Apex Precision VMC Machinists,Deep hole gun drilling and trepanning from solid forged alloy bar
4120023000,A-10418,BARREL Ø80 - 2350,,,EN41B FORGED SEAMLESS CYLINDER BARREL FOR BARREL Ø80 - 2350,2,HON,Deep Hole Diamond Honing (Ra 0.1 µm),2,VEN0000006,Sardar Cylindrical & Surface Grinding,Vertical diamond honing of bore to H7 tolerance and Ra 0.1 micron
4120023000,A-10418,BARREL Ø80 - 2350,,,EN41B FORGED SEAMLESS CYLINDER BARREL FOR BARREL Ø80 - 2350,3,MCH,Heavy VMC Face & Profile Milling,2,VEN0000002,Apex Precision VMC Machinists,"Mill feed opening hopper throat, thermocouple ports and heater flanges"
4120023000,A-10418,BARREL Ø80 - 2350,,,EN41B FORGED SEAMLESS CYLINDER BARREL FOR BARREL Ø80 - 2350,4,NIT,Deep Gas Nitriding & Hardening (65-68 HRC),3,VEN0000004,Gujarat Heat Treaters & Nitriding,"Internal bore gas nitriding hardening to 65-68 HRC, case depth 0.6mm"
4120023100,A-10436,SCREW Ø80 - 2350,,,EN41B / 38CrMoAl ALLOY STEEL ROUND BAR FOR SCREW Ø80 - 2350,1,MCH,Heavy VMC Face & Profile Milling,3,VEN0000002,Apex Precision VMC Machinists,"Precision turning of shank, root diameters and spline coupling drive"
4120023100,A-10436,SCREW Ø80 - 2350,,,EN41B / 38CrMoAl ALLOY STEEL ROUND BAR FOR SCREW Ø80 - 2350,2,SCRM,CNC Variable Pitch Screw Flight Whirling,4,VEN0000002,Apex Precision VMC Machinists,"CNC flight whirling of feed, compression, metering & barrier mixing flights"
4120023100,A-10436,SCREW Ø80 - 2350,,,EN41B / 38CrMoAl ALLOY STEEL ROUND BAR FOR SCREW Ø80 - 2350,3,NIT,Deep Gas Nitriding & Hardening (65-68 HRC),3,VEN0000004,Gujarat Heat Treaters & Nitriding,"Deep gas nitriding in vertical retort to 65-68 HRC, case depth 0.5-0.6mm"
4120023100,A-10436,SCREW Ø80 - 2350,,,EN41B / 38CrMoAl ALLOY STEEL ROUND BAR FOR SCREW Ø80 - 2350,4,GRD,Precision Cylindrical & Surface Grinding,2,VEN0000006,Sardar Cylindrical & Surface Grinding,Cylindrical grind flight crests & polish root channels to Ra 0.1 µm
4120023200,A-10454,BARREL ADAPT Ø80 - 2350,,,RAW FORGING / BAR STOCK FOR BARREL ADAPT Ø80 - 2350,1,GNDR,Deep Hole Gun Drilling & Trepanning,3,VEN0000002,Apex Precision VMC Machinists,Deep hole gun drilling and trepanning from solid forged alloy bar
4120023200,A-10454,BARREL ADAPT Ø80 - 2350,,,RAW FORGING / BAR STOCK FOR BARREL ADAPT Ø80 - 2350,2,HON,Deep Hole Diamond Honing (Ra 0.1 µm),2,VEN0000006,Sardar Cylindrical & Surface Grinding,Vertical diamond honing of bore to H7 tolerance and Ra 0.1 micron
4120023200,A-10454,BARREL ADAPT Ø80 - 2350,,,RAW FORGING / BAR STOCK FOR BARREL ADAPT Ø80 - 2350,3,MCH,Heavy VMC Face & Profile Milling,2,VEN0000002,Apex Precision VMC Machinists,"Mill feed opening hopper throat, thermocouple ports and heater flanges"
4120023200,A-10454,BARREL ADAPT Ø80 - 2350,,,RAW FORGING / BAR STOCK FOR BARREL ADAPT Ø80 - 2350,4,NIT,Deep Gas Nitriding & Hardening (65-68 HRC),3,VEN0000004,Gujarat Heat Treaters & Nitriding,"Internal bore gas nitriding hardening to 65-68 HRC, case depth 0.6mm"
4120023300,A-10462,SCREW TIP - 80,,,RAW FORGING / BAR STOCK FOR SCREW TIP - 80,1,MCH,Heavy VMC Face & Profile Milling,3,VEN0000002,Apex Precision VMC Machinists,"Precision turning of shank, root diameters and spline coupling drive"
4120023300,A-10462,SCREW TIP - 80,,,RAW FORGING / BAR STOCK FOR SCREW TIP - 80,2,SCRM,CNC Variable Pitch Screw Flight Whirling,4,VEN0000002,Apex Precision VMC Machinists,"CNC flight whirling of feed, compression, metering & barrier mixing flights"
4120023300,A-10462,SCREW TIP - 80,,,RAW FORGING / BAR STOCK FOR SCREW TIP - 80,3,NIT,Deep Gas Nitriding & Hardening (65-68 HRC),3,VEN0000004,Gujarat Heat Treaters & Nitriding,"Deep gas nitriding in vertical retort to 65-68 HRC, case depth 0.5-0.6mm"
4120023300,A-10462,SCREW TIP - 80,,,RAW FORGING / BAR STOCK FOR SCREW TIP - 80,4,GRD,Precision Cylindrical & Surface Grinding,2,VEN0000006,Sardar Cylindrical & Surface Grinding,Cylindrical grind flight crests & polish root channels to Ra 0.1 µm
4120023400,A-10471,SLIDER - 80,,,RAW FORGING / BAR STOCK FOR SLIDER - 80,1,MCH,Heavy VMC Face & Profile Milling,2,VEN0000002,Apex Precision VMC Machinists,Precision CNC 4-axis profile milling and contour machining as per drawing
4120023400,A-10471,SLIDER - 80,,,RAW FORGING / BAR STOCK FOR SLIDER - 80,2,DRL,CNC Pattern Drilling & Tapping (PCD),1,VEN0000002,Apex Precision VMC Machinists,CNC pattern drilling and precision thread tapping
4120023400,A-10471,SLIDER - 80,,,RAW FORGING / BAR STOCK FOR SLIDER - 80,3,GRD,Precision Cylindrical & Surface Grinding,1,VEN0000006,Sardar Cylindrical & Surface Grinding,Finish surface grinding to specified Ra value and de-burring
4120023500,A-10479,SLIDER SEAT - 80,,,RAW FORGING / BAR STOCK FOR SLIDER SEAT - 80,1,MCH,Heavy VMC Face & Profile Milling,2,VEN0000002,Apex Precision VMC Machinists,Precision CNC 4-axis profile milling and contour machining as per drawing
4120023500,A-10479,SLIDER SEAT - 80,,,RAW FORGING / BAR STOCK FOR SLIDER SEAT - 80,2,DRL,CNC Pattern Drilling & Tapping (PCD),1,VEN0000002,Apex Precision VMC Machinists,CNC pattern drilling and precision thread tapping
4120023500,A-10479,SLIDER SEAT - 80,,,RAW FORGING / BAR STOCK FOR SLIDER SEAT - 80,3,GRD,Precision Cylindrical & Surface Grinding,1,VEN0000006,Sardar Cylindrical & Surface Grinding,Finish surface grinding to specified Ra value and de-burring
