BOMCode,MachineModel,Version,ItemCode,ItemName,SubAssemblyTag,QtyPerMachine,Unit,ScrapPercent,EstHoursPerUnit
BOM-0001,PATTERN-90-280,v1.0,4005000100,STATIONARY PLATE TOGGLE - 90 TON (PATTERN),Main Assembly,1.0,NOS,0.0,0.5
BOM-0001,PATTERN-90-280,v1.0,4005001200,MOVING PLATE TOGGLE - 90 TON (PATTERN),Main Assembly,1.0,NOS,0.0,0.5
BOM-0001,PATTERN-90-280,v1.0,4005002300,END PLATE - 90 TON (PATTERN),Main Assembly,1.0,NOS,0.0,0.5
BOM-0001,PATTERN-90-280,v1.0,4005003600,CROSSHEAD - 90 TON (PATTERN),Main Assembly,1.0,NOS,0.0,0.5
BOM-0001,PATTERN-90-280,v1.0,4005004200,CROSSHEAD LINK - 90 TON (PATTERN),Main Assembly,1.0,NOS,0.0,0.5
BOM-0001,PATTERN-90-280,v1.0,4005004800,BINARY LINK - 90 TON (PATTERN),Main Assembly,1.0,NOS,0.0,0.5
BOM-0001,PATTERN-90-280,v1.0,4005005400,TERNARY LINK - 90 TON (PATTERN),Main Assembly,1.0,NOS,0.0,0.5
BOM-0001,PATTERN-90-280,v1.0,4005006300,SUN GEAR - 90 TON (MODULE-3 TEETH-159) (PATTERN),Main Assembly,1.0,NOS,0.0,0.5
BOM-0001,PATTERN-90-280,v1.0,4005006900,GEAR NUT RETAINER - 90 TON (PATTERN),Main Assembly,1.0,NOS,0.0,0.5
BOM-0001,PATTERN-90-280,v1.0,4005007500,DIE HEIGHT MOTOR MTG BRACKET - 90 TON (PATTERN),Main Assembly,1.0,NOS,0.0,0.5
BOM-0001,PATTERN-90-280,v1.0,4005009600,BARREL PLATE - 280 (STOCK-150) (PATTERN),Main Assembly,1.0,NOS,0.0,0.5
BOM-0001,PATTERN-90-280,v1.0,4005011200,BEARING HOUSING - 280 (PATTERN),Main Assembly,1.0,NOS,0.0,0.5
BOM-0001,PATTERN-90-280,v1.0,4005012500,INJ CYL ROD NUT RETAINER - 280 (PATTERN),Main Assembly,1.0,NOS,0.0,0.5
BOM-0001,PATTERN-90-280,v1.0,4005013300,INJECTION GUIDE ROD SUPPORT ID Ø60 - 280 (PATTERN),Main Assembly,1.0,NOS,0.0,0.5
BOM-0001,PATTERN-90-280,v1.0,4005002900,EJECTOR PLATE  TOGGLE - 90 TON (PATTERN),Main Assembly,1.0,NOS,0.0,0.5
BOM-0001,PATTERN-90-280,v1.0,4005013500,HEAT EXCHANGER FRONT CAP - 90 TON (PATTERN),Main Assembly,1.0,NOS,0.0,0.5
BOM-0001,PATTERN-90-280,v1.0,4005013600,HEAT EXCHANGER END CAP - 90 TON (PATTERN),Main Assembly,1.0,NOS,0.0,0.5
BOM-0002,PATTERN-110-420,v1.0,4005000200,STATIONARY PLATE TOGGLE - 110 TON (PATTERN),Main Assembly,1.0,NOS,0.0,0.5
BOM-0002,PATTERN-110-420,v1.0,4005001300,MOVING PLATE TOGGLE - 110 TON (PATTERN),Main Assembly,1.0,NOS,0.0,0.5
BOM-0002,PATTERN-110-420,v1.0,4005002400,END PLATE - 110 TON (PATTERN),Main Assembly,1.0,NOS,0.0,0.5
BOM-0002,PATTERN-110-420,v1.0,4005003700,CROSSHEAD - 110 TON (PATTERN),Main Assembly,1.0,NOS,0.0,0.5
BOM-0002,PATTERN-110-420,v1.0,4005004300,CROSSHEAD LINK - 110 TON (PATTERN),Main Assembly,1.0,NOS,0.0,0.5
BOM-0002,PATTERN-110-420,v1.0,4005004900,BINARY LINK - 110 TON (PATTERN),Main Assembly,1.0,NOS,0.0,0.5
BOM-0002,PATTERN-110-420,v1.0,4005005500,TERNARY LINK - 110 TON (PATTERN),Main Assembly,1.0,NOS,0.0,0.5
BOM-0002,PATTERN-110-420,v1.0,4005006400,SUN GEAR - 110 TON (MODULE-3 TEETH-178) (PATTERN),Main Assembly,1.0,NOS,0.0,0.5
BOM-0002,PATTERN-110-420,v1.0,4005007000,GEAR NUT RETAINER - 110 TON (PATTERN),Main Assembly,1.0,NOS,0.0,0.5
BOM-0002,PATTERN-110-420,v1.0,4005007500,DIE HEIGHT MOTOR MTG BRACKET - 90 TON (PATTERN),Main Assembly,1.0,NOS,0.0,0.5
BOM-0002,PATTERN-110-420,v1.0,4005009800,BARREL PLATE - 420 (STOCK-175) (PATTERN),Main Assembly,1.0,NOS,0.0,0.5
BOM-0002,PATTERN-110-420,v1.0,4005011200,BEARING HOUSING - 280 (PATTERN),Main Assembly,1.0,NOS,0.0,0.5
BOM-0002,PATTERN-110-420,v1.0,4005012500,INJ CYL ROD NUT RETAINER - 280 (PATTERN),Main Assembly,1.0,NOS,0.0,0.5
BOM-0002,PATTERN-110-420,v1.0,4005013300,INJECTION GUIDE ROD SUPPORT ID Ø60 - 280 (PATTERN),Main Assembly,1.0,NOS,0.0,0.5
BOM-0002,PATTERN-110-420,v1.0,4005002900,EJECTOR PLATE  TOGGLE - 90 TON (PATTERN),Main Assembly,1.0,NOS,0.0,0.5
BOM-0002,PATTERN-110-420,v1.0,4005013500,HEAT EXCHANGER FRONT CAP - 90 TON (PATTERN),Main Assembly,1.0,NOS,0.0,0.5
BOM-0002,PATTERN-110-420,v1.0,4005013600,HEAT EXCHANGER END CAP - 90 TON (PATTERN),Main Assembly,1.0,NOS,0.0,0.5
BOM-0003,PATTERN-140-635,v1.0,4005000300,STATIONARY PLATE TOGGLE - 140 TON (PATTERN),Main Assembly,1.0,NOS,0.0,0.5
BOM-0003,PATTERN-140-635,v1.0,4005001400,MOVING PLATE  TOGGLE - 140 TON (PATTERN),Main Assembly,1.0,NOS,0.0,0.5
BOM-0003,PATTERN-140-635,v1.0,4005002500,END PLATE - 140 TON (PATTERN),Main Assembly,1.0,NOS,0.0,0.5
BOM-0003,PATTERN-140-635,v1.0,4005003800,CROSSHEAD - 140 TON (PATTERN),Main Assembly,1.0,NOS,0.0,0.5
BOM-0003,PATTERN-140-635,v1.0,4005004400,CROSSHEAD LINK - 140 TON (PATTERN),Main Assembly,1.0,NOS,0.0,0.5
BOM-0003,PATTERN-140-635,v1.0,4005005000,BINARY LINK - 140 TON (PATTERN),Main Assembly,1.0,NOS,0.0,0.5
BOM-0003,PATTERN-140-635,v1.0,4005005600,TERNARY LINK - 140 TON (PATTERN),Main Assembly,1.0,NOS,0.0,0.5
BOM-0003,PATTERN-140-635,v1.0,4005006500,SUN GEAR - 140 TON (MODULE-3 TEETH-197) (PATTERN),Main Assembly,1.0,NOS,0.0,0.5
BOM-0003,PATTERN-140-635,v1.0,4005007100,GEAR NUT RETAINER - 140 TON (PATTERN),Main Assembly,1.0,NOS,0.0,0.5
BOM-0003,PATTERN-140-635,v1.0,4005007500,DIE HEIGHT MOTOR MTG BRACKET - 90 TON (PATTERN),Main Assembly,1.0,NOS,0.0,0.5
BOM-0003,PATTERN-140-635,v1.0,4005010000,BARREL PLATE - 635 (STOCK-210) (PATTERN),Main Assembly,1.0,NOS,0.0,0.5
BOM-0003,PATTERN-140-635,v1.0,4005011400,BEARING HOUSING - 635 (PATTERN),Main Assembly,1.0,NOS,0.0,0.5
BOM-0003,PATTERN-140-635,v1.0,4005012600,INJ CYL ROD NUT RETAINER - 635 (PATTERN),Main Assembly,1.0,NOS,0.0,0.5
BOM-0003,PATTERN-140-635,v1.0,4005013300,INJECTION GUIDE ROD SUPPORT ID Ø60 - 280 (PATTERN),Main Assembly,1.0,NOS,0.0,0.5
BOM-0003,PATTERN-140-635,v1.0,4005002900,EJECTOR PLATE  TOGGLE - 90 TON (PATTERN),Main Assembly,1.0,NOS,0.0,0.5
BOM-0003,PATTERN-140-635,v1.0,4005013500,HEAT EXCHANGER FRONT CAP - 90 TON (PATTERN),Main Assembly,1.0,NOS,0.0,0.5
BOM-0003,PATTERN-140-635,v1.0,4005013600,HEAT EXCHANGER END CAP - 90 TON (PATTERN),Main Assembly,1.0,NOS,0.0,0.5
BOM-0003,PATTERN-140-635,v1.0,4005006000,MOVING PLATE SLIDING BLOCK - 140 TON (PATTERN),Main Assembly,1.0,NOS,0.0,0.5
BOM-0004,PATTERN-170-905,v1.0,4005000400,STATIONARY PLATE TOGGLE - 170 TON (PATTERN),Main Assembly,1.0,NOS,0.0,0.5
BOM-0004,PATTERN-170-905,v1.0,4005001500,MOVING PLATE TOGGLE - 170 TON (PATTERN),Main Assembly,1.0,NOS,0.0,0.5
BOM-0004,PATTERN-170-905,v1.0,4005002600,END PLATE - 170 TON (PATTERN),Main Assembly,1.0,NOS,0.0,0.5
BOM-0004,PATTERN-170-905,v1.0,4005003900,CROSSHEAD - 170 TON (PATTERN),Main Assembly,1.0,NOS,0.0,0.5
BOM-0004,PATTERN-170-905,v1.0,4005004500,CROSSHEAD LINK - 170 TON (PATTERN),Main Assembly,1.0,NOS,0.0,0.5
BOM-0004,PATTERN-170-905,v1.0,4005005100,BINARY LINK - 170 TON (PATTERN),Main Assembly,1.0,NOS,0.0,0.5
BOM-0004,PATTERN-170-905,v1.0,4005005700,TERNARY LINK - 170 TON (PATTERN),Main Assembly,1.0,NOS,0.0,0.5
BOM-0004,PATTERN-170-905,v1.0,4005006600,SUN GEAR - 170 TON (MODULE-3 TEETH-215)  (PATTERN),Main Assembly,1.0,NOS,0.0,0.5
BOM-0004,PATTERN-170-905,v1.0,4005007200,GEAR NUT RETAINER - 170 TON (PATTERN),Main Assembly,1.0,NOS,0.0,0.5
BOM-0004,PATTERN-170-905,v1.0,4005007500,DIE HEIGHT MOTOR MTG BRACKET - 90 TON (PATTERN),Main Assembly,1.0,NOS,0.0,0.5
BOM-0004,PATTERN-170-905,v1.0,4005010200,BARREL PLATE - 905 (STOCK-245) (PATTERN),Main Assembly,1.0,NOS,0.0,0.5
BOM-0004,PATTERN-170-905,v1.0,4005011600,BEARING HOUSING - 905 (PATTERN),Main Assembly,1.0,NOS,0.0,0.5
BOM-0004,PATTERN-170-905,v1.0,4005012700,INJ CYL ROD NUT RETAINER - 905 (PATTERN),Main Assembly,1.0,NOS,0.0,0.5
BOM-0004,PATTERN-170-905,v1.0,4005013400,INJECTION GUIDE ROD SUPPORT ID Ø70 - 905 (PATTERN),Main Assembly,1.0,NOS,0.0,0.5
BOM-0004,PATTERN-170-905,v1.0,4005002900,EJECTOR PLATE  TOGGLE - 90 TON (PATTERN),Main Assembly,1.0,NOS,0.0,0.5
BOM-0004,PATTERN-170-905,v1.0,4005013500,HEAT EXCHANGER FRONT CAP - 90 TON (PATTERN),Main Assembly,1.0,NOS,0.0,0.5
BOM-0004,PATTERN-170-905,v1.0,4005013600,HEAT EXCHANGER END CAP - 90 TON (PATTERN),Main Assembly,1.0,NOS,0.0,0.5
BOM-0004,PATTERN-170-905,v1.0,4005006000,MOVING PLATE SLIDING BLOCK - 140 TON (PATTERN),Main Assembly,1.0,NOS,0.0,0.5
BOM-0005,PATTERN-200-1520,v1.0,4005000500,STATIONARY PLATE TOGGLE - 200 TON (PATTERN),Main Assembly,1.0,NOS,0.0,0.5
BOM-0005,PATTERN-200-1520,v1.0,4005001600,MOVING PLATE TOGGLE - 200 TON (PATTERN),Main Assembly,1.0,NOS,0.0,0.5
BOM-0005,PATTERN-200-1520,v1.0,4005002700,END PLATE - 200 TON (PATTERN),Main Assembly,1.0,NOS,0.0,0.5
BOM-0005,PATTERN-200-1520,v1.0,4005004000,CROSSHEAD - 200 TON (PATTERN),Main Assembly,1.0,NOS,0.0,0.5
BOM-0005,PATTERN-200-1520,v1.0,4005004600,CROSSHEAD LINK - 200 TON (PATTERN),Main Assembly,1.0,NOS,0.0,0.5
BOM-0005,PATTERN-200-1520,v1.0,4005005200,BINARY LINK - 200 TO (PATTERN),Main Assembly,1.0,NOS,0.0,0.5
BOM-0005,PATTERN-200-1520,v1.0,4005005800,TERNARY LINK - 200 TON (PATTERN),Main Assembly,1.0,NOS,0.0,0.5
BOM-0005,PATTERN-200-1520,v1.0,4005006700,SUN GEAR - 200 TON (MODULE-3 TEETH-240) (PATTERN),Main Assembly,1.0,NOS,0.0,0.5
BOM-0005,PATTERN-200-1520,v1.0,4005007300,GEAR NUT RETAINER - 200 TON (PATTERN),Main Assembly,1.0,NOS,0.0,0.5
BOM-0005,PATTERN-200-1520,v1.0,4005007500,DIE HEIGHT MOTOR MTG BRACKET - 90 TON (PATTERN),Main Assembly,1.0,NOS,0.0,0.5
BOM-0005,PATTERN-200-1520,v1.0,4005010400,BARREL PLATE - 1520 (STOCK-280) (PATTERN),Main Assembly,1.0,NOS,0.0,0.5
BOM-0005,PATTERN-200-1520,v1.0,4005011800,BEARING HOUSING - 1520 (PATTERN),Main Assembly,1.0,NOS,0.0,0.5
BOM-0005,PATTERN-200-1520,v1.0,4005012800,INJ CYL ROD NUT RETAINER - 1520 (PATTERN),Main Assembly,1.0,NOS,0.0,0.5
BOM-0005,PATTERN-200-1520,v1.0,4005013400,INJECTION GUIDE ROD SUPPORT ID Ø70 - 905 (PATTERN),Main Assembly,1.0,NOS,0.0,0.5
BOM-0005,PATTERN-200-1520,v1.0,4005002900,EJECTOR PLATE  TOGGLE - 90 TON (PATTERN),Main Assembly,1.0,NOS,0.0,0.5
BOM-0005,PATTERN-200-1520,v1.0,4005013500,HEAT EXCHANGER FRONT CAP - 90 TON (PATTERN),Main Assembly,1.0,NOS,0.0,0.5
BOM-0005,PATTERN-200-1520,v1.0,4005013600,HEAT EXCHANGER END CAP - 90 TON (PATTERN),Main Assembly,1.0,NOS,0.0,0.5
BOM-0005,PATTERN-200-1520,v1.0,4005006100,MOVING PLATE SLIDING BLOCK - 200 TON (PATTERN),Main Assembly,1.0,NOS,0.0,0.5
BOM-0006,PATTERN-2350,v1.0,4005010600,BARREL PLATE - 2350 (STOCK-315) (PATTERN),Main Assembly,1.0,NOS,0.0,0.5
BOM-0006,PATTERN-2350,v1.0,4005012000,BEARING HOUSING - 2350 (PATTERN),Main Assembly,1.0,NOS,0.0,0.5
BOM-0006,PATTERN-2350,v1.0,4005012900,INJ CYL ROD NUT RETAINER - 2350 (PATTERN),Main Assembly,1.0,NOS,0.0,0.5
BOM-0006,PATTERN-2350,v1.0,4005013400,INJECTION GUIDE ROD SUPPORT ID Ø70 - 905 (PATTERN),Main Assembly,1.0,NOS,0.0,0.5
BOM-0007,CASTING-90-280,v1.0,4001000100,STATIONARY PLATE TOGGLE - 90 TON (CASTING),Main Assembly,1.0,NOS,0.0,0.5
BOM-0007,CASTING-90-280,v1.0,4001001200,MOVING PLATE TOGGLE - 90 TON (CASTING),Main Assembly,1.0,NOS,0.0,0.5
BOM-0007,CASTING-90-280,v1.0,4001002300,END PLATE - 90 TON (CASTING),Main Assembly,1.0,NOS,0.0,0.5
BOM-0007,CASTING-90-280,v1.0,4001003600,CROSS HEAD - 90 TON (CASTING),Main Assembly,1.0,NOS,0.0,0.5
BOM-0007,CASTING-90-280,v1.0,4001004200,CROSS HEAD LINK - 90 TON (CASTING),Main Assembly,1.0,NOS,0.0,0.5
BOM-0007,CASTING-90-280,v1.0,4001004800,BINARY LINK - 90 TON (CASTING),Main Assembly,1.0,NOS,0.0,0.5
BOM-0007,CASTING-90-280,v1.0,4001005400,TERNARY LINK - 90 TON (CASTING),Main Assembly,1.0,NOS,0.0,0.5
BOM-0007,CASTING-90-280,v1.0,4001006300,SUN GEAR - 90 TON (MODULE-3 TEETH-159) (CASTING),Main Assembly,1.0,NOS,0.0,0.5
BOM-0007,CASTING-90-280,v1.0,4001006900,GEAR NUT RETAINER - 90 TON (CASTING),Main Assembly,1.0,NOS,0.0,0.5
BOM-0007,CASTING-90-280,v1.0,4001007500,DIE HEIGHT MOTOR MTG BRACKET - 90 TON (CASTING),Main Assembly,1.0,NOS,0.0,0.5
BOM-0007,CASTING-90-280,v1.0,4001009600,BARREL PLATE - 280 (STOCK-150) (CASTING),Main Assembly,1.0,NOS,0.0,0.5
BOM-0007,CASTING-90-280,v1.0,4001011200,BEARING HOUSING - 280 (CASTING),Main Assembly,1.0,NOS,0.0,0.5
BOM-0007,CASTING-90-280,v1.0,4001012500,INJECTION CYLINDER ROD NUT RETAINER - 280 (CASTING),Main Assembly,1.0,NOS,0.0,0.5
BOM-0007,CASTING-90-280,v1.0,4001013300,INJECTION GUIDE ROD SUPPORT Ø60 - 280 (CASTING),Main Assembly,1.0,NOS,0.0,0.5
BOM-0007,CASTING-90-280,v1.0,4001002900,EJECTOR PLATE  TOGGLE - 90 TON (CASTING),Main Assembly,1.0,NOS,0.0,0.5
BOM-0007,CASTING-90-280,v1.0,4001013500,HEAT EXCHANGER FRONT CAP - 90 TON (CASTING),Main Assembly,1.0,NOS,0.0,0.5
BOM-0007,CASTING-90-280,v1.0,4001013600,HEAT EXCHANGER END CAP - 90 TON (CASTING),Main Assembly,1.0,NOS,0.0,0.5
BOM-0008,CASTING-110-420,v1.0,4001000200,STATIONARY PLATE TOGGLE - 110 TON (CASTING),Main Assembly,1.0,NOS,0.0,0.5
BOM-0008,CASTING-110-420,v1.0,4001001300,MOVING PLATE TOGGLE - 110 TON (CASTING),Main Assembly,1.0,NOS,0.0,0.5
BOM-0008,CASTING-110-420,v1.0,4001002400,END PLATE - 110 TON (CASTING),Main Assembly,1.0,NOS,0.0,0.5
BOM-0008,CASTING-110-420,v1.0,4001003700,CROSS HEAD - 110 TON (CASTING),Main Assembly,1.0,NOS,0.0,0.5
BOM-0008,CASTING-110-420,v1.0,4001004300,CROSS HEAD LINK - 110 TON (CASTING),Main Assembly,1.0,NOS,0.0,0.5
BOM-0008,CASTING-110-420,v1.0,4001004900,BINARY LINK - 110 TON (CASTING),Main Assembly,1.0,NOS,0.0,0.5
BOM-0008,CASTING-110-420,v1.0,4001005500,TERNARY LINK - 110 TON (CASTING),Main Assembly,1.0,NOS,0.0,0.5
BOM-0008,CASTING-110-420,v1.0,4001006400,SUN GEAR - 110 TON (MODULE-3 TEETH-178) (CASTING),Main Assembly,1.0,NOS,0.0,0.5
BOM-0008,CASTING-110-420,v1.0,4001007000,GEAR NUT RETAINER - 110 TON (CASTING),Main Assembly,1.0,NOS,0.0,0.5
BOM-0008,CASTING-110-420,v1.0,4001007500,DIE HEIGHT MOTOR MTG BRACKET - 90 TON (CASTING),Main Assembly,1.0,NOS,0.0,0.5
BOM-0008,CASTING-110-420,v1.0,4001009800,BARREL PLATE - 420 (STOCK-175) (CASTING),Main Assembly,1.0,NOS,0.0,0.5
BOM-0008,CASTING-110-420,v1.0,4001011200,BEARING HOUSING - 280 (CASTING),Main Assembly,1.0,NOS,0.0,0.5
BOM-0008,CASTING-110-420,v1.0,4001012500,INJECTION CYLINDER ROD NUT RETAINER - 280 (CASTING),Main Assembly,1.0,NOS,0.0,0.5
BOM-0008,CASTING-110-420,v1.0,4001013300,INJECTION GUIDE ROD SUPPORT Ø60 - 280 (CASTING),Main Assembly,1.0,NOS,0.0,0.5
BOM-0008,CASTING-110-420,v1.0,4001002900,EJECTOR PLATE  TOGGLE - 90 TON (CASTING),Main Assembly,1.0,NOS,0.0,0.5
BOM-0008,CASTING-110-420,v1.0,4001013500,HEAT EXCHANGER FRONT CAP - 90 TON (CASTING),Main Assembly,1.0,NOS,0.0,0.5
BOM-0008,CASTING-110-420,v1.0,4001013600,HEAT EXCHANGER END CAP - 90 TON (CASTING),Main Assembly,1.0,NOS,0.0,0.5
BOM-0009,CASTING-140-635,v1.0,4001000300,STATIONARY PLATE TOGGLE - 140 TON (CASTING),Main Assembly,1.0,NOS,0.0,0.5
BOM-0009,CASTING-140-635,v1.0,4001001400,MOVING PLATE  TOGGLE - 140 TON (CASTING),Main Assembly,1.0,NOS,0.0,0.5
BOM-0009,CASTING-140-635,v1.0,4001002500,END PLATE - 140 TON (CASTING),Main Assembly,1.0,NOS,0.0,0.5
BOM-0009,CASTING-140-635,v1.0,4001003800,CROSS HEAD - 140 TON (CASTING),Main Assembly,1.0,NOS,0.0,0.5
BOM-0009,CASTING-140-635,v1.0,4001004400,CROSS HEAD LINK - 140 TON (CASTING),Main Assembly,1.0,NOS,0.0,0.5
BOM-0009,CASTING-140-635,v1.0,4001005000,BINARY LINK - 140 TON (CASTING),Main Assembly,1.0,NOS,0.0,0.5
BOM-0009,CASTING-140-635,v1.0,4001005600,TERNARY LINK - 140 TON (CASTING),Main Assembly,1.0,NOS,0.0,0.5
BOM-0009,CASTING-140-635,v1.0,4001006500,SUN GEAR - 140 TON (MODULE-3 TEETH-197) (CASTING),Main Assembly,1.0,NOS,0.0,0.5
BOM-0009,CASTING-140-635,v1.0,4001007100,GEAR NUT RETAINER - 140 TON (CASTING),Main Assembly,1.0,NOS,0.0,0.5
BOM-0009,CASTING-140-635,v1.0,4001007500,DIE HEIGHT MOTOR MTG BRACKET - 90 TON (CASTING),Main Assembly,1.0,NOS,0.0,0.5
BOM-0009,CASTING-140-635,v1.0,4001010000,BARREL PLATE - 635 (STOCK-210) (CASTING),Main Assembly,1.0,NOS,0.0,0.5
BOM-0009,CASTING-140-635,v1.0,4001011400,BEARING HOUSING - 635 (CASTING),Main Assembly,1.0,NOS,0.0,0.5
BOM-0009,CASTING-140-635,v1.0,4001012600,INJECTION CYLINDER ROD NUT RETAINER - 635 (CASTING),Main Assembly,1.0,NOS,0.0,0.5
BOM-0009,CASTING-140-635,v1.0,4001013300,INJECTION GUIDE ROD SUPPORT Ø60 - 280 (CASTING),Main Assembly,1.0,NOS,0.0,0.5
BOM-0009,CASTING-140-635,v1.0,4001002900,EJECTOR PLATE  TOGGLE - 90 TON (CASTING),Main Assembly,1.0,NOS,0.0,0.5
BOM-0009,CASTING-140-635,v1.0,4001013500,HEAT EXCHANGER FRONT CAP - 90 TON (CASTING),Main Assembly,1.0,NOS,0.0,0.5
BOM-0009,CASTING-140-635,v1.0,4001013600,HEAT EXCHANGER END CAP - 90 TON (CASTING),Main Assembly,1.0,NOS,0.0,0.5
BOM-0009,CASTING-140-635,v1.0,4001006000,MOVING PLATE SLIDING BLOCK - 140 TON (CASTING),Main Assembly,1.0,NOS,0.0,0.5
BOM-0010,CASTING-170-905,v1.0,4001000400,STATIONARY PLATE TOGGLE - 170 TON (CASTING),Main Assembly,1.0,NOS,0.0,0.5
BOM-0010,CASTING-170-905,v1.0,4001001500,MOVING PLATE TOGGLE - 170 TON (CASTING),Main Assembly,1.0,NOS,0.0,0.5
BOM-0010,CASTING-170-905,v1.0,4001002600,END PLATE - 170 TON (CASTING),Main Assembly,1.0,NOS,0.0,0.5
BOM-0010,CASTING-170-905,v1.0,4001003900,CROSS HEAD - 170 TON (CASTING),Main Assembly,1.0,NOS,0.0,0.5
BOM-0010,CASTING-170-905,v1.0,4001004500,CROSS HEAD LINK - 170 TON (CASTING),Main Assembly,1.0,NOS,0.0,0.5
BOM-0010,CASTING-170-905,v1.0,4001005100,BINARY LINK - 170 TON (CASTING),Main Assembly,1.0,NOS,0.0,0.5
BOM-0010,CASTING-170-905,v1.0,4001005700,TERNARY LINK - 170 TON (CASTING),Main Assembly,1.0,NOS,0.0,0.5
BOM-0010,CASTING-170-905,v1.0,4001006600,SUN GEAR - 170 TON (MODULE-3 TEETH-215)(CASTING),Main Assembly,1.0,NOS,0.0,0.5
BOM-0010,CASTING-170-905,v1.0,4001007200,GEAR NUT RETAINER - 170 TON (CASTING),Main Assembly,1.0,NOS,0.0,0.5
BOM-0010,CASTING-170-905,v1.0,4001007500,DIE HEIGHT MOTOR MTG BRACKET - 90 TON (CASTING),Main Assembly,1.0,NOS,0.0,0.5
BOM-0010,CASTING-170-905,v1.0,4001010200,BARREL PLATE - 905 (STOCK-245) (CASTING),Main Assembly,1.0,NOS,0.0,0.5
BOM-0010,CASTING-170-905,v1.0,4001011600,BEARING HOUSING - 905 (CASTING),Main Assembly,1.0,NOS,0.0,0.5
BOM-0010,CASTING-170-905,v1.0,4001012700,INJECTION CYLINDER ROD NUT RETAINER - 905 (CASTING),Main Assembly,1.0,NOS,0.0,0.5
BOM-0010,CASTING-170-905,v1.0,4001013400,INJECTION GUIDE ROD SUPPORT Ø70 - 905 (CASTING),Main Assembly,1.0,NOS,0.0,0.5
BOM-0010,CASTING-170-905,v1.0,4001002900,EJECTOR PLATE  TOGGLE - 90 TON (CASTING),Main Assembly,1.0,NOS,0.0,0.5
BOM-0010,CASTING-170-905,v1.0,4001013500,HEAT EXCHANGER FRONT CAP - 90 TON (CASTING),Main Assembly,1.0,NOS,0.0,0.5
BOM-0010,CASTING-170-905,v1.0,4001013600,HEAT EXCHANGER END CAP - 90 TON (CASTING),Main Assembly,1.0,NOS,0.0,0.5
BOM-0010,CASTING-170-905,v1.0,4001006000,MOVING PLATE SLIDING BLOCK - 140 TON (CASTING),Main Assembly,1.0,NOS,0.0,0.5
BOM-0011,CASTING-200-1520,v1.0,4001000500,STATIONARY PLATE TOGGLE - 200 TON (CASTING),Main Assembly,1.0,NOS,0.0,0.5
BOM-0011,CASTING-200-1520,v1.0,4001001600,MOVING PLATE TOGGLE - 200 TON (CASTING),Main Assembly,1.0,NOS,0.0,0.5
BOM-0011,CASTING-200-1520,v1.0,4001002700,END PLATE - 200 TON (CASTING),Main Assembly,1.0,NOS,0.0,0.5
BOM-0011,CASTING-200-1520,v1.0,4001004000,CROSS HEAD - 200 TON (CASTING),Main Assembly,1.0,NOS,0.0,0.5
BOM-0011,CASTING-200-1520,v1.0,4001004600,CROSS HEAD LINK - 200 TON (CASTING),Main Assembly,1.0,NOS,0.0,0.5
BOM-0011,CASTING-200-1520,v1.0,4001005200,BINARY LINK - 200 TON (CASTING),Main Assembly,1.0,NOS,0.0,0.5
BOM-0011,CASTING-200-1520,v1.0,4001005800,TERNARY LINK - 200 TON (CASTING),Main Assembly,1.0,NOS,0.0,0.5
BOM-0011,CASTING-200-1520,v1.0,4001006700,SUN GEAR - 200 TON (MODULE-3 TEETH-240) (CASTING),Main Assembly,1.0,NOS,0.0,0.5
BOM-0011,CASTING-200-1520,v1.0,4001007300,GEAR NUT RETAINER - 200 TON (CASTING),Main Assembly,1.0,NOS,0.0,0.5
BOM-0011,CASTING-200-1520,v1.0,4001007500,DIE HEIGHT MOTOR MTG BRACKET - 90 TON (CASTING),Main Assembly,1.0,NOS,0.0,0.5
BOM-0011,CASTING-200-1520,v1.0,4001010400,BARREL PLATE - 1520 (STOCK-280) (CASTING),Main Assembly,1.0,NOS,0.0,0.5
BOM-0011,CASTING-200-1520,v1.0,4001011800,BEARING HOUSING - 1520 (CASTING),Main Assembly,1.0,NOS,0.0,0.5
BOM-0011,CASTING-200-1520,v1.0,4001012800,INJECTION CYLINDER ROD NUT RETAINER - 1520 (CASTING),Main Assembly,1.0,NOS,0.0,0.5
BOM-0011,CASTING-200-1520,v1.0,4001013400,INJECTION GUIDE ROD SUPPORT Ø70 - 905 (CASTING),Main Assembly,1.0,NOS,0.0,0.5
BOM-0011,CASTING-200-1520,v1.0,4001002900,EJECTOR PLATE  TOGGLE - 90 TON (CASTING),Main Assembly,1.0,NOS,0.0,0.5
BOM-0011,CASTING-200-1520,v1.0,4001013500,HEAT EXCHANGER FRONT CAP - 90 TON (CASTING),Main Assembly,1.0,NOS,0.0,0.5
BOM-0011,CASTING-200-1520,v1.0,4001013600,HEAT EXCHANGER END CAP - 90 TON (CASTING),Main Assembly,1.0,NOS,0.0,0.5
BOM-0011,CASTING-200-1520,v1.0,4001006100,MOVING PLATE SLIDING BLOCK - 200 TON (CASTING),Main Assembly,1.0,NOS,0.0,0.5
BOM-0012,CASTING-2350,v1.0,4001010600,BARREL PLATE - 2350 (STOCK-315) (CASTING),Main Assembly,1.0,NOS,0.0,0.5
BOM-0012,CASTING-2350,v1.0,4001012000,BEARING HOUSING - 2350 (CASTING),Main Assembly,1.0,NOS,0.0,0.5
BOM-0012,CASTING-2350,v1.0,4001012900,INJECTION CYLINDER ROD NUT RETAINER - 2350 (CASTING),Main Assembly,1.0,NOS,0.0,0.5
BOM-0012,CASTING-2350,v1.0,4001013400,INJECTION GUIDE ROD SUPPORT Ø70 - 905 (CASTING),Main Assembly,1.0,NOS,0.0,0.5
BOM-0013,NEO PRIME 90 - 280 TON (INJECTION UNIT GUIDE ROD TYPE) [1000310100],v1.0,1000110100,TOGGLE TYPE LOCKING UNIT-90 TON,Main Assembly,1.0,NOS,0.0,0.5
BOM-0013,NEO PRIME 90 - 280 TON (INJECTION UNIT GUIDE ROD TYPE) [1000310100],v1.0,1000210100,GUIDE ROD TYPE INJECTION UNIT-280,Main Assembly,1.0,NOS,0.0,0.5
BOM-0013,NEO PRIME 90 - 280 TON (INJECTION UNIT GUIDE ROD TYPE) [1000310100],v1.0,3000000100,BASE FRAME ASSY - 90TON  (280/420),Main Assembly,1.0,NOS,0.0,0.5
BOM-0013,NEO PRIME 90 - 280 TON (INJECTION UNIT GUIDE ROD TYPE) [1000310100],v1.0,3000000200,"INJECTION FRAME ASSY - 90-280 
(GUIDE ROD TYPE)",Main Assembly,1.0,NOS,0.0,0.5
BOM-0013,NEO PRIME 90 - 280 TON (INJECTION UNIT GUIDE ROD TYPE) [1000310100],v1.0,2000300300,SCREW BARREL ASSY - 40-280,Main Assembly,1.0,NOS,0.0,0.5
BOM-0013,NEO PRIME 90 - 280 TON (INJECTION UNIT GUIDE ROD TYPE) [1000310100],v1.0,2000300400,OIL TANK ASSY - 90 TON - 250LTR,Main Assembly,1.0,NOS,0.0,0.5
BOM-0013,NEO PRIME 90 - 280 TON (INJECTION UNIT GUIDE ROD TYPE) [1000310100],v1.0,2000300500,SAFETY DOOR ASSY - 90,Main Assembly,1.0,NOS,0.0,0.5
BOM-0013,NEO PRIME 90 - 280 TON (INJECTION UNIT GUIDE ROD TYPE) [1000310100],v1.0,2000300600,BASE FRAME GUARD SET - 90-280,Main Assembly,1.0,NOS,0.0,0.5
BOM-0013,NEO PRIME 90 - 280 TON (INJECTION UNIT GUIDE ROD TYPE) [1000310100],v1.0,2000300700,SEAMLESS PIPE SET - 90-280,Main Assembly,1.0,NOS,0.0,0.5
BOM-0013,NEO PRIME 90 - 280 TON (INJECTION UNIT GUIDE ROD TYPE) [1000310100],v1.0,2000300800,HEAT EXCHANGER ASSY - 90 TON,Main Assembly,1.0,NOS,0.0,0.5
BOM-0013,NEO PRIME 90 - 280 TON (INJECTION UNIT GUIDE ROD TYPE) [1000310100],v1.0,2000300900,HOPPER ASSY - 25KG,Main Assembly,1.0,NOS,0.0,0.5
BOM-0013,NEO PRIME 90 - 280 TON (INJECTION UNIT GUIDE ROD TYPE) [1000310100],v1.0,7000100100,FASTENER KIT MAIN MACHINE - 90-280,Main Assembly,1.0,NOS,0.0,0.5
BOM-0013,NEO PRIME 90 - 280 TON (INJECTION UNIT GUIDE ROD TYPE) [1000310100],v1.0,7000200100,NIPPLE KIT - 90-280,Main Assembly,1.0,NOS,0.0,0.5
BOM-0013,NEO PRIME 90 - 280 TON (INJECTION UNIT GUIDE ROD TYPE) [1000310100],v1.0,7000300100,HOSE PIPE KIT - 90-280,Main Assembly,1.0,NOS,0.0,0.5
BOM-0013,NEO PRIME 90 - 280 TON (INJECTION UNIT GUIDE ROD TYPE) [1000310100],v1.0,7000400100,LUBR PUMP SYSTEM,Main Assembly,1.0,NOS,0.0,0.5
BOM-0013,NEO PRIME 90 - 280 TON (INJECTION UNIT GUIDE ROD TYPE) [1000310100],v1.0,3000000400,WELDING HOSE PIPE NIPPLE FLANGE ASSY - 2'',Main Assembly,1.0,NOS,0.0,0.5
BOM-0013,NEO PRIME 90 - 280 TON (INJECTION UNIT GUIDE ROD TYPE) [1000310100],v1.0,3000000500,PLC BOX FB ASSY - B&R,Main Assembly,1.0,NOS,0.0,0.5
BOM-0013,NEO PRIME 90 - 280 TON (INJECTION UNIT GUIDE ROD TYPE) [1000310100],v1.0,3000000600,LOCKING UNIT JUNCTION BOX OP FB ASSY,Main Assembly,1.0,NOS,0.0,0.5
BOM-0013,NEO PRIME 90 - 280 TON (INJECTION UNIT GUIDE ROD TYPE) [1000310100],v1.0,3000000700,LOCKING UNIT JUNCTION BOX NOP FB ASSY,Main Assembly,1.0,NOS,0.0,0.5
BOM-0013,NEO PRIME 90 - 280 TON (INJECTION UNIT GUIDE ROD TYPE) [1000310100],v1.0,3000000800,HEATER WIRE JUNCTION BOX FB ASSY,Main Assembly,1.0,NOS,0.0,0.5
BOM-0013,NEO PRIME 90 - 280 TON (INJECTION UNIT GUIDE ROD TYPE) [1000310100],v1.0,3000000900,HYDRO MOTOR PIPE CLAMP MTG FB ASSY-280,Main Assembly,1.0,NOS,0.0,0.5
BOM-0013,NEO PRIME 90 - 280 TON (INJECTION UNIT GUIDE ROD TYPE) [1000310100],v1.0,3000001000,LOCKING UNIT LINEAR MTG BRACKET - 90 TON,Main Assembly,1.0,NOS,0.0,0.5
BOM-0013,NEO PRIME 90 - 280 TON (INJECTION UNIT GUIDE ROD TYPE) [1000310100],v1.0,4120004600,INJECTION MANIFOLD - NG10,Main Assembly,1.0,NOS,0.0,0.5
BOM-0013,NEO PRIME 90 - 280 TON (INJECTION UNIT GUIDE ROD TYPE) [1000310100],v1.0,4120004700,LOCKING MANIFOLD NG10-NG6-NG6,Main Assembly,1.0,NOS,0.0,0.5
BOM-0013,NEO PRIME 90 - 280 TON (INJECTION UNIT GUIDE ROD TYPE) [1000310100],v1.0,4120004800,EJECTOR MANIFOLD NG6,Main Assembly,1.0,NOS,0.0,0.5
BOM-0013,NEO PRIME 90 - 280 TON (INJECTION UNIT GUIDE ROD TYPE) [1000310100],v1.0,4120004900,PRESSURE MANIFOLD BG06,Main Assembly,1.0,NOS,0.0,0.5
BOM-0013,NEO PRIME 90 - 280 TON (INJECTION UNIT GUIDE ROD TYPE) [1000310100],v1.0,4120005000,EJECTOR ROD - 90 TON,Main Assembly,1.0,NOS,0.0,0.5
BOM-0013,NEO PRIME 90 - 280 TON (INJECTION UNIT GUIDE ROD TYPE) [1000310100],v1.0,4120005100,NOZZLE CYLINDER EXTENSION ROD 90-280,Main Assembly,2.0,NOS,0.0,0.5
BOM-0013,NEO PRIME 90 - 280 TON (INJECTION UNIT GUIDE ROD TYPE) [1000310100],v1.0,4120005200,NOZZLE CYLINDER EXTENSION ROD MTG,Main Assembly,2.0,NOS,0.0,0.5
BOM-0013,NEO PRIME 90 - 280 TON (INJECTION UNIT GUIDE ROD TYPE) [1000310100],v1.0,4120005300,NOZZLE CYLINDER EXTENSION ROD MTG BUSH,Main Assembly,2.0,NOS,0.0,0.5
BOM-0013,NEO PRIME 90 - 280 TON (INJECTION UNIT GUIDE ROD TYPE) [1000310100],v1.0,4120005400,NOZZLE CYLINDER STOP LIMIT SWITCH OPERATING PIN,Main Assembly,1.0,NOS,0.0,0.5
BOM-0013,NEO PRIME 90 - 280 TON (INJECTION UNIT GUIDE ROD TYPE) [1000310100],v1.0,4120005500,NOZZLE CYLINDER STOP SLIDER,Main Assembly,1.0,NOS,0.0,0.5
BOM-0013,NEO PRIME 90 - 280 TON (INJECTION UNIT GUIDE ROD TYPE) [1000310100],v1.0,4120005600,INJECTION UNIT SETTING BLOCK,Main Assembly,2.0,NOS,0.0,0.5
BOM-0013,NEO PRIME 90 - 280 TON (INJECTION UNIT GUIDE ROD TYPE) [1000310100],v1.0,4120005700,INJECTION FRAME MTG BOLT M27 X 35LG,Main Assembly,4.0,NOS,0.0,0.5
BOM-0013,NEO PRIME 90 - 280 TON (INJECTION UNIT GUIDE ROD TYPE) [1000310100],v1.0,4120005800,INJECTION GUARD MTG STUD,Main Assembly,4.0,NOS,0.0,0.5
BOM-0013,NEO PRIME 90 - 280 TON (INJECTION UNIT GUIDE ROD TYPE) [1000310100],v1.0,4120005900,CROSS HEAD LIMIT SWITCH OPERATING PIN-90,Main Assembly,1.0,NOS,0.0,0.5
BOM-0013,NEO PRIME 90 - 280 TON (INJECTION UNIT GUIDE ROD TYPE) [1000310100],v1.0,4120006000,MOLD HEIGHT STOP LIMIT SWITCH OPERATING PIN-90 TON,Main Assembly,2.0,NOS,0.0,0.5
BOM-0013,NEO PRIME 90 - 280 TON (INJECTION UNIT GUIDE ROD TYPE) [1000310100],v1.0,4120006100,INJECTION MANIFOLD MTG PLATE - 280,Main Assembly,1.0,NOS,0.0,0.5
BOM-0013,NEO PRIME 90 - 280 TON (INJECTION UNIT GUIDE ROD TYPE) [1000310100],v1.0,4120006200,INJECTION MANIFOLD MTG STRIP - 280,Main Assembly,2.0,NOS,0.0,0.5
BOM-0013,NEO PRIME 90 - 280 TON (INJECTION UNIT GUIDE ROD TYPE) [1000310100],v1.0,4120006300,GREASE PUMP MOUNTING PLATE,Main Assembly,1.0,NOS,0.0,0.5
BOM-0013,NEO PRIME 90 - 280 TON (INJECTION UNIT GUIDE ROD TYPE) [1000310100],v1.0,3130800100,JUNCTION BOX COVER,Main Assembly,2.0,NOS,0.0,0.5
BOM-0013,NEO PRIME 90 - 280 TON (INJECTION UNIT GUIDE ROD TYPE) [1000310100],v1.0,3130800200,PLC BOX COVER,Main Assembly,1.0,NOS,0.0,0.5
BOM-0013,NEO PRIME 90 - 280 TON (INJECTION UNIT GUIDE ROD TYPE) [1000310100],v1.0,3130800300,HEATER WIRE JUNCTION BOX COVER,Main Assembly,1.0,NOS,0.0,0.5
BOM-0013,NEO PRIME 90 - 280 TON (INJECTION UNIT GUIDE ROD TYPE) [1000310100],v1.0,3131100100,PLC BOX  MTG TOP BRACKET,Main Assembly,1.0,NOS,0.0,0.5
BOM-0013,NEO PRIME 90 - 280 TON (INJECTION UNIT GUIDE ROD TYPE) [1000310100],v1.0,3131100200,PLC BOX MTG BOTTOM BRACKET,Main Assembly,1.0,NOS,0.0,0.5
BOM-0013,NEO PRIME 90 - 280 TON (INJECTION UNIT GUIDE ROD TYPE) [1000310100],v1.0,3131100300,"MOLD HEIGHT STOP LIMIT SWITCH 
OPERATING PIN MTG BRACKET",Main Assembly,2.0,NOS,0.0,0.5
BOM-0013,NEO PRIME 90 - 280 TON (INJECTION UNIT GUIDE ROD TYPE) [1000310100],v1.0,3131100400,MOLD HEIGHT STOP LIMIT SWITCH MTG BRACKET,Main Assembly,1.0,NOS,0.0,0.5
BOM-0013,NEO PRIME 90 - 280 TON (INJECTION UNIT GUIDE ROD TYPE) [1000310100],v1.0,3131100500,CROSS HEAD LOCKING LIMIT STOP PIN MTG BRACKET,Main Assembly,1.0,NOS,0.0,0.5
BOM-0013,NEO PRIME 90 - 280 TON (INJECTION UNIT GUIDE ROD TYPE) [1000310100],v1.0,3131100600,TOGGLE LIMIT SWITCH MTG BRACKET,Main Assembly,1.0,NOS,0.0,0.5
BOM-0013,NEO PRIME 90 - 280 TON (INJECTION UNIT GUIDE ROD TYPE) [1000310100],v1.0,3131100700,EJECTOR LINEAR MTG BRACKET,Main Assembly,1.0,NOS,0.0,0.5
BOM-0013,NEO PRIME 90 - 280 TON (INJECTION UNIT GUIDE ROD TYPE) [1000310100],v1.0,3131100800,HEATER WIRE JUNCTION BOX MTG BRACKET,Main Assembly,1.0,NOS,0.0,0.5
BOM-0013,NEO PRIME 90 - 280 TON (INJECTION UNIT GUIDE ROD TYPE) [1000310100],v1.0,3131100900,HYD MOTOR RPM PROXY SENSOR MTG BRACKET,Main Assembly,1.0,NOS,0.0,0.5
BOM-0013,NEO PRIME 90 - 280 TON (INJECTION UNIT GUIDE ROD TYPE) [1000310100],v1.0,3131101000,INJECTION LINEAR MOUNTING BRACKET - 280,Main Assembly,1.0,NOS,0.0,0.5
BOM-0013,NEO PRIME 90 - 280 TON (INJECTION UNIT GUIDE ROD TYPE) [1000310100],v1.0,3131101100,INJECTION LINEAR SHAFT MTG BRACKET - 280,Main Assembly,1.0,NOS,0.0,0.5
BOM-0013,NEO PRIME 90 - 280 TON (INJECTION UNIT GUIDE ROD TYPE) [1000310100],v1.0,3131101200,NOZZLE CYLINDER LIMIT SWITCH PIN MTG BRACKET,Main Assembly,1.0,NOS,0.0,0.5
BOM-0013,NEO PRIME 90 - 280 TON (INJECTION UNIT GUIDE ROD TYPE) [1000310100],v1.0,3131101300,NOZZLE CYLINDER STOP LIMIT SWITCH MTG BRACKET,Main Assembly,1.0,NOS,0.0,0.5
BOM-0013,NEO PRIME 90 - 280 TON (INJECTION UNIT GUIDE ROD TYPE) [1000310100],v1.0,3131300100,INJECTION GUARD SUPPORT BRACKET - 280,Main Assembly,1.0,NOS,0.0,0.5
BOM-0013,NEO PRIME 90 - 280 TON (INJECTION UNIT GUIDE ROD TYPE) [1000310100],v1.0,6160100100,DSG-01-3C2-D24 (YUKEN),Main Assembly,2.0,NOS,0.0,0.5
BOM-0013,NEO PRIME 90 - 280 TON (INJECTION UNIT GUIDE ROD TYPE) [1000310100],v1.0,6160100200,DSG-01-3C4-D24 (YUKEN),Main Assembly,2.0,NOS,0.0,0.5
BOM-0013,NEO PRIME 90 - 280 TON (INJECTION UNIT GUIDE ROD TYPE) [1000310100],v1.0,6160100300,DSG-01-2B2B-D24 (YUKEN),Main Assembly,1.0,NOS,0.0,0.5
BOM-0013,NEO PRIME 90 - 280 TON (INJECTION UNIT GUIDE ROD TYPE) [1000310100],v1.0,6160100400,DSG-03-3C2-D24 (YUKEN),Main Assembly,1.0,NOS,0.0,0.5
BOM-0013,NEO PRIME 90 - 280 TON (INJECTION UNIT GUIDE ROD TYPE) [1000310100],v1.0,6160100600,DSG-03-3C12-D24 (YUKEN),Main Assembly,1.0,NOS,0.0,0.5
BOM-0013,NEO PRIME 90 - 280 TON (INJECTION UNIT GUIDE ROD TYPE) [1000310100],v1.0,6160100700,DSG-03-2B10B-D24 (YUKEN),Main Assembly,1.0,NOS,0.0,0.5
BOM-0013,NEO PRIME 90 - 280 TON (INJECTION UNIT GUIDE ROD TYPE) [1000310100],v1.0,6170100100,PRESSURE RELIEF VALVE - BG-03-HP32 (YUKEN),Main Assembly,1.0,NOS,0.0,0.5
BOM-0013,NEO PRIME 90 - 280 TON (INJECTION UNIT GUIDE ROD TYPE) [1000310100],v1.0,6170100200,PRESSURE RELIEF VALVE - BG-06-P32 (YUKEN),Main Assembly,1.0,NOS,0.0,0.5
BOM-0013,NEO PRIME 90 - 280 TON (INJECTION UNIT GUIDE ROD TYPE) [1000310100],v1.0,6180100100,PILOT OPERATED CHECK VALVE - MPA-01-4-40H01 (YUKEN),Main Assembly,1.0,NOS,0.0,0.5
BOM-0013,NEO PRIME 90 - 280 TON (INJECTION UNIT GUIDE ROD TYPE) [1000310100],v1.0,6180200100,PILOT OPERATED CHECK VALVE - MCIV-06-01 (PRISM HYD),Main Assembly,1.0,NOS,0.0,0.5
BOM-0013,NEO PRIME 90 - 280 TON (INJECTION UNIT GUIDE ROD TYPE) [1000310100],v1.0,6240100100,"PRESSURE GAUG 0-420 BAR BACK CONNECTION (2-1/2"")",Main Assembly,2.0,NOS,0.0,0.5
BOM-0013,NEO PRIME 90 - 280 TON (INJECTION UNIT GUIDE ROD TYPE) [1000310100],v1.0,6010400100,SERVO SYSTEM - 64 LPM (JAKSH),Main Assembly,1.0,NOS,0.0,0.5
BOM-0013,NEO PRIME 90 - 280 TON (INJECTION UNIT GUIDE ROD TYPE) [1000310100],v1.0,6020100100,PANEL SERVO-90 B&R,Main Assembly,1.0,NOS,0.0,0.5
BOM-0013,NEO PRIME 90 - 280 TON (INJECTION UNIT GUIDE ROD TYPE) [1000310100],v1.0,6030100100,PANEL SERVO-90-280 B&R,Main Assembly,1.0,NOS,0.0,0.5
BOM-0013,NEO PRIME 90 - 280 TON (INJECTION UNIT GUIDE ROD TYPE) [1000310100],v1.0,6210100100,LINEAR LT-M-100,Main Assembly,1.0,NOS,0.0,0.5
BOM-0013,NEO PRIME 90 - 280 TON (INJECTION UNIT GUIDE ROD TYPE) [1000310100],v1.0,6210100175,LINEAR LT-M-175,Main Assembly,1.0,NOS,0.0,0.5
BOM-0013,NEO PRIME 90 - 280 TON (INJECTION UNIT GUIDE ROD TYPE) [1000310100],v1.0,6210100350,LINEAR LT-M-350,Main Assembly,1.0,NOS,0.0,0.5
BOM-0013,NEO PRIME 90 - 280 TON (INJECTION UNIT GUIDE ROD TYPE) [1000310100],v1.0,6220100100,LIMIT SWITCH SNAP ACTION - PC 603,Main Assembly,4.0,NOS,0.0,0.5
BOM-0013,NEO PRIME 90 - 280 TON (INJECTION UNIT GUIDE ROD TYPE) [1000310100],v1.0,6220200100,LIMIT SWITCH ROLLER LEVER - FTN-139Z11,Main Assembly,3.0,NOS,0.0,0.5
BOM-0013,NEO PRIME 90 - 280 TON (INJECTION UNIT GUIDE ROD TYPE) [1000310100],v1.0,7380100100,HYDRAULIC PIPE CLAMP - 20 MM,Main Assembly,2.0,NOS,0.0,0.5
BOM-0013,NEO PRIME 90 - 280 TON (INJECTION UNIT GUIDE ROD TYPE) [1000310100],v1.0,7380100200,HYDRAULIC PIPE CLAMP - 25 MM,Main Assembly,4.0,NOS,0.0,0.5
BOM-0013,NEO PRIME 90 - 280 TON (INJECTION UNIT GUIDE ROD TYPE) [1000310100],v1.0,6150100100,Ø85x115 CERAMIC HEATER WITH COVER,Main Assembly,6.0,NOS,0.0,0.5
BOM-0013,NEO PRIME 90 - 280 TON (INJECTION UNIT GUIDE ROD TYPE) [1000310100],v1.0,6150200100,Ø85x30 MICA HEATER,Main Assembly,1.0,NOS,0.0,0.5
BOM-0013,NEO PRIME 90 - 280 TON (INJECTION UNIT GUIDE ROD TYPE) [1000310100],v1.0,6150300100,Ø50x40 MICA HEATER SIDE CUT,Main Assembly,1.0,NOS,0.0,0.5
BOM-0013,NEO PRIME 90 - 280 TON (INJECTION UNIT GUIDE ROD TYPE) [1000310100],v1.0,6150400100,Ø30x30 COIL HEATER,Main Assembly,1.0,NOS,0.0,0.5
BOM-0013,NEO PRIME 90 - 280 TON (INJECTION UNIT GUIDE ROD TYPE) [1000310100],v1.0,6141100100,"THERMO COUPLE SENSOR 
(K TYPE L SHAPE ISOLATED 1 MTR)",Main Assembly,3.0,NOS,0.0,0.5
BOM-0013,NEO PRIME 90 - 280 TON (INJECTION UNIT GUIDE ROD TYPE) [1000310100],v1.0,6141200100,"THERMO COUPLE SENSOR
BUTTERFLY TYPE 1/4 BSP K TYPE ISOLATED 1.5 MTR",Main Assembly,1.0,NOS,0.0,0.5
BOM-0013,NEO PRIME 90 - 280 TON (INJECTION UNIT GUIDE ROD TYPE) [1000310100],v1.0,7370200100,MOTOR MOUNTING PAD Ø60 X M10 X 40LG,Main Assembly,4.0,NOS,0.0,0.5
BOM-0013,NEO PRIME 90 - 280 TON (INJECTION UNIT GUIDE ROD TYPE) [1000310100],v1.0,7910500100,PLASTIC CAN HDPE-3 LITER (WHITE),Main Assembly,1.0,NOS,0.0,0.5
BOM-0013,NEO PRIME 90 - 280 TON (INJECTION UNIT GUIDE ROD TYPE) [1000310100],v1.0,7910300100,ANTI VIBRATION RUBBER PAD - Ø125,Main Assembly,4.0,NOS,0.0,0.5
BOM-0014,NEO PRIME 110 - 420 TON (INJECTION UNIT GUIDE ROD TYPE) [1000310400],v1.0,1000110200,TOGGLE TYPE LOCKING UNIT-110 TON,Main Assembly,1.0,NOS,0.0,0.5
BOM-0014,NEO PRIME 110 - 420 TON (INJECTION UNIT GUIDE ROD TYPE) [1000310400],v1.0,1000210200,GUIDE ROD TYPE INJECTION UNIT-420,Main Assembly,1.0,NOS,0.0,0.5
BOM-0014,NEO PRIME 110 - 420 TON (INJECTION UNIT GUIDE ROD TYPE) [1000310400],v1.0,3000001900,BASE FRAME ASSY - 110TON  (280/420/635),Main Assembly,1.0,NOS,0.0,0.5
BOM-0014,NEO PRIME 110 - 420 TON (INJECTION UNIT GUIDE ROD TYPE) [1000310400],v1.0,3000002100,INJECTION FRAME ASSY - 110-420 (GUIDE ROD TYPE),Main Assembly,1.0,NOS,0.0,0.5
BOM-0014,NEO PRIME 110 - 420 TON (INJECTION UNIT GUIDE ROD TYPE) [1000310400],v1.0,2000301100,SCREW BARREL ASSY - 40-420,Main Assembly,1.0,NOS,0.0,0.5
BOM-0014,NEO PRIME 110 - 420 TON (INJECTION UNIT GUIDE ROD TYPE) [1000310400],v1.0,2000301300,OIL TANK ASSY - 110 TON - 300LTR,Main Assembly,1.0,NOS,0.0,0.5
BOM-0014,NEO PRIME 110 - 420 TON (INJECTION UNIT GUIDE ROD TYPE) [1000310400],v1.0,2000301400,SAFETY DOOR ASSY - 110 TON,Main Assembly,1.0,NOS,0.0,0.5
BOM-0014,NEO PRIME 110 - 420 TON (INJECTION UNIT GUIDE ROD TYPE) [1000310400],v1.0,2000301500,BASE FRAME GUARD SET - 110-420,Main Assembly,1.0,NOS,0.0,0.5
BOM-0014,NEO PRIME 110 - 420 TON (INJECTION UNIT GUIDE ROD TYPE) [1000310400],v1.0,2000301600,SEAMLESS PIPE SET - 110-420,Main Assembly,1.0,NOS,0.0,0.5
BOM-0014,NEO PRIME 110 - 420 TON (INJECTION UNIT GUIDE ROD TYPE) [1000310400],v1.0,2000300800,HEAT EXCHANGER ASSY - 90 TON,Main Assembly,1.0,NOS,0.0,0.5
BOM-0014,NEO PRIME 110 - 420 TON (INJECTION UNIT GUIDE ROD TYPE) [1000310400],v1.0,2000300900,HOPPER ASSY - 25KG,Main Assembly,1.0,NOS,0.0,0.5
BOM-0014,NEO PRIME 110 - 420 TON (INJECTION UNIT GUIDE ROD TYPE) [1000310400],v1.0,7000100600,FASTENER KIT MAIN MACHINE - 110-420,Main Assembly,1.0,NOS,0.0,0.5
BOM-0014,NEO PRIME 110 - 420 TON (INJECTION UNIT GUIDE ROD TYPE) [1000310400],v1.0,7000200200,NIPPLE KIT - 110-420,Main Assembly,1.0,NOS,0.0,0.5
BOM-0014,NEO PRIME 110 - 420 TON (INJECTION UNIT GUIDE ROD TYPE) [1000310400],v1.0,7000300200,HOSE PIPE KIT - 110-420,Main Assembly,1.0,NOS,0.0,0.5
BOM-0014,NEO PRIME 110 - 420 TON (INJECTION UNIT GUIDE ROD TYPE) [1000310400],v1.0,7000400100,LUBR PUMP SYSTEM,Main Assembly,1.0,NOS,0.0,0.5
BOM-0014,NEO PRIME 110 - 420 TON (INJECTION UNIT GUIDE ROD TYPE) [1000310400],v1.0,3000000400,WELDING HOSE PIPE NIPPLE FLANGE ASSY - 2'',Main Assembly,1.0,NOS,0.0,0.5
BOM-0014,NEO PRIME 110 - 420 TON (INJECTION UNIT GUIDE ROD TYPE) [1000310400],v1.0,3000000500,PLC BOX FB ASSY - B&R,Main Assembly,1.0,NOS,0.0,0.5
BOM-0014,NEO PRIME 110 - 420 TON (INJECTION UNIT GUIDE ROD TYPE) [1000310400],v1.0,3000000600,LOCKING UNIT JUNCTION BOX OP FB ASSY,Main Assembly,1.0,NOS,0.0,0.5
BOM-0014,NEO PRIME 110 - 420 TON (INJECTION UNIT GUIDE ROD TYPE) [1000310400],v1.0,3000000700,LOCKING UNIT JUNCTION BOX NOP FB ASSY,Main Assembly,1.0,NOS,0.0,0.5
BOM-0014,NEO PRIME 110 - 420 TON (INJECTION UNIT GUIDE ROD TYPE) [1000310400],v1.0,3000000800,HEATER WIRE JUNCTION BOX FB ASSY,Main Assembly,1.0,NOS,0.0,0.5
BOM-0014,NEO PRIME 110 - 420 TON (INJECTION UNIT GUIDE ROD TYPE) [1000310400],v1.0,3000002300,HYDRO MOTOR PIPE CLAMP MTG -420,Main Assembly,1.0,NOS,0.0,0.5
BOM-0014,NEO PRIME 110 - 420 TON (INJECTION UNIT GUIDE ROD TYPE) [1000310400],v1.0,3000002400,LOCKING UNIT LINEAR MTG BRACKET - 110 TON,Main Assembly,1.0,NOS,0.0,0.5
BOM-0014,NEO PRIME 110 - 420 TON (INJECTION UNIT GUIDE ROD TYPE) [1000310400],v1.0,4120004600,INJECTION MANIFOLD - NG10,Main Assembly,1.0,NOS,0.0,0.5
BOM-0014,NEO PRIME 110 - 420 TON (INJECTION UNIT GUIDE ROD TYPE) [1000310400],v1.0,4120004700,LOCKING MANIFOLD NG10-NG6-NG6,Main Assembly,1.0,NOS,0.0,0.5
BOM-0014,NEO PRIME 110 - 420 TON (INJECTION UNIT GUIDE ROD TYPE) [1000310400],v1.0,4120004800,EJECTOR MANIFOLD NG6,Main Assembly,1.0,NOS,0.0,0.5
BOM-0014,NEO PRIME 110 - 420 TON (INJECTION UNIT GUIDE ROD TYPE) [1000310400],v1.0,4120004900,PRESSURE MANIFOLD BG06,Main Assembly,1.0,NOS,0.0,0.5
BOM-0014,NEO PRIME 110 - 420 TON (INJECTION UNIT GUIDE ROD TYPE) [1000310400],v1.0,4120009300,EJECTOR ROD - 110 TON,Main Assembly,1.0,NOS,0.0,0.5
BOM-0014,NEO PRIME 110 - 420 TON (INJECTION UNIT GUIDE ROD TYPE) [1000310400],v1.0,4120009400,NOZZLE CYLINDER EXTENSION ROD 110-420,Main Assembly,2.0,NOS,0.0,0.5
BOM-0014,NEO PRIME 110 - 420 TON (INJECTION UNIT GUIDE ROD TYPE) [1000310400],v1.0,4120005200,NOZZLE CYLINDER EXTENSION ROD MTG,Main Assembly,2.0,NOS,0.0,0.5
BOM-0014,NEO PRIME 110 - 420 TON (INJECTION UNIT GUIDE ROD TYPE) [1000310400],v1.0,4120005300,NOZZLE CYLINDER EXTENSION ROD MTG BUSH,Main Assembly,2.0,NOS,0.0,0.5
BOM-0014,NEO PRIME 110 - 420 TON (INJECTION UNIT GUIDE ROD TYPE) [1000310400],v1.0,4120005400,NOZZLE CYLINDER STOP LIMIT SWITCH OPERATING PIN,Main Assembly,1.0,NOS,0.0,0.5
BOM-0014,NEO PRIME 110 - 420 TON (INJECTION UNIT GUIDE ROD TYPE) [1000310400],v1.0,4120005500,NOZZLE CYLINDER STOP SLIDER,Main Assembly,1.0,NOS,0.0,0.5
BOM-0014,NEO PRIME 110 - 420 TON (INJECTION UNIT GUIDE ROD TYPE) [1000310400],v1.0,4120005600,INJECTION UNIT SETTING BLOCK,Main Assembly,2.0,NOS,0.0,0.5
BOM-0014,NEO PRIME 110 - 420 TON (INJECTION UNIT GUIDE ROD TYPE) [1000310400],v1.0,4120005700,INJECTION FRAME MTG BOLT M27 X 35LG,Main Assembly,4.0,NOS,0.0,0.5
BOM-0014,NEO PRIME 110 - 420 TON (INJECTION UNIT GUIDE ROD TYPE) [1000310400],v1.0,4120005800,INJECTION GUARD MTG STUD,Main Assembly,4.0,NOS,0.0,0.5
BOM-0014,NEO PRIME 110 - 420 TON (INJECTION UNIT GUIDE ROD TYPE) [1000310400],v1.0,4120009500,CROSS HEAD LIMIT SWITCH OPERATING PIN-110,Main Assembly,1.0,NOS,0.0,0.5
BOM-0014,NEO PRIME 110 - 420 TON (INJECTION UNIT GUIDE ROD TYPE) [1000310400],v1.0,4120006000,MOLD HEIGHT STOP LIMIT SWITCH OPERATING PIN-90 TON,Main Assembly,2.0,NOS,0.0,0.5
BOM-0014,NEO PRIME 110 - 420 TON (INJECTION UNIT GUIDE ROD TYPE) [1000310400],v1.0,4120009600,INJECTION MANIFOLD MTG PLATE - 420,Main Assembly,1.0,NOS,0.0,0.5
BOM-0014,NEO PRIME 110 - 420 TON (INJECTION UNIT GUIDE ROD TYPE) [1000310400],v1.0,4120009700,INJECTION MANIFOLD MTG STRIP - 420,Main Assembly,2.0,NOS,0.0,0.5
BOM-0014,NEO PRIME 110 - 420 TON (INJECTION UNIT GUIDE ROD TYPE) [1000310400],v1.0,4120006300,GREASE PUMP MOUNTING PLATE,Main Assembly,1.0,NOS,0.0,0.5
BOM-0014,NEO PRIME 110 - 420 TON (INJECTION UNIT GUIDE ROD TYPE) [1000310400],v1.0,3130800100,JUNCTION BOX COVER,Main Assembly,2.0,NOS,0.0,0.5
BOM-0014,NEO PRIME 110 - 420 TON (INJECTION UNIT GUIDE ROD TYPE) [1000310400],v1.0,3130800200,PLC BOX COVER,Main Assembly,1.0,NOS,0.0,0.5
BOM-0014,NEO PRIME 110 - 420 TON (INJECTION UNIT GUIDE ROD TYPE) [1000310400],v1.0,3130800300,HEATER WIRE JUNCTION BOX COVER,Main Assembly,1.0,NOS,0.0,0.5
BOM-0014,NEO PRIME 110 - 420 TON (INJECTION UNIT GUIDE ROD TYPE) [1000310400],v1.0,3131100100,PLC BOX  MTG TOP BRACKET,Main Assembly,1.0,NOS,0.0,0.5
BOM-0014,NEO PRIME 110 - 420 TON (INJECTION UNIT GUIDE ROD TYPE) [1000310400],v1.0,3131100200,PLC BOX MTG BOTTOM BRACKET,Main Assembly,1.0,NOS,0.0,0.5
BOM-0014,NEO PRIME 110 - 420 TON (INJECTION UNIT GUIDE ROD TYPE) [1000310400],v1.0,3131100300,"MOLD HEIGHT STOP LIMIT SWITCH 
OPERATING PIN MTG BRACKET",Main Assembly,2.0,NOS,0.0,0.5
BOM-0014,NEO PRIME 110 - 420 TON (INJECTION UNIT GUIDE ROD TYPE) [1000310400],v1.0,3131100400,MOLD HEIGHT STOP LIMIT SWITCH MTG BRACKET,Main Assembly,1.0,NOS,0.0,0.5
BOM-0014,NEO PRIME 110 - 420 TON (INJECTION UNIT GUIDE ROD TYPE) [1000310400],v1.0,3131100500,CROSS HEAD LOCKING LIMIT STOP PIN MTG BRACKET,Main Assembly,1.0,NOS,0.0,0.5
BOM-0014,NEO PRIME 110 - 420 TON (INJECTION UNIT GUIDE ROD TYPE) [1000310400],v1.0,3131100600,TOGGLE LIMIT SWITCH MTG BRACKET,Main Assembly,1.0,NOS,0.0,0.5
BOM-0014,NEO PRIME 110 - 420 TON (INJECTION UNIT GUIDE ROD TYPE) [1000310400],v1.0,3131100700,EJECTOR LINEAR MTG BRACKET,Main Assembly,1.0,NOS,0.0,0.5
BOM-0014,NEO PRIME 110 - 420 TON (INJECTION UNIT GUIDE ROD TYPE) [1000310400],v1.0,3131100800,HEATER WIRE JUNCTION BOX MTG BRACKET,Main Assembly,1.0,NOS,0.0,0.5
BOM-0014,NEO PRIME 110 - 420 TON (INJECTION UNIT GUIDE ROD TYPE) [1000310400],v1.0,3131100900,HYD MOTOR RPM PROXY SENSOR MTG BRACKET,Main Assembly,1.0,NOS,0.0,0.5
BOM-0014,NEO PRIME 110 - 420 TON (INJECTION UNIT GUIDE ROD TYPE) [1000310400],v1.0,3131101400,INJECTION LINEAR MOUNTING BRACKET - 420,Main Assembly,1.0,NOS,0.0,0.5
BOM-0014,NEO PRIME 110 - 420 TON (INJECTION UNIT GUIDE ROD TYPE) [1000310400],v1.0,3131101100,INJECTION LINEAR SHAFT MTG BRACKET - 280,Main Assembly,1.0,NOS,0.0,0.5
BOM-0014,NEO PRIME 110 - 420 TON (INJECTION UNIT GUIDE ROD TYPE) [1000310400],v1.0,3131101200,NOZZLE CYLINDER LIMIT SWITCH PIN MTG BRACKET,Main Assembly,1.0,NOS,0.0,0.5
BOM-0014,NEO PRIME 110 - 420 TON (INJECTION UNIT GUIDE ROD TYPE) [1000310400],v1.0,3131101300,NOZZLE CYLINDER STOP LIMIT SWITCH MTG BRACKET,Main Assembly,1.0,NOS,0.0,0.5
BOM-0014,NEO PRIME 110 - 420 TON (INJECTION UNIT GUIDE ROD TYPE) [1000310400],v1.0,3131300200,INJECTION GUARD SUPPORT BRACKET - 420,Main Assembly,1.0,NOS,0.0,0.5
BOM-0014,NEO PRIME 110 - 420 TON (INJECTION UNIT GUIDE ROD TYPE) [1000310400],v1.0,6160100100,DSG-01-3C2-D24 (YUKEN),Main Assembly,2.0,NOS,0.0,0.5
BOM-0014,NEO PRIME 110 - 420 TON (INJECTION UNIT GUIDE ROD TYPE) [1000310400],v1.0,6160100200,DSG-01-3C4-D24 (YUKEN),Main Assembly,2.0,NOS,0.0,0.5
BOM-0014,NEO PRIME 110 - 420 TON (INJECTION UNIT GUIDE ROD TYPE) [1000310400],v1.0,6160100300,DSG-01-2B2B-D24 (YUKEN),Main Assembly,1.0,NOS,0.0,0.5
BOM-0014,NEO PRIME 110 - 420 TON (INJECTION UNIT GUIDE ROD TYPE) [1000310400],v1.0,6160100400,DSG-03-3C2-D24 (YUKEN),Main Assembly,1.0,NOS,0.0,0.5
BOM-0014,NEO PRIME 110 - 420 TON (INJECTION UNIT GUIDE ROD TYPE) [1000310400],v1.0,6160100600,DSG-03-3C12-D24 (YUKEN),Main Assembly,1.0,NOS,0.0,0.5
BOM-0014,NEO PRIME 110 - 420 TON (INJECTION UNIT GUIDE ROD TYPE) [1000310400],v1.0,6160100700,DSG-03-2B10B-D24 (YUKEN),Main Assembly,1.0,NOS,0.0,0.5
BOM-0014,NEO PRIME 110 - 420 TON (INJECTION UNIT GUIDE ROD TYPE) [1000310400],v1.0,6170100100,PRESSURE RELIEF VALVE - BG-03-HP32 (YUKEN),Main Assembly,1.0,NOS,0.0,0.5
BOM-0014,NEO PRIME 110 - 420 TON (INJECTION UNIT GUIDE ROD TYPE) [1000310400],v1.0,6170100200,PRESSURE RELIEF VALVE - BG-06-P32 (YUKEN),Main Assembly,1.0,NOS,0.0,0.5
BOM-0014,NEO PRIME 110 - 420 TON (INJECTION UNIT GUIDE ROD TYPE) [1000310400],v1.0,6180100100,PILOT OPERATED CHECK VALVE - MPA-01-4-40H01 (YUKEN),Main Assembly,1.0,NOS,0.0,0.5
BOM-0014,NEO PRIME 110 - 420 TON (INJECTION UNIT GUIDE ROD TYPE) [1000310400],v1.0,6180200100,PILOT OPERATED CHECK VALVE - MCIV-06-01 (PRISM HYD),Main Assembly,1.0,NOS,0.0,0.5
BOM-0014,NEO PRIME 110 - 420 TON (INJECTION UNIT GUIDE ROD TYPE) [1000310400],v1.0,6240100100,"PRESSURE GAUG 0-420 BAR BACK CONNECTION (2-1/2"")",Main Assembly,2.0,NOS,0.0,0.5
BOM-0014,NEO PRIME 110 - 420 TON (INJECTION UNIT GUIDE ROD TYPE) [1000310400],v1.0,6010400100,SERVO SYSTEM - 64 LPM (JAKSH),Main Assembly,1.0,NOS,0.0,0.5
BOM-0014,NEO PRIME 110 - 420 TON (INJECTION UNIT GUIDE ROD TYPE) [1000310400],v1.0,6020100100,PANEL SERVO-90 B&R,Main Assembly,1.0,NOS,0.0,0.5
BOM-0014,NEO PRIME 110 - 420 TON (INJECTION UNIT GUIDE ROD TYPE) [1000310400],v1.0,6030100200,PANEL SERVO-110 B&R,Main Assembly,1.0,NOS,0.0,0.5
BOM-0014,NEO PRIME 110 - 420 TON (INJECTION UNIT GUIDE ROD TYPE) [1000310400],v1.0,6210100200,LINEAR LT-M-200,Main Assembly,1.0,NOS,0.0,0.5
BOM-0014,NEO PRIME 110 - 420 TON (INJECTION UNIT GUIDE ROD TYPE) [1000310400],v1.0,6210100350,LINEAR LT-M-350,Main Assembly,1.0,NOS,0.0,0.5
BOM-0014,NEO PRIME 110 - 420 TON (INJECTION UNIT GUIDE ROD TYPE) [1000310400],v1.0,6210100350,LINEAR LT-M-350,Main Assembly,1.0,NOS,0.0,0.5
BOM-0014,NEO PRIME 110 - 420 TON (INJECTION UNIT GUIDE ROD TYPE) [1000310400],v1.0,6220100100,LIMIT SWITCH SNAP ACTION - PC 603,Main Assembly,4.0,NOS,0.0,0.5
BOM-0014,NEO PRIME 110 - 420 TON (INJECTION UNIT GUIDE ROD TYPE) [1000310400],v1.0,6220200100,LIMIT SWITCH ROLLER LEVER - FTN-139Z11,Main Assembly,3.0,NOS,0.0,0.5
BOM-0014,NEO PRIME 110 - 420 TON (INJECTION UNIT GUIDE ROD TYPE) [1000310400],v1.0,7380100200,HYDRAULIC PIPE CLAMP - 25 MM,Main Assembly,4.0,NOS,0.0,0.5
BOM-0014,NEO PRIME 110 - 420 TON (INJECTION UNIT GUIDE ROD TYPE) [1000310400],v1.0,6150100200,Ø95x130 CERAMIC HEATER WITH COVER,Main Assembly,6.0,NOS,0.0,0.5
BOM-0014,NEO PRIME 110 - 420 TON (INJECTION UNIT GUIDE ROD TYPE) [1000310400],v1.0,6150200200,Ø95x40 MICA HEATER,Main Assembly,1.0,NOS,0.0,0.5
BOM-0014,NEO PRIME 110 - 420 TON (INJECTION UNIT GUIDE ROD TYPE) [1000310400],v1.0,6150300200,Ø55x50 MICA HEATER SIDE CUT,Main Assembly,1.0,NOS,0.0,0.5
BOM-0014,NEO PRIME 110 - 420 TON (INJECTION UNIT GUIDE ROD TYPE) [1000310400],v1.0,6150400100,Ø30x30 COIL HEATER,Main Assembly,1.0,NOS,0.0,0.5
BOM-0014,NEO PRIME 110 - 420 TON (INJECTION UNIT GUIDE ROD TYPE) [1000310400],v1.0,6141100100,"THERMO COUPLE SENSOR 
(K TYPE L SHAPE ISOLATED 1 MTR)",Main Assembly,3.0,NOS,0.0,0.5
BOM-0014,NEO PRIME 110 - 420 TON (INJECTION UNIT GUIDE ROD TYPE) [1000310400],v1.0,6141200100,"THERMO COUPLE SENSOR
BUTTERFLY TYPE 1/4 BSP K TYPE ISOLATED 1.5 MTR",Main Assembly,1.0,NOS,0.0,0.5
BOM-0014,NEO PRIME 110 - 420 TON (INJECTION UNIT GUIDE ROD TYPE) [1000310400],v1.0,7370200100,MOTOR MOUNTING PAD Ø60 X M10 X 40LG,Main Assembly,4.0,NOS,0.0,0.5
BOM-0014,NEO PRIME 110 - 420 TON (INJECTION UNIT GUIDE ROD TYPE) [1000310400],v1.0,7910500100,PLASTIC CAN HDPE-3 LITER (WHITE),Main Assembly,1.0,NOS,0.0,0.5
BOM-0014,NEO PRIME 110 - 420 TON (INJECTION UNIT GUIDE ROD TYPE) [1000310400],v1.0,7910300100,ANTI VIBRATION RUBBER PAD - Ø125,Main Assembly,4.0,NOS,0.0,0.5
BOM-0015,NEO PRIME 140-635 TON (INJECTION UNIT GUIDE ROD TYPE) [1000310700],v1.0,1000110300,TOGGLE TYPE LOCKING UNIT-140 TON,Main Assembly,1.0,NOS,0.0,0.5
BOM-0015,NEO PRIME 140-635 TON (INJECTION UNIT GUIDE ROD TYPE) [1000310700],v1.0,1000210300,GUIDE ROD TYPE INJECTION UNIT-635,Main Assembly,1.0,NOS,0.0,0.5
BOM-0015,NEO PRIME 140-635 TON (INJECTION UNIT GUIDE ROD TYPE) [1000310700],v1.0,3000003000,BASE FRAME ASSY - 140TON  (420/635),Main Assembly,1.0,NOS,0.0,0.5
BOM-0015,NEO PRIME 140-635 TON (INJECTION UNIT GUIDE ROD TYPE) [1000310700],v1.0,3000003200,INJECTION FRAME ASSY - 140-635 (GUIDE ROD TYPE),Main Assembly,1.0,NOS,0.0,0.5
BOM-0015,NEO PRIME 140-635 TON (INJECTION UNIT GUIDE ROD TYPE) [1000310700],v1.0,2000301800,SCREW BARREL ASSY - 45-635,Main Assembly,1.0,NOS,0.0,0.5
BOM-0015,NEO PRIME 140-635 TON (INJECTION UNIT GUIDE ROD TYPE) [1000310700],v1.0,2000302000,OIL TANK ASSY - 140 TON - 350LTR,Main Assembly,1.0,NOS,0.0,0.5
BOM-0015,NEO PRIME 140-635 TON (INJECTION UNIT GUIDE ROD TYPE) [1000310700],v1.0,2000302100,SAFETY DOOR ASSY - 140 TON,Main Assembly,1.0,NOS,0.0,0.5
BOM-0015,NEO PRIME 140-635 TON (INJECTION UNIT GUIDE ROD TYPE) [1000310700],v1.0,2000302200,BASE FRAME GUARD SET - 140-635,Main Assembly,1.0,NOS,0.0,0.5
BOM-0015,NEO PRIME 140-635 TON (INJECTION UNIT GUIDE ROD TYPE) [1000310700],v1.0,2000302300,SEAMLESS PIPE SET - 140-635,Main Assembly,1.0,NOS,0.0,0.5
BOM-0015,NEO PRIME 140-635 TON (INJECTION UNIT GUIDE ROD TYPE) [1000310700],v1.0,2000300800,HEAT EXCHANGER ASSY - 90 TON,Main Assembly,1.0,NOS,0.0,0.5
BOM-0015,NEO PRIME 140-635 TON (INJECTION UNIT GUIDE ROD TYPE) [1000310700],v1.0,2000300900,HOPPER ASSY - 25KG,Main Assembly,1.0,NOS,0.0,0.5
BOM-0015,NEO PRIME 140-635 TON (INJECTION UNIT GUIDE ROD TYPE) [1000310700],v1.0,7000101100,FASTENER KIT MAIN MACHINE - 140-635,Main Assembly,1.0,NOS,0.0,0.5
BOM-0015,NEO PRIME 140-635 TON (INJECTION UNIT GUIDE ROD TYPE) [1000310700],v1.0,7000200300,NIPPLE KIT - 140-635,Main Assembly,1.0,NOS,0.0,0.5
BOM-0015,NEO PRIME 140-635 TON (INJECTION UNIT GUIDE ROD TYPE) [1000310700],v1.0,7000300300,HOSE PIPE KIT - 140-635,Main Assembly,1.0,NOS,0.0,0.5
BOM-0015,NEO PRIME 140-635 TON (INJECTION UNIT GUIDE ROD TYPE) [1000310700],v1.0,7000400100,LUBR PUMP SYSTEM,Main Assembly,1.0,NOS,0.0,0.5
BOM-0015,NEO PRIME 140-635 TON (INJECTION UNIT GUIDE ROD TYPE) [1000310700],v1.0,3000000400,WELDING HOSE PIPE NIPPLE FLANGE ASSY - 2'',Main Assembly,1.0,NOS,0.0,0.5
BOM-0015,NEO PRIME 140-635 TON (INJECTION UNIT GUIDE ROD TYPE) [1000310700],v1.0,3000000500,PLC BOX FB ASSY - B&R,Main Assembly,1.0,NOS,0.0,0.5
BOM-0015,NEO PRIME 140-635 TON (INJECTION UNIT GUIDE ROD TYPE) [1000310700],v1.0,3000000600,LOCKING UNIT JUNCTION BOX OP FB ASSY,Main Assembly,1.0,NOS,0.0,0.5
BOM-0015,NEO PRIME 140-635 TON (INJECTION UNIT GUIDE ROD TYPE) [1000310700],v1.0,3000000700,LOCKING UNIT JUNCTION BOX NOP FB ASSY,Main Assembly,1.0,NOS,0.0,0.5
BOM-0015,NEO PRIME 140-635 TON (INJECTION UNIT GUIDE ROD TYPE) [1000310700],v1.0,3000000800,HEATER WIRE JUNCTION BOX FB ASSY,Main Assembly,1.0,NOS,0.0,0.5
BOM-0015,NEO PRIME 140-635 TON (INJECTION UNIT GUIDE ROD TYPE) [1000310700],v1.0,3000003300,HYDRO MOTOR PIPE CLAMP MTG FB ASSY-635,Main Assembly,1.0,NOS,0.0,0.5
BOM-0015,NEO PRIME 140-635 TON (INJECTION UNIT GUIDE ROD TYPE) [1000310700],v1.0,3000003400,LOCKING UNIT LINEAR MTG BRACKET - 140 TON,Main Assembly,1.0,NOS,0.0,0.5
BOM-0015,NEO PRIME 140-635 TON (INJECTION UNIT GUIDE ROD TYPE) [1000310700],v1.0,4120013000,INJECTION MANIFOLD - NG16,Main Assembly,1.0,NOS,0.0,0.5
BOM-0015,NEO PRIME 140-635 TON (INJECTION UNIT GUIDE ROD TYPE) [1000310700],v1.0,4120013100,LOCKING MANIFOLD NG16-NG6-NG6,Main Assembly,1.0,NOS,0.0,0.5
BOM-0015,NEO PRIME 140-635 TON (INJECTION UNIT GUIDE ROD TYPE) [1000310700],v1.0,4120013200,EJECTOR MANIFOLD NG10,Main Assembly,1.0,NOS,0.0,0.5
BOM-0015,NEO PRIME 140-635 TON (INJECTION UNIT GUIDE ROD TYPE) [1000310700],v1.0,4120004900,PRESSURE MANIFOLD BG06,Main Assembly,1.0,NOS,0.0,0.5
BOM-0015,NEO PRIME 140-635 TON (INJECTION UNIT GUIDE ROD TYPE) [1000310700],v1.0,4120013300,EJECTOR ROD - 140 TON,Main Assembly,1.0,NOS,0.0,0.5
BOM-0015,NEO PRIME 140-635 TON (INJECTION UNIT GUIDE ROD TYPE) [1000310700],v1.0,4120013400,NOZZLE CYLINDER EXTENSION ROD 140-635,Main Assembly,2.0,NOS,0.0,0.5
BOM-0015,NEO PRIME 140-635 TON (INJECTION UNIT GUIDE ROD TYPE) [1000310700],v1.0,4120005200,NOZZLE CYLINDER EXTENSION ROD MTG,Main Assembly,2.0,NOS,0.0,0.5
BOM-0015,NEO PRIME 140-635 TON (INJECTION UNIT GUIDE ROD TYPE) [1000310700],v1.0,4120005300,NOZZLE CYLINDER EXTENSION ROD MTG BUSH,Main Assembly,2.0,NOS,0.0,0.5
BOM-0015,NEO PRIME 140-635 TON (INJECTION UNIT GUIDE ROD TYPE) [1000310700],v1.0,4120005400,NOZZLE CYLINDER STOP LIMIT SWITCH OPERATING PIN,Main Assembly,1.0,NOS,0.0,0.5
BOM-0015,NEO PRIME 140-635 TON (INJECTION UNIT GUIDE ROD TYPE) [1000310700],v1.0,4120005500,NOZZLE CYLINDER STOP SLIDER,Main Assembly,1.0,NOS,0.0,0.5
BOM-0015,NEO PRIME 140-635 TON (INJECTION UNIT GUIDE ROD TYPE) [1000310700],v1.0,4120005600,INJECTION UNIT SETTING BLOCK,Main Assembly,2.0,NOS,0.0,0.5
BOM-0015,NEO PRIME 140-635 TON (INJECTION UNIT GUIDE ROD TYPE) [1000310700],v1.0,4120005700,INJECTION FRAME MTG BOLT M27 X 35LG,Main Assembly,4.0,NOS,0.0,0.5
BOM-0015,NEO PRIME 140-635 TON (INJECTION UNIT GUIDE ROD TYPE) [1000310700],v1.0,4120005800,INJECTION GUARD MTG STUD,Main Assembly,4.0,NOS,0.0,0.5
BOM-0015,NEO PRIME 140-635 TON (INJECTION UNIT GUIDE ROD TYPE) [1000310700],v1.0,4120013500,CROSS HEAD LIMIT SWITCH OPERATING PIN-140,Main Assembly,1.0,NOS,0.0,0.5
BOM-0015,NEO PRIME 140-635 TON (INJECTION UNIT GUIDE ROD TYPE) [1000310700],v1.0,4120013600,MOLD HEIGHT STOP LIMIT SWITCH OPERATING PIN-140 TON,Main Assembly,2.0,NOS,0.0,0.5
BOM-0015,NEO PRIME 140-635 TON (INJECTION UNIT GUIDE ROD TYPE) [1000310700],v1.0,4120013700,INJECTION MANIFOLD MTG PLATE - 635,Main Assembly,1.0,NOS,0.0,0.5
BOM-0015,NEO PRIME 140-635 TON (INJECTION UNIT GUIDE ROD TYPE) [1000310700],v1.0,4120013800,INJECTION MANIFOLD MTG STRIP - 635,Main Assembly,2.0,NOS,0.0,0.5
BOM-0015,NEO PRIME 140-635 TON (INJECTION UNIT GUIDE ROD TYPE) [1000310700],v1.0,4120006300,GREASE PUMP MOUNTING PLATE,Main Assembly,1.0,NOS,0.0,0.5
BOM-0015,NEO PRIME 140-635 TON (INJECTION UNIT GUIDE ROD TYPE) [1000310700],v1.0,3130800100,JUNCTION BOX COVER,Main Assembly,2.0,NOS,0.0,0.5
BOM-0015,NEO PRIME 140-635 TON (INJECTION UNIT GUIDE ROD TYPE) [1000310700],v1.0,3130800200,PLC BOX COVER,Main Assembly,1.0,NOS,0.0,0.5
BOM-0015,NEO PRIME 140-635 TON (INJECTION UNIT GUIDE ROD TYPE) [1000310700],v1.0,3130800300,HEATER WIRE JUNCTION BOX COVER,Main Assembly,1.0,NOS,0.0,0.5
BOM-0015,NEO PRIME 140-635 TON (INJECTION UNIT GUIDE ROD TYPE) [1000310700],v1.0,3131100100,PLC BOX  MTG TOP BRACKET,Main Assembly,1.0,NOS,0.0,0.5
BOM-0015,NEO PRIME 140-635 TON (INJECTION UNIT GUIDE ROD TYPE) [1000310700],v1.0,3131100200,PLC BOX MTG BOTTOM BRACKET,Main Assembly,1.0,NOS,0.0,0.5
BOM-0015,NEO PRIME 140-635 TON (INJECTION UNIT GUIDE ROD TYPE) [1000310700],v1.0,3131100300,"MOLD HEIGHT STOP LIMIT SWITCH 
OPERATING PIN MTG BRACKET",Main Assembly,2.0,NOS,0.0,0.5
BOM-0015,NEO PRIME 140-635 TON (INJECTION UNIT GUIDE ROD TYPE) [1000310700],v1.0,3131100400,MOLD HEIGHT STOP LIMIT SWITCH MTG BRACKET,Main Assembly,1.0,NOS,0.0,0.5
BOM-0015,NEO PRIME 140-635 TON (INJECTION UNIT GUIDE ROD TYPE) [1000310700],v1.0,3131100500,CROSS HEAD LOCKING LIMIT STOP PIN MTG BRACKET,Main Assembly,1.0,NOS,0.0,0.5
BOM-0015,NEO PRIME 140-635 TON (INJECTION UNIT GUIDE ROD TYPE) [1000310700],v1.0,3131100600,TOGGLE LIMIT SWITCH MTG BRACKET,Main Assembly,1.0,NOS,0.0,0.5
BOM-0015,NEO PRIME 140-635 TON (INJECTION UNIT GUIDE ROD TYPE) [1000310700],v1.0,3131100700,EJECTOR LINEAR MTG BRACKET,Main Assembly,1.0,NOS,0.0,0.5
BOM-0015,NEO PRIME 140-635 TON (INJECTION UNIT GUIDE ROD TYPE) [1000310700],v1.0,3131100800,HEATER WIRE JUNCTION BOX MTG BRACKET,Main Assembly,1.0,NOS,0.0,0.5
BOM-0015,NEO PRIME 140-635 TON (INJECTION UNIT GUIDE ROD TYPE) [1000310700],v1.0,3131100900,HYD MOTOR RPM PROXY SENSOR MTG BRACKET,Main Assembly,1.0,NOS,0.0,0.5
BOM-0015,NEO PRIME 140-635 TON (INJECTION UNIT GUIDE ROD TYPE) [1000310700],v1.0,3131101500,INJECTION LINEAR MOUNTING BRACKET - 635,Main Assembly,1.0,NOS,0.0,0.5
BOM-0015,NEO PRIME 140-635 TON (INJECTION UNIT GUIDE ROD TYPE) [1000310700],v1.0,3131101100,INJECTION LINEAR SHAFT MTG BRACKET - 280,Main Assembly,1.0,NOS,0.0,0.5
BOM-0015,NEO PRIME 140-635 TON (INJECTION UNIT GUIDE ROD TYPE) [1000310700],v1.0,3131101200,NOZZLE CYLINDER LIMIT SWITCH PIN MTG BRACKET,Main Assembly,1.0,NOS,0.0,0.5
BOM-0015,NEO PRIME 140-635 TON (INJECTION UNIT GUIDE ROD TYPE) [1000310700],v1.0,3131101300,NOZZLE CYLINDER STOP LIMIT SWITCH MTG BRACKET,Main Assembly,1.0,NOS,0.0,0.5
BOM-0015,NEO PRIME 140-635 TON (INJECTION UNIT GUIDE ROD TYPE) [1000310700],v1.0,3131300300,INJECTION GUARD SUPPORT BRACKET - 635,Main Assembly,1.0,NOS,0.0,0.5
BOM-0015,NEO PRIME 140-635 TON (INJECTION UNIT GUIDE ROD TYPE) [1000310700],v1.0,6160100100,DSG-01-3C2-D24 (YUKEN),Main Assembly,1.0,NOS,0.0,0.5
BOM-0015,NEO PRIME 140-635 TON (INJECTION UNIT GUIDE ROD TYPE) [1000310700],v1.0,6160100400,DSG-03-3C2-D24 (YUKEN),Main Assembly,1.0,NOS,0.0,0.5
BOM-0015,NEO PRIME 140-635 TON (INJECTION UNIT GUIDE ROD TYPE) [1000310700],v1.0,6160100200,DSG-01-3C4-D24 (YUKEN),Main Assembly,1.0,NOS,0.0,0.5
BOM-0015,NEO PRIME 140-635 TON (INJECTION UNIT GUIDE ROD TYPE) [1000310700],v1.0,6160100500,DSG-03-3C4-D24 (YUKEN),Main Assembly,1.0,NOS,0.0,0.5
BOM-0015,NEO PRIME 140-635 TON (INJECTION UNIT GUIDE ROD TYPE) [1000310700],v1.0,6160100300,DSG-01-2B2B-D24 (YUKEN),Main Assembly,1.0,NOS,0.0,0.5
BOM-0015,NEO PRIME 140-635 TON (INJECTION UNIT GUIDE ROD TYPE) [1000310700],v1.0,6160100800,DIRECTION CONTROL VALVE - 4 WEH 16 E7,Main Assembly,1.0,NOS,0.0,0.5
BOM-0015,NEO PRIME 140-635 TON (INJECTION UNIT GUIDE ROD TYPE) [1000310700],v1.0,6160100900,DIRECTION CONTROL VALVE - 4 WEH 16 L7,Main Assembly,1.0,NOS,0.0,0.5
BOM-0015,NEO PRIME 140-635 TON (INJECTION UNIT GUIDE ROD TYPE) [1000310700],v1.0,6160101000,DIRECTION CONTROL VALVE - 4 WEH 16 EA,Main Assembly,1.0,NOS,0.0,0.5
BOM-0015,NEO PRIME 140-635 TON (INJECTION UNIT GUIDE ROD TYPE) [1000310700],v1.0,6170100100,PRESSURE RELIEF VALVE - BG-03-HP32 (YUKEN),Main Assembly,1.0,NOS,0.0,0.5
BOM-0015,NEO PRIME 140-635 TON (INJECTION UNIT GUIDE ROD TYPE) [1000310700],v1.0,6170100200,PRESSURE RELIEF VALVE - BG-06-P32 (YUKEN),Main Assembly,1.0,NOS,0.0,0.5
BOM-0015,NEO PRIME 140-635 TON (INJECTION UNIT GUIDE ROD TYPE) [1000310700],v1.0,6180100100,PILOT OPERATED CHECK VALVE - MPA-01-4-40H01 (YUKEN),Main Assembly,1.0,NOS,0.0,0.5
BOM-0015,NEO PRIME 140-635 TON (INJECTION UNIT GUIDE ROD TYPE) [1000310700],v1.0,6180100200,PILOT OPERATED CHECK VALVE - MPA-03-4-20H01 (YUKEN),Main Assembly,1.0,NOS,0.0,0.5
BOM-0015,NEO PRIME 140-635 TON (INJECTION UNIT GUIDE ROD TYPE) [1000310700],v1.0,6240100100,"PRESSURE GAUG 0-420 BAR BACK CONNECTION (2-1/2"")",Main Assembly,2.0,NOS,0.0,0.5
BOM-0015,NEO PRIME 140-635 TON (INJECTION UNIT GUIDE ROD TYPE) [1000310700],v1.0,6010400200,SERVO SYSTEM - 100 LPM (JAKSH),Main Assembly,1.0,NOS,0.0,0.5
BOM-0015,NEO PRIME 140-635 TON (INJECTION UNIT GUIDE ROD TYPE) [1000310700],v1.0,6020100100,PANEL SERVO-90 B&R,Main Assembly,1.0,NOS,0.0,0.5
BOM-0015,NEO PRIME 140-635 TON (INJECTION UNIT GUIDE ROD TYPE) [1000310700],v1.0,6030100300,PANEL SERVO-140 B&R,Main Assembly,1.0,NOS,0.0,0.5
BOM-0015,NEO PRIME 140-635 TON (INJECTION UNIT GUIDE ROD TYPE) [1000310700],v1.0,6210100130,LINEAR LT-M-130,Main Assembly,1.0,NOS,0.0,0.5
BOM-0015,NEO PRIME 140-635 TON (INJECTION UNIT GUIDE ROD TYPE) [1000310700],v1.0,6210100225,LINEAR LT-M-225,Main Assembly,1.0,NOS,0.0,0.5
BOM-0015,NEO PRIME 140-635 TON (INJECTION UNIT GUIDE ROD TYPE) [1000310700],v1.0,6210100375,LINEAR LT-M-375,Main Assembly,1.0,NOS,0.0,0.5
BOM-0015,NEO PRIME 140-635 TON (INJECTION UNIT GUIDE ROD TYPE) [1000310700],v1.0,6220100100,LIMIT SWITCH SNAP ACTION - PC 603,Main Assembly,4.0,NOS,0.0,0.5
BOM-0015,NEO PRIME 140-635 TON (INJECTION UNIT GUIDE ROD TYPE) [1000310700],v1.0,6220200100,LIMIT SWITCH ROLLER LEVER - FTN-139Z11,Main Assembly,3.0,NOS,0.0,0.5
BOM-0015,NEO PRIME 140-635 TON (INJECTION UNIT GUIDE ROD TYPE) [1000310700],v1.0,7380100200,HYDRAULIC PIPE CLAMP - 25 MM,Main Assembly,6.0,NOS,0.0,0.5
BOM-0015,NEO PRIME 140-635 TON (INJECTION UNIT GUIDE ROD TYPE) [1000310700],v1.0,6150100300,Ø105x145 CERAMIC HEATER WITH COVER,Main Assembly,6.0,NOS,0.0,0.5
BOM-0015,NEO PRIME 140-635 TON (INJECTION UNIT GUIDE ROD TYPE) [1000310700],v1.0,6150200300,Ø105x40 MICA HEATER,Main Assembly,1.0,NOS,0.0,0.5
BOM-0015,NEO PRIME 140-635 TON (INJECTION UNIT GUIDE ROD TYPE) [1000310700],v1.0,6150300300,Ø60x60 MICA HEATER SIDE CUT,Main Assembly,1.0,NOS,0.0,0.5
BOM-0015,NEO PRIME 140-635 TON (INJECTION UNIT GUIDE ROD TYPE) [1000310700],v1.0,6150400100,Ø30x30 COIL HEATER,Main Assembly,1.0,NOS,0.0,0.5
BOM-0015,NEO PRIME 140-635 TON (INJECTION UNIT GUIDE ROD TYPE) [1000310700],v1.0,6141100100,"THERMO COUPLE SENSOR 
(K TYPE L SHAPE ISOLATED 1 MTR)",Main Assembly,3.0,NOS,0.0,0.5
BOM-0015,NEO PRIME 140-635 TON (INJECTION UNIT GUIDE ROD TYPE) [1000310700],v1.0,6141200100,"THERMO COUPLE SENSOR
BUTTERFLY TYPE 1/4 BSP K TYPE ISOLATED 1.5 MTR",Main Assembly,1.0,NOS,0.0,0.5
BOM-0015,NEO PRIME 140-635 TON (INJECTION UNIT GUIDE ROD TYPE) [1000310700],v1.0,7370200100,MOTOR MOUNTING PAD Ø60 X M10 X 40LG,Main Assembly,4.0,NOS,0.0,0.5
BOM-0015,NEO PRIME 140-635 TON (INJECTION UNIT GUIDE ROD TYPE) [1000310700],v1.0,7910500100,PLASTIC CAN HDPE-3 LITER (WHITE),Main Assembly,1.0,NOS,0.0,0.5
BOM-0015,NEO PRIME 140-635 TON (INJECTION UNIT GUIDE ROD TYPE) [1000310700],v1.0,7910300100,ANTI VIBRATION RUBBER PAD - Ø125,Main Assembly,4.0,NOS,0.0,0.5
BOM-0016,NEO PRIME 170-905 TON (INJECTION UNIT GUIDE ROD TYPE) [1000311000],v1.0,1000110400,TOGGLE TYPE LOCKING UNIT-170 TON,Main Assembly,1.0,NOS,0.0,0.5
BOM-0016,NEO PRIME 170-905 TON (INJECTION UNIT GUIDE ROD TYPE) [1000311000],v1.0,1000210400,GUIDE ROD TYPE INJECTION UNIT-905,Main Assembly,1.0,NOS,0.0,0.5
BOM-0016,NEO PRIME 170-905 TON (INJECTION UNIT GUIDE ROD TYPE) [1000311000],v1.0,3000004000,BASE FRAME ASSY - 170TON  (635/905),Main Assembly,1.0,NOS,0.0,0.5
BOM-0016,NEO PRIME 170-905 TON (INJECTION UNIT GUIDE ROD TYPE) [1000311000],v1.0,3000004200,INJECTION FRAME ASSY - 170-905 (GUIDE ROD TYPE),Main Assembly,1.0,NOS,0.0,0.5
BOM-0016,NEO PRIME 170-905 TON (INJECTION UNIT GUIDE ROD TYPE) [1000311000],v1.0,2000302500,SCREW BARREL ASSY - 50-905,Main Assembly,1.0,NOS,0.0,0.5
BOM-0016,NEO PRIME 170-905 TON (INJECTION UNIT GUIDE ROD TYPE) [1000311000],v1.0,2000302700,OIL TANK ASSY - 170 TON - 400LTR,Main Assembly,1.0,NOS,0.0,0.5
BOM-0016,NEO PRIME 170-905 TON (INJECTION UNIT GUIDE ROD TYPE) [1000311000],v1.0,2000302800,SAFETY DOOR ASSY - 170 TON,Main Assembly,1.0,NOS,0.0,0.5
BOM-0016,NEO PRIME 170-905 TON (INJECTION UNIT GUIDE ROD TYPE) [1000311000],v1.0,2000302900,BASE FRAME GUARD SET - 170-905,Main Assembly,1.0,NOS,0.0,0.5
BOM-0016,NEO PRIME 170-905 TON (INJECTION UNIT GUIDE ROD TYPE) [1000311000],v1.0,2000303000,SEAMLESS PIPE SET - 170-905,Main Assembly,1.0,NOS,0.0,0.5
BOM-0016,NEO PRIME 170-905 TON (INJECTION UNIT GUIDE ROD TYPE) [1000311000],v1.0,2000303100,HEAT EXCHANGER ASSY - 170 TON,Main Assembly,1.0,NOS,0.0,0.5
BOM-0016,NEO PRIME 170-905 TON (INJECTION UNIT GUIDE ROD TYPE) [1000311000],v1.0,2000303200,HOPPER ASSY - 50KG,Main Assembly,1.0,NOS,0.0,0.5
BOM-0016,NEO PRIME 170-905 TON (INJECTION UNIT GUIDE ROD TYPE) [1000311000],v1.0,7000101600,FASTENER KIT MAIN MACHINE - 170-905,Main Assembly,1.0,NOS,0.0,0.5
BOM-0016,NEO PRIME 170-905 TON (INJECTION UNIT GUIDE ROD TYPE) [1000311000],v1.0,7000200400,NIPPLE KIT - 170-905,Main Assembly,1.0,NOS,0.0,0.5
BOM-0016,NEO PRIME 170-905 TON (INJECTION UNIT GUIDE ROD TYPE) [1000311000],v1.0,7000300400,HOSE PIPE KIT - 170-905,Main Assembly,1.0,NOS,0.0,0.5
BOM-0016,NEO PRIME 170-905 TON (INJECTION UNIT GUIDE ROD TYPE) [1000311000],v1.0,7000400100,LUBR PUMP SYSTEM,Main Assembly,1.0,NOS,0.0,0.5
BOM-0016,NEO PRIME 170-905 TON (INJECTION UNIT GUIDE ROD TYPE) [1000311000],v1.0,3000004300,WELDING HOSE PIPE NIPPLE FLANGE ASSY - 3'',Main Assembly,1.0,NOS,0.0,0.5
BOM-0016,NEO PRIME 170-905 TON (INJECTION UNIT GUIDE ROD TYPE) [1000311000],v1.0,3000000500,PLC BOX FB ASSY - B&R,Main Assembly,1.0,NOS,0.0,0.5
BOM-0016,NEO PRIME 170-905 TON (INJECTION UNIT GUIDE ROD TYPE) [1000311000],v1.0,3000000600,LOCKING UNIT JUNCTION BOX OP FB ASSY,Main Assembly,1.0,NOS,0.0,0.5
BOM-0016,NEO PRIME 170-905 TON (INJECTION UNIT GUIDE ROD TYPE) [1000311000],v1.0,3000000700,LOCKING UNIT JUNCTION BOX NOP FB ASSY,Main Assembly,1.0,NOS,0.0,0.5
BOM-0016,NEO PRIME 170-905 TON (INJECTION UNIT GUIDE ROD TYPE) [1000311000],v1.0,3000000800,HEATER WIRE JUNCTION BOX FB ASSY,Main Assembly,1.0,NOS,0.0,0.5
BOM-0016,NEO PRIME 170-905 TON (INJECTION UNIT GUIDE ROD TYPE) [1000311000],v1.0,3000004400,HYDRO MOTOR PIPE CLAMP MTG FB ASSY-905,Main Assembly,1.0,NOS,0.0,0.5
BOM-0016,NEO PRIME 170-905 TON (INJECTION UNIT GUIDE ROD TYPE) [1000311000],v1.0,3000004500,LOCKING UNIT LINEAR MTG BRACKET - 170 TON,Main Assembly,1.0,NOS,0.0,0.5
BOM-0016,NEO PRIME 170-905 TON (INJECTION UNIT GUIDE ROD TYPE) [1000311000],v1.0,4120013000,INJECTION MANIFOLD - NG16,Main Assembly,1.0,NOS,0.0,0.5
BOM-0016,NEO PRIME 170-905 TON (INJECTION UNIT GUIDE ROD TYPE) [1000311000],v1.0,4120013100,LOCKING MANIFOLD NG16-NG6-NG6,Main Assembly,1.0,NOS,0.0,0.5
BOM-0016,NEO PRIME 170-905 TON (INJECTION UNIT GUIDE ROD TYPE) [1000311000],v1.0,4120013200,EJECTOR MANIFOLD NG10,Main Assembly,1.0,NOS,0.0,0.5
BOM-0016,NEO PRIME 170-905 TON (INJECTION UNIT GUIDE ROD TYPE) [1000311000],v1.0,4120004900,PRESSURE MANIFOLD BG06,Main Assembly,1.0,NOS,0.0,0.5
BOM-0016,NEO PRIME 170-905 TON (INJECTION UNIT GUIDE ROD TYPE) [1000311000],v1.0,4120017300,EJECTOR ROD - 170 TON,Main Assembly,1.0,NOS,0.0,0.5
BOM-0016,NEO PRIME 170-905 TON (INJECTION UNIT GUIDE ROD TYPE) [1000311000],v1.0,4120017400,NOZZLE CYLINDER EXTENSION ROD 170-905,Main Assembly,2.0,NOS,0.0,0.5
BOM-0016,NEO PRIME 170-905 TON (INJECTION UNIT GUIDE ROD TYPE) [1000311000],v1.0,4120005200,NOZZLE CYLINDER EXTENSION ROD MTG,Main Assembly,2.0,NOS,0.0,0.5
BOM-0016,NEO PRIME 170-905 TON (INJECTION UNIT GUIDE ROD TYPE) [1000311000],v1.0,4120005300,NOZZLE CYLINDER EXTENSION ROD MTG BUSH,Main Assembly,2.0,NOS,0.0,0.5
BOM-0016,NEO PRIME 170-905 TON (INJECTION UNIT GUIDE ROD TYPE) [1000311000],v1.0,4120005400,NOZZLE CYLINDER STOP LIMIT SWITCH OPERATING PIN,Main Assembly,1.0,NOS,0.0,0.5
BOM-0016,NEO PRIME 170-905 TON (INJECTION UNIT GUIDE ROD TYPE) [1000311000],v1.0,4120005500,NOZZLE CYLINDER STOP SLIDER,Main Assembly,1.0,NOS,0.0,0.5
BOM-0016,NEO PRIME 170-905 TON (INJECTION UNIT GUIDE ROD TYPE) [1000311000],v1.0,4120005600,INJECTION UNIT SETTING BLOCK,Main Assembly,2.0,NOS,0.0,0.5
BOM-0016,NEO PRIME 170-905 TON (INJECTION UNIT GUIDE ROD TYPE) [1000311000],v1.0,4120005700,INJECTION FRAME MTG BOLT M27 X 35LG,Main Assembly,4.0,NOS,0.0,0.5
BOM-0016,NEO PRIME 170-905 TON (INJECTION UNIT GUIDE ROD TYPE) [1000311000],v1.0,4120005800,INJECTION GUARD MTG STUD,Main Assembly,4.0,NOS,0.0,0.5
BOM-0016,NEO PRIME 170-905 TON (INJECTION UNIT GUIDE ROD TYPE) [1000311000],v1.0,4120017500,CROSS HEAD LIMIT SWITCH OPERATING PIN-170,Main Assembly,1.0,NOS,0.0,0.5
BOM-0016,NEO PRIME 170-905 TON (INJECTION UNIT GUIDE ROD TYPE) [1000311000],v1.0,4120013600,MOLD HEIGHT STOP LIMIT SWITCH OPERATING PIN-140 TON,Main Assembly,2.0,NOS,0.0,0.5
BOM-0016,NEO PRIME 170-905 TON (INJECTION UNIT GUIDE ROD TYPE) [1000311000],v1.0,4120017600,INJECTION MANIFOLD MTG PLATE - 905,Main Assembly,1.0,NOS,0.0,0.5
BOM-0016,NEO PRIME 170-905 TON (INJECTION UNIT GUIDE ROD TYPE) [1000311000],v1.0,4120013800,INJECTION MANIFOLD MTG STRIP - 635,Main Assembly,2.0,NOS,0.0,0.5
BOM-0016,NEO PRIME 170-905 TON (INJECTION UNIT GUIDE ROD TYPE) [1000311000],v1.0,4120006300,GREASE PUMP MOUNTING PLATE,Main Assembly,1.0,NOS,0.0,0.5
BOM-0016,NEO PRIME 170-905 TON (INJECTION UNIT GUIDE ROD TYPE) [1000311000],v1.0,3130800100,JUNCTION BOX COVER,Main Assembly,2.0,NOS,0.0,0.5
BOM-0016,NEO PRIME 170-905 TON (INJECTION UNIT GUIDE ROD TYPE) [1000311000],v1.0,3130800200,PLC BOX COVER,Main Assembly,1.0,NOS,0.0,0.5
BOM-0016,NEO PRIME 170-905 TON (INJECTION UNIT GUIDE ROD TYPE) [1000311000],v1.0,3130800300,HEATER WIRE JUNCTION BOX COVER,Main Assembly,1.0,NOS,0.0,0.5
BOM-0016,NEO PRIME 170-905 TON (INJECTION UNIT GUIDE ROD TYPE) [1000311000],v1.0,3131100100,PLC BOX  MTG TOP BRACKET,Main Assembly,1.0,NOS,0.0,0.5
BOM-0016,NEO PRIME 170-905 TON (INJECTION UNIT GUIDE ROD TYPE) [1000311000],v1.0,3131100200,PLC BOX MTG BOTTOM BRACKET,Main Assembly,1.0,NOS,0.0,0.5
BOM-0016,NEO PRIME 170-905 TON (INJECTION UNIT GUIDE ROD TYPE) [1000311000],v1.0,3131100300,"MOLD HEIGHT STOP LIMIT SWITCH 
OPERATING PIN MTG BRACKET",Main Assembly,2.0,NOS,0.0,0.5
BOM-0016,NEO PRIME 170-905 TON (INJECTION UNIT GUIDE ROD TYPE) [1000311000],v1.0,3131100400,MOLD HEIGHT STOP LIMIT SWITCH MTG BRACKET,Main Assembly,1.0,NOS,0.0,0.5
BOM-0016,NEO PRIME 170-905 TON (INJECTION UNIT GUIDE ROD TYPE) [1000311000],v1.0,3131100500,CROSS HEAD LOCKING LIMIT STOP PIN MTG BRACKET,Main Assembly,1.0,NOS,0.0,0.5
BOM-0016,NEO PRIME 170-905 TON (INJECTION UNIT GUIDE ROD TYPE) [1000311000],v1.0,3131100600,TOGGLE LIMIT SWITCH MTG BRACKET,Main Assembly,1.0,NOS,0.0,0.5
BOM-0016,NEO PRIME 170-905 TON (INJECTION UNIT GUIDE ROD TYPE) [1000311000],v1.0,3131100700,EJECTOR LINEAR MTG BRACKET,Main Assembly,1.0,NOS,0.0,0.5
BOM-0016,NEO PRIME 170-905 TON (INJECTION UNIT GUIDE ROD TYPE) [1000311000],v1.0,3131100800,HEATER WIRE JUNCTION BOX MTG BRACKET,Main Assembly,1.0,NOS,0.0,0.5
BOM-0016,NEO PRIME 170-905 TON (INJECTION UNIT GUIDE ROD TYPE) [1000311000],v1.0,3131100900,HYD MOTOR RPM PROXY SENSOR MTG BRACKET,Main Assembly,1.0,NOS,0.0,0.5
BOM-0016,NEO PRIME 170-905 TON (INJECTION UNIT GUIDE ROD TYPE) [1000311000],v1.0,3131101600,INJECTION LINEAR MOUNTING BRACKET - 905,Main Assembly,1.0,NOS,0.0,0.5
BOM-0016,NEO PRIME 170-905 TON (INJECTION UNIT GUIDE ROD TYPE) [1000311000],v1.0,3131101100,INJECTION LINEAR SHAFT MTG BRACKET - 280,Main Assembly,1.0,NOS,0.0,0.5
BOM-0016,NEO PRIME 170-905 TON (INJECTION UNIT GUIDE ROD TYPE) [1000311000],v1.0,3131101200,NOZZLE CYLINDER LIMIT SWITCH PIN MTG BRACKET,Main Assembly,1.0,NOS,0.0,0.5
BOM-0016,NEO PRIME 170-905 TON (INJECTION UNIT GUIDE ROD TYPE) [1000311000],v1.0,3131101300,NOZZLE CYLINDER STOP LIMIT SWITCH MTG BRACKET,Main Assembly,1.0,NOS,0.0,0.5
BOM-0016,NEO PRIME 170-905 TON (INJECTION UNIT GUIDE ROD TYPE) [1000311000],v1.0,3131300400,INJECTION GUARD SUPPORT BRACKET - 905,Main Assembly,1.0,NOS,0.0,0.5
BOM-0016,NEO PRIME 170-905 TON (INJECTION UNIT GUIDE ROD TYPE) [1000311000],v1.0,6160100100,DSG-01-3C2-D24 (YUKEN),Main Assembly,1.0,NOS,0.0,0.5
BOM-0016,NEO PRIME 170-905 TON (INJECTION UNIT GUIDE ROD TYPE) [1000311000],v1.0,6160100400,DSG-03-3C2-D24 (YUKEN),Main Assembly,1.0,NOS,0.0,0.5
BOM-0016,NEO PRIME 170-905 TON (INJECTION UNIT GUIDE ROD TYPE) [1000311000],v1.0,6160100200,DSG-01-3C4-D24 (YUKEN),Main Assembly,1.0,NOS,0.0,0.5
BOM-0016,NEO PRIME 170-905 TON (INJECTION UNIT GUIDE ROD TYPE) [1000311000],v1.0,6160100500,DSG-03-3C4-D24 (YUKEN),Main Assembly,1.0,NOS,0.0,0.5
BOM-0016,NEO PRIME 170-905 TON (INJECTION UNIT GUIDE ROD TYPE) [1000311000],v1.0,6160100300,DSG-01-2B2B-D24 (YUKEN),Main Assembly,1.0,NOS,0.0,0.5
BOM-0016,NEO PRIME 170-905 TON (INJECTION UNIT GUIDE ROD TYPE) [1000311000],v1.0,6160100800,DIRECTION CONTROL VALVE - 4 WEH 16 E7,Main Assembly,1.0,NOS,0.0,0.5
BOM-0016,NEO PRIME 170-905 TON (INJECTION UNIT GUIDE ROD TYPE) [1000311000],v1.0,6160100900,DIRECTION CONTROL VALVE - 4 WEH 16 L7,Main Assembly,1.0,NOS,0.0,0.5
BOM-0016,NEO PRIME 170-905 TON (INJECTION UNIT GUIDE ROD TYPE) [1000311000],v1.0,6160101000,DIRECTION CONTROL VALVE - 4 WEH 16 EA,Main Assembly,1.0,NOS,0.0,0.5
BOM-0016,NEO PRIME 170-905 TON (INJECTION UNIT GUIDE ROD TYPE) [1000311000],v1.0,6170100100,PRESSURE RELIEF VALVE - BG-03-HP32 (YUKEN),Main Assembly,1.0,NOS,0.0,0.5
BOM-0016,NEO PRIME 170-905 TON (INJECTION UNIT GUIDE ROD TYPE) [1000311000],v1.0,6170100200,PRESSURE RELIEF VALVE - BG-06-P32 (YUKEN),Main Assembly,1.0,NOS,0.0,0.5
BOM-0016,NEO PRIME 170-905 TON (INJECTION UNIT GUIDE ROD TYPE) [1000311000],v1.0,6180100100,PILOT OPERATED CHECK VALVE - MPA-01-4-40H01 (YUKEN),Main Assembly,1.0,NOS,0.0,0.5
BOM-0016,NEO PRIME 170-905 TON (INJECTION UNIT GUIDE ROD TYPE) [1000311000],v1.0,6180100200,PILOT OPERATED CHECK VALVE - MPA-03-4-20H01 (YUKEN),Main Assembly,1.0,NOS,0.0,0.5
BOM-0016,NEO PRIME 170-905 TON (INJECTION UNIT GUIDE ROD TYPE) [1000311000],v1.0,6240100100,"PRESSURE GAUG 0-420 BAR BACK CONNECTION (2-1/2"")",Main Assembly,2.0,NOS,0.0,0.5
BOM-0016,NEO PRIME 170-905 TON (INJECTION UNIT GUIDE ROD TYPE) [1000311000],v1.0,6010400300,SERVO SYSTEM - 140 LPM (JAKSH),Main Assembly,1.0,NOS,0.0,0.5
BOM-0016,NEO PRIME 170-905 TON (INJECTION UNIT GUIDE ROD TYPE) [1000311000],v1.0,6020100100,PANEL SERVO-90 B&R,Main Assembly,1.0,NOS,0.0,0.5
BOM-0016,NEO PRIME 170-905 TON (INJECTION UNIT GUIDE ROD TYPE) [1000311000],v1.0,6030100400,PANEL SERVO-170 B&R,Main Assembly,1.0,NOS,0.0,0.5
BOM-0016,NEO PRIME 170-905 TON (INJECTION UNIT GUIDE ROD TYPE) [1000311000],v1.0,6210100150,LINEAR LT-M-150,Main Assembly,1.0,NOS,0.0,0.5
BOM-0016,NEO PRIME 170-905 TON (INJECTION UNIT GUIDE ROD TYPE) [1000311000],v1.0,6210100275,LINEAR LT-M-275,Main Assembly,1.0,NOS,0.0,0.5
BOM-0016,NEO PRIME 170-905 TON (INJECTION UNIT GUIDE ROD TYPE) [1000311000],v1.0,6210100425,LINEAR LT-M-450,Main Assembly,1.0,NOS,0.0,0.5
BOM-0016,NEO PRIME 170-905 TON (INJECTION UNIT GUIDE ROD TYPE) [1000311000],v1.0,6220100100,LIMIT SWITCH SNAP ACTION - PC 603,Main Assembly,4.0,NOS,0.0,0.5
BOM-0016,NEO PRIME 170-905 TON (INJECTION UNIT GUIDE ROD TYPE) [1000311000],v1.0,6220200100,LIMIT SWITCH ROLLER LEVER - FTN-139Z11,Main Assembly,3.0,NOS,0.0,0.5
BOM-0016,NEO PRIME 170-905 TON (INJECTION UNIT GUIDE ROD TYPE) [1000311000],v1.0,7380100200,HYDRAULIC PIPE CLAMP - 25 MM,Main Assembly,6.0,NOS,0.0,0.5
BOM-0016,NEO PRIME 170-905 TON (INJECTION UNIT GUIDE ROD TYPE) [1000311000],v1.0,6150100400,Ø125x130 CERAMIC HEATER WITH COVER,Main Assembly,8.0,NOS,0.0,0.5
BOM-0016,NEO PRIME 170-905 TON (INJECTION UNIT GUIDE ROD TYPE) [1000311000],v1.0,6150200400,Ø125x40 MICA HEATER,Main Assembly,1.0,NOS,0.0,0.5
BOM-0016,NEO PRIME 170-905 TON (INJECTION UNIT GUIDE ROD TYPE) [1000311000],v1.0,6150200600,Ø40x40 MICA HEATER,Main Assembly,1.0,NOS,0.0,0.5
BOM-0016,NEO PRIME 170-905 TON (INJECTION UNIT GUIDE ROD TYPE) [1000311000],v1.0,6150300400,Ø75x50 MICA HEATER SIDE CUT,Main Assembly,1.0,NOS,0.0,0.5
BOM-0016,NEO PRIME 170-905 TON (INJECTION UNIT GUIDE ROD TYPE) [1000311000],v1.0,6141100100,"THERMO COUPLE SENSOR 
(K TYPE L SHAPE ISOLATED 1 MTR)",Main Assembly,3.0,NOS,0.0,0.5
BOM-0016,NEO PRIME 170-905 TON (INJECTION UNIT GUIDE ROD TYPE) [1000311000],v1.0,6141100200,"THERMO COUPLE SENSOR 
(K TYPE L SHAPE ISOLATED 1.5 MTR)",Main Assembly,1.0,NOS,0.0,0.5
BOM-0016,NEO PRIME 170-905 TON (INJECTION UNIT GUIDE ROD TYPE) [1000311000],v1.0,6141200200,"THERMO COUPLE SENSOR
BUTTERFLY TYPE 1/4 BSP K TYPE ISOLATED 2 MTR",Main Assembly,1.0,NOS,0.0,0.5
BOM-0016,NEO PRIME 170-905 TON (INJECTION UNIT GUIDE ROD TYPE) [1000311000],v1.0,7370200100,MOTOR MOUNTING PAD Ø60 X M10 X 40LG,Main Assembly,4.0,NOS,0.0,0.5
BOM-0016,NEO PRIME 170-905 TON (INJECTION UNIT GUIDE ROD TYPE) [1000311000],v1.0,7910500100,PLASTIC CAN HDPE-3 LITER (WHITE),Main Assembly,1.0,NOS,0.0,0.5
BOM-0016,NEO PRIME 170-905 TON (INJECTION UNIT GUIDE ROD TYPE) [1000311000],v1.0,7910300100,ANTI VIBRATION RUBBER PAD - Ø125,Main Assembly,4.0,NOS,0.0,0.5
BOM-0017,NEO PRIME 200-1520 TON (INJECTION UNIT GUIDE ROD TYPE) [1000311300],v1.0,1000110500,TOGGLE TYPE LOCKING UNIT-200 TON,Main Assembly,1.0,NOS,0.0,0.5
BOM-0017,NEO PRIME 200-1520 TON (INJECTION UNIT GUIDE ROD TYPE) [1000311300],v1.0,1000210500,GUIDE ROD TYPE INJECTION UNIT-1520,Main Assembly,1.0,NOS,0.0,0.5
BOM-0017,NEO PRIME 200-1520 TON (INJECTION UNIT GUIDE ROD TYPE) [1000311300],v1.0,3000005400,BASE FRAME ASSY - 200TON  (905/1520),Main Assembly,1.0,NOS,0.0,0.5
BOM-0017,NEO PRIME 200-1520 TON (INJECTION UNIT GUIDE ROD TYPE) [1000311300],v1.0,3000005600,INJECTION FRAME ASSY - 200-1520 (GUIDE ROD TYPE),Main Assembly,1.0,NOS,0.0,0.5
BOM-0017,NEO PRIME 200-1520 TON (INJECTION UNIT GUIDE ROD TYPE) [1000311300],v1.0,2000303400,SCREW BARREL ASSY - 60-1520,Main Assembly,1.0,NOS,0.0,0.5
BOM-0017,NEO PRIME 200-1520 TON (INJECTION UNIT GUIDE ROD TYPE) [1000311300],v1.0,2000303600,OIL TANK ASSY - 200 TON - 400LTR,Main Assembly,1.0,NOS,0.0,0.5
BOM-0017,NEO PRIME 200-1520 TON (INJECTION UNIT GUIDE ROD TYPE) [1000311300],v1.0,2000303700,SAFETY DOOR ASSY - 200 TON,Main Assembly,1.0,NOS,0.0,0.5
BOM-0017,NEO PRIME 200-1520 TON (INJECTION UNIT GUIDE ROD TYPE) [1000311300],v1.0,2000303800,BASE FRAME GUARD SET - 200-1520,Main Assembly,1.0,NOS,0.0,0.5
BOM-0017,NEO PRIME 200-1520 TON (INJECTION UNIT GUIDE ROD TYPE) [1000311300],v1.0,2000303900,SEAMLESS PIPE SET - 200-1520,Main Assembly,1.0,NOS,0.0,0.5
BOM-0017,NEO PRIME 200-1520 TON (INJECTION UNIT GUIDE ROD TYPE) [1000311300],v1.0,2000303100,HEAT EXCHANGER ASSY - 170 TON,Main Assembly,1.0,NOS,0.0,0.5
BOM-0017,NEO PRIME 200-1520 TON (INJECTION UNIT GUIDE ROD TYPE) [1000311300],v1.0,2000303200,HOPPER ASSY - 50KG,Main Assembly,1.0,NOS,0.0,0.5
BOM-0017,NEO PRIME 200-1520 TON (INJECTION UNIT GUIDE ROD TYPE) [1000311300],v1.0,7000102100,FASTENER KIT MAIN MACHINE - 200-1520,Main Assembly,1.0,NOS,0.0,0.5
BOM-0017,NEO PRIME 200-1520 TON (INJECTION UNIT GUIDE ROD TYPE) [1000311300],v1.0,7000200500,NIPPLE KIT - 200-1520,Main Assembly,1.0,NOS,0.0,0.5
BOM-0017,NEO PRIME 200-1520 TON (INJECTION UNIT GUIDE ROD TYPE) [1000311300],v1.0,7000300500,HOSE PIPE KIT - 200-1520,Main Assembly,1.0,NOS,0.0,0.5
BOM-0017,NEO PRIME 200-1520 TON (INJECTION UNIT GUIDE ROD TYPE) [1000311300],v1.0,7000400100,LUBR PUMP SYSTEM,Main Assembly,1.0,NOS,0.0,0.5
BOM-0017,NEO PRIME 200-1520 TON (INJECTION UNIT GUIDE ROD TYPE) [1000311300],v1.0,3000004300,WELDING HOSE PIPE NIPPLE FLANGE ASSY - 3'',Main Assembly,1.0,NOS,0.0,0.5
BOM-0017,NEO PRIME 200-1520 TON (INJECTION UNIT GUIDE ROD TYPE) [1000311300],v1.0,3000000500,PLC BOX FB ASSY - B&R,Main Assembly,1.0,NOS,0.0,0.5
BOM-0017,NEO PRIME 200-1520 TON (INJECTION UNIT GUIDE ROD TYPE) [1000311300],v1.0,3000000600,LOCKING UNIT JUNCTION BOX OP FB ASSY,Main Assembly,1.0,NOS,0.0,0.5
BOM-0017,NEO PRIME 200-1520 TON (INJECTION UNIT GUIDE ROD TYPE) [1000311300],v1.0,3000000700,LOCKING UNIT JUNCTION BOX NOP FB ASSY,Main Assembly,1.0,NOS,0.0,0.5
BOM-0017,NEO PRIME 200-1520 TON (INJECTION UNIT GUIDE ROD TYPE) [1000311300],v1.0,3000000800,HEATER WIRE JUNCTION BOX FB ASSY,Main Assembly,1.0,NOS,0.0,0.5
BOM-0017,NEO PRIME 200-1520 TON (INJECTION UNIT GUIDE ROD TYPE) [1000311300],v1.0,3000005700,HYDRO MOTOR PIPE CLAMP MTG FB ASSY-1520,Main Assembly,1.0,NOS,0.0,0.5
BOM-0017,NEO PRIME 200-1520 TON (INJECTION UNIT GUIDE ROD TYPE) [1000311300],v1.0,3000005800,LOCKING UNIT LINEAR MTG BRACKET - 200 TON,Main Assembly,1.0,NOS,0.0,0.5
BOM-0017,NEO PRIME 200-1520 TON (INJECTION UNIT GUIDE ROD TYPE) [1000311300],v1.0,4120013000,INJECTION MANIFOLD - NG16,Main Assembly,1.0,NOS,0.0,0.5
BOM-0017,NEO PRIME 200-1520 TON (INJECTION UNIT GUIDE ROD TYPE) [1000311300],v1.0,4120013100,LOCKING MANIFOLD NG16-NG6-NG6,Main Assembly,1.0,NOS,0.0,0.5
BOM-0017,NEO PRIME 200-1520 TON (INJECTION UNIT GUIDE ROD TYPE) [1000311300],v1.0,4120013200,EJECTOR MANIFOLD NG10,Main Assembly,1.0,NOS,0.0,0.5
BOM-0017,NEO PRIME 200-1520 TON (INJECTION UNIT GUIDE ROD TYPE) [1000311300],v1.0,4120004900,PRESSURE MANIFOLD BG06,Main Assembly,1.0,NOS,0.0,0.5
BOM-0017,NEO PRIME 200-1520 TON (INJECTION UNIT GUIDE ROD TYPE) [1000311300],v1.0,4120020900,EJECTOR ROD - 200 TON,Main Assembly,1.0,NOS,0.0,0.5
BOM-0017,NEO PRIME 200-1520 TON (INJECTION UNIT GUIDE ROD TYPE) [1000311300],v1.0,4120021000,NOZZLE CYLINDER EXTENSION ROD 200-1520,Main Assembly,2.0,NOS,0.0,0.5
BOM-0017,NEO PRIME 200-1520 TON (INJECTION UNIT GUIDE ROD TYPE) [1000311300],v1.0,4120005200,NOZZLE CYLINDER EXTENSION ROD MTG,Main Assembly,2.0,NOS,0.0,0.5
BOM-0017,NEO PRIME 200-1520 TON (INJECTION UNIT GUIDE ROD TYPE) [1000311300],v1.0,4120005300,NOZZLE CYLINDER EXTENSION ROD MTG BUSH,Main Assembly,2.0,NOS,0.0,0.5
BOM-0017,NEO PRIME 200-1520 TON (INJECTION UNIT GUIDE ROD TYPE) [1000311300],v1.0,4120005400,NOZZLE CYLINDER STOP LIMIT SWITCH OPERATING PIN,Main Assembly,1.0,NOS,0.0,0.5
BOM-0017,NEO PRIME 200-1520 TON (INJECTION UNIT GUIDE ROD TYPE) [1000311300],v1.0,4120005500,NOZZLE CYLINDER STOP SLIDER,Main Assembly,1.0,NOS,0.0,0.5
BOM-0017,NEO PRIME 200-1520 TON (INJECTION UNIT GUIDE ROD TYPE) [1000311300],v1.0,4120005600,INJECTION UNIT SETTING BLOCK,Main Assembly,2.0,NOS,0.0,0.5
BOM-0017,NEO PRIME 200-1520 TON (INJECTION UNIT GUIDE ROD TYPE) [1000311300],v1.0,4120005700,INJECTION FRAME MTG BOLT M27 X 35LG,Main Assembly,4.0,NOS,0.0,0.5
BOM-0017,NEO PRIME 200-1520 TON (INJECTION UNIT GUIDE ROD TYPE) [1000311300],v1.0,4120005800,INJECTION GUARD MTG STUD,Main Assembly,4.0,NOS,0.0,0.5
BOM-0017,NEO PRIME 200-1520 TON (INJECTION UNIT GUIDE ROD TYPE) [1000311300],v1.0,4120021100,CROSS HEAD LIMIT SWITCH OPERATING PIN-200,Main Assembly,1.0,NOS,0.0,0.5
BOM-0017,NEO PRIME 200-1520 TON (INJECTION UNIT GUIDE ROD TYPE) [1000311300],v1.0,4120013600,MOLD HEIGHT STOP LIMIT SWITCH OPERATING PIN-140 TON,Main Assembly,2.0,NOS,0.0,0.5
BOM-0017,NEO PRIME 200-1520 TON (INJECTION UNIT GUIDE ROD TYPE) [1000311300],v1.0,4120021200,INJECTION MANIFOLD MTG PLATE - 1520,Main Assembly,1.0,NOS,0.0,0.5
BOM-0017,NEO PRIME 200-1520 TON (INJECTION UNIT GUIDE ROD TYPE) [1000311300],v1.0,4120006300,GREASE PUMP MOUNTING PLATE,Main Assembly,1.0,NOS,0.0,0.5
BOM-0017,NEO PRIME 200-1520 TON (INJECTION UNIT GUIDE ROD TYPE) [1000311300],v1.0,3130800100,JUNCTION BOX COVER,Main Assembly,2.0,NOS,0.0,0.5
BOM-0017,NEO PRIME 200-1520 TON (INJECTION UNIT GUIDE ROD TYPE) [1000311300],v1.0,3130800200,PLC BOX COVER,Main Assembly,1.0,NOS,0.0,0.5
BOM-0017,NEO PRIME 200-1520 TON (INJECTION UNIT GUIDE ROD TYPE) [1000311300],v1.0,3130800300,HEATER WIRE JUNCTION BOX COVER,Main Assembly,1.0,NOS,0.0,0.5
BOM-0017,NEO PRIME 200-1520 TON (INJECTION UNIT GUIDE ROD TYPE) [1000311300],v1.0,3131100100,PLC BOX  MTG TOP BRACKET,Main Assembly,1.0,NOS,0.0,0.5
BOM-0017,NEO PRIME 200-1520 TON (INJECTION UNIT GUIDE ROD TYPE) [1000311300],v1.0,3131100200,PLC BOX MTG BOTTOM BRACKET,Main Assembly,1.0,NOS,0.0,0.5
BOM-0017,NEO PRIME 200-1520 TON (INJECTION UNIT GUIDE ROD TYPE) [1000311300],v1.0,3131100300,"MOLD HEIGHT STOP LIMIT SWITCH 
OPERATING PIN MTG BRACKET",Main Assembly,2.0,NOS,0.0,0.5
BOM-0017,NEO PRIME 200-1520 TON (INJECTION UNIT GUIDE ROD TYPE) [1000311300],v1.0,3131100400,MOLD HEIGHT STOP LIMIT SWITCH MTG BRACKET,Main Assembly,1.0,NOS,0.0,0.5
BOM-0017,NEO PRIME 200-1520 TON (INJECTION UNIT GUIDE ROD TYPE) [1000311300],v1.0,3131100500,CROSS HEAD LOCKING LIMIT STOP PIN MTG BRACKET,Main Assembly,1.0,NOS,0.0,0.5
BOM-0017,NEO PRIME 200-1520 TON (INJECTION UNIT GUIDE ROD TYPE) [1000311300],v1.0,3131100600,TOGGLE LIMIT SWITCH MTG BRACKET,Main Assembly,1.0,NOS,0.0,0.5
BOM-0017,NEO PRIME 200-1520 TON (INJECTION UNIT GUIDE ROD TYPE) [1000311300],v1.0,3131100700,EJECTOR LINEAR MTG BRACKET,Main Assembly,1.0,NOS,0.0,0.5
BOM-0017,NEO PRIME 200-1520 TON (INJECTION UNIT GUIDE ROD TYPE) [1000311300],v1.0,3131100800,HEATER WIRE JUNCTION BOX MTG BRACKET,Main Assembly,1.0,NOS,0.0,0.5
BOM-0017,NEO PRIME 200-1520 TON (INJECTION UNIT GUIDE ROD TYPE) [1000311300],v1.0,3131100900,HYD MOTOR RPM PROXY SENSOR MTG BRACKET,Main Assembly,1.0,NOS,0.0,0.5
BOM-0017,NEO PRIME 200-1520 TON (INJECTION UNIT GUIDE ROD TYPE) [1000311300],v1.0,3131101700,INJECTION LINEAR MOUNTING BRACKET - 1520,Main Assembly,1.0,NOS,0.0,0.5
BOM-0017,NEO PRIME 200-1520 TON (INJECTION UNIT GUIDE ROD TYPE) [1000311300],v1.0,3131101800,INJECTION LINEAR SHAFT MTG BRACKET - 1520,Main Assembly,1.0,NOS,0.0,0.5
BOM-0017,NEO PRIME 200-1520 TON (INJECTION UNIT GUIDE ROD TYPE) [1000311300],v1.0,3131101200,NOZZLE CYLINDER LIMIT SWITCH PIN MTG BRACKET,Main Assembly,1.0,NOS,0.0,0.5
BOM-0017,NEO PRIME 200-1520 TON (INJECTION UNIT GUIDE ROD TYPE) [1000311300],v1.0,3131101300,NOZZLE CYLINDER STOP LIMIT SWITCH MTG BRACKET,Main Assembly,1.0,NOS,0.0,0.5
BOM-0017,NEO PRIME 200-1520 TON (INJECTION UNIT GUIDE ROD TYPE) [1000311300],v1.0,3131300500,INJECTION GUARD SUPPORT BRACKET - 1520,Main Assembly,1.0,NOS,0.0,0.5
BOM-0017,NEO PRIME 200-1520 TON (INJECTION UNIT GUIDE ROD TYPE) [1000311300],v1.0,6160100100,DSG-01-3C2-D24 (YUKEN),Main Assembly,1.0,NOS,0.0,0.5
BOM-0017,NEO PRIME 200-1520 TON (INJECTION UNIT GUIDE ROD TYPE) [1000311300],v1.0,6160100400,DSG-03-3C2-D24 (YUKEN),Main Assembly,1.0,NOS,0.0,0.5
BOM-0017,NEO PRIME 200-1520 TON (INJECTION UNIT GUIDE ROD TYPE) [1000311300],v1.0,6160100200,DSG-01-3C4-D24 (YUKEN),Main Assembly,1.0,NOS,0.0,0.5
BOM-0017,NEO PRIME 200-1520 TON (INJECTION UNIT GUIDE ROD TYPE) [1000311300],v1.0,6160100500,DSG-03-3C4-D24 (YUKEN),Main Assembly,1.0,NOS,0.0,0.5
BOM-0017,NEO PRIME 200-1520 TON (INJECTION UNIT GUIDE ROD TYPE) [1000311300],v1.0,6160100300,DSG-01-2B2B-D24 (YUKEN),Main Assembly,1.0,NOS,0.0,0.5
BOM-0017,NEO PRIME 200-1520 TON (INJECTION UNIT GUIDE ROD TYPE) [1000311300],v1.0,6160100800,DIRECTION CONTROL VALVE - 4 WEH 16 E7,Main Assembly,1.0,NOS,0.0,0.5
BOM-0017,NEO PRIME 200-1520 TON (INJECTION UNIT GUIDE ROD TYPE) [1000311300],v1.0,6160100900,DIRECTION CONTROL VALVE - 4 WEH 16 L7,Main Assembly,1.0,NOS,0.0,0.5
BOM-0017,NEO PRIME 200-1520 TON (INJECTION UNIT GUIDE ROD TYPE) [1000311300],v1.0,6160101000,DIRECTION CONTROL VALVE - 4 WEH 16 EA,Main Assembly,1.0,NOS,0.0,0.5
BOM-0017,NEO PRIME 200-1520 TON (INJECTION UNIT GUIDE ROD TYPE) [1000311300],v1.0,6170100100,PRESSURE RELIEF VALVE - BG-03-HP32 (YUKEN),Main Assembly,1.0,NOS,0.0,0.5
BOM-0017,NEO PRIME 200-1520 TON (INJECTION UNIT GUIDE ROD TYPE) [1000311300],v1.0,6170100200,PRESSURE RELIEF VALVE - BG-06-P32 (YUKEN),Main Assembly,1.0,NOS,0.0,0.5
BOM-0017,NEO PRIME 200-1520 TON (INJECTION UNIT GUIDE ROD TYPE) [1000311300],v1.0,6180100100,PILOT OPERATED CHECK VALVE - MPA-01-4-40H01 (YUKEN),Main Assembly,1.0,NOS,0.0,0.5
BOM-0017,NEO PRIME 200-1520 TON (INJECTION UNIT GUIDE ROD TYPE) [1000311300],v1.0,6180100200,PILOT OPERATED CHECK VALVE - MPA-03-4-20H01 (YUKEN),Main Assembly,1.0,NOS,0.0,0.5
BOM-0017,NEO PRIME 200-1520 TON (INJECTION UNIT GUIDE ROD TYPE) [1000311300],v1.0,6240100100,"PRESSURE GAUG 0-420 BAR BACK CONNECTION (2-1/2"")",Main Assembly,2.0,NOS,0.0,0.5
BOM-0017,NEO PRIME 200-1520 TON (INJECTION UNIT GUIDE ROD TYPE) [1000311300],v1.0,6010400400,SERVO SYSTEM - 180 LPM (JAKSH),Main Assembly,1.0,NOS,0.0,0.5
BOM-0017,NEO PRIME 200-1520 TON (INJECTION UNIT GUIDE ROD TYPE) [1000311300],v1.0,6020100100,PANEL SERVO-90 B&R,Main Assembly,1.0,NOS,0.0,0.5
BOM-0017,NEO PRIME 200-1520 TON (INJECTION UNIT GUIDE ROD TYPE) [1000311300],v1.0,6030100500,PANEL SERVO-200 B&R,Main Assembly,1.0,NOS,0.0,0.5
BOM-0017,NEO PRIME 200-1520 TON (INJECTION UNIT GUIDE ROD TYPE) [1000311300],v1.0,6210100175,LINEAR LT-M-175,Main Assembly,1.0,NOS,0.0,0.5
BOM-0017,NEO PRIME 200-1520 TON (INJECTION UNIT GUIDE ROD TYPE) [1000311300],v1.0,6210100300,LINEAR LT-M-300,Main Assembly,1.0,NOS,0.0,0.5
BOM-0017,NEO PRIME 200-1520 TON (INJECTION UNIT GUIDE ROD TYPE) [1000311300],v1.0,6210100425,LINEAR LT-M-450,Main Assembly,1.0,NOS,0.0,0.5
BOM-0017,NEO PRIME 200-1520 TON (INJECTION UNIT GUIDE ROD TYPE) [1000311300],v1.0,6220100100,LIMIT SWITCH SNAP ACTION - PC 603,Main Assembly,4.0,NOS,0.0,0.5
BOM-0017,NEO PRIME 200-1520 TON (INJECTION UNIT GUIDE ROD TYPE) [1000311300],v1.0,6220200100,LIMIT SWITCH ROLLER LEVER - FTN-139Z11,Main Assembly,3.0,NOS,0.0,0.5
BOM-0017,NEO PRIME 200-1520 TON (INJECTION UNIT GUIDE ROD TYPE) [1000311300],v1.0,7380100300,HYDRAULIC PIPE CLAMP - 30 MM,Main Assembly,4.0,NOS,0.0,0.5
BOM-0017,NEO PRIME 200-1520 TON (INJECTION UNIT GUIDE ROD TYPE) [1000311300],v1.0,7380100200,HYDRAULIC PIPE CLAMP - 25 MM,Main Assembly,6.0,NOS,0.0,0.5
BOM-0017,NEO PRIME 200-1520 TON (INJECTION UNIT GUIDE ROD TYPE) [1000311300],v1.0,6150100500,Ø135x150 CERAMIC HEATER WITH COVER,Main Assembly,8.0,NOS,0.0,0.5
BOM-0017,NEO PRIME 200-1520 TON (INJECTION UNIT GUIDE ROD TYPE) [1000311300],v1.0,6150200500,Ø135x60 MICA HEATER,Main Assembly,1.0,NOS,0.0,0.5
BOM-0017,NEO PRIME 200-1520 TON (INJECTION UNIT GUIDE ROD TYPE) [1000311300],v1.0,6150200600,Ø40x40 MICA HEATER,Main Assembly,1.0,NOS,0.0,0.5
BOM-0017,NEO PRIME 200-1520 TON (INJECTION UNIT GUIDE ROD TYPE) [1000311300],v1.0,6150300400,Ø75x50 MICA HEATER SIDE CUT,Main Assembly,1.0,NOS,0.0,0.5
BOM-0017,NEO PRIME 200-1520 TON (INJECTION UNIT GUIDE ROD TYPE) [1000311300],v1.0,6141100100,"THERMO COUPLE SENSOR 
(K TYPE L SHAPE ISOLATED 1 MTR)",Main Assembly,3.0,NOS,0.0,0.5
BOM-0017,NEO PRIME 200-1520 TON (INJECTION UNIT GUIDE ROD TYPE) [1000311300],v1.0,6141100200,"THERMO COUPLE SENSOR 
(K TYPE L SHAPE ISOLATED 1.5 MTR)",Main Assembly,1.0,NOS,0.0,0.5
BOM-0017,NEO PRIME 200-1520 TON (INJECTION UNIT GUIDE ROD TYPE) [1000311300],v1.0,6141200200,"THERMO COUPLE SENSOR
BUTTERFLY TYPE 1/4 BSP K TYPE ISOLATED 2 MTR",Main Assembly,1.0,NOS,0.0,0.5
BOM-0017,NEO PRIME 200-1520 TON (INJECTION UNIT GUIDE ROD TYPE) [1000311300],v1.0,7370200100,MOTOR MOUNTING PAD Ø60 X M10 X 40LG,Main Assembly,4.0,NOS,0.0,0.5
BOM-0017,NEO PRIME 200-1520 TON (INJECTION UNIT GUIDE ROD TYPE) [1000311300],v1.0,7910500100,PLASTIC CAN HDPE-3 LITER (WHITE),Main Assembly,1.0,NOS,0.0,0.5
BOM-0017,NEO PRIME 200-1520 TON (INJECTION UNIT GUIDE ROD TYPE) [1000311300],v1.0,7910300100,ANTI VIBRATION RUBBER PAD - Ø125,Main Assembly,4.0,NOS,0.0,0.5
BOM-0018,(B-10138) TOGGLE TYPE LOCKING UNIT-90 TON [1000110100],v1.0,2000110100,LOCKING CYLINDER ASSY - 90 TON (STOCK-295),Main Assembly,1.0,NOS,0.0,0.5
BOM-0018,(B-10138) TOGGLE TYPE LOCKING UNIT-90 TON [1000110100],v1.0,2000110200,EJECTOR CYLINDER ASSY - 90 TON (STOCK-85),Main Assembly,1.0,NOS,0.0,0.5
BOM-0018,(B-10138) TOGGLE TYPE LOCKING UNIT-90 TON [1000110100],v1.0,7000100200,FASTENER KIT LOCKING UNIT - 90 TON,Main Assembly,1.0,NOS,0.0,0.5
BOM-0018,(B-10138) TOGGLE TYPE LOCKING UNIT-90 TON [1000110100],v1.0,4110000100,STATIONARY PLATE TOGGLE - 90 TON,Main Assembly,1.0,NOS,0.0,0.5
BOM-0018,(B-10138) TOGGLE TYPE LOCKING UNIT-90 TON [1000110100],v1.0,4110000200,MOVING PLATE TOGGLE - 90 TON,Main Assembly,1.0,NOS,0.0,0.5
BOM-0018,(B-10138) TOGGLE TYPE LOCKING UNIT-90 TON [1000110100],v1.0,4110000300,END PLATE - 90 TON,Main Assembly,1.0,NOS,0.0,0.5
BOM-0018,(B-10138) TOGGLE TYPE LOCKING UNIT-90 TON [1000110100],v1.0,4110000400,CROSS HEAD - 90 TON,Main Assembly,1.0,NOS,0.0,0.5
BOM-0018,(B-10138) TOGGLE TYPE LOCKING UNIT-90 TON [1000110100],v1.0,4110000500,CROSS HEAD LINK - 90 TON,Main Assembly,2.0,NOS,0.0,0.5
BOM-0018,(B-10138) TOGGLE TYPE LOCKING UNIT-90 TON [1000110100],v1.0,4110000600,BINARY LINK - 90 TON,Main Assembly,2.0,NOS,0.0,0.5
BOM-0018,(B-10138) TOGGLE TYPE LOCKING UNIT-90 TON [1000110100],v1.0,4110000700,TERNARY LINK - 90 TON,Main Assembly,2.0,NOS,0.0,0.5
BOM-0018,(B-10138) TOGGLE TYPE LOCKING UNIT-90 TON [1000110100],v1.0,4110000800,TERNARY LINK RH - 90 TON,Main Assembly,1.0,NOS,0.0,0.5
BOM-0018,(B-10138) TOGGLE TYPE LOCKING UNIT-90 TON [1000110100],v1.0,4110000900,TERNARY LINK LH - 90 TON,Main Assembly,1.0,NOS,0.0,0.5
BOM-0018,(B-10138) TOGGLE TYPE LOCKING UNIT-90 TON [1000110100],v1.0,4110001000,GEAR NUT RETAINER - 90 TON,Main Assembly,4.0,NOS,0.0,0.5
BOM-0018,(B-10138) TOGGLE TYPE LOCKING UNIT-90 TON [1000110100],v1.0,4110001100,EJECTOR PLATE  TOGGLE - 90 TON,Main Assembly,1.0,NOS,0.0,0.5
BOM-0018,(B-10138) TOGGLE TYPE LOCKING UNIT-90 TON [1000110100],v1.0,4110001200,DIE HEIGHT MOTOR MTG BRACKET - 90 TON,Main Assembly,1.0,NOS,0.0,0.5
BOM-0018,(B-10138) TOGGLE TYPE LOCKING UNIT-90 TON [1000110100],v1.0,4010100200,SUN GEAR - 90 TON (MODULE-3 TEETH-159),Main Assembly,1.0,NOS,0.0,0.5
BOM-0018,(B-10138) TOGGLE TYPE LOCKING UNIT-90 TON [1000110100],v1.0,4120000100,TIE BAR Ø65 - 90 TON TOGGLE,Main Assembly,4.0,NOS,0.0,0.5
BOM-0018,(B-10138) TOGGLE TYPE LOCKING UNIT-90 TON [1000110100],v1.0,4120000200,TIE BAR LOCATING PLATE - 90 TON,Main Assembly,4.0,NOS,0.0,0.5
BOM-0018,(B-10138) TOGGLE TYPE LOCKING UNIT-90 TON [1000110100],v1.0,4120000300,TOGGLE SMALL PIN Ø30 - 90 TON,Main Assembly,4.0,NOS,0.0,0.5
BOM-0018,(B-10138) TOGGLE TYPE LOCKING UNIT-90 TON [1000110100],v1.0,4120000400,TOGGLE SMALL PIN LOCKING STRIP – 90 TON,Main Assembly,4.0,NOS,0.0,0.5
BOM-0018,(B-10138) TOGGLE TYPE LOCKING UNIT-90 TON [1000110100],v1.0,4120000500,TOGGLE BIG PIN Ø55 - 90 TON,Main Assembly,6.0,NOS,0.0,0.5
BOM-0018,(B-10138) TOGGLE TYPE LOCKING UNIT-90 TON [1000110100],v1.0,4120000600,CROSS HEAD GUIDE ROD Ø45 - 90 TON,Main Assembly,2.0,NOS,0.0,0.5
BOM-0018,(B-10138) TOGGLE TYPE LOCKING UNIT-90 TON [1000110100],v1.0,4120000700,CROSS HEAD GUIDE ROD LOCATING PLATE - 90 TON,Main Assembly,2.0,NOS,0.0,0.5
BOM-0018,(B-10138) TOGGLE TYPE LOCKING UNIT-90 TON [1000110100],v1.0,4120000800,MOVING PLATE WIPER RETAINER - 90 TON,Main Assembly,8.0,NOS,0.0,0.5
BOM-0018,(B-10138) TOGGLE TYPE LOCKING UNIT-90 TON [1000110100],v1.0,4120000900,NOZZLE TIP LOCATING RING Ø160 - 90 TON,Main Assembly,1.0,NOS,0.0,0.5
BOM-0018,(B-10138) TOGGLE TYPE LOCKING UNIT-90 TON [1000110100],v1.0,4120001000,EJECTOR CYLINDER MTG PLATE - 90 TON,Main Assembly,1.0,NOS,0.0,0.5
BOM-0018,(B-10138) TOGGLE TYPE LOCKING UNIT-90 TON [1000110100],v1.0,4120001100,EJECTOR PLATE GUIDE ROD - 90 TON,Main Assembly,4.0,NOS,0.0,0.5
BOM-0018,(B-10138) TOGGLE TYPE LOCKING UNIT-90 TON [1000110100],v1.0,4120001200,SUN GEAR BEARING SUPPORT SHAFT,Main Assembly,4.0,NOS,0.0,0.5
BOM-0018,(B-10138) TOGGLE TYPE LOCKING UNIT-90 TON [1000110100],v1.0,4010100100,MOLD HEIGHT ADJUSTMENT GEAR - 90 TON (MODULE-3 TEETH-18),Main Assembly,1.0,NOS,0.0,0.5
BOM-0018,(B-10138) TOGGLE TYPE LOCKING UNIT-90 TON [1000110100],v1.0,4020100100,TIE BAR NUT M65 X 3 - 90 TON TOGGLE,Main Assembly,4.0,NOS,0.0,0.5
BOM-0018,(B-10138) TOGGLE TYPE LOCKING UNIT-90 TON [1000110100],v1.0,4010100800,GEAR NUT - 90 TON (MODULE-3 TEETH-46),Main Assembly,4.0,NOS,0.0,0.5
BOM-0018,(B-10138) TOGGLE TYPE LOCKING UNIT-90 TON [1000110100],v1.0,4030100100,GEAR NUT SPACER - 90 TON,Main Assembly,12.0,NOS,0.0,0.5
BOM-0018,(B-10138) TOGGLE TYPE LOCKING UNIT-90 TON [1000110100],v1.0,4030200100,SP WASHER Ø35 X Ø12.5 X 10 THK,Main Assembly,4.0,NOS,0.0,0.5
BOM-0018,(B-10138) TOGGLE TYPE LOCKING UNIT-90 TON [1000110100],v1.0,4040100100,MOVING PLATE BUSH Ø80 X Ø65 X 40LG - 90 TON,Main Assembly,8.0,NOS,0.0,0.5
BOM-0018,(B-10138) TOGGLE TYPE LOCKING UNIT-90 TON [1000110100],v1.0,4040100700,CROSS HEAD BUSH Ø55 X Ø45 X 30LG - 90 TON,Main Assembly,4.0,NOS,0.0,0.5
BOM-0018,(B-10138) TOGGLE TYPE LOCKING UNIT-90 TON [1000110100],v1.0,4040200100,TOGGLE SMALL GRAPHITE BUSH Ø40 X Ø30 X 55LG - 90 TON,Main Assembly,4.0,NOS,0.0,0.5
BOM-0018,(B-10138) TOGGLE TYPE LOCKING UNIT-90 TON [1000110100],v1.0,4040200700,TOGGLE BIG GRAPHITE BUSH Ø70 X Ø55 X 60LG - 90 TON,Main Assembly,12.0,NOS,0.0,0.5
BOM-0018,(B-10138) TOGGLE TYPE LOCKING UNIT-90 TON [1000110100],v1.0,7220100100,DU BUSH - 30 X 34 X 25 LG,Main Assembly,4.0,NOS,0.0,0.5
BOM-0018,(B-10138) TOGGLE TYPE LOCKING UNIT-90 TON [1000110100],v1.0,7270053065,PU WIPER SEAL - 65 X 73.6 X 5.3/7,Main Assembly,8.0,NOS,0.0,0.5
BOM-0018,(B-10138) TOGGLE TYPE LOCKING UNIT-90 TON [1000110100],v1.0,7190105900,"SRDG BALL BEARING,6205-ZZ",Main Assembly,4.0,NOS,0.0,0.5
BOM-0018,(B-10138) TOGGLE TYPE LOCKING UNIT-90 TON [1000110100],v1.0,6110100100,TORQUE PISTON MOTOR TMP-160,Main Assembly,1.0,NOS,0.0,0.5
BOM-0019,(B-10140) TOGGLE TYPE LOCKING UNIT-110 TON [1000110200],v1.0,2000110300,LOCKING CYLINDER ASSY - 110 TON (STOCK-325),Main Assembly,1.0,NOS,0.0,0.5
BOM-0019,(B-10140) TOGGLE TYPE LOCKING UNIT-110 TON [1000110200],v1.0,2000110400,EJECTOR CYLINDER ASSY - 110 TON (STOCK-100),Main Assembly,1.0,NOS,0.0,0.5
BOM-0019,(B-10140) TOGGLE TYPE LOCKING UNIT-110 TON [1000110200],v1.0,7000100700,FASTENER KIT LOCKING UNIT - 110 TON,Main Assembly,1.0,NOS,0.0,0.5
BOM-0019,(B-10140) TOGGLE TYPE LOCKING UNIT-110 TON [1000110200],v1.0,4110001900,STATIONARY PLATE TOGGLE - 110 TON,Main Assembly,1.0,NOS,0.0,0.5
BOM-0019,(B-10140) TOGGLE TYPE LOCKING UNIT-110 TON [1000110200],v1.0,4110002000,MOVING PLATE TOGGLE - 110 TON,Main Assembly,1.0,NOS,0.0,0.5
BOM-0019,(B-10140) TOGGLE TYPE LOCKING UNIT-110 TON [1000110200],v1.0,4110002100,END PLATE - 110 TON,Main Assembly,1.0,NOS,0.0,0.5
BOM-0019,(B-10140) TOGGLE TYPE LOCKING UNIT-110 TON [1000110200],v1.0,4110002200,CROSS HEAD - 110 TON,Main Assembly,1.0,NOS,0.0,0.5
BOM-0019,(B-10140) TOGGLE TYPE LOCKING UNIT-110 TON [1000110200],v1.0,4110002300,CROSS HEAD LINK - 110 TON,Main Assembly,2.0,NOS,0.0,0.5
BOM-0019,(B-10140) TOGGLE TYPE LOCKING UNIT-110 TON [1000110200],v1.0,4110002400,BINARY LINK - 110 TON,Main Assembly,2.0,NOS,0.0,0.5
BOM-0019,(B-10140) TOGGLE TYPE LOCKING UNIT-110 TON [1000110200],v1.0,4110002500,TERNARY LINK - 110 TON,Main Assembly,2.0,NOS,0.0,0.5
BOM-0019,(B-10140) TOGGLE TYPE LOCKING UNIT-110 TON [1000110200],v1.0,4110002600,TERNARY LINK RH - 110 TON,Main Assembly,1.0,NOS,0.0,0.5
BOM-0019,(B-10140) TOGGLE TYPE LOCKING UNIT-110 TON [1000110200],v1.0,4110002700,TERNARY LINK LH - 110 TON,Main Assembly,1.0,NOS,0.0,0.5
BOM-0019,(B-10140) TOGGLE TYPE LOCKING UNIT-110 TON [1000110200],v1.0,4110002800,GEAR NUT RETAINER - 110 TON,Main Assembly,4.0,NOS,0.0,0.5
BOM-0019,(B-10140) TOGGLE TYPE LOCKING UNIT-110 TON [1000110200],v1.0,4110001100,EJECTOR PLATE  TOGGLE - 90 TON,Main Assembly,1.0,NOS,0.0,0.5
BOM-0019,(B-10140) TOGGLE TYPE LOCKING UNIT-110 TON [1000110200],v1.0,4110001200,DIE HEIGHT MOTOR MTG BRACKET - 90 TON,Main Assembly,1.0,NOS,0.0,0.5
BOM-0019,(B-10140) TOGGLE TYPE LOCKING UNIT-110 TON [1000110200],v1.0,4010100300,SUN GEAR - 110 TON (MODULE-3 TEETH-178),Main Assembly,1.0,NOS,0.0,0.5
BOM-0019,(B-10140) TOGGLE TYPE LOCKING UNIT-110 TON [1000110200],v1.0,4120006700,TIE BAR Ø70 - 110 TON TOGGLE,Main Assembly,4.0,NOS,0.0,0.5
BOM-0019,(B-10140) TOGGLE TYPE LOCKING UNIT-110 TON [1000110200],v1.0,4120006800,TIE BAR LOCATING PLATE - 110 TON,Main Assembly,4.0,NOS,0.0,0.5
BOM-0019,(B-10140) TOGGLE TYPE LOCKING UNIT-110 TON [1000110200],v1.0,4120006900,TOGGLE SMALL PIN Ø35 - 110 TON,Main Assembly,4.0,NOS,0.0,0.5
BOM-0019,(B-10140) TOGGLE TYPE LOCKING UNIT-110 TON [1000110200],v1.0,4120007000,TOGGLE SMALL PIN LOCKING STRIP – 110 TON,Main Assembly,4.0,NOS,0.0,0.5
BOM-0019,(B-10140) TOGGLE TYPE LOCKING UNIT-110 TON [1000110200],v1.0,4120007100,TOGGLE BIG PIN Ø60 - 110 TON,Main Assembly,6.0,NOS,0.0,0.5
BOM-0019,(B-10140) TOGGLE TYPE LOCKING UNIT-110 TON [1000110200],v1.0,4120007200,CROSS HEAD GUIDE ROD Ø50 - 110 TON,Main Assembly,2.0,NOS,0.0,0.5
BOM-0019,(B-10140) TOGGLE TYPE LOCKING UNIT-110 TON [1000110200],v1.0,4120007300,CROSS HEAD GUIDE ROD LOCATING PLATE - 110 TON,Main Assembly,2.0,NOS,0.0,0.5
BOM-0019,(B-10140) TOGGLE TYPE LOCKING UNIT-110 TON [1000110200],v1.0,4120007400,MOVING PLATE WIPER RETAINER - 110 TON,Main Assembly,8.0,NOS,0.0,0.5
BOM-0019,(B-10140) TOGGLE TYPE LOCKING UNIT-110 TON [1000110200],v1.0,4120000900,NOZZLE TIP LOCATING RING Ø160 - 90 TON,Main Assembly,1.0,NOS,0.0,0.5
BOM-0019,(B-10140) TOGGLE TYPE LOCKING UNIT-110 TON [1000110200],v1.0,4120001000,EJECTOR CYLINDER MTG PLATE - 90 TON,Main Assembly,1.0,NOS,0.0,0.5
BOM-0019,(B-10140) TOGGLE TYPE LOCKING UNIT-110 TON [1000110200],v1.0,4120007500,EJECTOR PLATE GUIDE ROD - 110 TON,Main Assembly,4.0,NOS,0.0,0.5
BOM-0019,(B-10140) TOGGLE TYPE LOCKING UNIT-110 TON [1000110200],v1.0,4120001200,SUN GEAR BEARING SUPPORT SHAFT,Main Assembly,4.0,NOS,0.0,0.5
BOM-0019,(B-10140) TOGGLE TYPE LOCKING UNIT-110 TON [1000110200],v1.0,4010100100,MOLD HEIGHT ADJUSTMENT GEAR - 90 TON (MODULE-3 TEETH-18),Main Assembly,1.0,NOS,0.0,0.5
BOM-0019,(B-10140) TOGGLE TYPE LOCKING UNIT-110 TON [1000110200],v1.0,4020100200,TIE BAR NUT M70 X 3 - 110 TON TOGGLE,Main Assembly,4.0,NOS,0.0,0.5
BOM-0019,(B-10140) TOGGLE TYPE LOCKING UNIT-110 TON [1000110200],v1.0,4010100900,GEAR NUT - 110 TON (MODULE-3 TEETH-48),Main Assembly,4.0,NOS,0.0,0.5
BOM-0019,(B-10140) TOGGLE TYPE LOCKING UNIT-110 TON [1000110200],v1.0,4030100200,GEAR NUT SPACER - 110 TON,Main Assembly,12.0,NOS,0.0,0.5
BOM-0019,(B-10140) TOGGLE TYPE LOCKING UNIT-110 TON [1000110200],v1.0,4030200100,SP WASHER Ø35 X Ø12.5 X 10 THK,Main Assembly,4.0,NOS,0.0,0.5
BOM-0019,(B-10140) TOGGLE TYPE LOCKING UNIT-110 TON [1000110200],v1.0,4040100200,MOVING PLATE BUSH Ø85 X Ø70 X 45LG - 110 TON,Main Assembly,8.0,NOS,0.0,0.5
BOM-0019,(B-10140) TOGGLE TYPE LOCKING UNIT-110 TON [1000110200],v1.0,4040100800,CROSS HEAD BUSH Ø60 X Ø50 X 30LG - 110 TON,Main Assembly,4.0,NOS,0.0,0.5
BOM-0019,(B-10140) TOGGLE TYPE LOCKING UNIT-110 TON [1000110200],v1.0,4040200200,TOGGLE SMALL GRAPHITE BUSH Ø45 X Ø35 X 60LG - 110 TON,Main Assembly,4.0,NOS,0.0,0.5
BOM-0019,(B-10140) TOGGLE TYPE LOCKING UNIT-110 TON [1000110200],v1.0,4040200800,TOGGLE BIG GRAPHITE BUSH Ø75 X Ø60 X 70LG - 110 TON,Main Assembly,12.0,NOS,0.0,0.5
BOM-0019,(B-10140) TOGGLE TYPE LOCKING UNIT-110 TON [1000110200],v1.0,7220100100,DU BUSH - 30 X 34 X 25 LG,Main Assembly,4.0,NOS,0.0,0.5
BOM-0019,(B-10140) TOGGLE TYPE LOCKING UNIT-110 TON [1000110200],v1.0,7270053070,PU WIPER SEAL - 70 X 78.6 X 5.3/7,Main Assembly,8.0,NOS,0.0,0.5
BOM-0019,(B-10140) TOGGLE TYPE LOCKING UNIT-110 TON [1000110200],v1.0,7190105900,"SRDG BALL BEARING,6205-ZZ",Main Assembly,4.0,NOS,0.0,0.5
BOM-0019,(B-10140) TOGGLE TYPE LOCKING UNIT-110 TON [1000110200],v1.0,6110100100,TORQUE PISTON MOTOR TMP-160,Main Assembly,1.0,NOS,0.0,0.5
BOM-0020,(B-10143) TOGGLE TYPE LOCKING UNIT-140 TON [1000110300],v1.0,2000110500,LOCKING CYLINDER ASSY - 140 TON (STOCK-360),Main Assembly,1.0,NOS,0.0,0.5
BOM-0020,(B-10143) TOGGLE TYPE LOCKING UNIT-140 TON [1000110300],v1.0,2000110600,EJECTOR CYLINDER ASSY - 140 TON (STOCK-120),Main Assembly,1.0,NOS,0.0,0.5
BOM-0020,(B-10143) TOGGLE TYPE LOCKING UNIT-140 TON [1000110300],v1.0,7000101200,FASTENER KIT LOCKING UNIT - 140 TON,Main Assembly,1.0,NOS,0.0,0.5
BOM-0020,(B-10143) TOGGLE TYPE LOCKING UNIT-140 TON [1000110300],v1.0,4110003000,STATIONARY PLATE TOGGLE - 140 TON,Main Assembly,1.0,NOS,0.0,0.5
BOM-0020,(B-10143) TOGGLE TYPE LOCKING UNIT-140 TON [1000110300],v1.0,4110003100,MOVING PLATE TOGGLE - 140 TON,Main Assembly,1.0,NOS,0.0,0.5
BOM-0020,(B-10143) TOGGLE TYPE LOCKING UNIT-140 TON [1000110300],v1.0,4110003200,END PLATE - 140 TON,Main Assembly,1.0,NOS,0.0,0.5
BOM-0020,(B-10143) TOGGLE TYPE LOCKING UNIT-140 TON [1000110300],v1.0,4110003300,CROSS HEAD - 140 TON,Main Assembly,1.0,NOS,0.0,0.5
BOM-0020,(B-10143) TOGGLE TYPE LOCKING UNIT-140 TON [1000110300],v1.0,4110003400,CROSS HEAD LINK - 140 TON,Main Assembly,2.0,NOS,0.0,0.5
BOM-0020,(B-10143) TOGGLE TYPE LOCKING UNIT-140 TON [1000110300],v1.0,4110003500,BINARY LINK - 140 TON,Main Assembly,2.0,NOS,0.0,0.5
BOM-0020,(B-10143) TOGGLE TYPE LOCKING UNIT-140 TON [1000110300],v1.0,4110003600,TERNARY LINK - 140 TON,Main Assembly,2.0,NOS,0.0,0.5
BOM-0020,(B-10143) TOGGLE TYPE LOCKING UNIT-140 TON [1000110300],v1.0,4110003700,TERNARY LINK RH - 140 TON,Main Assembly,1.0,NOS,0.0,0.5
BOM-0020,(B-10143) TOGGLE TYPE LOCKING UNIT-140 TON [1000110300],v1.0,4110003800,TERNARY LINK LH - 140 TON,Main Assembly,1.0,NOS,0.0,0.5
BOM-0020,(B-10143) TOGGLE TYPE LOCKING UNIT-140 TON [1000110300],v1.0,4110003900,GEAR NUT RETAINER - 140 TON,Main Assembly,4.0,NOS,0.0,0.5
BOM-0020,(B-10143) TOGGLE TYPE LOCKING UNIT-140 TON [1000110300],v1.0,4110004000,MOVING PLATE SLIDING BLOCK - 140 TON,Main Assembly,2.0,NOS,0.0,0.5
BOM-0020,(B-10143) TOGGLE TYPE LOCKING UNIT-140 TON [1000110300],v1.0,4110001100,EJECTOR PLATE  TOGGLE - 90 TON,Main Assembly,1.0,NOS,0.0,0.5
BOM-0020,(B-10143) TOGGLE TYPE LOCKING UNIT-140 TON [1000110300],v1.0,4110001200,DIE HEIGHT MOTOR MTG BRACKET - 90 TON,Main Assembly,1.0,NOS,0.0,0.5
BOM-0020,(B-10143) TOGGLE TYPE LOCKING UNIT-140 TON [1000110300],v1.0,4010100400,SUN GEAR - 140 TON (MODULE-3 TEETH-197),Main Assembly,1.0,NOS,0.0,0.5
BOM-0020,(B-10143) TOGGLE TYPE LOCKING UNIT-140 TON [1000110300],v1.0,4120009800,TIE BAR Ø80 - 140 TON TOGGLE,Main Assembly,4.0,NOS,0.0,0.5
BOM-0020,(B-10143) TOGGLE TYPE LOCKING UNIT-140 TON [1000110300],v1.0,4120009900,TIE BAR LOCATING PLATE - 140 TON,Main Assembly,4.0,NOS,0.0,0.5
BOM-0020,(B-10143) TOGGLE TYPE LOCKING UNIT-140 TON [1000110300],v1.0,4120010000,TOGGLE SMALL PIN Ø40 - 140 TON,Main Assembly,4.0,NOS,0.0,0.5
BOM-0020,(B-10143) TOGGLE TYPE LOCKING UNIT-140 TON [1000110300],v1.0,4120010100,TOGGLE SMALL PIN LOCKING STRIP – 140 TON,Main Assembly,4.0,NOS,0.0,0.5
BOM-0020,(B-10143) TOGGLE TYPE LOCKING UNIT-140 TON [1000110300],v1.0,4120010200,TOGGLE BIG PIN Ø70 - 140 TON,Main Assembly,6.0,NOS,0.0,0.5
BOM-0020,(B-10143) TOGGLE TYPE LOCKING UNIT-140 TON [1000110300],v1.0,4120010300,CROSS HEAD GUIDE ROD Ø55 - 140 TON,Main Assembly,2.0,NOS,0.0,0.5
BOM-0020,(B-10143) TOGGLE TYPE LOCKING UNIT-140 TON [1000110300],v1.0,4120010400,CROSS HEAD GUIDE ROD LOCATING PLATE - 140 TON,Main Assembly,2.0,NOS,0.0,0.5
BOM-0020,(B-10143) TOGGLE TYPE LOCKING UNIT-140 TON [1000110300],v1.0,4120010500,MOVING PLATE WIPER RETAINER - 140 TON,Main Assembly,8.0,NOS,0.0,0.5
BOM-0020,(B-10143) TOGGLE TYPE LOCKING UNIT-140 TON [1000110300],v1.0,4120000900,NOZZLE TIP LOCATING RING Ø160 - 90 TON,Main Assembly,1.0,NOS,0.0,0.5
BOM-0020,(B-10143) TOGGLE TYPE LOCKING UNIT-140 TON [1000110300],v1.0,4120001000,EJECTOR CYLINDER MTG PLATE - 90 TON,Main Assembly,1.0,NOS,0.0,0.5
BOM-0020,(B-10143) TOGGLE TYPE LOCKING UNIT-140 TON [1000110300],v1.0,4120010600,EJECTOR PLATE GUIDE ROD - 140 TON,Main Assembly,4.0,NOS,0.0,0.5
BOM-0020,(B-10143) TOGGLE TYPE LOCKING UNIT-140 TON [1000110300],v1.0,4120001200,SUN GEAR BEARING SUPPORT SHAFT,Main Assembly,4.0,NOS,0.0,0.5
BOM-0020,(B-10143) TOGGLE TYPE LOCKING UNIT-140 TON [1000110300],v1.0,4010100100,MOLD HEIGHT ADJUSTMENT GEAR - 90 TON (MODULE-3 TEETH-18),Main Assembly,1.0,NOS,0.0,0.5
BOM-0020,(B-10143) TOGGLE TYPE LOCKING UNIT-140 TON [1000110300],v1.0,4020100300,TIE BAR NUT M80 X 3 - 140 TON TOGGLE,Main Assembly,4.0,NOS,0.0,0.5
BOM-0020,(B-10143) TOGGLE TYPE LOCKING UNIT-140 TON [1000110300],v1.0,4010101000,GEAR NUT - 140 TON (MODULE-3 TEETH-53),Main Assembly,4.0,NOS,0.0,0.5
BOM-0020,(B-10143) TOGGLE TYPE LOCKING UNIT-140 TON [1000110300],v1.0,4030100300,GEAR NUT SPACER - 140 TON,Main Assembly,12.0,NOS,0.0,0.5
BOM-0020,(B-10143) TOGGLE TYPE LOCKING UNIT-140 TON [1000110300],v1.0,4030200100,SP WASHER Ø35 X Ø12.5 X 10 THK,Main Assembly,4.0,NOS,0.0,0.5
BOM-0020,(B-10143) TOGGLE TYPE LOCKING UNIT-140 TON [1000110300],v1.0,4040100300,MOVING PLATE BUSH Ø95 X Ø80 X 50LG - 140 TON,Main Assembly,8.0,NOS,0.0,0.5
BOM-0020,(B-10143) TOGGLE TYPE LOCKING UNIT-140 TON [1000110300],v1.0,4040100900,CROSS HEAD BUSH Ø65 X Ø55 X 33LG - 140 TON,Main Assembly,4.0,NOS,0.0,0.5
BOM-0020,(B-10143) TOGGLE TYPE LOCKING UNIT-140 TON [1000110300],v1.0,4040200300,TOGGLE SMALL GRAPHITE BUSH Ø50 X Ø40 X 65LG - 140 TON,Main Assembly,4.0,NOS,0.0,0.5
BOM-0020,(B-10143) TOGGLE TYPE LOCKING UNIT-140 TON [1000110300],v1.0,4040200900,TOGGLE BIG GRAPHITE BUSH Ø85 X Ø70 X 75LG - 140 TON,Main Assembly,12.0,NOS,0.0,0.5
BOM-0020,(B-10143) TOGGLE TYPE LOCKING UNIT-140 TON [1000110300],v1.0,7220100100,DU BUSH - 30 X 34 X 25 LG,Main Assembly,4.0,NOS,0.0,0.5
BOM-0020,(B-10143) TOGGLE TYPE LOCKING UNIT-140 TON [1000110300],v1.0,7270053080,PU WIPER SEAL - 80 X 88.6 X 5.3/7,Main Assembly,8.0,NOS,0.0,0.5
BOM-0020,(B-10143) TOGGLE TYPE LOCKING UNIT-140 TON [1000110300],v1.0,7190105900,"SRDG BALL BEARING,6205-ZZ",Main Assembly,4.0,NOS,0.0,0.5
BOM-0020,(B-10143) TOGGLE TYPE LOCKING UNIT-140 TON [1000110300],v1.0,6110100100,TORQUE PISTON MOTOR TMP-160,Main Assembly,1.0,NOS,0.0,0.5
BOM-0021,(B-10140) TOGGLE TYPE LOCKING UNIT-170 TON [1000110400],v1.0,2000110700,LOCKING CYLINDER ASSY - 170 TON (STOCK-395),Main Assembly,1.0,NOS,0.0,0.5
BOM-0021,(B-10140) TOGGLE TYPE LOCKING UNIT-170 TON [1000110400],v1.0,2000110800,EJECTOR CYLINDER ASSY - 170 TON (STOCK-130),Main Assembly,1.0,NOS,0.0,0.5
BOM-0021,(B-10140) TOGGLE TYPE LOCKING UNIT-170 TON [1000110400],v1.0,7000101700,FASTENER KIT LOCKING UNIT - 170 TON,Main Assembly,1.0,NOS,0.0,0.5
BOM-0021,(B-10140) TOGGLE TYPE LOCKING UNIT-170 TON [1000110400],v1.0,4110004400,STATIONARY PLATE TOGGLE - 170 TON,Main Assembly,1.0,NOS,0.0,0.5
BOM-0021,(B-10140) TOGGLE TYPE LOCKING UNIT-170 TON [1000110400],v1.0,4110004500,MOVING PLATE TOGGLE - 170 TON,Main Assembly,1.0,NOS,0.0,0.5
BOM-0021,(B-10140) TOGGLE TYPE LOCKING UNIT-170 TON [1000110400],v1.0,4110004600,END PLATE - 170 TON,Main Assembly,1.0,NOS,0.0,0.5
BOM-0021,(B-10140) TOGGLE TYPE LOCKING UNIT-170 TON [1000110400],v1.0,4110004700,CROSS HEAD - 170 TON,Main Assembly,1.0,NOS,0.0,0.5
BOM-0021,(B-10140) TOGGLE TYPE LOCKING UNIT-170 TON [1000110400],v1.0,4110004800,CROSS HEAD LINK - 170 TON,Main Assembly,2.0,NOS,0.0,0.5
BOM-0021,(B-10140) TOGGLE TYPE LOCKING UNIT-170 TON [1000110400],v1.0,4110004900,BINARY LINK - 170 TON,Main Assembly,2.0,NOS,0.0,0.5
BOM-0021,(B-10140) TOGGLE TYPE LOCKING UNIT-170 TON [1000110400],v1.0,4110005000,TERNARY LINK - 170 TON,Main Assembly,2.0,NOS,0.0,0.5
BOM-0021,(B-10140) TOGGLE TYPE LOCKING UNIT-170 TON [1000110400],v1.0,4110005100,TERNARY LINK RH - 170 TON,Main Assembly,1.0,NOS,0.0,0.5
BOM-0021,(B-10140) TOGGLE TYPE LOCKING UNIT-170 TON [1000110400],v1.0,4110005200,TERNARY LINK LH - 170 TON,Main Assembly,1.0,NOS,0.0,0.5
BOM-0021,(B-10140) TOGGLE TYPE LOCKING UNIT-170 TON [1000110400],v1.0,4110005300,GEAR NUT RETAINER - 170 TON,Main Assembly,4.0,NOS,0.0,0.5
BOM-0021,(B-10140) TOGGLE TYPE LOCKING UNIT-170 TON [1000110400],v1.0,4110004000,MOVING PLATE SLIDING BLOCK - 140 TON,Main Assembly,2.0,NOS,0.0,0.5
BOM-0021,(B-10140) TOGGLE TYPE LOCKING UNIT-170 TON [1000110400],v1.0,4110001100,EJECTOR PLATE  TOGGLE - 90 TON,Main Assembly,1.0,NOS,0.0,0.5
BOM-0021,(B-10140) TOGGLE TYPE LOCKING UNIT-170 TON [1000110400],v1.0,4110001200,DIE HEIGHT MOTOR MTG BRACKET - 90 TON,Main Assembly,1.0,NOS,0.0,0.5
BOM-0021,(B-10140) TOGGLE TYPE LOCKING UNIT-170 TON [1000110400],v1.0,4010100500,SUN GEAR - 170 TON (MODULE-3 TEETH-215),Main Assembly,1.0,NOS,0.0,0.5
BOM-0021,(B-10140) TOGGLE TYPE LOCKING UNIT-170 TON [1000110400],v1.0,4120013900,TIE BAR Ø90 - 170 TON TOGGLE,Main Assembly,4.0,NOS,0.0,0.5
BOM-0021,(B-10140) TOGGLE TYPE LOCKING UNIT-170 TON [1000110400],v1.0,4120014000,TIE BAR LOCATING PLATE - 170 TON,Main Assembly,4.0,NOS,0.0,0.5
BOM-0021,(B-10140) TOGGLE TYPE LOCKING UNIT-170 TON [1000110400],v1.0,4120014100,TOGGLE SMALL PIN Ø45 - 170 TON,Main Assembly,4.0,NOS,0.0,0.5
BOM-0021,(B-10140) TOGGLE TYPE LOCKING UNIT-170 TON [1000110400],v1.0,4120014200,TOGGLE SMALL PIN LOCKING STRIP – 170 TON,Main Assembly,4.0,NOS,0.0,0.5
BOM-0021,(B-10140) TOGGLE TYPE LOCKING UNIT-170 TON [1000110400],v1.0,4120014300,TOGGLE BIG PIN Ø70 - 170 TON,Main Assembly,6.0,NOS,0.0,0.5
BOM-0021,(B-10140) TOGGLE TYPE LOCKING UNIT-170 TON [1000110400],v1.0,4120014400,CROSS HEAD GUIDE ROD Ø60 - 170 TON,Main Assembly,2.0,NOS,0.0,0.5
BOM-0021,(B-10140) TOGGLE TYPE LOCKING UNIT-170 TON [1000110400],v1.0,4120014500,CROSS HEAD GUIDE ROD LOCATING PLATE - 170 TON,Main Assembly,2.0,NOS,0.0,0.5
BOM-0021,(B-10140) TOGGLE TYPE LOCKING UNIT-170 TON [1000110400],v1.0,4120014600,MOVING PLATE WIPER RETAINER - 170 TON,Main Assembly,8.0,NOS,0.0,0.5
BOM-0021,(B-10140) TOGGLE TYPE LOCKING UNIT-170 TON [1000110400],v1.0,4120000900,NOZZLE TIP LOCATING RING Ø160 - 90 TON,Main Assembly,1.0,NOS,0.0,0.5
BOM-0021,(B-10140) TOGGLE TYPE LOCKING UNIT-170 TON [1000110400],v1.0,4120014700,EJECTOR CYLINDER MTG PLATE - 170 TON,Main Assembly,1.0,NOS,0.0,0.5
BOM-0021,(B-10140) TOGGLE TYPE LOCKING UNIT-170 TON [1000110400],v1.0,4120014800,EJECTOR PLATE GUIDE ROD - 170 TON,Main Assembly,4.0,NOS,0.0,0.5
BOM-0021,(B-10140) TOGGLE TYPE LOCKING UNIT-170 TON [1000110400],v1.0,4120001200,SUN GEAR BEARING SUPPORT SHAFT,Main Assembly,4.0,NOS,0.0,0.5
BOM-0021,(B-10140) TOGGLE TYPE LOCKING UNIT-170 TON [1000110400],v1.0,4010100100,MOLD HEIGHT ADJUSTMENT GEAR - 90 TON (MODULE-3 TEETH-18),Main Assembly,1.0,NOS,0.0,0.5
BOM-0021,(B-10140) TOGGLE TYPE LOCKING UNIT-170 TON [1000110400],v1.0,4020100400,TIE BAR NUT M90 X 3 - 170 TON TOGGLE,Main Assembly,4.0,NOS,0.0,0.5
BOM-0021,(B-10140) TOGGLE TYPE LOCKING UNIT-170 TON [1000110400],v1.0,4010101100,GEAR NUT - 170 TON (MODULE-3 TEETH-58),Main Assembly,4.0,NOS,0.0,0.5
BOM-0021,(B-10140) TOGGLE TYPE LOCKING UNIT-170 TON [1000110400],v1.0,4030100400,GEAR NUT SPACER - 170 TON,Main Assembly,12.0,NOS,0.0,0.5
BOM-0021,(B-10140) TOGGLE TYPE LOCKING UNIT-170 TON [1000110400],v1.0,4030200100,SP WASHER Ø35 X Ø12.5 X 10 THK,Main Assembly,4.0,NOS,0.0,0.5
BOM-0021,(B-10140) TOGGLE TYPE LOCKING UNIT-170 TON [1000110400],v1.0,4040100400,MOVING PLATE BUSH Ø105 X Ø90 X 55LG - 170 TON,Main Assembly,8.0,NOS,0.0,0.5
BOM-0021,(B-10140) TOGGLE TYPE LOCKING UNIT-170 TON [1000110400],v1.0,4040100900,CROSS HEAD BUSH Ø65 X Ø55 X 33LG - 140 TON,Main Assembly,4.0,NOS,0.0,0.5
BOM-0021,(B-10140) TOGGLE TYPE LOCKING UNIT-170 TON [1000110400],v1.0,4040200400,TOGGLE SMALL GRAPHITE BUSH Ø55 X Ø45 X 70LG - 170 TON,Main Assembly,4.0,NOS,0.0,0.5
BOM-0021,(B-10140) TOGGLE TYPE LOCKING UNIT-170 TON [1000110400],v1.0,4040201000,TOGGLE BIG GRAPHITE BUSH Ø90 X Ø75 X 85LG - 170 TON,Main Assembly,12.0,NOS,0.0,0.5
BOM-0021,(B-10140) TOGGLE TYPE LOCKING UNIT-170 TON [1000110400],v1.0,7220100100,DU BUSH - 30 X 34 X 25 LG,Main Assembly,4.0,NOS,0.0,0.5
BOM-0021,(B-10140) TOGGLE TYPE LOCKING UNIT-170 TON [1000110400],v1.0,7270072090,PU WIPER SEAL  - 90 X 102.2 X 7.2/12,Main Assembly,8.0,NOS,0.0,0.5
BOM-0021,(B-10140) TOGGLE TYPE LOCKING UNIT-170 TON [1000110400],v1.0,7190105900,"SRDG BALL BEARING,6205-ZZ",Main Assembly,4.0,NOS,0.0,0.5
BOM-0021,(B-10140) TOGGLE TYPE LOCKING UNIT-170 TON [1000110400],v1.0,6110100200,TORQUE PISTON MOTOR TMP-315 (170-200),Main Assembly,1.0,NOS,0.0,0.5
BOM-0022,(B-10148) TOGGLE TYPE LOCKING UNIT-200 TON [1000110500],v1.0,2000110900,LOCKING CYLINDER ASSY - 200 TON (STOCK-425),Main Assembly,1.0,NOS,0.0,0.5
BOM-0022,(B-10148) TOGGLE TYPE LOCKING UNIT-200 TON [1000110500],v1.0,2000111000,EJECTOR CYLINDER ASSY - 200 TON (STOCK-150),Main Assembly,1.0,NOS,0.0,0.5
BOM-0022,(B-10148) TOGGLE TYPE LOCKING UNIT-200 TON [1000110500],v1.0,7000102200,FASTENER KIT LOCKING UNIT - 200 TON,Main Assembly,1.0,NOS,0.0,0.5
BOM-0022,(B-10148) TOGGLE TYPE LOCKING UNIT-200 TON [1000110500],v1.0,4110005800,STATIONARY PLATE TOGGLE - 200 TON,Main Assembly,1.0,NOS,0.0,0.5
BOM-0022,(B-10148) TOGGLE TYPE LOCKING UNIT-200 TON [1000110500],v1.0,4110005900,MOVING PLATE TOGGLE - 200 TON,Main Assembly,1.0,NOS,0.0,0.5
BOM-0022,(B-10148) TOGGLE TYPE LOCKING UNIT-200 TON [1000110500],v1.0,4110006000,END PLATE - 200 TON,Main Assembly,1.0,NOS,0.0,0.5
BOM-0022,(B-10148) TOGGLE TYPE LOCKING UNIT-200 TON [1000110500],v1.0,4110006100,CROSS HEAD - 200 TON,Main Assembly,1.0,NOS,0.0,0.5
BOM-0022,(B-10148) TOGGLE TYPE LOCKING UNIT-200 TON [1000110500],v1.0,4110006200,CROSS HEAD LINK - 200 TON,Main Assembly,2.0,NOS,0.0,0.5
BOM-0022,(B-10148) TOGGLE TYPE LOCKING UNIT-200 TON [1000110500],v1.0,4110006300,BINARY LINK - 200 TON,Main Assembly,2.0,NOS,0.0,0.5
BOM-0022,(B-10148) TOGGLE TYPE LOCKING UNIT-200 TON [1000110500],v1.0,4110006400,TERNARY LINK - 200 TON,Main Assembly,2.0,NOS,0.0,0.5
BOM-0022,(B-10148) TOGGLE TYPE LOCKING UNIT-200 TON [1000110500],v1.0,4110006500,TERNARY LINK RH - 200 TON,Main Assembly,1.0,NOS,0.0,0.5
BOM-0022,(B-10148) TOGGLE TYPE LOCKING UNIT-200 TON [1000110500],v1.0,4110006600,TERNARY LINK LH - 200 TON,Main Assembly,1.0,NOS,0.0,0.5
BOM-0022,(B-10148) TOGGLE TYPE LOCKING UNIT-200 TON [1000110500],v1.0,4110006700,GEAR NUT RETAINER - 200 TON,Main Assembly,4.0,NOS,0.0,0.5
BOM-0022,(B-10148) TOGGLE TYPE LOCKING UNIT-200 TON [1000110500],v1.0,4110006800,MOVING PLATE SLIDING BLOCK - 200 TON,Main Assembly,2.0,NOS,0.0,0.5
BOM-0022,(B-10148) TOGGLE TYPE LOCKING UNIT-200 TON [1000110500],v1.0,4110001100,EJECTOR PLATE  TOGGLE - 90 TON,Main Assembly,1.0,NOS,0.0,0.5
BOM-0022,(B-10148) TOGGLE TYPE LOCKING UNIT-200 TON [1000110500],v1.0,4110001200,DIE HEIGHT MOTOR MTG BRACKET - 90 TON,Main Assembly,1.0,NOS,0.0,0.5
BOM-0022,(B-10148) TOGGLE TYPE LOCKING UNIT-200 TON [1000110500],v1.0,4010100600,SUN GEAR - 200 TON (MODULE-3 TEETH-240),Main Assembly,1.0,NOS,0.0,0.5
BOM-0022,(B-10148) TOGGLE TYPE LOCKING UNIT-200 TON [1000110500],v1.0,4120017700,TIE BAR Ø95 - 200 TON TOGGLE,Main Assembly,4.0,NOS,0.0,0.5
BOM-0022,(B-10148) TOGGLE TYPE LOCKING UNIT-200 TON [1000110500],v1.0,4120017800,TIE BAR LOCATING PLATE - 200 TON,Main Assembly,4.0,NOS,0.0,0.5
BOM-0022,(B-10148) TOGGLE TYPE LOCKING UNIT-200 TON [1000110500],v1.0,4120017900,TOGGLE SMALL PIN Ø50 - 200 TON,Main Assembly,4.0,NOS,0.0,0.5
BOM-0022,(B-10148) TOGGLE TYPE LOCKING UNIT-200 TON [1000110500],v1.0,4120018000,TOGGLE SMALL PIN LOCKING STRIP - 200 TON,Main Assembly,4.0,NOS,0.0,0.5
BOM-0022,(B-10148) TOGGLE TYPE LOCKING UNIT-200 TON [1000110500],v1.0,4120018100,TOGGLE BIG PIN Ø80 - 200 TON,Main Assembly,6.0,NOS,0.0,0.5
BOM-0022,(B-10148) TOGGLE TYPE LOCKING UNIT-200 TON [1000110500],v1.0,4120018200,CROSS HEAD GUIDE ROD Ø65 - 200 TON,Main Assembly,2.0,NOS,0.0,0.5
BOM-0022,(B-10148) TOGGLE TYPE LOCKING UNIT-200 TON [1000110500],v1.0,4120018300,CROSS HEAD GUIDE ROD LOCATING PLATE - 200 TON,Main Assembly,2.0,NOS,0.0,0.5
BOM-0022,(B-10148) TOGGLE TYPE LOCKING UNIT-200 TON [1000110500],v1.0,4120018400,MOVING PLATE WIPER RETAINER - 200 TON,Main Assembly,8.0,NOS,0.0,0.5
BOM-0022,(B-10148) TOGGLE TYPE LOCKING UNIT-200 TON [1000110500],v1.0,4120000900,NOZZLE TIP LOCATING RING Ø160 - 90 TON,Main Assembly,1.0,NOS,0.0,0.5
BOM-0022,(B-10148) TOGGLE TYPE LOCKING UNIT-200 TON [1000110500],v1.0,4120014700,EJECTOR CYLINDER MTG PLATE - 170 TON,Main Assembly,1.0,NOS,0.0,0.5
BOM-0022,(B-10148) TOGGLE TYPE LOCKING UNIT-200 TON [1000110500],v1.0,4120018500,EJECTOR PLATE GUIDE ROD - 200 TON,Main Assembly,4.0,NOS,0.0,0.5
BOM-0022,(B-10148) TOGGLE TYPE LOCKING UNIT-200 TON [1000110500],v1.0,4120001200,SUN GEAR BEARING SUPPORT SHAFT,Main Assembly,4.0,NOS,0.0,0.5
BOM-0022,(B-10148) TOGGLE TYPE LOCKING UNIT-200 TON [1000110500],v1.0,4010100100,MOLD HEIGHT ADJUSTMENT GEAR - 90 TON (MODULE-3 TEETH-18),Main Assembly,1.0,NOS,0.0,0.5
BOM-0022,(B-10148) TOGGLE TYPE LOCKING UNIT-200 TON [1000110500],v1.0,4020100500,TIE BAR NUT M95 X 3  - 200 TON TOGGLE,Main Assembly,4.0,NOS,0.0,0.5
BOM-0022,(B-10148) TOGGLE TYPE LOCKING UNIT-200 TON [1000110500],v1.0,4010101200,GEAR NUT - 200 TON (MODULE-3 TEETH-60),Main Assembly,4.0,NOS,0.0,0.5
BOM-0022,(B-10148) TOGGLE TYPE LOCKING UNIT-200 TON [1000110500],v1.0,4030100500,GEAR NUT SPACER - 200 TON,Main Assembly,12.0,NOS,0.0,0.5
BOM-0022,(B-10148) TOGGLE TYPE LOCKING UNIT-200 TON [1000110500],v1.0,4030200100,SP WASHER Ø35 X Ø12.5 X 10 THK,Main Assembly,4.0,NOS,0.0,0.5
BOM-0022,(B-10148) TOGGLE TYPE LOCKING UNIT-200 TON [1000110500],v1.0,4040100500,MOVING PLATE BUSH Ø110 X Ø95 X 60LG - 200 TON,Main Assembly,8.0,NOS,0.0,0.5
BOM-0022,(B-10148) TOGGLE TYPE LOCKING UNIT-200 TON [1000110500],v1.0,4040101100,CROSS HEAD BUSH Ø75 X Ø65 X 38LG - 200 TON,Main Assembly,4.0,NOS,0.0,0.5
BOM-0022,(B-10148) TOGGLE TYPE LOCKING UNIT-200 TON [1000110500],v1.0,4040200500,TOGGLE SMALL GRAPHITE BUSH Ø60 X Ø50 X 75LG - 200 TON,Main Assembly,4.0,NOS,0.0,0.5
BOM-0022,(B-10148) TOGGLE TYPE LOCKING UNIT-200 TON [1000110500],v1.0,4040201100,TOGGLE BIG GRAPHITE BUSH Ø95 X Ø80 X 95LG - 200 TON,Main Assembly,12.0,NOS,0.0,0.5
BOM-0022,(B-10148) TOGGLE TYPE LOCKING UNIT-200 TON [1000110500],v1.0,7220100100,DU BUSH - 30 X 34 X 25 LG,Main Assembly,4.0,NOS,0.0,0.5
BOM-0022,(B-10148) TOGGLE TYPE LOCKING UNIT-200 TON [1000110500],v1.0,7270072095,PU WIPER SEAL - 95 X 107.2 X 7.2/12,Main Assembly,8.0,NOS,0.0,0.5
BOM-0022,(B-10148) TOGGLE TYPE LOCKING UNIT-200 TON [1000110500],v1.0,7190105900,"SRDG BALL BEARING,6205-ZZ",Main Assembly,4.0,NOS,0.0,0.5
BOM-0022,(B-10148) TOGGLE TYPE LOCKING UNIT-200 TON [1000110500],v1.0,6110100200,TORQUE PISTON MOTOR TMP-315 (170-200),Main Assembly,1.0,NOS,0.0,0.5
BOM-0023,(B-10025) GUIDE ROD TYPE INJECTION UNIT-280 [1000210100],v1.0,2000210100,BARREL PLATE ASSY - 280,Main Assembly,1.0,NOS,0.0,0.5
BOM-0023,(B-10025) GUIDE ROD TYPE INJECTION UNIT-280 [1000210100],v1.0,2000210200,BEARING HOUSING ASSY -280,Main Assembly,1.0,NOS,0.0,0.5
BOM-0023,(B-10025) GUIDE ROD TYPE INJECTION UNIT-280 [1000210100],v1.0,2000210300,NOZZLE CYLINDER ASSY - (STOCK-350),Main Assembly,2.0,NOS,0.0,0.5
BOM-0023,(B-10025) GUIDE ROD TYPE INJECTION UNIT-280 [1000210100],v1.0,4110001300,INJECTION GUIDE ROD SUPPORT Ø60 - 280,Main Assembly,2.0,NOS,0.0,0.5
BOM-0023,(B-10025) GUIDE ROD TYPE INJECTION UNIT-280 [1000210100],v1.0,4110001400,INJECTION CYLINDER ROD NUT RETAINER - 280,Main Assembly,2.0,NOS,0.0,0.5
BOM-0023,(B-10025) GUIDE ROD TYPE INJECTION UNIT-280 [1000210100],v1.0,4120001300,INJECTION GUIDE ROD Ø60 - 280,Main Assembly,2.0,NOS,0.0,0.5
BOM-0023,(B-10025) GUIDE ROD TYPE INJECTION UNIT-280 [1000210100],v1.0,4020100700,INJECTION CYLINDER ROD NUT - 280 (M40 X 2),Main Assembly,2.0,NOS,0.0,0.5
BOM-0023,(B-10025) GUIDE ROD TYPE INJECTION UNIT-280 [1000210100],v1.0,7000100300,FASTENER KIT INJECTION UNIT - 280,Main Assembly,1.0,NOS,0.0,0.5
BOM-0024,(B-10026) GUIDE ROD TYPE INJECTION UNIT-420 [1000210200],v1.0,2000210400,BARREL PLATE ASSY - 420 (STOCK-175),Main Assembly,1.0,NOS,0.0,0.5
BOM-0024,(B-10026) GUIDE ROD TYPE INJECTION UNIT-420 [1000210200],v1.0,2000210500,BEARING HOUSING ASSY - 420,Main Assembly,1.0,NOS,0.0,0.5
BOM-0024,(B-10026) GUIDE ROD TYPE INJECTION UNIT-420 [1000210200],v1.0,2000210300,NOZZLE CYLINDER ASSY - (STOCK-350),Main Assembly,2.0,NOS,0.0,0.5
BOM-0024,(B-10026) GUIDE ROD TYPE INJECTION UNIT-420 [1000210200],v1.0,4110001300,INJECTION GUIDE ROD SUPPORT Ø60 - 280,Main Assembly,2.0,NOS,0.0,0.5
BOM-0024,(B-10026) GUIDE ROD TYPE INJECTION UNIT-420 [1000210200],v1.0,4110001400,INJECTION CYLINDER ROD NUT RETAINER - 280,Main Assembly,2.0,NOS,0.0,0.5
BOM-0024,(B-10026) GUIDE ROD TYPE INJECTION UNIT-420 [1000210200],v1.0,4120007600,INJECTION GUIDE ROD Ø60 - 420,Main Assembly,2.0,NOS,0.0,0.5
BOM-0024,(B-10026) GUIDE ROD TYPE INJECTION UNIT-420 [1000210200],v1.0,4020100700,INJECTION CYLINDER ROD NUT - 280 (M40 X 2),Main Assembly,2.0,NOS,0.0,0.5
BOM-0024,(B-10026) GUIDE ROD TYPE INJECTION UNIT-420 [1000210200],v1.0,7000100800,FASTENER KIT INJECTION UNIT - 420,Main Assembly,1.0,NOS,0.0,0.5
BOM-0025,(B-10027) GUIDE ROD TYPE INJECTION UNIT-635 [1000210300],v1.0,2000210600,BARREL PLATE ASSY - 635 (STOCK-210),Main Assembly,1.0,NOS,0.0,0.5
BOM-0025,(B-10027) GUIDE ROD TYPE INJECTION UNIT-635 [1000210300],v1.0,2000210700,BEARING HOUSING ASSY - 635,Main Assembly,1.0,NOS,0.0,0.5
BOM-0025,(B-10027) GUIDE ROD TYPE INJECTION UNIT-635 [1000210300],v1.0,2000210300,NOZZLE CYLINDER ASSY - (STOCK-350),Main Assembly,2.0,NOS,0.0,0.5
BOM-0025,(B-10027) GUIDE ROD TYPE INJECTION UNIT-635 [1000210300],v1.0,4110001300,INJECTION GUIDE ROD SUPPORT Ø60 - 280,Main Assembly,2.0,NOS,0.0,0.5
BOM-0025,(B-10027) GUIDE ROD TYPE INJECTION UNIT-635 [1000210300],v1.0,4110004100,INJECTION CYLINDER ROD NUT RETAINER - 635,Main Assembly,2.0,NOS,0.0,0.5
BOM-0025,(B-10027) GUIDE ROD TYPE INJECTION UNIT-635 [1000210300],v1.0,4120010700,INJECTION GUIDE ROD Ø60 - 635,Main Assembly,2.0,NOS,0.0,0.5
BOM-0025,(B-10027) GUIDE ROD TYPE INJECTION UNIT-635 [1000210300],v1.0,4020100800,INJECTION CYLINDER ROD NUT - 635 (M50 X 2),Main Assembly,2.0,NOS,0.0,0.5
BOM-0025,(B-10027) GUIDE ROD TYPE INJECTION UNIT-635 [1000210300],v1.0,7000101300,FASTENER KIT INJECTION UNIT - 635,Main Assembly,1.0,NOS,0.0,0.5
BOM-0026,(B-10028) GUIDE ROD TYPE INJECTION UNIT-905 [1000210400],v1.0,2000210800,BARREL PLATE ASSY - 905 (STOCK-245),Main Assembly,1.0,NOS,0.0,0.5
BOM-0026,(B-10028) GUIDE ROD TYPE INJECTION UNIT-905 [1000210400],v1.0,2000210900,BEARING HOUSING ASSY - 905,Main Assembly,1.0,NOS,0.0,0.5
BOM-0026,(B-10028) GUIDE ROD TYPE INJECTION UNIT-905 [1000210400],v1.0,2000211000,NOZZLE CYLINDER ASSY - (STOCK-400),Main Assembly,2.0,NOS,0.0,0.5
BOM-0026,(B-10028) GUIDE ROD TYPE INJECTION UNIT-905 [1000210400],v1.0,4110005400,INJECTION GUIDE ROD SUPPORT Ø70 - 905,Main Assembly,2.0,NOS,0.0,0.5
BOM-0026,(B-10028) GUIDE ROD TYPE INJECTION UNIT-905 [1000210400],v1.0,4110005500,INJECTION CYLINDER ROD NUT RETAINER - 905,Main Assembly,2.0,NOS,0.0,0.5
BOM-0026,(B-10028) GUIDE ROD TYPE INJECTION UNIT-905 [1000210400],v1.0,4120014900,INJECTION GUIDE ROD Ø70 - 905,Main Assembly,2.0,NOS,0.0,0.5
BOM-0026,(B-10028) GUIDE ROD TYPE INJECTION UNIT-905 [1000210400],v1.0,4020100900,INJECTION CYLINDER ROD NUT - 905 (M60 X 2),Main Assembly,2.0,NOS,0.0,0.5
BOM-0026,(B-10028) GUIDE ROD TYPE INJECTION UNIT-905 [1000210400],v1.0,7000101800,FASTENER KIT INJECTION UNIT - 905,Main Assembly,1.0,NOS,0.0,0.5
BOM-0027,(B-10029) GUIDE ROD TYPE INJECTION UNIT-1520 [1000210500],v1.0,2000211100,BARREL PLATE ASSY - 1520 (STOCK-280),Main Assembly,1.0,NOS,0.0,0.5
BOM-0027,(B-10029) GUIDE ROD TYPE INJECTION UNIT-1520 [1000210500],v1.0,2000211200,BEARING HOUSING ASSY - 1520,Main Assembly,1.0,NOS,0.0,0.5
BOM-0027,(B-10029) GUIDE ROD TYPE INJECTION UNIT-1520 [1000210500],v1.0,2000211000,NOZZLE CYLINDER ASSY - (STOCK-400),Main Assembly,2.0,NOS,0.0,0.5
BOM-0027,(B-10029) GUIDE ROD TYPE INJECTION UNIT-1520 [1000210500],v1.0,4110005400,INJECTION GUIDE ROD SUPPORT Ø70 - 905,Main Assembly,2.0,NOS,0.0,0.5
BOM-0027,(B-10029) GUIDE ROD TYPE INJECTION UNIT-1520 [1000210500],v1.0,4110006900,INJECTION CYLINDER ROD NUT RETAINER - 1520,Main Assembly,2.0,NOS,0.0,0.5
BOM-0027,(B-10029) GUIDE ROD TYPE INJECTION UNIT-1520 [1000210500],v1.0,4120018600,INJECTION GUIDE ROD Ø70 - 1520,Main Assembly,2.0,NOS,0.0,0.5
BOM-0027,(B-10029) GUIDE ROD TYPE INJECTION UNIT-1520 [1000210500],v1.0,4020100100,TIE BAR NUT M65 X 3 - 90 TON TOGGLE,Main Assembly,2.0,NOS,0.0,0.5
BOM-0027,(B-10029) GUIDE ROD TYPE INJECTION UNIT-1520 [1000210500],v1.0,7000102300,FASTENER KIT INJECTION UNIT - 1520,Main Assembly,1.0,NOS,0.0,0.5
BOM-0028,(B-10031) GUIDE ROD TYPE INJECTION UNIT - 2350 [1000210600],v1.0,2000211300,BARREL PLATE ASSY - 2350 (STOCK-315),Main Assembly,1.0,NOS,0.0,0.5
BOM-0028,(B-10031) GUIDE ROD TYPE INJECTION UNIT - 2350 [1000210600],v1.0,2000211400,BEARING HOUSING ASSY - 2350,Main Assembly,1.0,NOS,0.0,0.5
BOM-0028,(B-10031) GUIDE ROD TYPE INJECTION UNIT - 2350 [1000210600],v1.0,2000211500,NOZZLE CYLINDER ASSY - (STOCK-500),Main Assembly,2.0,NOS,0.0,0.5
BOM-0028,(B-10031) GUIDE ROD TYPE INJECTION UNIT - 2350 [1000210600],v1.0,4110005400,INJECTION GUIDE ROD SUPPORT Ø70 - 905,Main Assembly,2.0,NOS,0.0,0.5
BOM-0028,(B-10031) GUIDE ROD TYPE INJECTION UNIT - 2350 [1000210600],v1.0,4110007200,INJECTION CYLINDER ROD NUT RETAINER - 2350,Main Assembly,2.0,NOS,0.0,0.5
BOM-0028,(B-10031) GUIDE ROD TYPE INJECTION UNIT - 2350 [1000210600],v1.0,4120021300,INJECTION GUIDE ROD Ø70 - 2350,Main Assembly,2.0,NOS,0.0,0.5
BOM-0028,(B-10031) GUIDE ROD TYPE INJECTION UNIT - 2350 [1000210600],v1.0,4020100200,TIE BAR NUT M70 X 3 - 110 TON TOGGLE,Main Assembly,2.0,NOS,0.0,0.5
BOM-0028,(B-10031) GUIDE ROD TYPE INJECTION UNIT - 2350 [1000210600],v1.0,7000102600,FASTENER KIT INJECTION UNIT - 2350,Main Assembly,1.0,NOS,0.0,0.5
BOM-0029,(B-10077) BARREL PLATE ASSY - 280 (STOCK-150) [2000210100],v1.0,7000100400,FASTENER KIT BARREL PLATE ASSY - 280,Main Assembly,1.0,NOS,0.0,0.5
BOM-0029,(B-10077) BARREL PLATE ASSY - 280 (STOCK-150) [2000210100],v1.0,4110001500,BARREL PLATE - 280 (STOCK-150),Main Assembly,1.0,NOS,0.0,0.5
BOM-0029,(B-10077) BARREL PLATE ASSY - 280 (STOCK-150) [2000210100],v1.0,4120001400,INJECTION CYLINDER FRONT CAP - 280,Main Assembly,2.0,NOS,0.0,0.5
BOM-0029,(B-10077) BARREL PLATE ASSY - 280 (STOCK-150) [2000210100],v1.0,4120001500,INJECTION CYLINDER END CAP - 280,Main Assembly,2.0,NOS,0.0,0.5
BOM-0029,(B-10077) BARREL PLATE ASSY - 280 (STOCK-150) [2000210100],v1.0,4120001600,INJECTION CYLINDER ROD - 280,Main Assembly,2.0,NOS,0.0,0.5
BOM-0029,(B-10077) BARREL PLATE ASSY - 280 (STOCK-150) [2000210100],v1.0,4120001700,INJECTION PISTON Ø100 - 280,Main Assembly,2.0,NOS,0.0,0.5
BOM-0029,(B-10077) BARREL PLATE ASSY - 280 (STOCK-150) [2000210100],v1.0,4120001800,HYDRAULIC ROD BUSH - Ø50,Main Assembly,2.0,NOS,0.0,0.5
BOM-0029,(B-10077) BARREL PLATE ASSY - 280 (STOCK-150) [2000210100],v1.0,7220100200,DU BUSH - 60 X 65 X 60 LG,Main Assembly,4.0,NOS,0.0,0.5
BOM-0029,(B-10077) BARREL PLATE ASSY - 280 (STOCK-150) [2000210100],v1.0,7230063100,GLIDE RING - 100 X 84.5 X 6.3,Main Assembly,2.0,NOS,0.0,0.5
BOM-0029,(B-10077) BARREL PLATE ASSY - 280 (STOCK-150) [2000210100],v1.0,7240097095,GUIDE RING - 95 X 100 X 9.7,Main Assembly,4.0,NOS,0.0,0.5
BOM-0029,(B-10077) BARREL PLATE ASSY - 280 (STOCK-150) [2000210100],v1.0,7240097050,GUIDE RING - 50 X 55 X 9.7,Main Assembly,4.0,NOS,0.0,0.5
BOM-0029,(B-10077) BARREL PLATE ASSY - 280 (STOCK-150) [2000210100],v1.0,7250042050,STEP SEAL - 50 X 61 X 4.2,Main Assembly,2.0,NOS,0.0,0.5
BOM-0029,(B-10077) BARREL PLATE ASSY - 280 (STOCK-150) [2000210100],v1.0,7260073050,ROD SEAL - 50 X 60 X 7.3,Main Assembly,2.0,NOS,0.0,0.5
BOM-0029,(B-10077) BARREL PLATE ASSY - 280 (STOCK-150) [2000210100],v1.0,7270053050,PU WIPER SEAL 50 X58.6 X 5.3/7,Main Assembly,2.0,NOS,0.0,0.5
BOM-0029,(B-10077) BARREL PLATE ASSY - 280 (STOCK-150) [2000210100],v1.0,7290003040,O RING - 40 X 3 (O RING- 45.69X2.62),Main Assembly,2.0,NOS,0.0,0.5
BOM-0029,(B-10077) BARREL PLATE ASSY - 280 (STOCK-150) [2000210100],v1.0,7290005090,O RING - 90 X 5 (O RING-91.67X3.53),Main Assembly,4.0,NOS,0.0,0.5
BOM-0030,(B-10078) BARREL PLATE ASSY - 420 (STOCK-175) [2000210400],v1.0,7000100900,FASTENER KIT BARREL PLATE ASSY - 420,Main Assembly,1.0,NOS,0.0,0.5
BOM-0030,(B-10078) BARREL PLATE ASSY - 420 (STOCK-175) [2000210400],v1.0,4110002900,BARREL PLATE - 420 (STOCK-175),Main Assembly,1.0,NOS,0.0,0.5
BOM-0030,(B-10078) BARREL PLATE ASSY - 420 (STOCK-175) [2000210400],v1.0,4120007700,INJECTION CYLINDER FRONT CAP - 420,Main Assembly,2.0,NOS,0.0,0.5
BOM-0030,(B-10078) BARREL PLATE ASSY - 420 (STOCK-175) [2000210400],v1.0,4120007800,INJECTION CYLINDER END CAP - 420,Main Assembly,2.0,NOS,0.0,0.5
BOM-0030,(B-10078) BARREL PLATE ASSY - 420 (STOCK-175) [2000210400],v1.0,4120007900,INJECTION CYLINDER ROD - 420,Main Assembly,2.0,NOS,0.0,0.5
BOM-0030,(B-10078) BARREL PLATE ASSY - 420 (STOCK-175) [2000210400],v1.0,4120008000,INJECTION PISTON Ø110 - 420,Main Assembly,2.0,NOS,0.0,0.5
BOM-0030,(B-10078) BARREL PLATE ASSY - 420 (STOCK-175) [2000210400],v1.0,4120001800,HYDRAULIC ROD BUSH - Ø50,Main Assembly,2.0,NOS,0.0,0.5
BOM-0030,(B-10078) BARREL PLATE ASSY - 420 (STOCK-175) [2000210400],v1.0,7220100200,DU BUSH - 60 X 65 X 60 LG,Main Assembly,4.0,NOS,0.0,0.5
BOM-0030,(B-10078) BARREL PLATE ASSY - 420 (STOCK-175) [2000210400],v1.0,7230063110,GLIDE RING - 110 X 94.5 X 6.3,Main Assembly,2.0,NOS,0.0,0.5
BOM-0030,(B-10078) BARREL PLATE ASSY - 420 (STOCK-175) [2000210400],v1.0,7240097105,GUIDE RING - 105 X 110 X 9.7,Main Assembly,4.0,NOS,0.0,0.5
BOM-0030,(B-10078) BARREL PLATE ASSY - 420 (STOCK-175) [2000210400],v1.0,7240097050,GUIDE RING - 50 X 55 X 9.7,Main Assembly,4.0,NOS,0.0,0.5
BOM-0030,(B-10078) BARREL PLATE ASSY - 420 (STOCK-175) [2000210400],v1.0,7250042050,STEP SEAL - 50 X 61 X 4.2,Main Assembly,2.0,NOS,0.0,0.5
BOM-0030,(B-10078) BARREL PLATE ASSY - 420 (STOCK-175) [2000210400],v1.0,7260073050,ROD SEAL - 50 X 60 X 7.3,Main Assembly,2.0,NOS,0.0,0.5
BOM-0030,(B-10078) BARREL PLATE ASSY - 420 (STOCK-175) [2000210400],v1.0,7270053050,PU WIPER SEAL 50 X58.6 X 5.3/7,Main Assembly,2.0,NOS,0.0,0.5
BOM-0030,(B-10078) BARREL PLATE ASSY - 420 (STOCK-175) [2000210400],v1.0,7290003040,O RING - 40 X 3 (O RING- 45.69X2.62),Main Assembly,2.0,NOS,0.0,0.5
BOM-0030,(B-10078) BARREL PLATE ASSY - 420 (STOCK-175) [2000210400],v1.0,7290005100,O RING - 100 X 5 (O RING-100.97X5.33),Main Assembly,4.0,NOS,0.0,0.5
BOM-0031,(B-10079) BARREL PLATE ASSY - 635 (STOCK-210) [2000210600],v1.0,7000101400,FASTENER KIT BARREL PLATE ASSY - 635,Main Assembly,1.0,NOS,0.0,0.5
BOM-0031,(B-10079) BARREL PLATE ASSY - 635 (STOCK-210) [2000210600],v1.0,4110004200,BARREL PLATE - 635 (STOCK-210),Main Assembly,1.0,NOS,0.0,0.5
BOM-0031,(B-10079) BARREL PLATE ASSY - 635 (STOCK-210) [2000210600],v1.0,4120010800,INJECTION CYLINDER FRONT CAP - 635,Main Assembly,2.0,NOS,0.0,0.5
BOM-0031,(B-10079) BARREL PLATE ASSY - 635 (STOCK-210) [2000210600],v1.0,4120010900,INJECTION CYLINDER END CAP - 635,Main Assembly,2.0,NOS,0.0,0.5
BOM-0031,(B-10079) BARREL PLATE ASSY - 635 (STOCK-210) [2000210600],v1.0,4120011000,INJECTION CYLINDER ROD - 635,Main Assembly,2.0,NOS,0.0,0.5
BOM-0031,(B-10079) BARREL PLATE ASSY - 635 (STOCK-210) [2000210600],v1.0,4120011100,INJECTION PISTON Ø125 - 635,Main Assembly,2.0,NOS,0.0,0.5
BOM-0031,(B-10079) BARREL PLATE ASSY - 635 (STOCK-210) [2000210600],v1.0,4120011200,HYDRAULIC ROD BUSH - Ø60,Main Assembly,2.0,NOS,0.0,0.5
BOM-0031,(B-10079) BARREL PLATE ASSY - 635 (STOCK-210) [2000210600],v1.0,7220100200,DU BUSH - 60 X 65 X 60 LG,Main Assembly,4.0,NOS,0.0,0.5
BOM-0031,(B-10079) BARREL PLATE ASSY - 635 (STOCK-210) [2000210600],v1.0,7230063125,GLIDE RING - 125 X 109.5 X 6.3,Main Assembly,2.0,NOS,0.0,0.5
BOM-0031,(B-10079) BARREL PLATE ASSY - 635 (STOCK-210) [2000210600],v1.0,7240097120,GUIDE RING - 120X125X9.7,Main Assembly,4.0,NOS,0.0,0.5
BOM-0031,(B-10079) BARREL PLATE ASSY - 635 (STOCK-210) [2000210600],v1.0,7240015060,GUIDE RING - 60 X6 5 X 15,Main Assembly,4.0,NOS,0.0,0.5
BOM-0031,(B-10079) BARREL PLATE ASSY - 635 (STOCK-210) [2000210600],v1.0,7240097060,GUIDE RING - 60 X 65 X 9.7,Main Assembly,2.0,NOS,0.0,0.5
BOM-0031,(B-10079) BARREL PLATE ASSY - 635 (STOCK-210) [2000210600],v1.0,7260010060,ROD SEAL - 60 X 70 X 10,Main Assembly,2.0,NOS,0.0,0.5
BOM-0031,(B-10079) BARREL PLATE ASSY - 635 (STOCK-210) [2000210600],v1.0,7270053060,PU WIPER SEAL - 60 X 68.6 X 5.3/7,Main Assembly,2.0,NOS,0.0,0.5
BOM-0031,(B-10079) BARREL PLATE ASSY - 635 (STOCK-210) [2000210600],v1.0,7290004050,O RING - 50 X 4 (O RING- 53.57X3.53),Main Assembly,2.0,NOS,0.0,0.5
BOM-0031,(B-10079) BARREL PLATE ASSY - 635 (STOCK-210) [2000210600],v1.0,7290005115,O RING - 115 X 5 (O RING- 113.84X5.33),Main Assembly,4.0,NOS,0.0,0.5
BOM-0032,(B-10080) BARREL PLATE ASSY - 905 (STOCK-245) [2000210800],v1.0,7000101900,FASTENER KIT BARREL PLATE ASSY - 905,Main Assembly,1.0,NOS,0.0,0.5
BOM-0032,(B-10080) BARREL PLATE ASSY - 905 (STOCK-245) [2000210800],v1.0,4110005600,BARREL PLATE - 905 (STOCK-245),Main Assembly,1.0,NOS,0.0,0.5
BOM-0032,(B-10080) BARREL PLATE ASSY - 905 (STOCK-245) [2000210800],v1.0,4120015000,INJECTION CYLINDER FRONT CAP - 905,Main Assembly,2.0,NOS,0.0,0.5
BOM-0032,(B-10080) BARREL PLATE ASSY - 905 (STOCK-245) [2000210800],v1.0,4120015100,INJECTION CYLINDER END CAP - 905,Main Assembly,2.0,NOS,0.0,0.5
BOM-0032,(B-10080) BARREL PLATE ASSY - 905 (STOCK-245) [2000210800],v1.0,4120015200,INJECTION CYLINDER ROD - 905,Main Assembly,2.0,NOS,0.0,0.5
BOM-0032,(B-10080) BARREL PLATE ASSY - 905 (STOCK-245) [2000210800],v1.0,4120015300,INJECTION PISTON Ø140 - 905,Main Assembly,2.0,NOS,0.0,0.5
BOM-0032,(B-10080) BARREL PLATE ASSY - 905 (STOCK-245) [2000210800],v1.0,4120015400,HYDRAULIC ROD BUSH - Ø70,Main Assembly,2.0,NOS,0.0,0.5
BOM-0032,(B-10080) BARREL PLATE ASSY - 905 (STOCK-245) [2000210800],v1.0,7220100300,DU BUSH - 70 X 75 X 70 LG,Main Assembly,4.0,NOS,0.0,0.5
BOM-0032,(B-10080) BARREL PLATE ASSY - 905 (STOCK-245) [2000210800],v1.0,7230063140,GLIDE RING - 140 X 124.5 X 6.3,Main Assembly,2.0,NOS,0.0,0.5
BOM-0032,(B-10080) BARREL PLATE ASSY - 905 (STOCK-245) [2000210800],v1.0,7240097135,GUIDE RING - 135 X 140 X 9.7,Main Assembly,4.0,NOS,0.0,0.5
BOM-0032,(B-10080) BARREL PLATE ASSY - 905 (STOCK-245) [2000210800],v1.0,7240015070,GUIDE RING - 70 X 75 X 15,Main Assembly,4.0,NOS,0.0,0.5
BOM-0032,(B-10080) BARREL PLATE ASSY - 905 (STOCK-245) [2000210800],v1.0,7240097070,GUIDE RING - 70 X 75 X 9.7,Main Assembly,2.0,NOS,0.0,0.5
BOM-0032,(B-10080) BARREL PLATE ASSY - 905 (STOCK-245) [2000210800],v1.0,7260114070,ROD SEAL - 70 X 85 X 11.4,Main Assembly,2.0,NOS,0.0,0.5
BOM-0032,(B-10080) BARREL PLATE ASSY - 905 (STOCK-245) [2000210800],v1.0,7270053070,PU WIPER SEAL - 70 X 78.6 X 5.3/7,Main Assembly,2.0,NOS,0.0,0.5
BOM-0032,(B-10080) BARREL PLATE ASSY - 905 (STOCK-245) [2000210800],v1.0,7290004060,O RING - 60 X 4 (63.09X3.53),Main Assembly,2.0,NOS,0.0,0.5
BOM-0032,(B-10080) BARREL PLATE ASSY - 905 (STOCK-245) [2000210800],v1.0,7290005130,O RING - 130 X 5 (O RING- 129.54X5.33),Main Assembly,4.0,NOS,0.0,0.5
BOM-0033,(B-10081) BARREL PLATE ASSY - 1520 (STOCK-280) [2000211100],v1.0,7000102400,FASTENER KIT BARREL PLATE ASSY - 1520,Main Assembly,1.0,NOS,0.0,0.5
BOM-0033,(B-10081) BARREL PLATE ASSY - 1520 (STOCK-280) [2000211100],v1.0,4110007000,BARREL PLATE - 1520 (STOCK-280),Main Assembly,1.0,NOS,0.0,0.5
BOM-0033,(B-10081) BARREL PLATE ASSY - 1520 (STOCK-280) [2000211100],v1.0,4120018700,INJECTION CYLINDER FRONT CAP - 1520,Main Assembly,2.0,NOS,0.0,0.5
BOM-0033,(B-10081) BARREL PLATE ASSY - 1520 (STOCK-280) [2000211100],v1.0,4120018800,INJECTION CYLINDER END CAP - 1520,Main Assembly,2.0,NOS,0.0,0.5
BOM-0033,(B-10081) BARREL PLATE ASSY - 1520 (STOCK-280) [2000211100],v1.0,4120018900,INJECTION CYLINDER ROD - 1520,Main Assembly,2.0,NOS,0.0,0.5
BOM-0033,(B-10081) BARREL PLATE ASSY - 1520 (STOCK-280) [2000211100],v1.0,4120019000,INJECTION PISTON Ø165 - 1520,Main Assembly,2.0,NOS,0.0,0.5
BOM-0033,(B-10081) BARREL PLATE ASSY - 1520 (STOCK-280) [2000211100],v1.0,4120019100,HYDRAULIC ROD BUSH - Ø75,Main Assembly,2.0,NOS,0.0,0.5
BOM-0033,(B-10081) BARREL PLATE ASSY - 1520 (STOCK-280) [2000211100],v1.0,7220100300,DU BUSH - 70 X 75 X 70 LG,Main Assembly,4.0,NOS,0.0,0.5
BOM-0033,(B-10081) BARREL PLATE ASSY - 1520 (STOCK-280) [2000211100],v1.0,7230081165,GLIDE RING - 165 X 144 X 8.1,Main Assembly,2.0,NOS,0.0,0.5
BOM-0033,(B-10081) BARREL PLATE ASSY - 1520 (STOCK-280) [2000211100],v1.0,7240015160,GUIDE RING - 160 X 165 X 15,Main Assembly,4.0,NOS,0.0,0.5
BOM-0033,(B-10081) BARREL PLATE ASSY - 1520 (STOCK-280) [2000211100],v1.0,7240015075,GUIDE RING - 75 X 80 X 15,Main Assembly,4.0,NOS,0.0,0.5
BOM-0033,(B-10081) BARREL PLATE ASSY - 1520 (STOCK-280) [2000211100],v1.0,7240097075,GUIDE RING - 75 X 80 X 9.7,Main Assembly,2.0,NOS,0.0,0.5
BOM-0033,(B-10081) BARREL PLATE ASSY - 1520 (STOCK-280) [2000211100],v1.0,7260012075,ROD SEAL - 75 X 85 X 12,Main Assembly,2.0,NOS,0.0,0.5
BOM-0033,(B-10081) BARREL PLATE ASSY - 1520 (STOCK-280) [2000211100],v1.0,7270053075,PU WIPER SEAL - 75 X 83.2 X 5.3/7,Main Assembly,2.0,NOS,0.0,0.5
BOM-0033,(B-10081) BARREL PLATE ASSY - 1520 (STOCK-280) [2000211100],v1.0,7290004065,O RING - 65 X 4 (O RING- 69.44X3.53),Main Assembly,2.0,NOS,0.0,0.5
BOM-0033,(B-10081) BARREL PLATE ASSY - 1520 (STOCK-280) [2000211100],v1.0,7290006150,O RING - 150 X 6 (O RING-151.77 X5.33),Main Assembly,4.0,NOS,0.0,0.5
BOM-0034,(B-10082) BARREL PLATE ASSY - 2350 (STOCK-315) [2000211300],v1.0,7000102700,FASTENER KIT BARREL PLATE ASSY - 2350,Main Assembly,1.0,NOS,0.0,0.5
BOM-0034,(B-10082) BARREL PLATE ASSY - 2350 (STOCK-315) [2000211300],v1.0,4110007300,BARREL PLATE - 2350 (STOCK-315),Main Assembly,1.0,NOS,0.0,0.5
BOM-0034,(B-10082) BARREL PLATE ASSY - 2350 (STOCK-315) [2000211300],v1.0,4120021400,INJECTION CYLINDER FRONT CAP - 2350,Main Assembly,2.0,NOS,0.0,0.5
BOM-0034,(B-10082) BARREL PLATE ASSY - 2350 (STOCK-315) [2000211300],v1.0,4120021500,INJECTION CYLINDER END CAP - 2350,Main Assembly,2.0,NOS,0.0,0.5
BOM-0034,(B-10082) BARREL PLATE ASSY - 2350 (STOCK-315) [2000211300],v1.0,4120021600,INJECTION CYLINDER ROD - 2350,Main Assembly,2.0,NOS,0.0,0.5
BOM-0034,(B-10082) BARREL PLATE ASSY - 2350 (STOCK-315) [2000211300],v1.0,4120021700,INJECTION PISTON Ø190 - 2350,Main Assembly,2.0,NOS,0.0,0.5
BOM-0034,(B-10082) BARREL PLATE ASSY - 2350 (STOCK-315) [2000211300],v1.0,4120021800,HYDRAULIC ROD BUSH - Ø80,Main Assembly,2.0,NOS,0.0,0.5
BOM-0034,(B-10082) BARREL PLATE ASSY - 2350 (STOCK-315) [2000211300],v1.0,7220100300,DU BUSH - 70 X 75 X 70 LG,Main Assembly,4.0,NOS,0.0,0.5
BOM-0034,(B-10082) BARREL PLATE ASSY - 2350 (STOCK-315) [2000211300],v1.0,7230081190,GLIDE RING - 190 X 169 X 8.1,Main Assembly,2.0,NOS,0.0,0.5
BOM-0034,(B-10082) BARREL PLATE ASSY - 2350 (STOCK-315) [2000211300],v1.0,7240015185,GUIDE RING - 185 X 190 X 15,Main Assembly,4.0,NOS,0.0,0.5
BOM-0034,(B-10082) BARREL PLATE ASSY - 2350 (STOCK-315) [2000211300],v1.0,7240015080,GUIDE RING - 80 X 85 X 15,Main Assembly,4.0,NOS,0.0,0.5
BOM-0034,(B-10082) BARREL PLATE ASSY - 2350 (STOCK-315) [2000211300],v1.0,7240097080,GUIDE RING - 80 X 85 X 9.7,Main Assembly,2.0,NOS,0.0,0.5
BOM-0034,(B-10082) BARREL PLATE ASSY - 2350 (STOCK-315) [2000211300],v1.0,7260114080,ROD SEAL - 80 X 95 X 11.4,Main Assembly,2.0,NOS,0.0,0.5
BOM-0034,(B-10082) BARREL PLATE ASSY - 2350 (STOCK-315) [2000211300],v1.0,7270053080,PU WIPER SEAL - 80 X 88.6 X 5.3/7,Main Assembly,2.0,NOS,0.0,0.5
BOM-0034,(B-10082) BARREL PLATE ASSY - 2350 (STOCK-315) [2000211300],v1.0,7290004070,O RING - 70 X 4 (O RING- 72.62X3.53),Main Assembly,2.0,NOS,0.0,0.5
BOM-0034,(B-10082) BARREL PLATE ASSY - 2350 (STOCK-315) [2000211300],v1.0,7290006175,O RING - 175 X 6 (O RING-177.17 X5.33),Main Assembly,4.0,NOS,0.0,0.5
BOM-0035,(B-10083) BEARING HOUSING ASSY - 280 [2000210200],v1.0,"NEW 
PART CODE",FASTENER KIT BEARING HOUSING ASSY - 280,Main Assembly,1.0,NOS,0.0,0.5
BOM-0035,(B-10083) BEARING HOUSING ASSY - 280 [2000210200],v1.0,4110001600,BEARING HOUSING - 280,Main Assembly,1.0,NOS,0.0,0.5
BOM-0035,(B-10083) BEARING HOUSING ASSY - 280 [2000210200],v1.0,4120001900,SCREW DRIVE SHAFT - 280,Main Assembly,1.0,NOS,0.0,0.5
BOM-0035,(B-10083) BEARING HOUSING ASSY - 280 [2000210200],v1.0,4120002000,DRIVE SHAFT OIL SEAL FLANGE - 280,Main Assembly,1.0,NOS,0.0,0.5
BOM-0035,(B-10083) BEARING HOUSING ASSY - 280 [2000210200],v1.0,4020101000,DRIVE SHAFT NUT - 280 (M70 X 3),Main Assembly,1.0,NOS,0.0,0.5
BOM-0035,(B-10083) BEARING HOUSING ASSY - 280 [2000210200],v1.0,4020101100,DRIVE SHAFT CHECK NUT - 280 (M70 X 3),Main Assembly,1.0,NOS,0.0,0.5
BOM-0035,(B-10083) BEARING HOUSING ASSY - 280 [2000210200],v1.0,7220100200,DU BUSH - 60 X 65 X 60 LG,Main Assembly,4.0,NOS,0.0,0.5
BOM-0035,(B-10083) BEARING HOUSING ASSY - 280 [2000210200],v1.0,7280095115,RADIAL OIL SEAL - 95 X 115 X 12,Main Assembly,1.0,NOS,0.0,0.5
BOM-0035,(B-10083) BEARING HOUSING ASSY - 280 [2000210200],v1.0,7200100100,TAPER ROLLER BEARING-32014,Main Assembly,1.0,NOS,0.0,0.5
BOM-0035,(B-10083) BEARING HOUSING ASSY - 280 [2000210200],v1.0,7200100200,TAPER ROLLER BEARING-32216,Main Assembly,1.0,NOS,0.0,0.5
BOM-0035,(B-10083) BEARING HOUSING ASSY - 280 [2000210200],v1.0,6110100300,TORQUE PISTON MOTOR TMDG 2-200 S18,Main Assembly,1.0,NOS,0.0,0.5
BOM-0036,BEARING HOUSING ASSY-280 [2000210200],v1.0,7000101000,FASTENER KIT BEARING HOUSING ASSY - 420,Main Assembly,1.0,NOS,0.0,0.5
BOM-0036,BEARING HOUSING ASSY-280 [2000210200],v1.0,4110001600,BEARING HOUSING - 280,Main Assembly,1.0,NOS,0.0,0.5
BOM-0036,BEARING HOUSING ASSY-280 [2000210200],v1.0,4120001900,SCREW DRIVE SHAFT - 280,Main Assembly,1.0,NOS,0.0,0.5
BOM-0036,BEARING HOUSING ASSY-280 [2000210200],v1.0,4120002000,DRIVE SHAFT OIL SEAL FLANGE - 280,Main Assembly,1.0,NOS,0.0,0.5
BOM-0036,BEARING HOUSING ASSY-280 [2000210200],v1.0,4020101000,DRIVE SHAFT NUT - 280 (M70 X 3),Main Assembly,1.0,NOS,0.0,0.5
BOM-0036,BEARING HOUSING ASSY-280 [2000210200],v1.0,4020101100,DRIVE SHAFT CHECK NUT - 280 (M70 X 3),Main Assembly,1.0,NOS,0.0,0.5
BOM-0036,BEARING HOUSING ASSY-280 [2000210200],v1.0,7220100200,DU BUSH - 60 X 65 X 60 LG,Main Assembly,4.0,NOS,0.0,0.5
BOM-0036,BEARING HOUSING ASSY-280 [2000210200],v1.0,7280095115,RADIAL OIL SEAL - 95 X 115 X 12,Main Assembly,1.0,NOS,0.0,0.5
BOM-0036,BEARING HOUSING ASSY-280 [2000210200],v1.0,7200100100,TAPER ROLLER BEARING-32014,Main Assembly,1.0,NOS,0.0,0.5
BOM-0036,BEARING HOUSING ASSY-280 [2000210200],v1.0,7200100200,TAPER ROLLER BEARING-32216,Main Assembly,1.0,NOS,0.0,0.5
BOM-0036,BEARING HOUSING ASSY-280 [2000210200],v1.0,6110100400,TORQUE PISTON MOTOR TMDG 3-300 S18,Main Assembly,1.0,NOS,0.0,0.5
BOM-0037,(B-10084) BEARING HOUSING ASSY - 635 [2000210700],v1.0,7000101500,FASTENER KIT BEARING HOUSING ASSY - 635,Main Assembly,1.0,NOS,0.0,0.5
BOM-0037,(B-10084) BEARING HOUSING ASSY - 635 [2000210700],v1.0,4110004300,BEARING HOUSING - 635,Main Assembly,1.0,NOS,0.0,0.5
BOM-0037,(B-10084) BEARING HOUSING ASSY - 635 [2000210700],v1.0,4120011300,SCREW DRIVE SHAFT - 635,Main Assembly,1.0,NOS,0.0,0.5
BOM-0037,(B-10084) BEARING HOUSING ASSY - 635 [2000210700],v1.0,4120011400,DRIVE SHAFT OIL SEAL FLANGE - 635,Main Assembly,1.0,NOS,0.0,0.5
BOM-0037,(B-10084) BEARING HOUSING ASSY - 635 [2000210700],v1.0,4020101200,DRIVE SHAFT NUT - 635 (M80 X 3),Main Assembly,1.0,NOS,0.0,0.5
BOM-0037,(B-10084) BEARING HOUSING ASSY - 635 [2000210700],v1.0,4020101300,DRIVE SHAFT CHECK NUT - 635 (M80 X 3),Main Assembly,1.0,NOS,0.0,0.5
BOM-0037,(B-10084) BEARING HOUSING ASSY - 635 [2000210700],v1.0,7220100200,DU BUSH - 60 X 65 X 60 LG,Main Assembly,4.0,NOS,0.0,0.5
BOM-0037,(B-10084) BEARING HOUSING ASSY - 635 [2000210700],v1.0,7280105125,RADIAL OIL SEAL - 105 X 125 X 12,Main Assembly,1.0,NOS,0.0,0.5
BOM-0037,(B-10084) BEARING HOUSING ASSY - 635 [2000210700],v1.0,7200100300,TAPER ROLLER BEARING-32218,Main Assembly,1.0,NOS,0.0,0.5
BOM-0037,(B-10084) BEARING HOUSING ASSY - 635 [2000210700],v1.0,7200100200,TAPER ROLLER BEARING-32216,Main Assembly,1.0,NOS,0.0,0.5
BOM-0037,(B-10084) BEARING HOUSING ASSY - 635 [2000210700],v1.0,6110100500,TORQUE PISTON MOTOR TMDG 3-400 S18,Main Assembly,1.0,NOS,0.0,0.5
BOM-0038,(B-10085) BEARING HOUSING ASSY - 905 [2000210900],v1.0,7000102000,FASTENER KIT BEARING HOUSING ASSY - 905,Main Assembly,1.0,NOS,0.0,0.5
BOM-0038,(B-10085) BEARING HOUSING ASSY - 905 [2000210900],v1.0,4110005700,BEARING HOUSING - 905,Main Assembly,1.0,NOS,0.0,0.5
BOM-0038,(B-10085) BEARING HOUSING ASSY - 905 [2000210900],v1.0,4120015500,SCREW DRIVE SHAFT - 905,Main Assembly,1.0,NOS,0.0,0.5
BOM-0038,(B-10085) BEARING HOUSING ASSY - 905 [2000210900],v1.0,4120015600,DRIVE SHAFT OIL SEAL FLANGE - 905,Main Assembly,1.0,NOS,0.0,0.5
BOM-0038,(B-10085) BEARING HOUSING ASSY - 905 [2000210900],v1.0,4020101200,DRIVE SHAFT NUT - 635 (M80 X 3),Main Assembly,1.0,NOS,0.0,0.5
BOM-0038,(B-10085) BEARING HOUSING ASSY - 905 [2000210900],v1.0,4020101300,DRIVE SHAFT CHECK NUT - 635 (M80 X 3),Main Assembly,1.0,NOS,0.0,0.5
BOM-0038,(B-10085) BEARING HOUSING ASSY - 905 [2000210900],v1.0,7220100300,DU BUSH - 70 X 75 X 70 LG,Main Assembly,4.0,NOS,0.0,0.5
BOM-0038,(B-10085) BEARING HOUSING ASSY - 905 [2000210900],v1.0,7280110130,RADIAL OIL SEAL - 110 X 130 X 12,Main Assembly,1.0,NOS,0.0,0.5
BOM-0038,(B-10085) BEARING HOUSING ASSY - 905 [2000210900],v1.0,7200100400,TAPER ROLLER BEARING-32219,Main Assembly,1.0,NOS,0.0,0.5
BOM-0038,(B-10085) BEARING HOUSING ASSY - 905 [2000210900],v1.0,7200100200,TAPER ROLLER BEARING-32216,Main Assembly,1.0,NOS,0.0,0.5
BOM-0038,(B-10085) BEARING HOUSING ASSY - 905 [2000210900],v1.0,6110100600,TORQUE PISTON MOTOR TMDG 6-500 S28,Main Assembly,1.0,NOS,0.0,0.5
BOM-0039,(B-10086) BEARING HOUSING ASSY - 1520 [2000211200],v1.0,7000102500,FASTENER KIT BEARING HOUSING ASSY - 1520,Main Assembly,1.0,NOS,0.0,0.5
BOM-0039,(B-10086) BEARING HOUSING ASSY - 1520 [2000211200],v1.0,4110007100,BEARING HOUSING - 1520,Main Assembly,1.0,NOS,0.0,0.5
BOM-0039,(B-10086) BEARING HOUSING ASSY - 1520 [2000211200],v1.0,4120019200,SCREW DRIVE SHAFT - 1520,Main Assembly,1.0,NOS,0.0,0.5
BOM-0039,(B-10086) BEARING HOUSING ASSY - 1520 [2000211200],v1.0,4120019300,DRIVE SHAFT OIL SEAL FLANGE - 1520,Main Assembly,1.0,NOS,0.0,0.5
BOM-0039,(B-10086) BEARING HOUSING ASSY - 1520 [2000211200],v1.0,4020101400,DRIVE SHAFT NUT - 1520 (M90 X 4),Main Assembly,1.0,NOS,0.0,0.5
BOM-0039,(B-10086) BEARING HOUSING ASSY - 1520 [2000211200],v1.0,4020101500,DRIVE SHAFT CHECK NUT - 1520 (M90 X 4),Main Assembly,1.0,NOS,0.0,0.5
BOM-0039,(B-10086) BEARING HOUSING ASSY - 1520 [2000211200],v1.0,7220100300,DU BUSH - 70 X 75 X 70 LG,Main Assembly,4.0,NOS,0.0,0.5
BOM-0039,(B-10086) BEARING HOUSING ASSY - 1520 [2000211200],v1.0,7280115140,RADIAL OIL SEAL - 115 X 140 X 12,Main Assembly,1.0,NOS,0.0,0.5
BOM-0039,(B-10086) BEARING HOUSING ASSY - 1520 [2000211200],v1.0,7200100500,TAPER ROLLER BEARING-32220,Main Assembly,1.0,NOS,0.0,0.5
BOM-0039,(B-10086) BEARING HOUSING ASSY - 1520 [2000211200],v1.0,7200100300,TAPER ROLLER BEARING-32218,Main Assembly,1.0,NOS,0.0,0.5
BOM-0039,(B-10086) BEARING HOUSING ASSY - 1520 [2000211200],v1.0,6110100700,TORQUE PISTON MOTOR TMDG 8-800B,Main Assembly,1.0,NOS,0.0,0.5
BOM-0040,(B-10087) BEARING HOUSING ASSY - 2350 [2000211400],v1.0,7000102800,FASTENER KIT BEARING HOUSING ASSY - 2350,Main Assembly,1.0,NOS,0.0,0.5
BOM-0040,(B-10087) BEARING HOUSING ASSY - 2350 [2000211400],v1.0,4110007400,BEARING HOUSING - 2350,Main Assembly,1.0,NOS,0.0,0.5
BOM-0040,(B-10087) BEARING HOUSING ASSY - 2350 [2000211400],v1.0,4120021900,SCREW DRIVE SHAFT - 2350,Main Assembly,1.0,NOS,0.0,0.5
BOM-0040,(B-10087) BEARING HOUSING ASSY - 2350 [2000211400],v1.0,4120022000,DRIVE SHAFT OIL SEAL FLANGE - 2350,Main Assembly,1.0,NOS,0.0,0.5
BOM-0040,(B-10087) BEARING HOUSING ASSY - 2350 [2000211400],v1.0,4020101600,DRIVE SHAFT NUT - 2350 (M110 X 4),Main Assembly,1.0,NOS,0.0,0.5
BOM-0040,(B-10087) BEARING HOUSING ASSY - 2350 [2000211400],v1.0,4020101700,DRIVE SHAFT CHECK NUT - 2350 (M110 X 4),Main Assembly,1.0,NOS,0.0,0.5
BOM-0040,(B-10087) BEARING HOUSING ASSY - 2350 [2000211400],v1.0,7220100300,DU BUSH - 70 X 75 X 70 LG,Main Assembly,4.0,NOS,0.0,0.5
BOM-0040,(B-10087) BEARING HOUSING ASSY - 2350 [2000211400],v1.0,7280145175,RADIAL OIL SEAL - 145 X 175 X 12,Main Assembly,1.0,NOS,0.0,0.5
BOM-0040,(B-10087) BEARING HOUSING ASSY - 2350 [2000211400],v1.0,7200100600,TAPER ROLLER BEARING-32222,Main Assembly,1.0,NOS,0.0,0.5
BOM-0040,(B-10087) BEARING HOUSING ASSY - 2350 [2000211400],v1.0,7200100700,TAPER ROLLER BEARING-32226,Main Assembly,1.0,NOS,0.0,0.5
BOM-0041,(B-10001) SCREW BARREL ASSY - 30-280 [2000300100],v1.0,4120002100,BARREL Ø30 - 280,Main Assembly,1.0,NOS,0.0,0.5
BOM-0041,(B-10001) SCREW BARREL ASSY - 30-280 [2000300100],v1.0,4120002200,SCREW Ø30 - 280,Main Assembly,1.0,NOS,0.0,0.5
BOM-0041,(B-10001) SCREW BARREL ASSY - 30-280 [2000300100],v1.0,4120002300,BARREL ADAPT Ø30 - 280,Main Assembly,1.0,NOS,0.0,0.5
BOM-0041,(B-10001) SCREW BARREL ASSY - 30-280 [2000300100],v1.0,4120002400,SCREW TIP - 30,Main Assembly,1.0,NOS,0.0,0.5
BOM-0041,(B-10001) SCREW BARREL ASSY - 30-280 [2000300100],v1.0,4120002500,SLIDER - 30,Main Assembly,1.0,NOS,0.0,0.5
BOM-0041,(B-10001) SCREW BARREL ASSY - 30-280 [2000300100],v1.0,4120002600,SLIDER SEAT - 30,Main Assembly,1.0,NOS,0.0,0.5
BOM-0041,(B-10001) SCREW BARREL ASSY - 30-280 [2000300100],v1.0,4120002700,NOZZLE TIP LONG - M30 X 2P X 115LG,Main Assembly,1.0,NOS,0.0,0.5
BOM-0041,(B-10001) SCREW BARREL ASSY - 30-280 [2000300100],v1.0,4120002800,SPLIT COLLAR - 30,Main Assembly,1.0,NOS,0.0,0.5
BOM-0041,(B-10001) SCREW BARREL ASSY - 30-280 [2000300100],v1.0,4120002900,FEED SCREW COUPLING - 30,Main Assembly,1.0,NOS,0.0,0.5
BOM-0041,(B-10001) SCREW BARREL ASSY - 30-280 [2000300100],v1.0,4120003000,SCREW KEY - 280,Main Assembly,1.0,NOS,0.0,0.5
BOM-0041,(B-10001) SCREW BARREL ASSY - 30-280 [2000300100],v1.0,4120003100,BARREL LOCK PIN,Main Assembly,1.0,NOS,0.0,0.5
BOM-0041,(B-10001) SCREW BARREL ASSY - 30-280 [2000300100],v1.0,4020101800,BARREL NUT M70 X 3P - 280,Main Assembly,1.0,NOS,0.0,0.5
BOM-0041,(B-10001) SCREW BARREL ASSY - 30-280 [2000300100],v1.0,4020101900,BARREL CHECKNUT M70 X 3P - 280,Main Assembly,1.0,NOS,0.0,0.5
BOM-0041,(B-10001) SCREW BARREL ASSY - 30-280 [2000300100],v1.0,3131000100,HYD MOTOR PROX SENSOR MTG - 280,Main Assembly,1.0,NOS,0.0,0.5
BOM-0042,(B-10004) SCREW BARREL ASSY - 35-420 [2000301000],v1.0,4120008100,BARREL Ø35 - 420,Main Assembly,1.0,NOS,0.0,0.5
BOM-0042,(B-10004) SCREW BARREL ASSY - 35-420 [2000301000],v1.0,4120008200,SCREW Ø35 - 420,Main Assembly,1.0,NOS,0.0,0.5
BOM-0042,(B-10004) SCREW BARREL ASSY - 35-420 [2000301000],v1.0,4120008300,BARREL ADAPT Ø35 - 420,Main Assembly,1.0,NOS,0.0,0.5
BOM-0042,(B-10004) SCREW BARREL ASSY - 35-420 [2000301000],v1.0,4120003500,SCREW TIP - 35,Main Assembly,1.0,NOS,0.0,0.5
BOM-0042,(B-10004) SCREW BARREL ASSY - 35-420 [2000301000],v1.0,4120003600,SLIDER - 35,Main Assembly,1.0,NOS,0.0,0.5
BOM-0042,(B-10004) SCREW BARREL ASSY - 35-420 [2000301000],v1.0,4120003700,SLIDER SEAT - 35,Main Assembly,1.0,NOS,0.0,0.5
BOM-0042,(B-10004) SCREW BARREL ASSY - 35-420 [2000301000],v1.0,4120002700,NOZZLE TIP LONG - M30 X 2P X 115LG,Main Assembly,1.0,NOS,0.0,0.5
BOM-0042,(B-10004) SCREW BARREL ASSY - 35-420 [2000301000],v1.0,4120004400,SPLIT COLLAR - 35,Main Assembly,1.0,NOS,0.0,0.5
BOM-0042,(B-10004) SCREW BARREL ASSY - 35-420 [2000301000],v1.0,4120004500,FEED SCREW COUPLING - 35,Main Assembly,1.0,NOS,0.0,0.5
BOM-0042,(B-10004) SCREW BARREL ASSY - 35-420 [2000301000],v1.0,4120003000,SCREW KEY - 280,Main Assembly,1.0,NOS,0.0,0.5
BOM-0042,(B-10004) SCREW BARREL ASSY - 35-420 [2000301000],v1.0,4120003100,BARREL LOCK PIN,Main Assembly,1.0,NOS,0.0,0.5
BOM-0042,(B-10004) SCREW BARREL ASSY - 35-420 [2000301000],v1.0,4020102000,BARREL NUT M80 X 3P - 420,Main Assembly,1.0,NOS,0.0,0.5
BOM-0042,(B-10004) SCREW BARREL ASSY - 35-420 [2000301000],v1.0,4020102100,BARREL CHECKNUT M80 X 3P - 420,Main Assembly,1.0,NOS,0.0,0.5
BOM-0042,(B-10004) SCREW BARREL ASSY - 35-420 [2000301000],v1.0,3131000100,HYD MOTOR PROX SENSOR MTG - 280,Main Assembly,1.0,NOS,0.0,0.5
BOM-0043,(B-10007) SCREW BARREL ASSY - 40-635 [2000301700],v1.0,4120011500,BARREL Ø40 - 635,Main Assembly,1.0,NOS,0.0,0.5
BOM-0043,(B-10007) SCREW BARREL ASSY - 40-635 [2000301700],v1.0,4120011600,SCREW Ø40 - 635,Main Assembly,1.0,NOS,0.0,0.5
BOM-0043,(B-10007) SCREW BARREL ASSY - 40-635 [2000301700],v1.0,4120011700,BARREL ADAPT Ø40 - 635,Main Assembly,1.0,NOS,0.0,0.5
BOM-0043,(B-10007) SCREW BARREL ASSY - 40-635 [2000301700],v1.0,4120004100,SCREW TIP - 40,Main Assembly,1.0,NOS,0.0,0.5
BOM-0043,(B-10007) SCREW BARREL ASSY - 40-635 [2000301700],v1.0,4120004200,SLIDER - 40,Main Assembly,1.0,NOS,0.0,0.5
BOM-0043,(B-10007) SCREW BARREL ASSY - 40-635 [2000301700],v1.0,4120004300,SLIDER SEAT - 40,Main Assembly,1.0,NOS,0.0,0.5
BOM-0043,(B-10007) SCREW BARREL ASSY - 40-635 [2000301700],v1.0,4120002700,NOZZLE TIP LONG - M30 X 2P X 115LG,Main Assembly,1.0,NOS,0.0,0.5
BOM-0043,(B-10007) SCREW BARREL ASSY - 40-635 [2000301700],v1.0,4120011800,SPLIT COLLAR - 40,Main Assembly,1.0,NOS,0.0,0.5
BOM-0043,(B-10007) SCREW BARREL ASSY - 40-635 [2000301700],v1.0,4120011900,FEED SCREW COUPLING - 40,Main Assembly,1.0,NOS,0.0,0.5
BOM-0043,(B-10007) SCREW BARREL ASSY - 40-635 [2000301700],v1.0,4120012000,SCREW KEY - 635,Main Assembly,1.0,NOS,0.0,0.5
BOM-0043,(B-10007) SCREW BARREL ASSY - 40-635 [2000301700],v1.0,4120003100,BARREL LOCK PIN,Main Assembly,1.0,NOS,0.0,0.5
BOM-0043,(B-10007) SCREW BARREL ASSY - 40-635 [2000301700],v1.0,4020102200,BARREL NUT M85 X 3P - 635,Main Assembly,1.0,NOS,0.0,0.5
BOM-0043,(B-10007) SCREW BARREL ASSY - 40-635 [2000301700],v1.0,4020102300,BARREL CHECKNUT M85 X 3P - 635,Main Assembly,1.0,NOS,0.0,0.5
BOM-0043,(B-10007) SCREW BARREL ASSY - 40-635 [2000301700],v1.0,3131000200,HYD MOTOR PROX SENSOR MTG - 635,Main Assembly,1.0,NOS,0.0,0.5
BOM-0044,(B-10010) SCREW BARREL ASSY - 45-905 [2000302400],v1.0,4120015700,BARREL Ø45 - 905,Main Assembly,1.0,NOS,0.0,0.5
BOM-0044,(B-10010) SCREW BARREL ASSY - 45-905 [2000302400],v1.0,4120015800,SCREW Ø45 - 905,Main Assembly,1.0,NOS,0.0,0.5
BOM-0044,(B-10010) SCREW BARREL ASSY - 45-905 [2000302400],v1.0,4120015900,BARREL ADAPT Ø45 - 905,Main Assembly,1.0,NOS,0.0,0.5
BOM-0044,(B-10010) SCREW BARREL ASSY - 45-905 [2000302400],v1.0,4120009000,SCREW TIP - 45,Main Assembly,1.0,NOS,0.0,0.5
BOM-0044,(B-10010) SCREW BARREL ASSY - 45-905 [2000302400],v1.0,4120009100,SLIDER - 45,Main Assembly,1.0,NOS,0.0,0.5
BOM-0044,(B-10010) SCREW BARREL ASSY - 45-905 [2000302400],v1.0,4120009200,SLIDER SEAT - 45,Main Assembly,1.0,NOS,0.0,0.5
BOM-0044,(B-10010) SCREW BARREL ASSY - 45-905 [2000302400],v1.0,4120016000,NOZZLE TIP LONG - M45 X 3P X 153LG,Main Assembly,1.0,NOS,0.0,0.5
BOM-0044,(B-10010) SCREW BARREL ASSY - 45-905 [2000302400],v1.0,4120016100,SPLIT COLLAR - 45,Main Assembly,1.0,NOS,0.0,0.5
BOM-0044,(B-10010) SCREW BARREL ASSY - 45-905 [2000302400],v1.0,4120016200,FEED SCREW COUPLING - 45,Main Assembly,1.0,NOS,0.0,0.5
BOM-0044,(B-10010) SCREW BARREL ASSY - 45-905 [2000302400],v1.0,4120016300,SCREW KEY - 905,Main Assembly,1.0,NOS,0.0,0.5
BOM-0044,(B-10010) SCREW BARREL ASSY - 45-905 [2000302400],v1.0,4120003100,BARREL LOCK PIN,Main Assembly,1.0,NOS,0.0,0.5
BOM-0044,(B-10010) SCREW BARREL ASSY - 45-905 [2000302400],v1.0,4020102400,BARREL NUT M95 X4P - 905,Main Assembly,1.0,NOS,0.0,0.5
BOM-0044,(B-10010) SCREW BARREL ASSY - 45-905 [2000302400],v1.0,4020102500,BARREL CHECKNUT M95 X 4P - 905,Main Assembly,1.0,NOS,0.0,0.5
BOM-0044,(B-10010) SCREW BARREL ASSY - 45-905 [2000302400],v1.0,3131000300,HYD MOTOR PROX SENSOR MTG - 905,Main Assembly,1.0,NOS,0.0,0.5
BOM-0045,(B-10013) SCREW BARREL ASSY - 50-1520 [2000303300],v1.0,4120019400,BARREL Ø50 - 1520,Main Assembly,1.0,NOS,0.0,0.5
BOM-0045,(B-10013) SCREW BARREL ASSY - 50-1520 [2000303300],v1.0,4120019500,SCREW Ø50 - 1520,Main Assembly,1.0,NOS,0.0,0.5
BOM-0045,(B-10013) SCREW BARREL ASSY - 50-1520 [2000303300],v1.0,4120019600,BARREL ADAPT Ø50 - 1520,Main Assembly,1.0,NOS,0.0,0.5
BOM-0045,(B-10013) SCREW BARREL ASSY - 50-1520 [2000303300],v1.0,4120012700,SCREW TIP - 50,Main Assembly,1.0,NOS,0.0,0.5
BOM-0045,(B-10013) SCREW BARREL ASSY - 50-1520 [2000303300],v1.0,4120012800,SLIDER - 50,Main Assembly,1.0,NOS,0.0,0.5
BOM-0045,(B-10013) SCREW BARREL ASSY - 50-1520 [2000303300],v1.0,4120012900,SLIDER SEAT - 50,Main Assembly,1.0,NOS,0.0,0.5
BOM-0045,(B-10013) SCREW BARREL ASSY - 50-1520 [2000303300],v1.0,4120016000,NOZZLE TIP LONG - M45 X 3P X 153LG,Main Assembly,1.0,NOS,0.0,0.5
BOM-0045,(B-10013) SCREW BARREL ASSY - 50-1520 [2000303300],v1.0,4120019700,SPLIT COLLAR - 50,Main Assembly,1.0,NOS,0.0,0.5
BOM-0045,(B-10013) SCREW BARREL ASSY - 50-1520 [2000303300],v1.0,4120019800,FEED SCREW COUPLING - 50,Main Assembly,1.0,NOS,0.0,0.5
BOM-0045,(B-10013) SCREW BARREL ASSY - 50-1520 [2000303300],v1.0,4120019900,SCREW KEY - 1520,Main Assembly,1.0,NOS,0.0,0.5
BOM-0045,(B-10013) SCREW BARREL ASSY - 50-1520 [2000303300],v1.0,4120003100,BARREL LOCK PIN,Main Assembly,1.0,NOS,0.0,0.5
BOM-0045,(B-10013) SCREW BARREL ASSY - 50-1520 [2000303300],v1.0,4020102600,BARREL NUT M105 X 4P - 1520,Main Assembly,1.0,NOS,0.0,0.5
BOM-0045,(B-10013) SCREW BARREL ASSY - 50-1520 [2000303300],v1.0,4020102700,BARREL CHECKNUT M105 X 4P - 1520,Main Assembly,1.0,NOS,0.0,0.5
BOM-0045,(B-10013) SCREW BARREL ASSY - 50-1520 [2000303300],v1.0,3131000400,HYD MOTOR PROX SENSOR MTG - 1520,Main Assembly,1.0,NOS,0.0,0.5
BOM-0046,(B-10017) SCREW BARREL ASSY - 60-2350 [2000304000],v1.0,4120022100,BARREL Ø60 - 2350,Main Assembly,1.0,NOS,0.0,0.5
BOM-0046,(B-10017) SCREW BARREL ASSY - 60-2350 [2000304000],v1.0,4120022200,SCREW Ø60 - 2350,Main Assembly,1.0,NOS,0.0,0.5
BOM-0046,(B-10017) SCREW BARREL ASSY - 60-2350 [2000304000],v1.0,4120022300,BARREL ADAPT Ø60 - 2350,Main Assembly,1.0,NOS,0.0,0.5
BOM-0046,(B-10017) SCREW BARREL ASSY - 60-2350 [2000304000],v1.0,4120017000,SCREW TIP - 60,Main Assembly,1.0,NOS,0.0,0.5
BOM-0046,(B-10017) SCREW BARREL ASSY - 60-2350 [2000304000],v1.0,4120017100,SLIDER - 60,Main Assembly,1.0,NOS,0.0,0.5
BOM-0046,(B-10017) SCREW BARREL ASSY - 60-2350 [2000304000],v1.0,4120017200,SLIDER SEAT - 60,Main Assembly,1.0,NOS,0.0,0.5
BOM-0046,(B-10017) SCREW BARREL ASSY - 60-2350 [2000304000],v1.0,4120016000,NOZZLE TIP LONG - M45 X 3P X 153LG,Main Assembly,1.0,NOS,0.0,0.5
BOM-0046,(B-10017) SCREW BARREL ASSY - 60-2350 [2000304000],v1.0,4120022400,SPLIT COLLAR - 60,Main Assembly,1.0,NOS,0.0,0.5
BOM-0046,(B-10017) SCREW BARREL ASSY - 60-2350 [2000304000],v1.0,4120022500,FEED SCREW COUPLING - 60,Main Assembly,1.0,NOS,0.0,0.5
BOM-0046,(B-10017) SCREW BARREL ASSY - 60-2350 [2000304000],v1.0,4120022600,SCREW KEY - 2350,Main Assembly,1.0,NOS,0.0,0.5
BOM-0046,(B-10017) SCREW BARREL ASSY - 60-2350 [2000304000],v1.0,4120003100,BARREL LOCK PIN,Main Assembly,1.0,NOS,0.0,0.5
BOM-0046,(B-10017) SCREW BARREL ASSY - 60-2350 [2000304000],v1.0,4020102800,BARREL NUT M120 X 4P - 2350,Main Assembly,1.0,NOS,0.0,0.5
BOM-0046,(B-10017) SCREW BARREL ASSY - 60-2350 [2000304000],v1.0,4020102900,BARREL CHECKNUT M120 X 4P - 2350,Main Assembly,1.0,NOS,0.0,0.5
BOM-0046,(B-10017) SCREW BARREL ASSY - 60-2350 [2000304000],v1.0,3131000500,HYD MOTOR PROX SENSOR MTG - 2350,Main Assembly,1.0,NOS,0.0,0.5
BOM-0047,(B-10002) SCREW BARREL ASSY - 35-280 [2000300200],v1.0,4120003200,BARREL Ø35 - 280,Main Assembly,1.0,NOS,0.0,0.5
BOM-0047,(B-10002) SCREW BARREL ASSY - 35-280 [2000300200],v1.0,4120003300,SCREW Ø35 - 280,Main Assembly,1.0,NOS,0.0,0.5
BOM-0047,(B-10002) SCREW BARREL ASSY - 35-280 [2000300200],v1.0,4120003400,BARREL ADAPT Ø35 - 280,Main Assembly,1.0,NOS,0.0,0.5
BOM-0047,(B-10002) SCREW BARREL ASSY - 35-280 [2000300200],v1.0,4120003500,SCREW TIP - 35,Main Assembly,1.0,NOS,0.0,0.5
BOM-0047,(B-10002) SCREW BARREL ASSY - 35-280 [2000300200],v1.0,4120003600,SLIDER - 35,Main Assembly,1.0,NOS,0.0,0.5
BOM-0047,(B-10002) SCREW BARREL ASSY - 35-280 [2000300200],v1.0,4120003700,SLIDER SEAT - 35,Main Assembly,1.0,NOS,0.0,0.5
BOM-0047,(B-10002) SCREW BARREL ASSY - 35-280 [2000300200],v1.0,4120002700,NOZZLE TIP LONG - M30 X 2P X 115LG,Main Assembly,1.0,NOS,0.0,0.5
BOM-0047,(B-10002) SCREW BARREL ASSY - 35-280 [2000300200],v1.0,4120002800,SPLIT COLLAR - 30,Main Assembly,1.0,NOS,0.0,0.5
BOM-0047,(B-10002) SCREW BARREL ASSY - 35-280 [2000300200],v1.0,4120002900,FEED SCREW COUPLING - 30,Main Assembly,1.0,NOS,0.0,0.5
BOM-0047,(B-10002) SCREW BARREL ASSY - 35-280 [2000300200],v1.0,4120003000,SCREW KEY - 280,Main Assembly,1.0,NOS,0.0,0.5
BOM-0047,(B-10002) SCREW BARREL ASSY - 35-280 [2000300200],v1.0,4120003100,BARREL LOCK PIN,Main Assembly,1.0,NOS,0.0,0.5
BOM-0047,(B-10002) SCREW BARREL ASSY - 35-280 [2000300200],v1.0,4020101800,BARREL NUT M70 X 3P - 280,Main Assembly,1.0,NOS,0.0,0.5
BOM-0047,(B-10002) SCREW BARREL ASSY - 35-280 [2000300200],v1.0,4020101900,BARREL CHECKNUT M70 X 3P - 280,Main Assembly,1.0,NOS,0.0,0.5
BOM-0047,(B-10002) SCREW BARREL ASSY - 35-280 [2000300200],v1.0,3131000100,HYD MOTOR PROX SENSOR MTG - 280,Main Assembly,1.0,NOS,0.0,0.5
BOM-0048,(B-10005) SCREW BARREL ASSY - 40-420 [2000301100],v1.0,4120008400,BARREL Ø40 - 420,Main Assembly,1.0,NOS,0.0,0.5
BOM-0048,(B-10005) SCREW BARREL ASSY - 40-420 [2000301100],v1.0,4120008500,SCREW Ø40 - 420,Main Assembly,1.0,NOS,0.0,0.5
BOM-0048,(B-10005) SCREW BARREL ASSY - 40-420 [2000301100],v1.0,4120008600,BARREL ADAPT Ø40 - 420,Main Assembly,1.0,NOS,0.0,0.5
BOM-0048,(B-10005) SCREW BARREL ASSY - 40-420 [2000301100],v1.0,4120004100,SCREW TIP - 40,Main Assembly,1.0,NOS,0.0,0.5
BOM-0048,(B-10005) SCREW BARREL ASSY - 40-420 [2000301100],v1.0,4120004200,SLIDER - 40,Main Assembly,1.0,NOS,0.0,0.5
BOM-0048,(B-10005) SCREW BARREL ASSY - 40-420 [2000301100],v1.0,4120004300,SLIDER SEAT - 40,Main Assembly,1.0,NOS,0.0,0.5
BOM-0048,(B-10005) SCREW BARREL ASSY - 40-420 [2000301100],v1.0,4120002700,NOZZLE TIP LONG - M30 X 2P X 115LG,Main Assembly,1.0,NOS,0.0,0.5
BOM-0048,(B-10005) SCREW BARREL ASSY - 40-420 [2000301100],v1.0,4120004400,SPLIT COLLAR - 35,Main Assembly,1.0,NOS,0.0,0.5
BOM-0048,(B-10005) SCREW BARREL ASSY - 40-420 [2000301100],v1.0,4120004500,FEED SCREW COUPLING - 35,Main Assembly,1.0,NOS,0.0,0.5
BOM-0048,(B-10005) SCREW BARREL ASSY - 40-420 [2000301100],v1.0,4120003000,SCREW KEY - 280,Main Assembly,1.0,NOS,0.0,0.5
BOM-0048,(B-10005) SCREW BARREL ASSY - 40-420 [2000301100],v1.0,4120003100,BARREL LOCK PIN,Main Assembly,1.0,NOS,0.0,0.5
BOM-0048,(B-10005) SCREW BARREL ASSY - 40-420 [2000301100],v1.0,4020102000,BARREL NUT M80 X 3P - 420,Main Assembly,1.0,NOS,0.0,0.5
BOM-0048,(B-10005) SCREW BARREL ASSY - 40-420 [2000301100],v1.0,4020102100,BARREL CHECKNUT M80 X 3P - 420,Main Assembly,1.0,NOS,0.0,0.5
BOM-0048,(B-10005) SCREW BARREL ASSY - 40-420 [2000301100],v1.0,3131000100,HYD MOTOR PROX SENSOR MTG - 280,Main Assembly,1.0,NOS,0.0,0.5
BOM-0049,(B-10008) SCREW BARREL ASSY - 45-635 [2000301800],v1.0,4120012100,BARREL Ø45 - 635,Main Assembly,1.0,NOS,0.0,0.5
BOM-0049,(B-10008) SCREW BARREL ASSY - 45-635 [2000301800],v1.0,4120012200,SCREW Ø45 - 635,Main Assembly,1.0,NOS,0.0,0.5
BOM-0049,(B-10008) SCREW BARREL ASSY - 45-635 [2000301800],v1.0,4120012300,BARREL ADAPT Ø45 - 635,Main Assembly,1.0,NOS,0.0,0.5
BOM-0049,(B-10008) SCREW BARREL ASSY - 45-635 [2000301800],v1.0,4120009000,SCREW TIP - 45,Main Assembly,1.0,NOS,0.0,0.5
BOM-0049,(B-10008) SCREW BARREL ASSY - 45-635 [2000301800],v1.0,4120009100,SLIDER - 45,Main Assembly,1.0,NOS,0.0,0.5
BOM-0049,(B-10008) SCREW BARREL ASSY - 45-635 [2000301800],v1.0,4120009200,SLIDER SEAT - 45,Main Assembly,1.0,NOS,0.0,0.5
BOM-0049,(B-10008) SCREW BARREL ASSY - 45-635 [2000301800],v1.0,4120002700,NOZZLE TIP LONG - M30 X 2P X 115LG,Main Assembly,1.0,NOS,0.0,0.5
BOM-0049,(B-10008) SCREW BARREL ASSY - 45-635 [2000301800],v1.0,4120011800,SPLIT COLLAR - 40,Main Assembly,1.0,NOS,0.0,0.5
BOM-0049,(B-10008) SCREW BARREL ASSY - 45-635 [2000301800],v1.0,4120011900,FEED SCREW COUPLING - 40,Main Assembly,1.0,NOS,0.0,0.5
BOM-0049,(B-10008) SCREW BARREL ASSY - 45-635 [2000301800],v1.0,4120012000,SCREW KEY - 635,Main Assembly,1.0,NOS,0.0,0.5
BOM-0049,(B-10008) SCREW BARREL ASSY - 45-635 [2000301800],v1.0,4120003100,BARREL LOCK PIN,Main Assembly,1.0,NOS,0.0,0.5
BOM-0049,(B-10008) SCREW BARREL ASSY - 45-635 [2000301800],v1.0,4020102200,BARREL NUT M85 X 3P - 635,Main Assembly,1.0,NOS,0.0,0.5
BOM-0049,(B-10008) SCREW BARREL ASSY - 45-635 [2000301800],v1.0,4020102300,BARREL CHECKNUT M85 X 3P - 635,Main Assembly,1.0,NOS,0.0,0.5
BOM-0049,(B-10008) SCREW BARREL ASSY - 45-635 [2000301800],v1.0,3131000200,HYD MOTOR PROX SENSOR MTG - 635,Main Assembly,1.0,NOS,0.0,0.5
BOM-0050,(B-10011) SCREW BARREL ASSY - 50-905 [2000302500],v1.0,4120016400,BARREL Ø50 - 905,Main Assembly,1.0,NOS,0.0,0.5
BOM-0050,(B-10011) SCREW BARREL ASSY - 50-905 [2000302500],v1.0,4120016500,SCREW Ø50 - 905,Main Assembly,1.0,NOS,0.0,0.5
BOM-0050,(B-10011) SCREW BARREL ASSY - 50-905 [2000302500],v1.0,4120016600,BARREL ADAPT Ø50 - 905,Main Assembly,1.0,NOS,0.0,0.5
BOM-0050,(B-10011) SCREW BARREL ASSY - 50-905 [2000302500],v1.0,4120012700,SCREW TIP - 50,Main Assembly,1.0,NOS,0.0,0.5
BOM-0050,(B-10011) SCREW BARREL ASSY - 50-905 [2000302500],v1.0,4120012800,SLIDER - 50,Main Assembly,1.0,NOS,0.0,0.5
BOM-0050,(B-10011) SCREW BARREL ASSY - 50-905 [2000302500],v1.0,4120012900,SLIDER SEAT - 50,Main Assembly,1.0,NOS,0.0,0.5
BOM-0050,(B-10011) SCREW BARREL ASSY - 50-905 [2000302500],v1.0,4120016000,NOZZLE TIP LONG - M45 X 3P X 153LG,Main Assembly,1.0,NOS,0.0,0.5
BOM-0050,(B-10011) SCREW BARREL ASSY - 50-905 [2000302500],v1.0,4120016100,SPLIT COLLAR - 45,Main Assembly,1.0,NOS,0.0,0.5
BOM-0050,(B-10011) SCREW BARREL ASSY - 50-905 [2000302500],v1.0,4120016200,FEED SCREW COUPLING - 45,Main Assembly,1.0,NOS,0.0,0.5
BOM-0050,(B-10011) SCREW BARREL ASSY - 50-905 [2000302500],v1.0,4120016300,SCREW KEY - 905,Main Assembly,1.0,NOS,0.0,0.5
BOM-0050,(B-10011) SCREW BARREL ASSY - 50-905 [2000302500],v1.0,4120003100,BARREL LOCK PIN,Main Assembly,1.0,NOS,0.0,0.5
BOM-0050,(B-10011) SCREW BARREL ASSY - 50-905 [2000302500],v1.0,4020102400,BARREL NUT M95 X4P - 905,Main Assembly,1.0,NOS,0.0,0.5
BOM-0050,(B-10011) SCREW BARREL ASSY - 50-905 [2000302500],v1.0,4020102500,BARREL CHECKNUT M95 X 4P - 905,Main Assembly,1.0,NOS,0.0,0.5
BOM-0050,(B-10011) SCREW BARREL ASSY - 50-905 [2000302500],v1.0,3131000300,HYD MOTOR PROX SENSOR MTG - 905,Main Assembly,1.0,NOS,0.0,0.5
BOM-0051,(B-10015) SCREW BARREL ASSY - 60-1520 [2000303400],v1.0,4120020000,BARREL Ø60 - 1520,Main Assembly,1.0,NOS,0.0,0.5
BOM-0051,(B-10015) SCREW BARREL ASSY - 60-1520 [2000303400],v1.0,4120020100,SCREW Ø60 - 1520,Main Assembly,1.0,NOS,0.0,0.5
BOM-0051,(B-10015) SCREW BARREL ASSY - 60-1520 [2000303400],v1.0,4120020200,BARREL ADAPT Ø60 - 1520,Main Assembly,1.0,NOS,0.0,0.5
BOM-0051,(B-10015) SCREW BARREL ASSY - 60-1520 [2000303400],v1.0,4120017000,SCREW TIP - 60,Main Assembly,1.0,NOS,0.0,0.5
BOM-0051,(B-10015) SCREW BARREL ASSY - 60-1520 [2000303400],v1.0,4120017100,SLIDER - 60,Main Assembly,1.0,NOS,0.0,0.5
BOM-0051,(B-10015) SCREW BARREL ASSY - 60-1520 [2000303400],v1.0,4120017200,SLIDER SEAT - 60,Main Assembly,1.0,NOS,0.0,0.5
BOM-0051,(B-10015) SCREW BARREL ASSY - 60-1520 [2000303400],v1.0,4120016000,NOZZLE TIP LONG - M45 X 3P X 153LG,Main Assembly,1.0,NOS,0.0,0.5
BOM-0051,(B-10015) SCREW BARREL ASSY - 60-1520 [2000303400],v1.0,4120019700,SPLIT COLLAR - 50,Main Assembly,1.0,NOS,0.0,0.5
BOM-0051,(B-10015) SCREW BARREL ASSY - 60-1520 [2000303400],v1.0,4120019800,FEED SCREW COUPLING - 50,Main Assembly,1.0,NOS,0.0,0.5
BOM-0051,(B-10015) SCREW BARREL ASSY - 60-1520 [2000303400],v1.0,4120019900,SCREW KEY - 1520,Main Assembly,1.0,NOS,0.0,0.5
BOM-0051,(B-10015) SCREW BARREL ASSY - 60-1520 [2000303400],v1.0,4120003100,BARREL LOCK PIN,Main Assembly,1.0,NOS,0.0,0.5
BOM-0051,(B-10015) SCREW BARREL ASSY - 60-1520 [2000303400],v1.0,4020102600,BARREL NUT M105 X 4P - 1520,Main Assembly,1.0,NOS,0.0,0.5
BOM-0051,(B-10015) SCREW BARREL ASSY - 60-1520 [2000303400],v1.0,4020102700,BARREL CHECKNUT M105 X 4P - 1520,Main Assembly,1.0,NOS,0.0,0.5
BOM-0051,(B-10015) SCREW BARREL ASSY - 60-1520 [2000303400],v1.0,3131000400,HYD MOTOR PROX SENSOR MTG - 1520,Main Assembly,1.0,NOS,0.0,0.5
BOM-0052,(B-10018) SCREW BARREL ASSY - 70-2350 [2000304100],v1.0,4120022700,BARREL Ø70 - 2350,Main Assembly,1.0,NOS,0.0,0.5
BOM-0052,(B-10018) SCREW BARREL ASSY - 70-2350 [2000304100],v1.0,4120022800,SCREW Ø70 - 2350,Main Assembly,1.0,NOS,0.0,0.5
BOM-0052,(B-10018) SCREW BARREL ASSY - 70-2350 [2000304100],v1.0,4120022900,BARREL ADAPT Ø70 - 2350,Main Assembly,1.0,NOS,0.0,0.5
BOM-0052,(B-10018) SCREW BARREL ASSY - 70-2350 [2000304100],v1.0,4120020600,SCREW TIP - 70,Main Assembly,1.0,NOS,0.0,0.5
BOM-0052,(B-10018) SCREW BARREL ASSY - 70-2350 [2000304100],v1.0,4120020700,SLIDER - 70,Main Assembly,1.0,NOS,0.0,0.5
BOM-0052,(B-10018) SCREW BARREL ASSY - 70-2350 [2000304100],v1.0,4120020800,SLIDER SEAT - 70,Main Assembly,1.0,NOS,0.0,0.5
BOM-0052,(B-10018) SCREW BARREL ASSY - 70-2350 [2000304100],v1.0,4120016000,NOZZLE TIP LONG - M45 X 3P X 153LG,Main Assembly,1.0,NOS,0.0,0.5
BOM-0052,(B-10018) SCREW BARREL ASSY - 70-2350 [2000304100],v1.0,4120022400,SPLIT COLLAR - 60,Main Assembly,1.0,NOS,0.0,0.5
BOM-0052,(B-10018) SCREW BARREL ASSY - 70-2350 [2000304100],v1.0,4120022500,FEED SCREW COUPLING - 60,Main Assembly,1.0,NOS,0.0,0.5
BOM-0052,(B-10018) SCREW BARREL ASSY - 70-2350 [2000304100],v1.0,4120022600,SCREW KEY - 2350,Main Assembly,1.0,NOS,0.0,0.5
BOM-0052,(B-10018) SCREW BARREL ASSY - 70-2350 [2000304100],v1.0,4120003100,BARREL LOCK PIN,Main Assembly,1.0,NOS,0.0,0.5
BOM-0052,(B-10018) SCREW BARREL ASSY - 70-2350 [2000304100],v1.0,4020102800,BARREL NUT M120 X 4P - 2350,Main Assembly,1.0,NOS,0.0,0.5
BOM-0052,(B-10018) SCREW BARREL ASSY - 70-2350 [2000304100],v1.0,4020102900,BARREL CHECKNUT M120 X 4P - 2350,Main Assembly,1.0,NOS,0.0,0.5
BOM-0052,(B-10018) SCREW BARREL ASSY - 70-2350 [2000304100],v1.0,3131000500,HYD MOTOR PROX SENSOR MTG - 2350,Main Assembly,1.0,NOS,0.0,0.5
BOM-0053,(B-10003) SCREW BARREL ASSY - 40-280 [2000300300],v1.0,4120003800,BARREL Ø40 - 280,Main Assembly,1.0,NOS,0.0,0.5
BOM-0053,(B-10003) SCREW BARREL ASSY - 40-280 [2000300300],v1.0,4120003900,SCREW Ø40 - 280,Main Assembly,1.0,NOS,0.0,0.5
BOM-0053,(B-10003) SCREW BARREL ASSY - 40-280 [2000300300],v1.0,4120004000,BARREL ADAPT Ø40 - 280,Main Assembly,1.0,NOS,0.0,0.5
BOM-0053,(B-10003) SCREW BARREL ASSY - 40-280 [2000300300],v1.0,4120004100,SCREW TIP - 40,Main Assembly,1.0,NOS,0.0,0.5
BOM-0053,(B-10003) SCREW BARREL ASSY - 40-280 [2000300300],v1.0,4120004200,SLIDER - 40,Main Assembly,1.0,NOS,0.0,0.5
BOM-0053,(B-10003) SCREW BARREL ASSY - 40-280 [2000300300],v1.0,4120004300,SLIDER SEAT - 40,Main Assembly,1.0,NOS,0.0,0.5
BOM-0053,(B-10003) SCREW BARREL ASSY - 40-280 [2000300300],v1.0,4120002700,NOZZLE TIP LONG - M30 X 2P X 115LG,Main Assembly,1.0,NOS,0.0,0.5
BOM-0053,(B-10003) SCREW BARREL ASSY - 40-280 [2000300300],v1.0,4120004400,SPLIT COLLAR - 35,Main Assembly,1.0,NOS,0.0,0.5
BOM-0053,(B-10003) SCREW BARREL ASSY - 40-280 [2000300300],v1.0,4120004500,FEED SCREW COUPLING - 35,Main Assembly,1.0,NOS,0.0,0.5
BOM-0053,(B-10003) SCREW BARREL ASSY - 40-280 [2000300300],v1.0,4120003000,SCREW KEY - 280,Main Assembly,1.0,NOS,0.0,0.5
BOM-0053,(B-10003) SCREW BARREL ASSY - 40-280 [2000300300],v1.0,4120003100,BARREL LOCK PIN,Main Assembly,1.0,NOS,0.0,0.5
BOM-0053,(B-10003) SCREW BARREL ASSY - 40-280 [2000300300],v1.0,4020101800,BARREL NUT M70 X 3P - 280,Main Assembly,1.0,NOS,0.0,0.5
BOM-0053,(B-10003) SCREW BARREL ASSY - 40-280 [2000300300],v1.0,4020101900,BARREL CHECKNUT M70 X 3P - 280,Main Assembly,1.0,NOS,0.0,0.5
BOM-0053,(B-10003) SCREW BARREL ASSY - 40-280 [2000300300],v1.0,3131000100,HYD MOTOR PROX SENSOR MTG - 280,Main Assembly,1.0,NOS,0.0,0.5
BOM-0054,(B-10006) SCREW BARREL ASSY - 45-420 [2000301200],v1.0,4120008700,BARREL Ø45 - 420,Main Assembly,1.0,NOS,0.0,0.5
BOM-0054,(B-10006) SCREW BARREL ASSY - 45-420 [2000301200],v1.0,4120008800,SCREW Ø45 - 420,Main Assembly,1.0,NOS,0.0,0.5
BOM-0054,(B-10006) SCREW BARREL ASSY - 45-420 [2000301200],v1.0,4120008900,BARREL ADAPT Ø45 - 420,Main Assembly,1.0,NOS,0.0,0.5
BOM-0054,(B-10006) SCREW BARREL ASSY - 45-420 [2000301200],v1.0,4120009000,SCREW TIP - 45,Main Assembly,1.0,NOS,0.0,0.5
BOM-0054,(B-10006) SCREW BARREL ASSY - 45-420 [2000301200],v1.0,4120009100,SLIDER - 45,Main Assembly,1.0,NOS,0.0,0.5
BOM-0054,(B-10006) SCREW BARREL ASSY - 45-420 [2000301200],v1.0,4120009200,SLIDER SEAT - 45,Main Assembly,1.0,NOS,0.0,0.5
BOM-0054,(B-10006) SCREW BARREL ASSY - 45-420 [2000301200],v1.0,4120002700,NOZZLE TIP LONG - M30 X 2P X 115LG,Main Assembly,1.0,NOS,0.0,0.5
BOM-0054,(B-10006) SCREW BARREL ASSY - 45-420 [2000301200],v1.0,4120004400,SPLIT COLLAR - 35,Main Assembly,1.0,NOS,0.0,0.5
BOM-0054,(B-10006) SCREW BARREL ASSY - 45-420 [2000301200],v1.0,4120004500,FEED SCREW COUPLING - 35,Main Assembly,1.0,NOS,0.0,0.5
BOM-0054,(B-10006) SCREW BARREL ASSY - 45-420 [2000301200],v1.0,4120003000,SCREW KEY - 280,Main Assembly,1.0,NOS,0.0,0.5
BOM-0054,(B-10006) SCREW BARREL ASSY - 45-420 [2000301200],v1.0,4120003100,BARREL LOCK PIN,Main Assembly,1.0,NOS,0.0,0.5
BOM-0054,(B-10006) SCREW BARREL ASSY - 45-420 [2000301200],v1.0,4020102000,BARREL NUT M80 X 3P - 420,Main Assembly,1.0,NOS,0.0,0.5
BOM-0054,(B-10006) SCREW BARREL ASSY - 45-420 [2000301200],v1.0,4020102100,BARREL CHECKNUT M80 X 3P - 420,Main Assembly,1.0,NOS,0.0,0.5
BOM-0054,(B-10006) SCREW BARREL ASSY - 45-420 [2000301200],v1.0,3131000100,HYD MOTOR PROX SENSOR MTG - 280,Main Assembly,1.0,NOS,0.0,0.5
BOM-0055,(B-10009) SCREW BARREL ASSY - 50-635 [2000301900],v1.0,4120012400,BARREL Ø50 - 635,Main Assembly,1.0,NOS,0.0,0.5
BOM-0055,(B-10009) SCREW BARREL ASSY - 50-635 [2000301900],v1.0,4120012500,SCREW Ø50 - 635,Main Assembly,1.0,NOS,0.0,0.5
BOM-0055,(B-10009) SCREW BARREL ASSY - 50-635 [2000301900],v1.0,4120012600,BARREL ADAPT Ø50 - 635,Main Assembly,1.0,NOS,0.0,0.5
BOM-0055,(B-10009) SCREW BARREL ASSY - 50-635 [2000301900],v1.0,4120012700,SCREW TIP - 50,Main Assembly,1.0,NOS,0.0,0.5
BOM-0055,(B-10009) SCREW BARREL ASSY - 50-635 [2000301900],v1.0,4120012800,SLIDER - 50,Main Assembly,1.0,NOS,0.0,0.5
BOM-0055,(B-10009) SCREW BARREL ASSY - 50-635 [2000301900],v1.0,4120012900,SLIDER SEAT - 50,Main Assembly,1.0,NOS,0.0,0.5
BOM-0055,(B-10009) SCREW BARREL ASSY - 50-635 [2000301900],v1.0,4120002700,NOZZLE TIP LONG - M30 X 2P X 115LG,Main Assembly,1.0,NOS,0.0,0.5
BOM-0055,(B-10009) SCREW BARREL ASSY - 50-635 [2000301900],v1.0,4120011800,SPLIT COLLAR - 40,Main Assembly,1.0,NOS,0.0,0.5
BOM-0055,(B-10009) SCREW BARREL ASSY - 50-635 [2000301900],v1.0,4120011900,FEED SCREW COUPLING - 40,Main Assembly,1.0,NOS,0.0,0.5
BOM-0055,(B-10009) SCREW BARREL ASSY - 50-635 [2000301900],v1.0,4120012000,SCREW KEY - 635,Main Assembly,1.0,NOS,0.0,0.5
BOM-0055,(B-10009) SCREW BARREL ASSY - 50-635 [2000301900],v1.0,4120003100,BARREL LOCK PIN,Main Assembly,1.0,NOS,0.0,0.5
BOM-0055,(B-10009) SCREW BARREL ASSY - 50-635 [2000301900],v1.0,4020102200,BARREL NUT M85 X 3P - 635,Main Assembly,1.0,NOS,0.0,0.5
BOM-0055,(B-10009) SCREW BARREL ASSY - 50-635 [2000301900],v1.0,4020102300,BARREL CHECKNUT M85 X 3P - 635,Main Assembly,1.0,NOS,0.0,0.5
BOM-0055,(B-10009) SCREW BARREL ASSY - 50-635 [2000301900],v1.0,3131000200,HYD MOTOR PROX SENSOR MTG - 635,Main Assembly,1.0,NOS,0.0,0.5
BOM-0056,(B-10012) SCREW BARREL ASSY - 60-905 [2000302600],v1.0,4120016700,BARREL Ø60 - 905,Main Assembly,1.0,NOS,0.0,0.5
BOM-0056,(B-10012) SCREW BARREL ASSY - 60-905 [2000302600],v1.0,4120016800,SCREW Ø60 - 905,Main Assembly,1.0,NOS,0.0,0.5
BOM-0056,(B-10012) SCREW BARREL ASSY - 60-905 [2000302600],v1.0,4120016900,BARREL ADAPT Ø60 - 905,Main Assembly,1.0,NOS,0.0,0.5
BOM-0056,(B-10012) SCREW BARREL ASSY - 60-905 [2000302600],v1.0,4120017000,SCREW TIP - 60,Main Assembly,1.0,NOS,0.0,0.5
BOM-0056,(B-10012) SCREW BARREL ASSY - 60-905 [2000302600],v1.0,4120017100,SLIDER - 60,Main Assembly,1.0,NOS,0.0,0.5
BOM-0056,(B-10012) SCREW BARREL ASSY - 60-905 [2000302600],v1.0,4120017200,SLIDER SEAT - 60,Main Assembly,1.0,NOS,0.0,0.5
BOM-0056,(B-10012) SCREW BARREL ASSY - 60-905 [2000302600],v1.0,4120016000,NOZZLE TIP LONG - M45 X 3P X 153LG,Main Assembly,1.0,NOS,0.0,0.5
BOM-0056,(B-10012) SCREW BARREL ASSY - 60-905 [2000302600],v1.0,4120016100,SPLIT COLLAR - 45,Main Assembly,1.0,NOS,0.0,0.5
BOM-0056,(B-10012) SCREW BARREL ASSY - 60-905 [2000302600],v1.0,4120016200,FEED SCREW COUPLING - 45,Main Assembly,1.0,NOS,0.0,0.5
BOM-0056,(B-10012) SCREW BARREL ASSY - 60-905 [2000302600],v1.0,4120016300,SCREW KEY - 905,Main Assembly,1.0,NOS,0.0,0.5
BOM-0056,(B-10012) SCREW BARREL ASSY - 60-905 [2000302600],v1.0,4120003100,BARREL LOCK PIN,Main Assembly,1.0,NOS,0.0,0.5
BOM-0056,(B-10012) SCREW BARREL ASSY - 60-905 [2000302600],v1.0,4020102400,BARREL NUT M95 X4P - 905,Main Assembly,1.0,NOS,0.0,0.5
BOM-0056,(B-10012) SCREW BARREL ASSY - 60-905 [2000302600],v1.0,4020102500,BARREL CHECKNUT M95 X 4P - 905,Main Assembly,1.0,NOS,0.0,0.5
BOM-0056,(B-10012) SCREW BARREL ASSY - 60-905 [2000302600],v1.0,3131000300,HYD MOTOR PROX SENSOR MTG - 905,Main Assembly,1.0,NOS,0.0,0.5
BOM-0057,(B-10016) SCREW BARREL ASSY - 70-1520 [2000303500],v1.0,4120020300,BARREL Ø70 - 1520,Main Assembly,1.0,NOS,0.0,0.5
BOM-0057,(B-10016) SCREW BARREL ASSY - 70-1520 [2000303500],v1.0,4120020400,SCREW Ø70 - 1520,Main Assembly,1.0,NOS,0.0,0.5
BOM-0057,(B-10016) SCREW BARREL ASSY - 70-1520 [2000303500],v1.0,4120020500,BARREL ADAPT Ø70 - 1520,Main Assembly,1.0,NOS,0.0,0.5
BOM-0057,(B-10016) SCREW BARREL ASSY - 70-1520 [2000303500],v1.0,4120020600,SCREW TIP - 70,Main Assembly,1.0,NOS,0.0,0.5
BOM-0057,(B-10016) SCREW BARREL ASSY - 70-1520 [2000303500],v1.0,4120020700,SLIDER - 70,Main Assembly,1.0,NOS,0.0,0.5
BOM-0057,(B-10016) SCREW BARREL ASSY - 70-1520 [2000303500],v1.0,4120020800,SLIDER SEAT - 70,Main Assembly,1.0,NOS,0.0,0.5
BOM-0057,(B-10016) SCREW BARREL ASSY - 70-1520 [2000303500],v1.0,4120016000,NOZZLE TIP LONG - M45 X 3P X 153LG,Main Assembly,1.0,NOS,0.0,0.5
BOM-0057,(B-10016) SCREW BARREL ASSY - 70-1520 [2000303500],v1.0,4120019700,SPLIT COLLAR - 50,Main Assembly,1.0,NOS,0.0,0.5
BOM-0057,(B-10016) SCREW BARREL ASSY - 70-1520 [2000303500],v1.0,4120019800,FEED SCREW COUPLING - 50,Main Assembly,1.0,NOS,0.0,0.5
BOM-0057,(B-10016) SCREW BARREL ASSY - 70-1520 [2000303500],v1.0,4120019900,SCREW KEY - 1520,Main Assembly,1.0,NOS,0.0,0.5
BOM-0057,(B-10016) SCREW BARREL ASSY - 70-1520 [2000303500],v1.0,4120003100,BARREL LOCK PIN,Main Assembly,1.0,NOS,0.0,0.5
BOM-0057,(B-10016) SCREW BARREL ASSY - 70-1520 [2000303500],v1.0,4020102600,BARREL NUT M105 X 4P - 1520,Main Assembly,1.0,NOS,0.0,0.5
BOM-0057,(B-10016) SCREW BARREL ASSY - 70-1520 [2000303500],v1.0,4020102700,BARREL CHECKNUT M105 X 4P - 1520,Main Assembly,1.0,NOS,0.0,0.5
BOM-0057,(B-10016) SCREW BARREL ASSY - 70-1520 [2000303500],v1.0,3131000400,HYD MOTOR PROX SENSOR MTG - 1520,Main Assembly,1.0,NOS,0.0,0.5
BOM-0058,(B-10019) SCREW BARREL ASSY - 80-2350 [2000304200],v1.0,4120023000,BARREL Ø80 - 2350,Main Assembly,1.0,NOS,0.0,0.5
BOM-0058,(B-10019) SCREW BARREL ASSY - 80-2350 [2000304200],v1.0,4120023100,SCREW Ø80 - 2350,Main Assembly,1.0,NOS,0.0,0.5
BOM-0058,(B-10019) SCREW BARREL ASSY - 80-2350 [2000304200],v1.0,4120023200,BARREL ADAPT Ø80 - 2350,Main Assembly,1.0,NOS,0.0,0.5
BOM-0058,(B-10019) SCREW BARREL ASSY - 80-2350 [2000304200],v1.0,4120023300,SCREW TIP - 80,Main Assembly,1.0,NOS,0.0,0.5
BOM-0058,(B-10019) SCREW BARREL ASSY - 80-2350 [2000304200],v1.0,4120023400,SLIDER - 80,Main Assembly,1.0,NOS,0.0,0.5
BOM-0058,(B-10019) SCREW BARREL ASSY - 80-2350 [2000304200],v1.0,4120023500,SLIDER SEAT - 80,Main Assembly,1.0,NOS,0.0,0.5
BOM-0058,(B-10019) SCREW BARREL ASSY - 80-2350 [2000304200],v1.0,4120016000,NOZZLE TIP LONG - M45 X 3P X 153LG,Main Assembly,1.0,NOS,0.0,0.5
BOM-0058,(B-10019) SCREW BARREL ASSY - 80-2350 [2000304200],v1.0,4120022400,SPLIT COLLAR - 60,Main Assembly,1.0,NOS,0.0,0.5
BOM-0058,(B-10019) SCREW BARREL ASSY - 80-2350 [2000304200],v1.0,4120022500,FEED SCREW COUPLING - 60,Main Assembly,1.0,NOS,0.0,0.5
BOM-0058,(B-10019) SCREW BARREL ASSY - 80-2350 [2000304200],v1.0,4120022600,SCREW KEY - 2350,Main Assembly,1.0,NOS,0.0,0.5
BOM-0058,(B-10019) SCREW BARREL ASSY - 80-2350 [2000304200],v1.0,4120003100,BARREL LOCK PIN,Main Assembly,1.0,NOS,0.0,0.5
BOM-0058,(B-10019) SCREW BARREL ASSY - 80-2350 [2000304200],v1.0,4020102800,BARREL NUT M120 X 4P - 2350,Main Assembly,1.0,NOS,0.0,0.5
BOM-0058,(B-10019) SCREW BARREL ASSY - 80-2350 [2000304200],v1.0,4020102900,BARREL CHECKNUT M120 X 4P - 2350,Main Assembly,1.0,NOS,0.0,0.5
BOM-0058,(B-10019) SCREW BARREL ASSY - 80-2350 [2000304200],v1.0,3131000500,HYD MOTOR PROX SENSOR MTG - 2350,Main Assembly,1.0,NOS,0.0,0.5
