BOMCode,MachineModel,Version,ItemCode,ItemName,SubAssemblyTag,QtyPerMachine,Unit,ScrapPercent,EstHoursPerUnit
BOM-0001,NEO PRIME 90 - 280 TON (INJECTION UNIT GUIDE ROD TYPE) [1000310100],1.0,1000110100,TOGGLE TYPE LOCKING UNIT-90 TON,90 - 280 TON  1000310100,1.0,NOS,0.0,0.5
BOM-0001,NEO PRIME 90 - 280 TON (INJECTION UNIT GUIDE ROD TYPE) [1000310100],1.0,1000210100,GUIDE ROD TYPE INJECTION UNIT-280,90 - 280 TON  1000310100,1.0,NOS,0.0,0.5
BOM-0001,NEO PRIME 90 - 280 TON (INJECTION UNIT GUIDE ROD TYPE) [1000310100],1.0,3000000100,BASE FRAME ASSY - 90TON  (280/420),90 - 280 TON  1000310100,1.0,NOS,0.0,0.5
BOM-0001,NEO PRIME 90 - 280 TON (INJECTION UNIT GUIDE ROD TYPE) [1000310100],1.0,3000000200,"INJECTION FRAME ASSY - 90-280 
(GUIDE ROD TYPE)",90 - 280 TON  1000310100,1.0,NOS,0.0,0.5
BOM-0001,NEO PRIME 90 - 280 TON (INJECTION UNIT GUIDE ROD TYPE) [1000310100],1.0,2000300300,SCREW BARREL ASSY - 40-280,90 - 280 TON  1000310100,1.0,NOS,0.0,0.5
BOM-0001,NEO PRIME 90 - 280 TON (INJECTION UNIT GUIDE ROD TYPE) [1000310100],1.0,2000300400,OIL TANK ASSY - 90 TON - 250LTR,90 - 280 TON  1000310100,1.0,NOS,0.0,0.5
BOM-0001,NEO PRIME 90 - 280 TON (INJECTION UNIT GUIDE ROD TYPE) [1000310100],1.0,2000300500,SAFETY DOOR ASSY - 90,90 - 280 TON  1000310100,1.0,NOS,0.0,0.5
BOM-0001,NEO PRIME 90 - 280 TON (INJECTION UNIT GUIDE ROD TYPE) [1000310100],1.0,2000300600,BASE FRAME GUARD SET - 90-280,90 - 280 TON  1000310100,1.0,NOS,0.0,0.5
BOM-0001,NEO PRIME 90 - 280 TON (INJECTION UNIT GUIDE ROD TYPE) [1000310100],1.0,2000300700,SEAMLESS PIPE SET - 90-280,90 - 280 TON  1000310100,1.0,NOS,0.0,0.5
BOM-0001,NEO PRIME 90 - 280 TON (INJECTION UNIT GUIDE ROD TYPE) [1000310100],1.0,2000300800,HEAT EXCHANGER ASSY - 90 TON,90 - 280 TON  1000310100,1.0,NOS,0.0,0.5
BOM-0001,NEO PRIME 90 - 280 TON (INJECTION UNIT GUIDE ROD TYPE) [1000310100],1.0,2000300900,HOPPER ASSY - 25KG,90 - 280 TON  1000310100,1.0,NOS,0.0,0.5
BOM-0001,NEO PRIME 90 - 280 TON (INJECTION UNIT GUIDE ROD TYPE) [1000310100],1.0,7000100100,FASTENER KIT MAIN MACHINE - 90-280,90 - 280 TON  1000310100,1.0,NOS,0.0,0.5
BOM-0001,NEO PRIME 90 - 280 TON (INJECTION UNIT GUIDE ROD TYPE) [1000310100],1.0,7000200100,NIPPLE KIT - 90-280,90 - 280 TON  1000310100,1.0,NOS,0.0,0.5
BOM-0001,NEO PRIME 90 - 280 TON (INJECTION UNIT GUIDE ROD TYPE) [1000310100],1.0,7000300100,HOSE PIPE KIT - 90-280,90 - 280 TON  1000310100,1.0,NOS,0.0,0.5
BOM-0001,NEO PRIME 90 - 280 TON (INJECTION UNIT GUIDE ROD TYPE) [1000310100],1.0,7000400100,LUBR PUMP SYSTEM,90 - 280 TON  1000310100,1.0,NOS,0.0,0.5
BOM-0001,NEO PRIME 90 - 280 TON (INJECTION UNIT GUIDE ROD TYPE) [1000310100],1.0,3000000400,WELDING HOSE PIPE NIPPLE FLANGE ASSY - 2'',90 - 280 TON  1000310100,1.0,NOS,0.0,0.5
BOM-0001,NEO PRIME 90 - 280 TON (INJECTION UNIT GUIDE ROD TYPE) [1000310100],1.0,3000000500,PLC BOX FB ASSY - B&R,90 - 280 TON  1000310100,1.0,NOS,0.0,0.5
BOM-0001,NEO PRIME 90 - 280 TON (INJECTION UNIT GUIDE ROD TYPE) [1000310100],1.0,3000000600,LOCKING UNIT JUNCTION BOX OP FB ASSY,90 - 280 TON  1000310100,1.0,NOS,0.0,0.5
BOM-0001,NEO PRIME 90 - 280 TON (INJECTION UNIT GUIDE ROD TYPE) [1000310100],1.0,3000000700,LOCKING UNIT JUNCTION BOX NOP FB ASSY,90 - 280 TON  1000310100,1.0,NOS,0.0,0.5
BOM-0001,NEO PRIME 90 - 280 TON (INJECTION UNIT GUIDE ROD TYPE) [1000310100],1.0,3000000800,HEATER WIRE JUNCTION BOX FB ASSY,90 - 280 TON  1000310100,1.0,NOS,0.0,0.5
BOM-0001,NEO PRIME 90 - 280 TON (INJECTION UNIT GUIDE ROD TYPE) [1000310100],1.0,3000000900,HYDRO MOTOR PIPE CLAMP MTG FB ASSY-280,90 - 280 TON  1000310100,1.0,NOS,0.0,0.5
BOM-0001,NEO PRIME 90 - 280 TON (INJECTION UNIT GUIDE ROD TYPE) [1000310100],1.0,3000001000,LOCKING UNIT LINEAR MTG BRACKET - 90 TON,90 - 280 TON  1000310100,1.0,NOS,0.0,0.5
BOM-0001,NEO PRIME 90 - 280 TON (INJECTION UNIT GUIDE ROD TYPE) [1000310100],1.0,4110006300,INJECTION MANIFOLD - NG10,90 - 280 TON  1000310100,1.0,NOS,0.0,0.5
BOM-0001,NEO PRIME 90 - 280 TON (INJECTION UNIT GUIDE ROD TYPE) [1000310100],1.0,4110006400,LOCKING MANIFOLD NG10-NG6-NG6,90 - 280 TON  1000310100,1.0,NOS,0.0,0.5
BOM-0001,NEO PRIME 90 - 280 TON (INJECTION UNIT GUIDE ROD TYPE) [1000310100],1.0,4110006500,EJECTOR MANIFOLD NG6,90 - 280 TON  1000310100,1.0,NOS,0.0,0.5
BOM-0001,NEO PRIME 90 - 280 TON (INJECTION UNIT GUIDE ROD TYPE) [1000310100],1.0,4110006600,PRESSURE MANIFOLD BG06,90 - 280 TON  1000310100,1.0,NOS,0.0,0.5
BOM-0001,NEO PRIME 90 - 280 TON (INJECTION UNIT GUIDE ROD TYPE) [1000310100],1.0,4110006700,EJECTOR ROD - 90 TON,90 - 280 TON  1000310100,1.0,NOS,0.0,0.5
BOM-0001,NEO PRIME 90 - 280 TON (INJECTION UNIT GUIDE ROD TYPE) [1000310100],1.0,4110006800,NOZZLE CYLINDER EXTENSION ROD 90-280,90 - 280 TON  1000310100,2.0,NOS,0.0,0.5
BOM-0001,NEO PRIME 90 - 280 TON (INJECTION UNIT GUIDE ROD TYPE) [1000310100],1.0,4110006900,NOZZLE CYLINDER EXTENSION ROD MTG,90 - 280 TON  1000310100,2.0,NOS,0.0,0.5
BOM-0001,NEO PRIME 90 - 280 TON (INJECTION UNIT GUIDE ROD TYPE) [1000310100],1.0,4110007000,NOZZLE CYLINDER EXTENSION ROD MTG BUSH,90 - 280 TON  1000310100,2.0,NOS,0.0,0.5
BOM-0001,NEO PRIME 90 - 280 TON (INJECTION UNIT GUIDE ROD TYPE) [1000310100],1.0,4110007100,NOZZLE CYLINDER STOP LIMIT SWITCH OPERATING PIN,90 - 280 TON  1000310100,1.0,NOS,0.0,0.5
BOM-0001,NEO PRIME 90 - 280 TON (INJECTION UNIT GUIDE ROD TYPE) [1000310100],1.0,4110007200,NOZZLE CYLINDER STOP SLIDER,90 - 280 TON  1000310100,1.0,NOS,0.0,0.5
BOM-0001,NEO PRIME 90 - 280 TON (INJECTION UNIT GUIDE ROD TYPE) [1000310100],1.0,4110007300,INJECTION UNIT SETTING BLOCK,90 - 280 TON  1000310100,2.0,NOS,0.0,0.5
BOM-0001,NEO PRIME 90 - 280 TON (INJECTION UNIT GUIDE ROD TYPE) [1000310100],1.0,4110007400,INJECTION FRAME MTG BOLT M27 X 35LG,90 - 280 TON  1000310100,4.0,NOS,0.0,0.5
BOM-0001,NEO PRIME 90 - 280 TON (INJECTION UNIT GUIDE ROD TYPE) [1000310100],1.0,4110007500,INJECTION GUARD MTG STUD,90 - 280 TON  1000310100,4.0,NOS,0.0,0.5
BOM-0001,NEO PRIME 90 - 280 TON (INJECTION UNIT GUIDE ROD TYPE) [1000310100],1.0,4110007600,CROSS HEAD LIMIT SWITCH OPERATING PIN-90,90 - 280 TON  1000310100,1.0,NOS,0.0,0.5
BOM-0001,NEO PRIME 90 - 280 TON (INJECTION UNIT GUIDE ROD TYPE) [1000310100],1.0,4110007700,MOLD HEIGHT STOP LIMIT SWITCH OPERATING PIN-90 TON,90 - 280 TON  1000310100,2.0,NOS,0.0,0.5
BOM-0001,NEO PRIME 90 - 280 TON (INJECTION UNIT GUIDE ROD TYPE) [1000310100],1.0,4110007800,INJECTION MANIFOLD MTG PLATE - 280,90 - 280 TON  1000310100,1.0,NOS,0.0,0.5
BOM-0001,NEO PRIME 90 - 280 TON (INJECTION UNIT GUIDE ROD TYPE) [1000310100],1.0,4110007900,INJECTION MANIFOLD MTG STRIP - 280,90 - 280 TON  1000310100,2.0,NOS,0.0,0.5
BOM-0001,NEO PRIME 90 - 280 TON (INJECTION UNIT GUIDE ROD TYPE) [1000310100],1.0,4110008000,GREASE PUMP MOUNTING PLATE,90 - 280 TON  1000310100,1.0,NOS,0.0,0.5
BOM-0001,NEO PRIME 90 - 280 TON (INJECTION UNIT GUIDE ROD TYPE) [1000310100],1.0,3130800100,JUNCTION BOX COVER,90 - 280 TON  1000310100,2.0,NOS,0.0,0.5
BOM-0001,NEO PRIME 90 - 280 TON (INJECTION UNIT GUIDE ROD TYPE) [1000310100],1.0,3130800200,PLC BOX COVER,90 - 280 TON  1000310100,1.0,NOS,0.0,0.5
BOM-0001,NEO PRIME 90 - 280 TON (INJECTION UNIT GUIDE ROD TYPE) [1000310100],1.0,3130800300,HEATER WIRE JUNCTION BOX COVER,90 - 280 TON  1000310100,1.0,NOS,0.0,0.5
BOM-0001,NEO PRIME 90 - 280 TON (INJECTION UNIT GUIDE ROD TYPE) [1000310100],1.0,3131100100,PLC BOX  MTG TOP BRACKET,90 - 280 TON  1000310100,1.0,NOS,0.0,0.5
BOM-0001,NEO PRIME 90 - 280 TON (INJECTION UNIT GUIDE ROD TYPE) [1000310100],1.0,3131100200,PLC BOX MTG BOTTOM BRACKET,90 - 280 TON  1000310100,1.0,NOS,0.0,0.5
BOM-0001,NEO PRIME 90 - 280 TON (INJECTION UNIT GUIDE ROD TYPE) [1000310100],1.0,3131100300,"MOLD HEIGHT STOP LIMIT SWITCH 
OPERATING PIN MTG BRACKET",90 - 280 TON  1000310100,2.0,NOS,0.0,0.5
BOM-0001,NEO PRIME 90 - 280 TON (INJECTION UNIT GUIDE ROD TYPE) [1000310100],1.0,3131100400,MOLD HEIGHT STOP LIMIT SWITCH MTG BRACKET,90 - 280 TON  1000310100,1.0,NOS,0.0,0.5
BOM-0001,NEO PRIME 90 - 280 TON (INJECTION UNIT GUIDE ROD TYPE) [1000310100],1.0,3131100500,CROSS HEAD LOCKING LIMIT STOP PIN MTG BRACKET,90 - 280 TON  1000310100,1.0,NOS,0.0,0.5
BOM-0001,NEO PRIME 90 - 280 TON (INJECTION UNIT GUIDE ROD TYPE) [1000310100],1.0,3131100600,TOGGLE LIMIT SWITCH MTG BRACKET,90 - 280 TON  1000310100,1.0,NOS,0.0,0.5
BOM-0001,NEO PRIME 90 - 280 TON (INJECTION UNIT GUIDE ROD TYPE) [1000310100],1.0,3131100700,EJECTOR LINEAR MTG BRACKET,90 - 280 TON  1000310100,1.0,NOS,0.0,0.5
BOM-0001,NEO PRIME 90 - 280 TON (INJECTION UNIT GUIDE ROD TYPE) [1000310100],1.0,3131100800,HEATER WIRE JUNCTION BOX MTG BRACKET,90 - 280 TON  1000310100,1.0,NOS,0.0,0.5
BOM-0001,NEO PRIME 90 - 280 TON (INJECTION UNIT GUIDE ROD TYPE) [1000310100],1.0,3131100900,HYD MOTOR RPM PROXY SENSOR MTG BRACKET,90 - 280 TON  1000310100,1.0,NOS,0.0,0.5
BOM-0001,NEO PRIME 90 - 280 TON (INJECTION UNIT GUIDE ROD TYPE) [1000310100],1.0,3131101000,INJECTION LINEAR MOUNTING BRACKET - 280,90 - 280 TON  1000310100,1.0,NOS,0.0,0.5
BOM-0001,NEO PRIME 90 - 280 TON (INJECTION UNIT GUIDE ROD TYPE) [1000310100],1.0,3131101100,INJECTION LINEAR SHAFT MTG BRACKET - 280,90 - 280 TON  1000310100,1.0,NOS,0.0,0.5
BOM-0001,NEO PRIME 90 - 280 TON (INJECTION UNIT GUIDE ROD TYPE) [1000310100],1.0,3131101200,NOZZLE CYLINDER LIMIT SWITCH PIN MTG BRACKET,90 - 280 TON  1000310100,1.0,NOS,0.0,0.5
BOM-0001,NEO PRIME 90 - 280 TON (INJECTION UNIT GUIDE ROD TYPE) [1000310100],1.0,3131101300,NOZZLE CYLINDER STOP LIMIT SWITCH MTG BRACKET,90 - 280 TON  1000310100,1.0,NOS,0.0,0.5
BOM-0001,NEO PRIME 90 - 280 TON (INJECTION UNIT GUIDE ROD TYPE) [1000310100],1.0,3131300100,INJECTION GUARD SUPPORT BRACKET - 280,90 - 280 TON  1000310100,1.0,NOS,0.0,0.5
BOM-0001,NEO PRIME 90 - 280 TON (INJECTION UNIT GUIDE ROD TYPE) [1000310100],1.0,6160100100,DSG-01-3C2-D24 (YUKEN),90 - 280 TON  1000310100,2.0,NOS,0.0,0.5
BOM-0001,NEO PRIME 90 - 280 TON (INJECTION UNIT GUIDE ROD TYPE) [1000310100],1.0,6160100200,DSG-01-3C4-D24 (YUKEN),90 - 280 TON  1000310100,2.0,NOS,0.0,0.5
BOM-0001,NEO PRIME 90 - 280 TON (INJECTION UNIT GUIDE ROD TYPE) [1000310100],1.0,6160100300,DSG-01-2B2B-D24 (YUKEN),90 - 280 TON  1000310100,1.0,NOS,0.0,0.5
BOM-0001,NEO PRIME 90 - 280 TON (INJECTION UNIT GUIDE ROD TYPE) [1000310100],1.0,6160100400,DSG-03-3C2-D24 (YUKEN),90 - 280 TON  1000310100,1.0,NOS,0.0,0.5
BOM-0001,NEO PRIME 90 - 280 TON (INJECTION UNIT GUIDE ROD TYPE) [1000310100],1.0,6160100600,DSG-03-3C12-D24 (YUKEN),90 - 280 TON  1000310100,1.0,NOS,0.0,0.5
BOM-0001,NEO PRIME 90 - 280 TON (INJECTION UNIT GUIDE ROD TYPE) [1000310100],1.0,6160100700,DSG-03-2B10B-D24 (YUKEN),90 - 280 TON  1000310100,1.0,NOS,0.0,0.5
BOM-0001,NEO PRIME 90 - 280 TON (INJECTION UNIT GUIDE ROD TYPE) [1000310100],1.0,6170100100,PRESSURE RELIEF VALVE - BG-03-HP32 (YUKEN),90 - 280 TON  1000310100,1.0,NOS,0.0,0.5
BOM-0001,NEO PRIME 90 - 280 TON (INJECTION UNIT GUIDE ROD TYPE) [1000310100],1.0,6170100200,PRESSURE RELIEF VALVE - BG-06-P32 (YUKEN),90 - 280 TON  1000310100,1.0,NOS,0.0,0.5
BOM-0001,NEO PRIME 90 - 280 TON (INJECTION UNIT GUIDE ROD TYPE) [1000310100],1.0,6180100100,PILOT OPERATED CHECK VALVE - MPA-01-4-40H01 (YUKEN),90 - 280 TON  1000310100,1.0,NOS,0.0,0.5
BOM-0001,NEO PRIME 90 - 280 TON (INJECTION UNIT GUIDE ROD TYPE) [1000310100],1.0,6180200100,PILOT OPERATED CHECK VALVE - MCIV-06-01 (PRISM HYD),90 - 280 TON  1000310100,1.0,NOS,0.0,0.5
BOM-0001,NEO PRIME 90 - 280 TON (INJECTION UNIT GUIDE ROD TYPE) [1000310100],1.0,6240100100,"PRESSURE GAUG 0-420 BAR BACK CONNECTION (2-1/2"")",90 - 280 TON  1000310100,2.0,NOS,0.0,0.5
BOM-0001,NEO PRIME 90 - 280 TON (INJECTION UNIT GUIDE ROD TYPE) [1000310100],1.0,6010400100,SERVO SYSTEM - 64 LPM (JAKSH),90 - 280 TON  1000310100,1.0,NOS,0.0,0.5
BOM-0001,NEO PRIME 90 - 280 TON (INJECTION UNIT GUIDE ROD TYPE) [1000310100],1.0,6020100100,PANEL SERVO-90 B&R,90 - 280 TON  1000310100,1.0,NOS,0.0,0.5
BOM-0001,NEO PRIME 90 - 280 TON (INJECTION UNIT GUIDE ROD TYPE) [1000310100],1.0,6030100100,PANEL SERVO-90-280 B&R,90 - 280 TON  1000310100,1.0,NOS,0.0,0.5
BOM-0001,NEO PRIME 90 - 280 TON (INJECTION UNIT GUIDE ROD TYPE) [1000310100],1.0,6210100100,LINEAR LT-M-100,90 - 280 TON  1000310100,1.0,NOS,0.0,0.5
BOM-0001,NEO PRIME 90 - 280 TON (INJECTION UNIT GUIDE ROD TYPE) [1000310100],1.0,6210100175,LINEAR LT-M-175,90 - 280 TON  1000310100,1.0,NOS,0.0,0.5
BOM-0001,NEO PRIME 90 - 280 TON (INJECTION UNIT GUIDE ROD TYPE) [1000310100],1.0,6210100350,LINEAR LT-M-350,90 - 280 TON  1000310100,1.0,NOS,0.0,0.5
BOM-0001,NEO PRIME 90 - 280 TON (INJECTION UNIT GUIDE ROD TYPE) [1000310100],1.0,6220100100,LIMIT SWITCH SNAP ACTION - PC 603,90 - 280 TON  1000310100,4.0,NOS,0.0,0.5
BOM-0001,NEO PRIME 90 - 280 TON (INJECTION UNIT GUIDE ROD TYPE) [1000310100],1.0,6220200100,LIMIT SWITCH ROLLER LEVER - FTN-139Z11,90 - 280 TON  1000310100,3.0,NOS,0.0,0.5
BOM-0001,NEO PRIME 90 - 280 TON (INJECTION UNIT GUIDE ROD TYPE) [1000310100],1.0,7340100100,HYDRAULIC PIPE CLAMP - 20 MM,90 - 280 TON  1000310100,2.0,NOS,0.0,0.5
BOM-0001,NEO PRIME 90 - 280 TON (INJECTION UNIT GUIDE ROD TYPE) [1000310100],1.0,7340100200,HYDRAULIC PIPE CLAMP - 25 MM,90 - 280 TON  1000310100,4.0,NOS,0.0,0.5
BOM-0001,NEO PRIME 90 - 280 TON (INJECTION UNIT GUIDE ROD TYPE) [1000310100],1.0,6150100100,Ø85x115 CERAMIC HEATER WITH COVER,90 - 280 TON  1000310100,6.0,NOS,0.0,0.5
BOM-0001,NEO PRIME 90 - 280 TON (INJECTION UNIT GUIDE ROD TYPE) [1000310100],1.0,6150200100,Ø85x30 MICA HEATER,90 - 280 TON  1000310100,1.0,NOS,0.0,0.5
BOM-0001,NEO PRIME 90 - 280 TON (INJECTION UNIT GUIDE ROD TYPE) [1000310100],1.0,6150300100,Ø50x40 MICA HEATER SIDE CUT,90 - 280 TON  1000310100,1.0,NOS,0.0,0.5
BOM-0001,NEO PRIME 90 - 280 TON (INJECTION UNIT GUIDE ROD TYPE) [1000310100],1.0,6150400100,Ø30x30 COIL HEATER,90 - 280 TON  1000310100,1.0,NOS,0.0,0.5
BOM-0001,NEO PRIME 90 - 280 TON (INJECTION UNIT GUIDE ROD TYPE) [1000310100],1.0,6141100100,"THERMO COUPLE SENSOR 
(K TYPE L SHAPE ISOLATED 1 MTR)",90 - 280 TON  1000310100,3.0,NOS,0.0,0.5
BOM-0001,NEO PRIME 90 - 280 TON (INJECTION UNIT GUIDE ROD TYPE) [1000310100],1.0,6141200100,"THERMO COUPLE SENSOR
BUTTERFLY TYPE 1/4 BSP K TYPE ISOLATED 1.5 MTR",90 - 280 TON  1000310100,1.0,NOS,0.0,0.5
BOM-0001,NEO PRIME 90 - 280 TON (INJECTION UNIT GUIDE ROD TYPE) [1000310100],1.0,7330200100,MOTOR MOUNTING PAD Ø60 X M10 X 40LG,90 - 280 TON  1000310100,4.0,NOS,0.0,0.5
BOM-0001,NEO PRIME 90 - 280 TON (INJECTION UNIT GUIDE ROD TYPE) [1000310100],1.0,7910500100,PLASTIC CAN HDPE-3 LITER (WHITE),90 - 280 TON  1000310100,1.0,NOS,0.0,0.5
BOM-0001,NEO PRIME 90 - 280 TON (INJECTION UNIT GUIDE ROD TYPE) [1000310100],1.0,7910300100,ANTI VIBRATION RUBBER PAD - Ø125,90 - 280 TON  1000310100,4.0,NOS,0.0,0.5
BOM-0002,NEO PRIME 110 - 420 TON (INJECTION UNIT GUIDE ROD TYPE) [1000310400],1.0,1000110200,TOGGLE TYPE LOCKING UNIT-110 TON,110 - 420 TON  1000310400,1.0,NOS,0.0,0.5
BOM-0002,NEO PRIME 110 - 420 TON (INJECTION UNIT GUIDE ROD TYPE) [1000310400],1.0,1000210200,GUIDE ROD TYPE INJECTION UNIT-420,110 - 420 TON  1000310400,1.0,NOS,0.0,0.5
BOM-0002,NEO PRIME 110 - 420 TON (INJECTION UNIT GUIDE ROD TYPE) [1000310400],1.0,3000001900,BASE FRAME ASSY - 110TON  (280/420/635),110 - 420 TON  1000310400,1.0,NOS,0.0,0.5
BOM-0002,NEO PRIME 110 - 420 TON (INJECTION UNIT GUIDE ROD TYPE) [1000310400],1.0,3000002100,INJECTION FRAME ASSY - 110-420 (GUIDE ROD TYPE),110 - 420 TON  1000310400,1.0,NOS,0.0,0.5
BOM-0002,NEO PRIME 110 - 420 TON (INJECTION UNIT GUIDE ROD TYPE) [1000310400],1.0,2000301100,SCREW BARREL ASSY - 40-420,110 - 420 TON  1000310400,1.0,NOS,0.0,0.5
BOM-0002,NEO PRIME 110 - 420 TON (INJECTION UNIT GUIDE ROD TYPE) [1000310400],1.0,2000301300,OIL TANK ASSY - 110 TON - 300LTR,110 - 420 TON  1000310400,1.0,NOS,0.0,0.5
BOM-0002,NEO PRIME 110 - 420 TON (INJECTION UNIT GUIDE ROD TYPE) [1000310400],1.0,2000301400,SAFETY DOOR ASSY - 110 TON,110 - 420 TON  1000310400,1.0,NOS,0.0,0.5
BOM-0002,NEO PRIME 110 - 420 TON (INJECTION UNIT GUIDE ROD TYPE) [1000310400],1.0,2000301500,BASE FRAME GUARD SET - 110-420,110 - 420 TON  1000310400,1.0,NOS,0.0,0.5
BOM-0002,NEO PRIME 110 - 420 TON (INJECTION UNIT GUIDE ROD TYPE) [1000310400],1.0,2000301600,SEAMLESS PIPE SET - 110-420,110 - 420 TON  1000310400,1.0,NOS,0.0,0.5
BOM-0002,NEO PRIME 110 - 420 TON (INJECTION UNIT GUIDE ROD TYPE) [1000310400],1.0,2000300800,HEAT EXCHANGER ASSY - 90 TON,110 - 420 TON  1000310400,1.0,NOS,0.0,0.5
BOM-0002,NEO PRIME 110 - 420 TON (INJECTION UNIT GUIDE ROD TYPE) [1000310400],1.0,2000300900,HOPPER ASSY - 25KG,110 - 420 TON  1000310400,1.0,NOS,0.0,0.5
BOM-0002,NEO PRIME 110 - 420 TON (INJECTION UNIT GUIDE ROD TYPE) [1000310400],1.0,7000100600,FASTENER KIT MAIN MACHINE - 110-420,110 - 420 TON  1000310400,1.0,NOS,0.0,0.5
BOM-0002,NEO PRIME 110 - 420 TON (INJECTION UNIT GUIDE ROD TYPE) [1000310400],1.0,7000200200,NIPPLE KIT - 110-420,110 - 420 TON  1000310400,1.0,NOS,0.0,0.5
BOM-0002,NEO PRIME 110 - 420 TON (INJECTION UNIT GUIDE ROD TYPE) [1000310400],1.0,7000300200,HOSE PIPE KIT - 110-420,110 - 420 TON  1000310400,1.0,NOS,0.0,0.5
BOM-0002,NEO PRIME 110 - 420 TON (INJECTION UNIT GUIDE ROD TYPE) [1000310400],1.0,7000400100,LUBR PUMP SYSTEM,110 - 420 TON  1000310400,1.0,NOS,0.0,0.5
BOM-0002,NEO PRIME 110 - 420 TON (INJECTION UNIT GUIDE ROD TYPE) [1000310400],1.0,3000000400,WELDING HOSE PIPE NIPPLE FLANGE ASSY - 2'',110 - 420 TON  1000310400,1.0,NOS,0.0,0.5
BOM-0002,NEO PRIME 110 - 420 TON (INJECTION UNIT GUIDE ROD TYPE) [1000310400],1.0,3000000500,PLC BOX FB ASSY - B&R,110 - 420 TON  1000310400,1.0,NOS,0.0,0.5
BOM-0002,NEO PRIME 110 - 420 TON (INJECTION UNIT GUIDE ROD TYPE) [1000310400],1.0,3000000600,LOCKING UNIT JUNCTION BOX OP FB ASSY,110 - 420 TON  1000310400,1.0,NOS,0.0,0.5
BOM-0002,NEO PRIME 110 - 420 TON (INJECTION UNIT GUIDE ROD TYPE) [1000310400],1.0,3000000700,LOCKING UNIT JUNCTION BOX NOP FB ASSY,110 - 420 TON  1000310400,1.0,NOS,0.0,0.5
BOM-0002,NEO PRIME 110 - 420 TON (INJECTION UNIT GUIDE ROD TYPE) [1000310400],1.0,3000000800,HEATER WIRE JUNCTION BOX FB ASSY,110 - 420 TON  1000310400,1.0,NOS,0.0,0.5
BOM-0002,NEO PRIME 110 - 420 TON (INJECTION UNIT GUIDE ROD TYPE) [1000310400],1.0,3000002300,HYDRO MOTOR PIPE CLAMP MTG -420,110 - 420 TON  1000310400,1.0,NOS,0.0,0.5
BOM-0002,NEO PRIME 110 - 420 TON (INJECTION UNIT GUIDE ROD TYPE) [1000310400],1.0,3000002400,LOCKING UNIT LINEAR MTG BRACKET - 110 TON,110 - 420 TON  1000310400,1.0,NOS,0.0,0.5
BOM-0002,NEO PRIME 110 - 420 TON (INJECTION UNIT GUIDE ROD TYPE) [1000310400],1.0,4110006300,INJECTION MANIFOLD - NG10,110 - 420 TON  1000310400,1.0,NOS,0.0,0.5
BOM-0002,NEO PRIME 110 - 420 TON (INJECTION UNIT GUIDE ROD TYPE) [1000310400],1.0,4110006400,LOCKING MANIFOLD NG10-NG6-NG6,110 - 420 TON  1000310400,1.0,NOS,0.0,0.5
BOM-0002,NEO PRIME 110 - 420 TON (INJECTION UNIT GUIDE ROD TYPE) [1000310400],1.0,4110006500,EJECTOR MANIFOLD NG6,110 - 420 TON  1000310400,1.0,NOS,0.0,0.5
BOM-0002,NEO PRIME 110 - 420 TON (INJECTION UNIT GUIDE ROD TYPE) [1000310400],1.0,4110006600,PRESSURE MANIFOLD BG06,110 - 420 TON  1000310400,1.0,NOS,0.0,0.5
BOM-0002,NEO PRIME 110 - 420 TON (INJECTION UNIT GUIDE ROD TYPE) [1000310400],1.0,4110012300,EJECTOR ROD - 110 TON,110 - 420 TON  1000310400,1.0,NOS,0.0,0.5
BOM-0002,NEO PRIME 110 - 420 TON (INJECTION UNIT GUIDE ROD TYPE) [1000310400],1.0,4110012400,NOZZLE CYLINDER EXTENSION ROD 110-420,110 - 420 TON  1000310400,2.0,NOS,0.0,0.5
BOM-0002,NEO PRIME 110 - 420 TON (INJECTION UNIT GUIDE ROD TYPE) [1000310400],1.0,4110006900,NOZZLE CYLINDER EXTENSION ROD MTG,110 - 420 TON  1000310400,2.0,NOS,0.0,0.5
BOM-0002,NEO PRIME 110 - 420 TON (INJECTION UNIT GUIDE ROD TYPE) [1000310400],1.0,4110007000,NOZZLE CYLINDER EXTENSION ROD MTG BUSH,110 - 420 TON  1000310400,2.0,NOS,0.0,0.5
BOM-0002,NEO PRIME 110 - 420 TON (INJECTION UNIT GUIDE ROD TYPE) [1000310400],1.0,4110007100,NOZZLE CYLINDER STOP LIMIT SWITCH OPERATING PIN,110 - 420 TON  1000310400,1.0,NOS,0.0,0.5
BOM-0002,NEO PRIME 110 - 420 TON (INJECTION UNIT GUIDE ROD TYPE) [1000310400],1.0,4110007200,NOZZLE CYLINDER STOP SLIDER,110 - 420 TON  1000310400,1.0,NOS,0.0,0.5
BOM-0002,NEO PRIME 110 - 420 TON (INJECTION UNIT GUIDE ROD TYPE) [1000310400],1.0,4110007300,INJECTION UNIT SETTING BLOCK,110 - 420 TON  1000310400,2.0,NOS,0.0,0.5
BOM-0002,NEO PRIME 110 - 420 TON (INJECTION UNIT GUIDE ROD TYPE) [1000310400],1.0,4110007400,INJECTION FRAME MTG BOLT M27 X 35LG,110 - 420 TON  1000310400,4.0,NOS,0.0,0.5
BOM-0002,NEO PRIME 110 - 420 TON (INJECTION UNIT GUIDE ROD TYPE) [1000310400],1.0,4110007500,INJECTION GUARD MTG STUD,110 - 420 TON  1000310400,4.0,NOS,0.0,0.5
BOM-0002,NEO PRIME 110 - 420 TON (INJECTION UNIT GUIDE ROD TYPE) [1000310400],1.0,4110007600,CROSS HEAD LIMIT SWITCH OPERATING PIN-90,110 - 420 TON  1000310400,1.0,NOS,0.0,0.5
BOM-0002,NEO PRIME 110 - 420 TON (INJECTION UNIT GUIDE ROD TYPE) [1000310400],1.0,4110007700,MOLD HEIGHT STOP LIMIT SWITCH OPERATING PIN-90 TON,110 - 420 TON  1000310400,2.0,NOS,0.0,0.5
BOM-0002,NEO PRIME 110 - 420 TON (INJECTION UNIT GUIDE ROD TYPE) [1000310400],1.0,4110012600,INJECTION MANIFOLD MTG PLATE - 420,110 - 420 TON  1000310400,1.0,NOS,0.0,0.5
BOM-0002,NEO PRIME 110 - 420 TON (INJECTION UNIT GUIDE ROD TYPE) [1000310400],1.0,4110012700,INJECTION MANIFOLD MTG STRIP - 420,110 - 420 TON  1000310400,2.0,NOS,0.0,0.5
BOM-0002,NEO PRIME 110 - 420 TON (INJECTION UNIT GUIDE ROD TYPE) [1000310400],1.0,4110008000,GREASE PUMP MOUNTING PLATE,110 - 420 TON  1000310400,1.0,NOS,0.0,0.5
BOM-0002,NEO PRIME 110 - 420 TON (INJECTION UNIT GUIDE ROD TYPE) [1000310400],1.0,3130800100,JUNCTION BOX COVER,110 - 420 TON  1000310400,2.0,NOS,0.0,0.5
BOM-0002,NEO PRIME 110 - 420 TON (INJECTION UNIT GUIDE ROD TYPE) [1000310400],1.0,3130800200,PLC BOX COVER,110 - 420 TON  1000310400,1.0,NOS,0.0,0.5
BOM-0002,NEO PRIME 110 - 420 TON (INJECTION UNIT GUIDE ROD TYPE) [1000310400],1.0,3130800300,HEATER WIRE JUNCTION BOX COVER,110 - 420 TON  1000310400,1.0,NOS,0.0,0.5
BOM-0002,NEO PRIME 110 - 420 TON (INJECTION UNIT GUIDE ROD TYPE) [1000310400],1.0,3131100100,PLC BOX  MTG TOP BRACKET,110 - 420 TON  1000310400,1.0,NOS,0.0,0.5
BOM-0002,NEO PRIME 110 - 420 TON (INJECTION UNIT GUIDE ROD TYPE) [1000310400],1.0,3131100200,PLC BOX MTG BOTTOM BRACKET,110 - 420 TON  1000310400,1.0,NOS,0.0,0.5
BOM-0002,NEO PRIME 110 - 420 TON (INJECTION UNIT GUIDE ROD TYPE) [1000310400],1.0,3131100300,"MOLD HEIGHT STOP LIMIT SWITCH 
OPERATING PIN MTG BRACKET",110 - 420 TON  1000310400,2.0,NOS,0.0,0.5
BOM-0002,NEO PRIME 110 - 420 TON (INJECTION UNIT GUIDE ROD TYPE) [1000310400],1.0,3131100400,MOLD HEIGHT STOP LIMIT SWITCH MTG BRACKET,110 - 420 TON  1000310400,1.0,NOS,0.0,0.5
BOM-0002,NEO PRIME 110 - 420 TON (INJECTION UNIT GUIDE ROD TYPE) [1000310400],1.0,3131100500,CROSS HEAD LOCKING LIMIT STOP PIN MTG BRACKET,110 - 420 TON  1000310400,1.0,NOS,0.0,0.5
BOM-0002,NEO PRIME 110 - 420 TON (INJECTION UNIT GUIDE ROD TYPE) [1000310400],1.0,3131100600,TOGGLE LIMIT SWITCH MTG BRACKET,110 - 420 TON  1000310400,1.0,NOS,0.0,0.5
BOM-0002,NEO PRIME 110 - 420 TON (INJECTION UNIT GUIDE ROD TYPE) [1000310400],1.0,3131100700,EJECTOR LINEAR MTG BRACKET,110 - 420 TON  1000310400,1.0,NOS,0.0,0.5
BOM-0002,NEO PRIME 110 - 420 TON (INJECTION UNIT GUIDE ROD TYPE) [1000310400],1.0,3131100800,HEATER WIRE JUNCTION BOX MTG BRACKET,110 - 420 TON  1000310400,1.0,NOS,0.0,0.5
BOM-0002,NEO PRIME 110 - 420 TON (INJECTION UNIT GUIDE ROD TYPE) [1000310400],1.0,3131100900,HYD MOTOR RPM PROXY SENSOR MTG BRACKET,110 - 420 TON  1000310400,1.0,NOS,0.0,0.5
BOM-0002,NEO PRIME 110 - 420 TON (INJECTION UNIT GUIDE ROD TYPE) [1000310400],1.0,3131101400,INJECTION LINEAR MOUNTING BRACKET - 420,110 - 420 TON  1000310400,1.0,NOS,0.0,0.5
BOM-0002,NEO PRIME 110 - 420 TON (INJECTION UNIT GUIDE ROD TYPE) [1000310400],1.0,3131101100,INJECTION LINEAR SHAFT MTG BRACKET - 280,110 - 420 TON  1000310400,1.0,NOS,0.0,0.5
BOM-0002,NEO PRIME 110 - 420 TON (INJECTION UNIT GUIDE ROD TYPE) [1000310400],1.0,3131101200,NOZZLE CYLINDER LIMIT SWITCH PIN MTG BRACKET,110 - 420 TON  1000310400,1.0,NOS,0.0,0.5
BOM-0002,NEO PRIME 110 - 420 TON (INJECTION UNIT GUIDE ROD TYPE) [1000310400],1.0,3131101300,NOZZLE CYLINDER STOP LIMIT SWITCH MTG BRACKET,110 - 420 TON  1000310400,1.0,NOS,0.0,0.5
BOM-0002,NEO PRIME 110 - 420 TON (INJECTION UNIT GUIDE ROD TYPE) [1000310400],1.0,3131300200,INJECTION GUARD SUPPORT BRACKET - 420,110 - 420 TON  1000310400,1.0,NOS,0.0,0.5
BOM-0002,NEO PRIME 110 - 420 TON (INJECTION UNIT GUIDE ROD TYPE) [1000310400],1.0,6160100100,DSG-01-3C2-D24 (YUKEN),110 - 420 TON  1000310400,2.0,NOS,0.0,0.5
BOM-0002,NEO PRIME 110 - 420 TON (INJECTION UNIT GUIDE ROD TYPE) [1000310400],1.0,6160100200,DSG-01-3C4-D24 (YUKEN),110 - 420 TON  1000310400,2.0,NOS,0.0,0.5
BOM-0002,NEO PRIME 110 - 420 TON (INJECTION UNIT GUIDE ROD TYPE) [1000310400],1.0,6160100300,DSG-01-2B2B-D24 (YUKEN),110 - 420 TON  1000310400,1.0,NOS,0.0,0.5
BOM-0002,NEO PRIME 110 - 420 TON (INJECTION UNIT GUIDE ROD TYPE) [1000310400],1.0,6160100400,DSG-03-3C2-D24 (YUKEN),110 - 420 TON  1000310400,1.0,NOS,0.0,0.5
BOM-0002,NEO PRIME 110 - 420 TON (INJECTION UNIT GUIDE ROD TYPE) [1000310400],1.0,6160100600,DSG-03-3C12-D24 (YUKEN),110 - 420 TON  1000310400,1.0,NOS,0.0,0.5
BOM-0002,NEO PRIME 110 - 420 TON (INJECTION UNIT GUIDE ROD TYPE) [1000310400],1.0,6160100700,DSG-03-2B10B-D24 (YUKEN),110 - 420 TON  1000310400,1.0,NOS,0.0,0.5
BOM-0002,NEO PRIME 110 - 420 TON (INJECTION UNIT GUIDE ROD TYPE) [1000310400],1.0,6170100100,PRESSURE RELIEF VALVE - BG-03-HP32 (YUKEN),110 - 420 TON  1000310400,1.0,NOS,0.0,0.5
BOM-0002,NEO PRIME 110 - 420 TON (INJECTION UNIT GUIDE ROD TYPE) [1000310400],1.0,6170100200,PRESSURE RELIEF VALVE - BG-06-P32 (YUKEN),110 - 420 TON  1000310400,1.0,NOS,0.0,0.5
BOM-0002,NEO PRIME 110 - 420 TON (INJECTION UNIT GUIDE ROD TYPE) [1000310400],1.0,6180100100,PILOT OPERATED CHECK VALVE - MPA-01-4-40H01 (YUKEN),110 - 420 TON  1000310400,1.0,NOS,0.0,0.5
BOM-0002,NEO PRIME 110 - 420 TON (INJECTION UNIT GUIDE ROD TYPE) [1000310400],1.0,6180200100,PILOT OPERATED CHECK VALVE - MCIV-06-01 (PRISM HYD),110 - 420 TON  1000310400,1.0,NOS,0.0,0.5
BOM-0002,NEO PRIME 110 - 420 TON (INJECTION UNIT GUIDE ROD TYPE) [1000310400],1.0,6240100100,"PRESSURE GAUG 0-420 BAR BACK CONNECTION (2-1/2"")",110 - 420 TON  1000310400,2.0,NOS,0.0,0.5
BOM-0002,NEO PRIME 110 - 420 TON (INJECTION UNIT GUIDE ROD TYPE) [1000310400],1.0,6010400100,SERVO SYSTEM - 64 LPM (JAKSH),110 - 420 TON  1000310400,1.0,NOS,0.0,0.5
BOM-0002,NEO PRIME 110 - 420 TON (INJECTION UNIT GUIDE ROD TYPE) [1000310400],1.0,6020100100,PANEL SERVO-90 B&R,110 - 420 TON  1000310400,1.0,NOS,0.0,0.5
BOM-0002,NEO PRIME 110 - 420 TON (INJECTION UNIT GUIDE ROD TYPE) [1000310400],1.0,6030100200,PANEL SERVO-110 B&R,110 - 420 TON  1000310400,1.0,NOS,0.0,0.5
BOM-0002,NEO PRIME 110 - 420 TON (INJECTION UNIT GUIDE ROD TYPE) [1000310400],1.0,6210100200,LINEAR LT-M-200,110 - 420 TON  1000310400,1.0,NOS,0.0,0.5
BOM-0002,NEO PRIME 110 - 420 TON (INJECTION UNIT GUIDE ROD TYPE) [1000310400],1.0,6210100350,LINEAR LT-M-350,110 - 420 TON  1000310400,1.0,NOS,0.0,0.5
BOM-0002,NEO PRIME 110 - 420 TON (INJECTION UNIT GUIDE ROD TYPE) [1000310400],1.0,6210100350,LINEAR LT-M-350,110 - 420 TON  1000310400,1.0,NOS,0.0,0.5
BOM-0002,NEO PRIME 110 - 420 TON (INJECTION UNIT GUIDE ROD TYPE) [1000310400],1.0,6220100100,LIMIT SWITCH SNAP ACTION - PC 603,110 - 420 TON  1000310400,4.0,NOS,0.0,0.5
BOM-0002,NEO PRIME 110 - 420 TON (INJECTION UNIT GUIDE ROD TYPE) [1000310400],1.0,6220200100,LIMIT SWITCH ROLLER LEVER - FTN-139Z11,110 - 420 TON  1000310400,3.0,NOS,0.0,0.5
BOM-0002,NEO PRIME 110 - 420 TON (INJECTION UNIT GUIDE ROD TYPE) [1000310400],1.0,7340100200,HYDRAULIC PIPE CLAMP - 25 MM,110 - 420 TON  1000310400,4.0,NOS,0.0,0.5
BOM-0002,NEO PRIME 110 - 420 TON (INJECTION UNIT GUIDE ROD TYPE) [1000310400],1.0,6150100200,Ø95x130 CERAMIC HEATER WITH COVER,110 - 420 TON  1000310400,6.0,NOS,0.0,0.5
BOM-0002,NEO PRIME 110 - 420 TON (INJECTION UNIT GUIDE ROD TYPE) [1000310400],1.0,6150200200,Ø95x40 MICA HEATER,110 - 420 TON  1000310400,1.0,NOS,0.0,0.5
BOM-0002,NEO PRIME 110 - 420 TON (INJECTION UNIT GUIDE ROD TYPE) [1000310400],1.0,6150300200,Ø55x50 MICA HEATER SIDE CUT,110 - 420 TON  1000310400,1.0,NOS,0.0,0.5
BOM-0002,NEO PRIME 110 - 420 TON (INJECTION UNIT GUIDE ROD TYPE) [1000310400],1.0,6150400100,Ø30x30 COIL HEATER,110 - 420 TON  1000310400,1.0,NOS,0.0,0.5
BOM-0002,NEO PRIME 110 - 420 TON (INJECTION UNIT GUIDE ROD TYPE) [1000310400],1.0,6141100100,"THERMO COUPLE SENSOR 
(K TYPE L SHAPE ISOLATED 1 MTR)",110 - 420 TON  1000310400,3.0,NOS,0.0,0.5
BOM-0002,NEO PRIME 110 - 420 TON (INJECTION UNIT GUIDE ROD TYPE) [1000310400],1.0,6141200100,"THERMO COUPLE SENSOR
BUTTERFLY TYPE 1/4 BSP K TYPE ISOLATED 1.5 MTR",110 - 420 TON  1000310400,1.0,NOS,0.0,0.5
BOM-0002,NEO PRIME 110 - 420 TON (INJECTION UNIT GUIDE ROD TYPE) [1000310400],1.0,7330200100,MOTOR MOUNTING PAD Ø60 X M10 X 40LG,110 - 420 TON  1000310400,4.0,NOS,0.0,0.5
BOM-0002,NEO PRIME 110 - 420 TON (INJECTION UNIT GUIDE ROD TYPE) [1000310400],1.0,7910500100,PLASTIC CAN HDPE-3 LITER (WHITE),110 - 420 TON  1000310400,1.0,NOS,0.0,0.5
BOM-0002,NEO PRIME 110 - 420 TON (INJECTION UNIT GUIDE ROD TYPE) [1000310400],1.0,7910300100,ANTI VIBRATION RUBBER PAD - Ø125,110 - 420 TON  1000310400,4.0,NOS,0.0,0.5
BOM-0003,NEO PRIME 140-635 TON (INJECTION UNIT GUIDE ROD TYPE) [1000310700],1.0,1000110300,TOGGLE TYPE LOCKING UNIT-140 TON,140-635 TON  1000310700,1.0,NOS,0.0,0.5
BOM-0003,NEO PRIME 140-635 TON (INJECTION UNIT GUIDE ROD TYPE) [1000310700],1.0,1000210300,GUIDE ROD TYPE INJECTION UNIT-635,140-635 TON  1000310700,1.0,NOS,0.0,0.5
BOM-0003,NEO PRIME 140-635 TON (INJECTION UNIT GUIDE ROD TYPE) [1000310700],1.0,3000003000,BASE FRAME ASSY - 140TON  (420/635),140-635 TON  1000310700,1.0,NOS,0.0,0.5
BOM-0003,NEO PRIME 140-635 TON (INJECTION UNIT GUIDE ROD TYPE) [1000310700],1.0,3000003200,INJECTION FRAME ASSY - 140-635 (GUIDE ROD TYPE),140-635 TON  1000310700,1.0,NOS,0.0,0.5
BOM-0003,NEO PRIME 140-635 TON (INJECTION UNIT GUIDE ROD TYPE) [1000310700],1.0,2000301800,SCREW BARREL ASSY - 45-635,140-635 TON  1000310700,1.0,NOS,0.0,0.5
BOM-0003,NEO PRIME 140-635 TON (INJECTION UNIT GUIDE ROD TYPE) [1000310700],1.0,2000302000,OIL TANK ASSY - 140 TON - 350LTR,140-635 TON  1000310700,1.0,NOS,0.0,0.5
BOM-0003,NEO PRIME 140-635 TON (INJECTION UNIT GUIDE ROD TYPE) [1000310700],1.0,2000302100,SAFETY DOOR ASSY - 140 TON,140-635 TON  1000310700,1.0,NOS,0.0,0.5
BOM-0003,NEO PRIME 140-635 TON (INJECTION UNIT GUIDE ROD TYPE) [1000310700],1.0,2000302200,BASE FRAME GUARD SET - 140-635,140-635 TON  1000310700,1.0,NOS,0.0,0.5
BOM-0003,NEO PRIME 140-635 TON (INJECTION UNIT GUIDE ROD TYPE) [1000310700],1.0,2000302300,SEAMLESS PIPE SET - 140-635,140-635 TON  1000310700,1.0,NOS,0.0,0.5
BOM-0003,NEO PRIME 140-635 TON (INJECTION UNIT GUIDE ROD TYPE) [1000310700],1.0,2000300800,HEAT EXCHANGER ASSY - 90 TON,140-635 TON  1000310700,1.0,NOS,0.0,0.5
BOM-0003,NEO PRIME 140-635 TON (INJECTION UNIT GUIDE ROD TYPE) [1000310700],1.0,2000300900,HOPPER ASSY - 25KG,140-635 TON  1000310700,1.0,NOS,0.0,0.5
BOM-0003,NEO PRIME 140-635 TON (INJECTION UNIT GUIDE ROD TYPE) [1000310700],1.0,7000101100,FASTENER KIT MAIN MACHINE - 140-635,140-635 TON  1000310700,1.0,NOS,0.0,0.5
BOM-0003,NEO PRIME 140-635 TON (INJECTION UNIT GUIDE ROD TYPE) [1000310700],1.0,7000200300,NIPPLE KIT - 140-635,140-635 TON  1000310700,1.0,NOS,0.0,0.5
BOM-0003,NEO PRIME 140-635 TON (INJECTION UNIT GUIDE ROD TYPE) [1000310700],1.0,7000300300,HOSE PIPE KIT - 140-635,140-635 TON  1000310700,1.0,NOS,0.0,0.5
BOM-0003,NEO PRIME 140-635 TON (INJECTION UNIT GUIDE ROD TYPE) [1000310700],1.0,7000400100,LUBR PUMP SYSTEM,140-635 TON  1000310700,1.0,NOS,0.0,0.5
BOM-0003,NEO PRIME 140-635 TON (INJECTION UNIT GUIDE ROD TYPE) [1000310700],1.0,3000000400,WELDING HOSE PIPE NIPPLE FLANGE ASSY - 2'',140-635 TON  1000310700,1.0,NOS,0.0,0.5
BOM-0003,NEO PRIME 140-635 TON (INJECTION UNIT GUIDE ROD TYPE) [1000310700],1.0,3000000500,PLC BOX FB ASSY - B&R,140-635 TON  1000310700,1.0,NOS,0.0,0.5
BOM-0003,NEO PRIME 140-635 TON (INJECTION UNIT GUIDE ROD TYPE) [1000310700],1.0,3000000600,LOCKING UNIT JUNCTION BOX OP FB ASSY,140-635 TON  1000310700,1.0,NOS,0.0,0.5
BOM-0003,NEO PRIME 140-635 TON (INJECTION UNIT GUIDE ROD TYPE) [1000310700],1.0,3000000700,LOCKING UNIT JUNCTION BOX NOP FB ASSY,140-635 TON  1000310700,1.0,NOS,0.0,0.5
BOM-0003,NEO PRIME 140-635 TON (INJECTION UNIT GUIDE ROD TYPE) [1000310700],1.0,3000000800,HEATER WIRE JUNCTION BOX FB ASSY,140-635 TON  1000310700,1.0,NOS,0.0,0.5
BOM-0003,NEO PRIME 140-635 TON (INJECTION UNIT GUIDE ROD TYPE) [1000310700],1.0,3000003300,HYDRO MOTOR PIPE CLAMP MTG FB ASSY-635,140-635 TON  1000310700,1.0,NOS,0.0,0.5
BOM-0003,NEO PRIME 140-635 TON (INJECTION UNIT GUIDE ROD TYPE) [1000310700],1.0,3000003400,LOCKING UNIT LINEAR MTG BRACKET - 140 TON,140-635 TON  1000310700,1.0,NOS,0.0,0.5
BOM-0003,NEO PRIME 140-635 TON (INJECTION UNIT GUIDE ROD TYPE) [1000310700],1.0,4110017400,INJECTION MANIFOLD - NG16,140-635 TON  1000310700,1.0,NOS,0.0,0.5
BOM-0003,NEO PRIME 140-635 TON (INJECTION UNIT GUIDE ROD TYPE) [1000310700],1.0,4110017500,LOCKING MANIFOLD NG16-NG6-NG6,140-635 TON  1000310700,1.0,NOS,0.0,0.5
BOM-0003,NEO PRIME 140-635 TON (INJECTION UNIT GUIDE ROD TYPE) [1000310700],1.0,4110017600,EJECTOR MANIFOLD NG10,140-635 TON  1000310700,1.0,NOS,0.0,0.5
BOM-0003,NEO PRIME 140-635 TON (INJECTION UNIT GUIDE ROD TYPE) [1000310700],1.0,4110006600,PRESSURE MANIFOLD BG06,140-635 TON  1000310700,1.0,NOS,0.0,0.5
BOM-0003,NEO PRIME 140-635 TON (INJECTION UNIT GUIDE ROD TYPE) [1000310700],1.0,4110017700,EJECTOR ROD - 140 TON,140-635 TON  1000310700,1.0,NOS,0.0,0.5
BOM-0003,NEO PRIME 140-635 TON (INJECTION UNIT GUIDE ROD TYPE) [1000310700],1.0,4110017800,NOZZLE CYLINDER EXTENSION ROD 140-635,140-635 TON  1000310700,2.0,NOS,0.0,0.5
BOM-0003,NEO PRIME 140-635 TON (INJECTION UNIT GUIDE ROD TYPE) [1000310700],1.0,4110006900,NOZZLE CYLINDER EXTENSION ROD MTG,140-635 TON  1000310700,2.0,NOS,0.0,0.5
BOM-0003,NEO PRIME 140-635 TON (INJECTION UNIT GUIDE ROD TYPE) [1000310700],1.0,4110007000,NOZZLE CYLINDER EXTENSION ROD MTG BUSH,140-635 TON  1000310700,2.0,NOS,0.0,0.5
BOM-0003,NEO PRIME 140-635 TON (INJECTION UNIT GUIDE ROD TYPE) [1000310700],1.0,4110007100,NOZZLE CYLINDER STOP LIMIT SWITCH OPERATING PIN,140-635 TON  1000310700,1.0,NOS,0.0,0.5
BOM-0003,NEO PRIME 140-635 TON (INJECTION UNIT GUIDE ROD TYPE) [1000310700],1.0,4110007200,NOZZLE CYLINDER STOP SLIDER,140-635 TON  1000310700,1.0,NOS,0.0,0.5
BOM-0003,NEO PRIME 140-635 TON (INJECTION UNIT GUIDE ROD TYPE) [1000310700],1.0,4110007300,INJECTION UNIT SETTING BLOCK,140-635 TON  1000310700,2.0,NOS,0.0,0.5
BOM-0003,NEO PRIME 140-635 TON (INJECTION UNIT GUIDE ROD TYPE) [1000310700],1.0,4110007400,INJECTION FRAME MTG BOLT M27 X 35LG,140-635 TON  1000310700,4.0,NOS,0.0,0.5
BOM-0003,NEO PRIME 140-635 TON (INJECTION UNIT GUIDE ROD TYPE) [1000310700],1.0,4110007500,INJECTION GUARD MTG STUD,140-635 TON  1000310700,4.0,NOS,0.0,0.5
BOM-0003,NEO PRIME 140-635 TON (INJECTION UNIT GUIDE ROD TYPE) [1000310700],1.0,4110017900,CROSS HEAD LIMIT SWITCH OPERATING PIN-140,140-635 TON  1000310700,1.0,NOS,0.0,0.5
BOM-0003,NEO PRIME 140-635 TON (INJECTION UNIT GUIDE ROD TYPE) [1000310700],1.0,4110018000,MOLD HEIGHT STOP LIMIT SWITCH OPERATING PIN-140 TON,140-635 TON  1000310700,2.0,NOS,0.0,0.5
BOM-0003,NEO PRIME 140-635 TON (INJECTION UNIT GUIDE ROD TYPE) [1000310700],1.0,4110018100,INJECTION MANIFOLD MTG PLATE - 635,140-635 TON  1000310700,1.0,NOS,0.0,0.5
BOM-0003,NEO PRIME 140-635 TON (INJECTION UNIT GUIDE ROD TYPE) [1000310700],1.0,4110018200,INJECTION MANIFOLD MTG STRIP - 635,140-635 TON  1000310700,2.0,NOS,0.0,0.5
BOM-0003,NEO PRIME 140-635 TON (INJECTION UNIT GUIDE ROD TYPE) [1000310700],1.0,4110008000,GREASE PUMP MOUNTING PLATE,140-635 TON  1000310700,1.0,NOS,0.0,0.5
BOM-0003,NEO PRIME 140-635 TON (INJECTION UNIT GUIDE ROD TYPE) [1000310700],1.0,3130800100,JUNCTION BOX COVER,140-635 TON  1000310700,2.0,NOS,0.0,0.5
BOM-0003,NEO PRIME 140-635 TON (INJECTION UNIT GUIDE ROD TYPE) [1000310700],1.0,3130800200,PLC BOX COVER,140-635 TON  1000310700,1.0,NOS,0.0,0.5
BOM-0003,NEO PRIME 140-635 TON (INJECTION UNIT GUIDE ROD TYPE) [1000310700],1.0,3130800300,HEATER WIRE JUNCTION BOX COVER,140-635 TON  1000310700,1.0,NOS,0.0,0.5
BOM-0003,NEO PRIME 140-635 TON (INJECTION UNIT GUIDE ROD TYPE) [1000310700],1.0,3131100100,PLC BOX  MTG TOP BRACKET,140-635 TON  1000310700,1.0,NOS,0.0,0.5
BOM-0003,NEO PRIME 140-635 TON (INJECTION UNIT GUIDE ROD TYPE) [1000310700],1.0,3131100200,PLC BOX MTG BOTTOM BRACKET,140-635 TON  1000310700,1.0,NOS,0.0,0.5
BOM-0003,NEO PRIME 140-635 TON (INJECTION UNIT GUIDE ROD TYPE) [1000310700],1.0,3131100300,"MOLD HEIGHT STOP LIMIT SWITCH 
OPERATING PIN MTG BRACKET",140-635 TON  1000310700,2.0,NOS,0.0,0.5
BOM-0003,NEO PRIME 140-635 TON (INJECTION UNIT GUIDE ROD TYPE) [1000310700],1.0,3131100400,MOLD HEIGHT STOP LIMIT SWITCH MTG BRACKET,140-635 TON  1000310700,1.0,NOS,0.0,0.5
BOM-0003,NEO PRIME 140-635 TON (INJECTION UNIT GUIDE ROD TYPE) [1000310700],1.0,3131100500,CROSS HEAD LOCKING LIMIT STOP PIN MTG BRACKET,140-635 TON  1000310700,1.0,NOS,0.0,0.5
BOM-0003,NEO PRIME 140-635 TON (INJECTION UNIT GUIDE ROD TYPE) [1000310700],1.0,3131100600,TOGGLE LIMIT SWITCH MTG BRACKET,140-635 TON  1000310700,1.0,NOS,0.0,0.5
BOM-0003,NEO PRIME 140-635 TON (INJECTION UNIT GUIDE ROD TYPE) [1000310700],1.0,3131100700,EJECTOR LINEAR MTG BRACKET,140-635 TON  1000310700,1.0,NOS,0.0,0.5
BOM-0003,NEO PRIME 140-635 TON (INJECTION UNIT GUIDE ROD TYPE) [1000310700],1.0,3131100800,HEATER WIRE JUNCTION BOX MTG BRACKET,140-635 TON  1000310700,1.0,NOS,0.0,0.5
BOM-0003,NEO PRIME 140-635 TON (INJECTION UNIT GUIDE ROD TYPE) [1000310700],1.0,3131100900,HYD MOTOR RPM PROXY SENSOR MTG BRACKET,140-635 TON  1000310700,1.0,NOS,0.0,0.5
BOM-0003,NEO PRIME 140-635 TON (INJECTION UNIT GUIDE ROD TYPE) [1000310700],1.0,3131101500,INJECTION LINEAR MOUNTING BRACKET - 635,140-635 TON  1000310700,1.0,NOS,0.0,0.5
BOM-0003,NEO PRIME 140-635 TON (INJECTION UNIT GUIDE ROD TYPE) [1000310700],1.0,3131101100,INJECTION LINEAR SHAFT MTG BRACKET - 280,140-635 TON  1000310700,1.0,NOS,0.0,0.5
BOM-0003,NEO PRIME 140-635 TON (INJECTION UNIT GUIDE ROD TYPE) [1000310700],1.0,3131101200,NOZZLE CYLINDER LIMIT SWITCH PIN MTG BRACKET,140-635 TON  1000310700,1.0,NOS,0.0,0.5
BOM-0003,NEO PRIME 140-635 TON (INJECTION UNIT GUIDE ROD TYPE) [1000310700],1.0,3131101300,NOZZLE CYLINDER STOP LIMIT SWITCH MTG BRACKET,140-635 TON  1000310700,1.0,NOS,0.0,0.5
BOM-0003,NEO PRIME 140-635 TON (INJECTION UNIT GUIDE ROD TYPE) [1000310700],1.0,3131300300,INJECTION GUARD SUPPORT BRACKET - 635,140-635 TON  1000310700,1.0,NOS,0.0,0.5
BOM-0003,NEO PRIME 140-635 TON (INJECTION UNIT GUIDE ROD TYPE) [1000310700],1.0,6160100100,DSG-01-3C2-D24 (YUKEN),140-635 TON  1000310700,1.0,NOS,0.0,0.5
BOM-0003,NEO PRIME 140-635 TON (INJECTION UNIT GUIDE ROD TYPE) [1000310700],1.0,6160100400,DSG-03-3C2-D24 (YUKEN),140-635 TON  1000310700,1.0,NOS,0.0,0.5
BOM-0003,NEO PRIME 140-635 TON (INJECTION UNIT GUIDE ROD TYPE) [1000310700],1.0,6160100200,DSG-01-3C4-D24 (YUKEN),140-635 TON  1000310700,1.0,NOS,0.0,0.5
BOM-0003,NEO PRIME 140-635 TON (INJECTION UNIT GUIDE ROD TYPE) [1000310700],1.0,6160100500,DSG-03-3C4-D24 (YUKEN),140-635 TON  1000310700,1.0,NOS,0.0,0.5
BOM-0003,NEO PRIME 140-635 TON (INJECTION UNIT GUIDE ROD TYPE) [1000310700],1.0,6160100300,DSG-01-2B2B-D24 (YUKEN),140-635 TON  1000310700,1.0,NOS,0.0,0.5
BOM-0003,NEO PRIME 140-635 TON (INJECTION UNIT GUIDE ROD TYPE) [1000310700],1.0,6160100800,DIRECTION CONTROL VALVE - 4 WEH 16 E7,140-635 TON  1000310700,1.0,NOS,0.0,0.5
BOM-0003,NEO PRIME 140-635 TON (INJECTION UNIT GUIDE ROD TYPE) [1000310700],1.0,6160100900,DIRECTION CONTROL VALVE - 4 WEH 16 L7,140-635 TON  1000310700,1.0,NOS,0.0,0.5
BOM-0003,NEO PRIME 140-635 TON (INJECTION UNIT GUIDE ROD TYPE) [1000310700],1.0,6160101000,DIRECTION CONTROL VALVE - 4 WEH 16 EA,140-635 TON  1000310700,1.0,NOS,0.0,0.5
BOM-0003,NEO PRIME 140-635 TON (INJECTION UNIT GUIDE ROD TYPE) [1000310700],1.0,6170100100,PRESSURE RELIEF VALVE - BG-03-HP32 (YUKEN),140-635 TON  1000310700,1.0,NOS,0.0,0.5
BOM-0003,NEO PRIME 140-635 TON (INJECTION UNIT GUIDE ROD TYPE) [1000310700],1.0,6170100200,PRESSURE RELIEF VALVE - BG-06-P32 (YUKEN),140-635 TON  1000310700,1.0,NOS,0.0,0.5
BOM-0003,NEO PRIME 140-635 TON (INJECTION UNIT GUIDE ROD TYPE) [1000310700],1.0,6180100100,PILOT OPERATED CHECK VALVE - MPA-01-4-40H01 (YUKEN),140-635 TON  1000310700,1.0,NOS,0.0,0.5
BOM-0003,NEO PRIME 140-635 TON (INJECTION UNIT GUIDE ROD TYPE) [1000310700],1.0,6180100200,PILOT OPERATED CHECK VALVE - MPA-03-4-20H01 (YUKEN),140-635 TON  1000310700,1.0,NOS,0.0,0.5
BOM-0003,NEO PRIME 140-635 TON (INJECTION UNIT GUIDE ROD TYPE) [1000310700],1.0,6240100100,"PRESSURE GAUG 0-420 BAR BACK CONNECTION (2-1/2"")",140-635 TON  1000310700,2.0,NOS,0.0,0.5
BOM-0003,NEO PRIME 140-635 TON (INJECTION UNIT GUIDE ROD TYPE) [1000310700],1.0,6010400200,SERVO SYSTEM - 100 LPM (JAKSH),140-635 TON  1000310700,1.0,NOS,0.0,0.5
BOM-0003,NEO PRIME 140-635 TON (INJECTION UNIT GUIDE ROD TYPE) [1000310700],1.0,6020100100,PANEL SERVO-90 B&R,140-635 TON  1000310700,1.0,NOS,0.0,0.5
BOM-0003,NEO PRIME 140-635 TON (INJECTION UNIT GUIDE ROD TYPE) [1000310700],1.0,6030100300,PANEL SERVO-140 B&R,140-635 TON  1000310700,1.0,NOS,0.0,0.5
BOM-0003,NEO PRIME 140-635 TON (INJECTION UNIT GUIDE ROD TYPE) [1000310700],1.0,6210100130,LINEAR LT-M-130,140-635 TON  1000310700,1.0,NOS,0.0,0.5
BOM-0003,NEO PRIME 140-635 TON (INJECTION UNIT GUIDE ROD TYPE) [1000310700],1.0,6210100225,LINEAR LT-M-225,140-635 TON  1000310700,1.0,NOS,0.0,0.5
BOM-0003,NEO PRIME 140-635 TON (INJECTION UNIT GUIDE ROD TYPE) [1000310700],1.0,6210100375,LINEAR LT-M-375,140-635 TON  1000310700,1.0,NOS,0.0,0.5
BOM-0003,NEO PRIME 140-635 TON (INJECTION UNIT GUIDE ROD TYPE) [1000310700],1.0,6220100100,LIMIT SWITCH SNAP ACTION - PC 603,140-635 TON  1000310700,4.0,NOS,0.0,0.5
BOM-0003,NEO PRIME 140-635 TON (INJECTION UNIT GUIDE ROD TYPE) [1000310700],1.0,6220200100,LIMIT SWITCH ROLLER LEVER - FTN-139Z11,140-635 TON  1000310700,3.0,NOS,0.0,0.5
BOM-0003,NEO PRIME 140-635 TON (INJECTION UNIT GUIDE ROD TYPE) [1000310700],1.0,7340100200,HYDRAULIC PIPE CLAMP - 25 MM,140-635 TON  1000310700,6.0,NOS,0.0,0.5
BOM-0003,NEO PRIME 140-635 TON (INJECTION UNIT GUIDE ROD TYPE) [1000310700],1.0,6150100300,Ø105x145 CERAMIC HEATER WITH COVER,140-635 TON  1000310700,6.0,NOS,0.0,0.5
BOM-0003,NEO PRIME 140-635 TON (INJECTION UNIT GUIDE ROD TYPE) [1000310700],1.0,6150200300,Ø105x40 MICA HEATER,140-635 TON  1000310700,1.0,NOS,0.0,0.5
BOM-0003,NEO PRIME 140-635 TON (INJECTION UNIT GUIDE ROD TYPE) [1000310700],1.0,6150300300,Ø60x60 MICA HEATER SIDE CUT,140-635 TON  1000310700,1.0,NOS,0.0,0.5
BOM-0003,NEO PRIME 140-635 TON (INJECTION UNIT GUIDE ROD TYPE) [1000310700],1.0,6150400100,Ø30x30 COIL HEATER,140-635 TON  1000310700,1.0,NOS,0.0,0.5
BOM-0003,NEO PRIME 140-635 TON (INJECTION UNIT GUIDE ROD TYPE) [1000310700],1.0,6141100100,"THERMO COUPLE SENSOR 
(K TYPE L SHAPE ISOLATED 1 MTR)",140-635 TON  1000310700,3.0,NOS,0.0,0.5
BOM-0003,NEO PRIME 140-635 TON (INJECTION UNIT GUIDE ROD TYPE) [1000310700],1.0,6141200100,"THERMO COUPLE SENSOR
BUTTERFLY TYPE 1/4 BSP K TYPE ISOLATED 1.5 MTR",140-635 TON  1000310700,1.0,NOS,0.0,0.5
BOM-0003,NEO PRIME 140-635 TON (INJECTION UNIT GUIDE ROD TYPE) [1000310700],1.0,7330200100,MOTOR MOUNTING PAD Ø60 X M10 X 40LG,140-635 TON  1000310700,4.0,NOS,0.0,0.5
BOM-0003,NEO PRIME 140-635 TON (INJECTION UNIT GUIDE ROD TYPE) [1000310700],1.0,7910500100,PLASTIC CAN HDPE-3 LITER (WHITE),140-635 TON  1000310700,1.0,NOS,0.0,0.5
BOM-0003,NEO PRIME 140-635 TON (INJECTION UNIT GUIDE ROD TYPE) [1000310700],1.0,7910300100,ANTI VIBRATION RUBBER PAD - Ø125,140-635 TON  1000310700,4.0,NOS,0.0,0.5
BOM-0004,NEO PRIME 170-905 TON (INJECTION UNIT GUIDE ROD TYPE) [1000311000],1.0,1000110400,TOGGLE TYPE LOCKING UNIT-170 TON,170-905 TON  1000311000,1.0,NOS,0.0,0.5
BOM-0004,NEO PRIME 170-905 TON (INJECTION UNIT GUIDE ROD TYPE) [1000311000],1.0,1000210400,GUIDE ROD TYPE INJECTION UNIT-905,170-905 TON  1000311000,1.0,NOS,0.0,0.5
BOM-0004,NEO PRIME 170-905 TON (INJECTION UNIT GUIDE ROD TYPE) [1000311000],1.0,3000004000,BASE FRAME ASSY - 170TON  (635/905),170-905 TON  1000311000,1.0,NOS,0.0,0.5
BOM-0004,NEO PRIME 170-905 TON (INJECTION UNIT GUIDE ROD TYPE) [1000311000],1.0,3000004200,INJECTION FRAME ASSY - 170-905 (GUIDE ROD TYPE),170-905 TON  1000311000,1.0,NOS,0.0,0.5
BOM-0004,NEO PRIME 170-905 TON (INJECTION UNIT GUIDE ROD TYPE) [1000311000],1.0,2000302500,SCREW BARREL ASSY - 50-905,170-905 TON  1000311000,1.0,NOS,0.0,0.5
BOM-0004,NEO PRIME 170-905 TON (INJECTION UNIT GUIDE ROD TYPE) [1000311000],1.0,2000302700,OIL TANK ASSY - 170 TON - 400LTR,170-905 TON  1000311000,1.0,NOS,0.0,0.5
BOM-0004,NEO PRIME 170-905 TON (INJECTION UNIT GUIDE ROD TYPE) [1000311000],1.0,2000302800,SAFETY DOOR ASSY - 170 TON,170-905 TON  1000311000,1.0,NOS,0.0,0.5
BOM-0004,NEO PRIME 170-905 TON (INJECTION UNIT GUIDE ROD TYPE) [1000311000],1.0,2000302900,BASE FRAME GUARD SET - 170-905,170-905 TON  1000311000,1.0,NOS,0.0,0.5
BOM-0004,NEO PRIME 170-905 TON (INJECTION UNIT GUIDE ROD TYPE) [1000311000],1.0,2000303000,SEAMLESS PIPE SET - 170-905,170-905 TON  1000311000,1.0,NOS,0.0,0.5
BOM-0004,NEO PRIME 170-905 TON (INJECTION UNIT GUIDE ROD TYPE) [1000311000],1.0,2000303100,HEAT EXCHANGER ASSY - 170 TON,170-905 TON  1000311000,1.0,NOS,0.0,0.5
BOM-0004,NEO PRIME 170-905 TON (INJECTION UNIT GUIDE ROD TYPE) [1000311000],1.0,2000303200,HOPPER ASSY - 50KG,170-905 TON  1000311000,1.0,NOS,0.0,0.5
BOM-0004,NEO PRIME 170-905 TON (INJECTION UNIT GUIDE ROD TYPE) [1000311000],1.0,7000101600,FASTENER KIT MAIN MACHINE - 170-905,170-905 TON  1000311000,1.0,NOS,0.0,0.5
BOM-0004,NEO PRIME 170-905 TON (INJECTION UNIT GUIDE ROD TYPE) [1000311000],1.0,7000200400,NIPPLE KIT - 170-905,170-905 TON  1000311000,1.0,NOS,0.0,0.5
BOM-0004,NEO PRIME 170-905 TON (INJECTION UNIT GUIDE ROD TYPE) [1000311000],1.0,7000300400,HOSE PIPE KIT - 170-905,170-905 TON  1000311000,1.0,NOS,0.0,0.5
BOM-0004,NEO PRIME 170-905 TON (INJECTION UNIT GUIDE ROD TYPE) [1000311000],1.0,7000400100,LUBR PUMP SYSTEM,170-905 TON  1000311000,1.0,NOS,0.0,0.5
BOM-0004,NEO PRIME 170-905 TON (INJECTION UNIT GUIDE ROD TYPE) [1000311000],1.0,3000004300,WELDING HOSE PIPE NIPPLE FLANGE ASSY - 3'',170-905 TON  1000311000,1.0,NOS,0.0,0.5
BOM-0004,NEO PRIME 170-905 TON (INJECTION UNIT GUIDE ROD TYPE) [1000311000],1.0,3000000500,PLC BOX FB ASSY - B&R,170-905 TON  1000311000,1.0,NOS,0.0,0.5
BOM-0004,NEO PRIME 170-905 TON (INJECTION UNIT GUIDE ROD TYPE) [1000311000],1.0,3000000600,LOCKING UNIT JUNCTION BOX OP FB ASSY,170-905 TON  1000311000,1.0,NOS,0.0,0.5
BOM-0004,NEO PRIME 170-905 TON (INJECTION UNIT GUIDE ROD TYPE) [1000311000],1.0,3000000700,LOCKING UNIT JUNCTION BOX NOP FB ASSY,170-905 TON  1000311000,1.0,NOS,0.0,0.5
BOM-0004,NEO PRIME 170-905 TON (INJECTION UNIT GUIDE ROD TYPE) [1000311000],1.0,3000000800,HEATER WIRE JUNCTION BOX FB ASSY,170-905 TON  1000311000,1.0,NOS,0.0,0.5
BOM-0004,NEO PRIME 170-905 TON (INJECTION UNIT GUIDE ROD TYPE) [1000311000],1.0,3000004400,HYDRO MOTOR PIPE CLAMP MTG FB ASSY-905,170-905 TON  1000311000,1.0,NOS,0.0,0.5
BOM-0004,NEO PRIME 170-905 TON (INJECTION UNIT GUIDE ROD TYPE) [1000311000],1.0,3000004500,LOCKING UNIT LINEAR MTG BRACKET - 170 TON,170-905 TON  1000311000,1.0,NOS,0.0,0.5
BOM-0004,NEO PRIME 170-905 TON (INJECTION UNIT GUIDE ROD TYPE) [1000311000],1.0,4110017400,INJECTION MANIFOLD - NG16,170-905 TON  1000311000,1.0,NOS,0.0,0.5
BOM-0004,NEO PRIME 170-905 TON (INJECTION UNIT GUIDE ROD TYPE) [1000311000],1.0,4110017500,LOCKING MANIFOLD NG16-NG6-NG6,170-905 TON  1000311000,1.0,NOS,0.0,0.5
BOM-0004,NEO PRIME 170-905 TON (INJECTION UNIT GUIDE ROD TYPE) [1000311000],1.0,4110017600,EJECTOR MANIFOLD NG10,170-905 TON  1000311000,1.0,NOS,0.0,0.5
BOM-0004,NEO PRIME 170-905 TON (INJECTION UNIT GUIDE ROD TYPE) [1000311000],1.0,4110006600,PRESSURE MANIFOLD BG06,170-905 TON  1000311000,1.0,NOS,0.0,0.5
BOM-0004,NEO PRIME 170-905 TON (INJECTION UNIT GUIDE ROD TYPE) [1000311000],1.0,4110023100,EJECTOR ROD - 170 TON,170-905 TON  1000311000,1.0,NOS,0.0,0.5
BOM-0004,NEO PRIME 170-905 TON (INJECTION UNIT GUIDE ROD TYPE) [1000311000],1.0,4110023200,NOZZLE CYLINDER EXTENSION ROD 170-905,170-905 TON  1000311000,2.0,NOS,0.0,0.5
BOM-0004,NEO PRIME 170-905 TON (INJECTION UNIT GUIDE ROD TYPE) [1000311000],1.0,4110006900,NOZZLE CYLINDER EXTENSION ROD MTG,170-905 TON  1000311000,2.0,NOS,0.0,0.5
BOM-0004,NEO PRIME 170-905 TON (INJECTION UNIT GUIDE ROD TYPE) [1000311000],1.0,4110007000,NOZZLE CYLINDER EXTENSION ROD MTG BUSH,170-905 TON  1000311000,2.0,NOS,0.0,0.5
BOM-0004,NEO PRIME 170-905 TON (INJECTION UNIT GUIDE ROD TYPE) [1000311000],1.0,4110007100,NOZZLE CYLINDER STOP LIMIT SWITCH OPERATING PIN,170-905 TON  1000311000,1.0,NOS,0.0,0.5
BOM-0004,NEO PRIME 170-905 TON (INJECTION UNIT GUIDE ROD TYPE) [1000311000],1.0,4110007200,NOZZLE CYLINDER STOP SLIDER,170-905 TON  1000311000,1.0,NOS,0.0,0.5
BOM-0004,NEO PRIME 170-905 TON (INJECTION UNIT GUIDE ROD TYPE) [1000311000],1.0,4110007300,INJECTION UNIT SETTING BLOCK,170-905 TON  1000311000,2.0,NOS,0.0,0.5
BOM-0004,NEO PRIME 170-905 TON (INJECTION UNIT GUIDE ROD TYPE) [1000311000],1.0,4110007400,INJECTION FRAME MTG BOLT M27 X 35LG,170-905 TON  1000311000,4.0,NOS,0.0,0.5
BOM-0004,NEO PRIME 170-905 TON (INJECTION UNIT GUIDE ROD TYPE) [1000311000],1.0,4110007500,INJECTION GUARD MTG STUD,170-905 TON  1000311000,4.0,NOS,0.0,0.5
BOM-0004,NEO PRIME 170-905 TON (INJECTION UNIT GUIDE ROD TYPE) [1000311000],1.0,4110023300,CROSS HEAD LIMIT SWITCH OPERATING PIN-170,170-905 TON  1000311000,1.0,NOS,0.0,0.5
BOM-0004,NEO PRIME 170-905 TON (INJECTION UNIT GUIDE ROD TYPE) [1000311000],1.0,4110018000,MOLD HEIGHT STOP LIMIT SWITCH OPERATING PIN-140 TON,170-905 TON  1000311000,2.0,NOS,0.0,0.5
BOM-0004,NEO PRIME 170-905 TON (INJECTION UNIT GUIDE ROD TYPE) [1000311000],1.0,4110023400,INJECTION MANIFOLD MTG PLATE - 905,170-905 TON  1000311000,1.0,NOS,0.0,0.5
BOM-0004,NEO PRIME 170-905 TON (INJECTION UNIT GUIDE ROD TYPE) [1000311000],1.0,4110018200,INJECTION MANIFOLD MTG STRIP - 635,170-905 TON  1000311000,2.0,NOS,0.0,0.5
BOM-0004,NEO PRIME 170-905 TON (INJECTION UNIT GUIDE ROD TYPE) [1000311000],1.0,4110008000,GREASE PUMP MOUNTING PLATE,170-905 TON  1000311000,1.0,NOS,0.0,0.5
BOM-0004,NEO PRIME 170-905 TON (INJECTION UNIT GUIDE ROD TYPE) [1000311000],1.0,3130800100,JUNCTION BOX COVER,170-905 TON  1000311000,2.0,NOS,0.0,0.5
BOM-0004,NEO PRIME 170-905 TON (INJECTION UNIT GUIDE ROD TYPE) [1000311000],1.0,3130800200,PLC BOX COVER,170-905 TON  1000311000,1.0,NOS,0.0,0.5
BOM-0004,NEO PRIME 170-905 TON (INJECTION UNIT GUIDE ROD TYPE) [1000311000],1.0,3130800300,HEATER WIRE JUNCTION BOX COVER,170-905 TON  1000311000,1.0,NOS,0.0,0.5
BOM-0004,NEO PRIME 170-905 TON (INJECTION UNIT GUIDE ROD TYPE) [1000311000],1.0,3131100100,PLC BOX  MTG TOP BRACKET,170-905 TON  1000311000,1.0,NOS,0.0,0.5
BOM-0004,NEO PRIME 170-905 TON (INJECTION UNIT GUIDE ROD TYPE) [1000311000],1.0,3131100200,PLC BOX MTG BOTTOM BRACKET,170-905 TON  1000311000,1.0,NOS,0.0,0.5
BOM-0004,NEO PRIME 170-905 TON (INJECTION UNIT GUIDE ROD TYPE) [1000311000],1.0,3131100300,"MOLD HEIGHT STOP LIMIT SWITCH 
OPERATING PIN MTG BRACKET",170-905 TON  1000311000,2.0,NOS,0.0,0.5
BOM-0004,NEO PRIME 170-905 TON (INJECTION UNIT GUIDE ROD TYPE) [1000311000],1.0,3131100400,MOLD HEIGHT STOP LIMIT SWITCH MTG BRACKET,170-905 TON  1000311000,1.0,NOS,0.0,0.5
BOM-0004,NEO PRIME 170-905 TON (INJECTION UNIT GUIDE ROD TYPE) [1000311000],1.0,3131100500,CROSS HEAD LOCKING LIMIT STOP PIN MTG BRACKET,170-905 TON  1000311000,1.0,NOS,0.0,0.5
BOM-0004,NEO PRIME 170-905 TON (INJECTION UNIT GUIDE ROD TYPE) [1000311000],1.0,3131100600,TOGGLE LIMIT SWITCH MTG BRACKET,170-905 TON  1000311000,1.0,NOS,0.0,0.5
BOM-0004,NEO PRIME 170-905 TON (INJECTION UNIT GUIDE ROD TYPE) [1000311000],1.0,3131100700,EJECTOR LINEAR MTG BRACKET,170-905 TON  1000311000,1.0,NOS,0.0,0.5
BOM-0004,NEO PRIME 170-905 TON (INJECTION UNIT GUIDE ROD TYPE) [1000311000],1.0,3131100800,HEATER WIRE JUNCTION BOX MTG BRACKET,170-905 TON  1000311000,1.0,NOS,0.0,0.5
BOM-0004,NEO PRIME 170-905 TON (INJECTION UNIT GUIDE ROD TYPE) [1000311000],1.0,3131100900,HYD MOTOR RPM PROXY SENSOR MTG BRACKET,170-905 TON  1000311000,1.0,NOS,0.0,0.5
BOM-0004,NEO PRIME 170-905 TON (INJECTION UNIT GUIDE ROD TYPE) [1000311000],1.0,3131101600,INJECTION LINEAR MOUNTING BRACKET - 905,170-905 TON  1000311000,1.0,NOS,0.0,0.5
BOM-0004,NEO PRIME 170-905 TON (INJECTION UNIT GUIDE ROD TYPE) [1000311000],1.0,3131101100,INJECTION LINEAR SHAFT MTG BRACKET - 280,170-905 TON  1000311000,1.0,NOS,0.0,0.5
BOM-0004,NEO PRIME 170-905 TON (INJECTION UNIT GUIDE ROD TYPE) [1000311000],1.0,3131101200,NOZZLE CYLINDER LIMIT SWITCH PIN MTG BRACKET,170-905 TON  1000311000,1.0,NOS,0.0,0.5
BOM-0004,NEO PRIME 170-905 TON (INJECTION UNIT GUIDE ROD TYPE) [1000311000],1.0,3131101300,NOZZLE CYLINDER STOP LIMIT SWITCH MTG BRACKET,170-905 TON  1000311000,1.0,NOS,0.0,0.5
BOM-0004,NEO PRIME 170-905 TON (INJECTION UNIT GUIDE ROD TYPE) [1000311000],1.0,3131300400,INJECTION GUARD SUPPORT BRACKET - 905,170-905 TON  1000311000,1.0,NOS,0.0,0.5
BOM-0004,NEO PRIME 170-905 TON (INJECTION UNIT GUIDE ROD TYPE) [1000311000],1.0,6160100100,DSG-01-3C2-D24 (YUKEN),170-905 TON  1000311000,1.0,NOS,0.0,0.5
BOM-0004,NEO PRIME 170-905 TON (INJECTION UNIT GUIDE ROD TYPE) [1000311000],1.0,6160100400,DSG-03-3C2-D24 (YUKEN),170-905 TON  1000311000,1.0,NOS,0.0,0.5
BOM-0004,NEO PRIME 170-905 TON (INJECTION UNIT GUIDE ROD TYPE) [1000311000],1.0,6160100200,DSG-01-3C4-D24 (YUKEN),170-905 TON  1000311000,1.0,NOS,0.0,0.5
BOM-0004,NEO PRIME 170-905 TON (INJECTION UNIT GUIDE ROD TYPE) [1000311000],1.0,6160100500,DSG-03-3C4-D24 (YUKEN),170-905 TON  1000311000,1.0,NOS,0.0,0.5
BOM-0004,NEO PRIME 170-905 TON (INJECTION UNIT GUIDE ROD TYPE) [1000311000],1.0,6160100300,DSG-01-2B2B-D24 (YUKEN),170-905 TON  1000311000,1.0,NOS,0.0,0.5
BOM-0004,NEO PRIME 170-905 TON (INJECTION UNIT GUIDE ROD TYPE) [1000311000],1.0,6160100800,DIRECTION CONTROL VALVE - 4 WEH 16 E7,170-905 TON  1000311000,1.0,NOS,0.0,0.5
BOM-0004,NEO PRIME 170-905 TON (INJECTION UNIT GUIDE ROD TYPE) [1000311000],1.0,6160100900,DIRECTION CONTROL VALVE - 4 WEH 16 L7,170-905 TON  1000311000,1.0,NOS,0.0,0.5
BOM-0004,NEO PRIME 170-905 TON (INJECTION UNIT GUIDE ROD TYPE) [1000311000],1.0,6160101000,DIRECTION CONTROL VALVE - 4 WEH 16 EA,170-905 TON  1000311000,1.0,NOS,0.0,0.5
BOM-0004,NEO PRIME 170-905 TON (INJECTION UNIT GUIDE ROD TYPE) [1000311000],1.0,6170100100,PRESSURE RELIEF VALVE - BG-03-HP32 (YUKEN),170-905 TON  1000311000,1.0,NOS,0.0,0.5
BOM-0004,NEO PRIME 170-905 TON (INJECTION UNIT GUIDE ROD TYPE) [1000311000],1.0,6170100200,PRESSURE RELIEF VALVE - BG-06-P32 (YUKEN),170-905 TON  1000311000,1.0,NOS,0.0,0.5
BOM-0004,NEO PRIME 170-905 TON (INJECTION UNIT GUIDE ROD TYPE) [1000311000],1.0,6180100100,PILOT OPERATED CHECK VALVE - MPA-01-4-40H01 (YUKEN),170-905 TON  1000311000,1.0,NOS,0.0,0.5
BOM-0004,NEO PRIME 170-905 TON (INJECTION UNIT GUIDE ROD TYPE) [1000311000],1.0,6180100200,PILOT OPERATED CHECK VALVE - MPA-03-4-20H01 (YUKEN),170-905 TON  1000311000,1.0,NOS,0.0,0.5
BOM-0004,NEO PRIME 170-905 TON (INJECTION UNIT GUIDE ROD TYPE) [1000311000],1.0,6240100100,"PRESSURE GAUG 0-420 BAR BACK CONNECTION (2-1/2"")",170-905 TON  1000311000,2.0,NOS,0.0,0.5
BOM-0004,NEO PRIME 170-905 TON (INJECTION UNIT GUIDE ROD TYPE) [1000311000],1.0,6010400300,SERVO SYSTEM - 140 LPM (JAKSH),170-905 TON  1000311000,1.0,NOS,0.0,0.5
BOM-0004,NEO PRIME 170-905 TON (INJECTION UNIT GUIDE ROD TYPE) [1000311000],1.0,6020100100,PANEL SERVO-90 B&R,170-905 TON  1000311000,1.0,NOS,0.0,0.5
BOM-0004,NEO PRIME 170-905 TON (INJECTION UNIT GUIDE ROD TYPE) [1000311000],1.0,6030100400,PANEL SERVO-170 B&R,170-905 TON  1000311000,1.0,NOS,0.0,0.5
BOM-0004,NEO PRIME 170-905 TON (INJECTION UNIT GUIDE ROD TYPE) [1000311000],1.0,6210100150,LINEAR LT-M-150,170-905 TON  1000311000,1.0,NOS,0.0,0.5
BOM-0004,NEO PRIME 170-905 TON (INJECTION UNIT GUIDE ROD TYPE) [1000311000],1.0,6210100275,LINEAR LT-M-275,170-905 TON  1000311000,1.0,NOS,0.0,0.5
BOM-0004,NEO PRIME 170-905 TON (INJECTION UNIT GUIDE ROD TYPE) [1000311000],1.0,6210100425,LINEAR LT-M-450,170-905 TON  1000311000,1.0,NOS,0.0,0.5
BOM-0004,NEO PRIME 170-905 TON (INJECTION UNIT GUIDE ROD TYPE) [1000311000],1.0,6220100100,LIMIT SWITCH SNAP ACTION - PC 603,170-905 TON  1000311000,4.0,NOS,0.0,0.5
BOM-0004,NEO PRIME 170-905 TON (INJECTION UNIT GUIDE ROD TYPE) [1000311000],1.0,6220200100,LIMIT SWITCH ROLLER LEVER - FTN-139Z11,170-905 TON  1000311000,3.0,NOS,0.0,0.5
BOM-0004,NEO PRIME 170-905 TON (INJECTION UNIT GUIDE ROD TYPE) [1000311000],1.0,7340100200,HYDRAULIC PIPE CLAMP - 25 MM,170-905 TON  1000311000,6.0,NOS,0.0,0.5
BOM-0004,NEO PRIME 170-905 TON (INJECTION UNIT GUIDE ROD TYPE) [1000311000],1.0,6150100400,Ø125x130 CERAMIC HEATER WITH COVER,170-905 TON  1000311000,8.0,NOS,0.0,0.5
BOM-0004,NEO PRIME 170-905 TON (INJECTION UNIT GUIDE ROD TYPE) [1000311000],1.0,6150200400,Ø125x40 MICA HEATER,170-905 TON  1000311000,1.0,NOS,0.0,0.5
BOM-0004,NEO PRIME 170-905 TON (INJECTION UNIT GUIDE ROD TYPE) [1000311000],1.0,6150200600,Ø40x40 MICA HEATER,170-905 TON  1000311000,1.0,NOS,0.0,0.5
BOM-0004,NEO PRIME 170-905 TON (INJECTION UNIT GUIDE ROD TYPE) [1000311000],1.0,6150300400,Ø75x50 MICA HEATER SIDE CUT,170-905 TON  1000311000,1.0,NOS,0.0,0.5
BOM-0004,NEO PRIME 170-905 TON (INJECTION UNIT GUIDE ROD TYPE) [1000311000],1.0,6141100100,"THERMO COUPLE SENSOR 
(K TYPE L SHAPE ISOLATED 1 MTR)",170-905 TON  1000311000,3.0,NOS,0.0,0.5
BOM-0004,NEO PRIME 170-905 TON (INJECTION UNIT GUIDE ROD TYPE) [1000311000],1.0,6141100200,"THERMO COUPLE SENSOR 
(K TYPE L SHAPE ISOLATED 1.5 MTR)",170-905 TON  1000311000,1.0,NOS,0.0,0.5
BOM-0004,NEO PRIME 170-905 TON (INJECTION UNIT GUIDE ROD TYPE) [1000311000],1.0,6141200200,"THERMO COUPLE SENSOR
BUTTERFLY TYPE 1/4 BSP K TYPE ISOLATED 2 MTR",170-905 TON  1000311000,1.0,NOS,0.0,0.5
BOM-0004,NEO PRIME 170-905 TON (INJECTION UNIT GUIDE ROD TYPE) [1000311000],1.0,7330200100,MOTOR MOUNTING PAD Ø60 X M10 X 40LG,170-905 TON  1000311000,4.0,NOS,0.0,0.5
BOM-0004,NEO PRIME 170-905 TON (INJECTION UNIT GUIDE ROD TYPE) [1000311000],1.0,7910500100,PLASTIC CAN HDPE-3 LITER (WHITE),170-905 TON  1000311000,1.0,NOS,0.0,0.5
BOM-0004,NEO PRIME 170-905 TON (INJECTION UNIT GUIDE ROD TYPE) [1000311000],1.0,7910300100,ANTI VIBRATION RUBBER PAD - Ø125,170-905 TON  1000311000,4.0,NOS,0.0,0.5
BOM-0005,NEO PRIME 200-1520 TON (INJECTION UNIT GUIDE ROD TYPE) [1000311300],1.0,1000110500,TOGGLE TYPE LOCKING UNIT-200 TON,200-1520 TON  1000311300,1.0,NOS,0.0,0.5
BOM-0005,NEO PRIME 200-1520 TON (INJECTION UNIT GUIDE ROD TYPE) [1000311300],1.0,1000210500,GUIDE ROD TYPE INJECTION UNIT-1520,200-1520 TON  1000311300,1.0,NOS,0.0,0.5
BOM-0005,NEO PRIME 200-1520 TON (INJECTION UNIT GUIDE ROD TYPE) [1000311300],1.0,3000005400,BASE FRAME ASSY - 200TON  (905/1520),200-1520 TON  1000311300,1.0,NOS,0.0,0.5
BOM-0005,NEO PRIME 200-1520 TON (INJECTION UNIT GUIDE ROD TYPE) [1000311300],1.0,3000005600,INJECTION FRAME ASSY - 200-1520 (GUIDE ROD TYPE),200-1520 TON  1000311300,1.0,NOS,0.0,0.5
BOM-0005,NEO PRIME 200-1520 TON (INJECTION UNIT GUIDE ROD TYPE) [1000311300],1.0,2000303400,SCREW BARREL ASSY - 60-1520,200-1520 TON  1000311300,1.0,NOS,0.0,0.5
BOM-0005,NEO PRIME 200-1520 TON (INJECTION UNIT GUIDE ROD TYPE) [1000311300],1.0,2000303600,OIL TANK ASSY - 200 TON - 400LTR,200-1520 TON  1000311300,1.0,NOS,0.0,0.5
BOM-0005,NEO PRIME 200-1520 TON (INJECTION UNIT GUIDE ROD TYPE) [1000311300],1.0,2000303700,SAFETY DOOR ASSY - 200 TON,200-1520 TON  1000311300,1.0,NOS,0.0,0.5
BOM-0005,NEO PRIME 200-1520 TON (INJECTION UNIT GUIDE ROD TYPE) [1000311300],1.0,2000303800,BASE FRAME GUARD SET - 200-1520,200-1520 TON  1000311300,1.0,NOS,0.0,0.5
BOM-0005,NEO PRIME 200-1520 TON (INJECTION UNIT GUIDE ROD TYPE) [1000311300],1.0,2000303900,SEAMLESS PIPE SET - 200-1520,200-1520 TON  1000311300,1.0,NOS,0.0,0.5
BOM-0005,NEO PRIME 200-1520 TON (INJECTION UNIT GUIDE ROD TYPE) [1000311300],1.0,2000303100,HEAT EXCHANGER ASSY - 170 TON,200-1520 TON  1000311300,1.0,NOS,0.0,0.5
BOM-0005,NEO PRIME 200-1520 TON (INJECTION UNIT GUIDE ROD TYPE) [1000311300],1.0,2000303200,HOPPER ASSY - 50KG,200-1520 TON  1000311300,1.0,NOS,0.0,0.5
BOM-0005,NEO PRIME 200-1520 TON (INJECTION UNIT GUIDE ROD TYPE) [1000311300],1.0,7000102100,FASTENER KIT MAIN MACHINE - 200-1520,200-1520 TON  1000311300,1.0,NOS,0.0,0.5
BOM-0005,NEO PRIME 200-1520 TON (INJECTION UNIT GUIDE ROD TYPE) [1000311300],1.0,7000200500,NIPPLE KIT - 200-1520,200-1520 TON  1000311300,1.0,NOS,0.0,0.5
BOM-0005,NEO PRIME 200-1520 TON (INJECTION UNIT GUIDE ROD TYPE) [1000311300],1.0,7000300500,HOSE PIPE KIT - 200-1520,200-1520 TON  1000311300,1.0,NOS,0.0,0.5
BOM-0005,NEO PRIME 200-1520 TON (INJECTION UNIT GUIDE ROD TYPE) [1000311300],1.0,7000400100,LUBR PUMP SYSTEM,200-1520 TON  1000311300,1.0,NOS,0.0,0.5
BOM-0005,NEO PRIME 200-1520 TON (INJECTION UNIT GUIDE ROD TYPE) [1000311300],1.0,3000004300,WELDING HOSE PIPE NIPPLE FLANGE ASSY - 3'',200-1520 TON  1000311300,1.0,NOS,0.0,0.5
BOM-0005,NEO PRIME 200-1520 TON (INJECTION UNIT GUIDE ROD TYPE) [1000311300],1.0,3000000500,PLC BOX FB ASSY - B&R,200-1520 TON  1000311300,1.0,NOS,0.0,0.5
BOM-0005,NEO PRIME 200-1520 TON (INJECTION UNIT GUIDE ROD TYPE) [1000311300],1.0,3000000600,LOCKING UNIT JUNCTION BOX OP FB ASSY,200-1520 TON  1000311300,1.0,NOS,0.0,0.5
BOM-0005,NEO PRIME 200-1520 TON (INJECTION UNIT GUIDE ROD TYPE) [1000311300],1.0,3000000700,LOCKING UNIT JUNCTION BOX NOP FB ASSY,200-1520 TON  1000311300,1.0,NOS,0.0,0.5
BOM-0005,NEO PRIME 200-1520 TON (INJECTION UNIT GUIDE ROD TYPE) [1000311300],1.0,3000000800,HEATER WIRE JUNCTION BOX FB ASSY,200-1520 TON  1000311300,1.0,NOS,0.0,0.5
BOM-0005,NEO PRIME 200-1520 TON (INJECTION UNIT GUIDE ROD TYPE) [1000311300],1.0,3000005700,HYDRO MOTOR PIPE CLAMP MTG FB ASSY-1520,200-1520 TON  1000311300,1.0,NOS,0.0,0.5
BOM-0005,NEO PRIME 200-1520 TON (INJECTION UNIT GUIDE ROD TYPE) [1000311300],1.0,3000005800,LOCKING UNIT LINEAR MTG BRACKET - 200 TON,200-1520 TON  1000311300,1.0,NOS,0.0,0.5
BOM-0005,NEO PRIME 200-1520 TON (INJECTION UNIT GUIDE ROD TYPE) [1000311300],1.0,4110017400,INJECTION MANIFOLD - NG16,200-1520 TON  1000311300,1.0,NOS,0.0,0.5
BOM-0005,NEO PRIME 200-1520 TON (INJECTION UNIT GUIDE ROD TYPE) [1000311300],1.0,4110017500,LOCKING MANIFOLD NG16-NG6-NG6,200-1520 TON  1000311300,1.0,NOS,0.0,0.5
BOM-0005,NEO PRIME 200-1520 TON (INJECTION UNIT GUIDE ROD TYPE) [1000311300],1.0,4110017600,EJECTOR MANIFOLD NG10,200-1520 TON  1000311300,1.0,NOS,0.0,0.5
BOM-0005,NEO PRIME 200-1520 TON (INJECTION UNIT GUIDE ROD TYPE) [1000311300],1.0,4110006600,PRESSURE MANIFOLD BG06,200-1520 TON  1000311300,1.0,NOS,0.0,0.5
BOM-0005,NEO PRIME 200-1520 TON (INJECTION UNIT GUIDE ROD TYPE) [1000311300],1.0,4110028100,EJECTOR ROD - 200 TON,200-1520 TON  1000311300,1.0,NOS,0.0,0.5
BOM-0005,NEO PRIME 200-1520 TON (INJECTION UNIT GUIDE ROD TYPE) [1000311300],1.0,4110028200,NOZZLE CYLINDER EXTENSION ROD 200-1520,200-1520 TON  1000311300,2.0,NOS,0.0,0.5
BOM-0005,NEO PRIME 200-1520 TON (INJECTION UNIT GUIDE ROD TYPE) [1000311300],1.0,4110006900,NOZZLE CYLINDER EXTENSION ROD MTG,200-1520 TON  1000311300,2.0,NOS,0.0,0.5
BOM-0005,NEO PRIME 200-1520 TON (INJECTION UNIT GUIDE ROD TYPE) [1000311300],1.0,4110007000,NOZZLE CYLINDER EXTENSION ROD MTG BUSH,200-1520 TON  1000311300,2.0,NOS,0.0,0.5
BOM-0005,NEO PRIME 200-1520 TON (INJECTION UNIT GUIDE ROD TYPE) [1000311300],1.0,4110007100,NOZZLE CYLINDER STOP LIMIT SWITCH OPERATING PIN,200-1520 TON  1000311300,1.0,NOS,0.0,0.5
BOM-0005,NEO PRIME 200-1520 TON (INJECTION UNIT GUIDE ROD TYPE) [1000311300],1.0,4110007200,NOZZLE CYLINDER STOP SLIDER,200-1520 TON  1000311300,1.0,NOS,0.0,0.5
BOM-0005,NEO PRIME 200-1520 TON (INJECTION UNIT GUIDE ROD TYPE) [1000311300],1.0,4110007300,INJECTION UNIT SETTING BLOCK,200-1520 TON  1000311300,2.0,NOS,0.0,0.5
BOM-0005,NEO PRIME 200-1520 TON (INJECTION UNIT GUIDE ROD TYPE) [1000311300],1.0,4110007400,INJECTION FRAME MTG BOLT M27 X 35LG,200-1520 TON  1000311300,4.0,NOS,0.0,0.5
BOM-0005,NEO PRIME 200-1520 TON (INJECTION UNIT GUIDE ROD TYPE) [1000311300],1.0,4110007500,INJECTION GUARD MTG STUD,200-1520 TON  1000311300,4.0,NOS,0.0,0.5
BOM-0005,NEO PRIME 200-1520 TON (INJECTION UNIT GUIDE ROD TYPE) [1000311300],1.0,4110028300,CROSS HEAD LIMIT SWITCH OPERATING PIN-200,200-1520 TON  1000311300,1.0,NOS,0.0,0.5
BOM-0005,NEO PRIME 200-1520 TON (INJECTION UNIT GUIDE ROD TYPE) [1000311300],1.0,4110018000,MOLD HEIGHT STOP LIMIT SWITCH OPERATING PIN-140 TON,200-1520 TON  1000311300,2.0,NOS,0.0,0.5
BOM-0005,NEO PRIME 200-1520 TON (INJECTION UNIT GUIDE ROD TYPE) [1000311300],1.0,4110028400,INJECTION MANIFOLD MTG PLATE - 1520,200-1520 TON  1000311300,1.0,NOS,0.0,0.5
BOM-0005,NEO PRIME 200-1520 TON (INJECTION UNIT GUIDE ROD TYPE) [1000311300],1.0,4110008000,GREASE PUMP MOUNTING PLATE,200-1520 TON  1000311300,1.0,NOS,0.0,0.5
BOM-0005,NEO PRIME 200-1520 TON (INJECTION UNIT GUIDE ROD TYPE) [1000311300],1.0,3130800100,JUNCTION BOX COVER,200-1520 TON  1000311300,2.0,NOS,0.0,0.5
BOM-0005,NEO PRIME 200-1520 TON (INJECTION UNIT GUIDE ROD TYPE) [1000311300],1.0,3130800200,PLC BOX COVER,200-1520 TON  1000311300,1.0,NOS,0.0,0.5
BOM-0005,NEO PRIME 200-1520 TON (INJECTION UNIT GUIDE ROD TYPE) [1000311300],1.0,3130800300,HEATER WIRE JUNCTION BOX COVER,200-1520 TON  1000311300,1.0,NOS,0.0,0.5
BOM-0005,NEO PRIME 200-1520 TON (INJECTION UNIT GUIDE ROD TYPE) [1000311300],1.0,3131100100,PLC BOX  MTG TOP BRACKET,200-1520 TON  1000311300,1.0,NOS,0.0,0.5
BOM-0005,NEO PRIME 200-1520 TON (INJECTION UNIT GUIDE ROD TYPE) [1000311300],1.0,3131100200,PLC BOX MTG BOTTOM BRACKET,200-1520 TON  1000311300,1.0,NOS,0.0,0.5
BOM-0005,NEO PRIME 200-1520 TON (INJECTION UNIT GUIDE ROD TYPE) [1000311300],1.0,3131100300,"MOLD HEIGHT STOP LIMIT SWITCH 
OPERATING PIN MTG BRACKET",200-1520 TON  1000311300,2.0,NOS,0.0,0.5
BOM-0005,NEO PRIME 200-1520 TON (INJECTION UNIT GUIDE ROD TYPE) [1000311300],1.0,3131100400,MOLD HEIGHT STOP LIMIT SWITCH MTG BRACKET,200-1520 TON  1000311300,1.0,NOS,0.0,0.5
BOM-0005,NEO PRIME 200-1520 TON (INJECTION UNIT GUIDE ROD TYPE) [1000311300],1.0,3131100500,CROSS HEAD LOCKING LIMIT STOP PIN MTG BRACKET,200-1520 TON  1000311300,1.0,NOS,0.0,0.5
BOM-0005,NEO PRIME 200-1520 TON (INJECTION UNIT GUIDE ROD TYPE) [1000311300],1.0,3131100600,TOGGLE LIMIT SWITCH MTG BRACKET,200-1520 TON  1000311300,1.0,NOS,0.0,0.5
BOM-0005,NEO PRIME 200-1520 TON (INJECTION UNIT GUIDE ROD TYPE) [1000311300],1.0,3131100700,EJECTOR LINEAR MTG BRACKET,200-1520 TON  1000311300,1.0,NOS,0.0,0.5
BOM-0005,NEO PRIME 200-1520 TON (INJECTION UNIT GUIDE ROD TYPE) [1000311300],1.0,3131100800,HEATER WIRE JUNCTION BOX MTG BRACKET,200-1520 TON  1000311300,1.0,NOS,0.0,0.5
BOM-0005,NEO PRIME 200-1520 TON (INJECTION UNIT GUIDE ROD TYPE) [1000311300],1.0,3131100900,HYD MOTOR RPM PROXY SENSOR MTG BRACKET,200-1520 TON  1000311300,1.0,NOS,0.0,0.5
BOM-0005,NEO PRIME 200-1520 TON (INJECTION UNIT GUIDE ROD TYPE) [1000311300],1.0,3131101700,INJECTION LINEAR MOUNTING BRACKET - 1520,200-1520 TON  1000311300,1.0,NOS,0.0,0.5
BOM-0005,NEO PRIME 200-1520 TON (INJECTION UNIT GUIDE ROD TYPE) [1000311300],1.0,3131101800,INJECTION LINEAR SHAFT MTG BRACKET - 1520,200-1520 TON  1000311300,1.0,NOS,0.0,0.5
BOM-0005,NEO PRIME 200-1520 TON (INJECTION UNIT GUIDE ROD TYPE) [1000311300],1.0,3131101200,NOZZLE CYLINDER LIMIT SWITCH PIN MTG BRACKET,200-1520 TON  1000311300,1.0,NOS,0.0,0.5
BOM-0005,NEO PRIME 200-1520 TON (INJECTION UNIT GUIDE ROD TYPE) [1000311300],1.0,3131101300,NOZZLE CYLINDER STOP LIMIT SWITCH MTG BRACKET,200-1520 TON  1000311300,1.0,NOS,0.0,0.5
BOM-0005,NEO PRIME 200-1520 TON (INJECTION UNIT GUIDE ROD TYPE) [1000311300],1.0,3131300500,INJECTION GUARD SUPPORT BRACKET - 1520,200-1520 TON  1000311300,1.0,NOS,0.0,0.5
BOM-0005,NEO PRIME 200-1520 TON (INJECTION UNIT GUIDE ROD TYPE) [1000311300],1.0,6160100100,DSG-01-3C2-D24 (YUKEN),200-1520 TON  1000311300,1.0,NOS,0.0,0.5
BOM-0005,NEO PRIME 200-1520 TON (INJECTION UNIT GUIDE ROD TYPE) [1000311300],1.0,6160100400,DSG-03-3C2-D24 (YUKEN),200-1520 TON  1000311300,1.0,NOS,0.0,0.5
BOM-0005,NEO PRIME 200-1520 TON (INJECTION UNIT GUIDE ROD TYPE) [1000311300],1.0,6160100200,DSG-01-3C4-D24 (YUKEN),200-1520 TON  1000311300,1.0,NOS,0.0,0.5
BOM-0005,NEO PRIME 200-1520 TON (INJECTION UNIT GUIDE ROD TYPE) [1000311300],1.0,6160100500,DSG-03-3C4-D24 (YUKEN),200-1520 TON  1000311300,1.0,NOS,0.0,0.5
BOM-0005,NEO PRIME 200-1520 TON (INJECTION UNIT GUIDE ROD TYPE) [1000311300],1.0,6160100300,DSG-01-2B2B-D24 (YUKEN),200-1520 TON  1000311300,1.0,NOS,0.0,0.5
BOM-0005,NEO PRIME 200-1520 TON (INJECTION UNIT GUIDE ROD TYPE) [1000311300],1.0,6160100800,DIRECTION CONTROL VALVE - 4 WEH 16 E7,200-1520 TON  1000311300,1.0,NOS,0.0,0.5
BOM-0005,NEO PRIME 200-1520 TON (INJECTION UNIT GUIDE ROD TYPE) [1000311300],1.0,6160100900,DIRECTION CONTROL VALVE - 4 WEH 16 L7,200-1520 TON  1000311300,1.0,NOS,0.0,0.5
BOM-0005,NEO PRIME 200-1520 TON (INJECTION UNIT GUIDE ROD TYPE) [1000311300],1.0,6160101000,DIRECTION CONTROL VALVE - 4 WEH 16 EA,200-1520 TON  1000311300,1.0,NOS,0.0,0.5
BOM-0005,NEO PRIME 200-1520 TON (INJECTION UNIT GUIDE ROD TYPE) [1000311300],1.0,6170100100,PRESSURE RELIEF VALVE - BG-03-HP32 (YUKEN),200-1520 TON  1000311300,1.0,NOS,0.0,0.5
BOM-0005,NEO PRIME 200-1520 TON (INJECTION UNIT GUIDE ROD TYPE) [1000311300],1.0,6170100200,PRESSURE RELIEF VALVE - BG-06-P32 (YUKEN),200-1520 TON  1000311300,1.0,NOS,0.0,0.5
BOM-0005,NEO PRIME 200-1520 TON (INJECTION UNIT GUIDE ROD TYPE) [1000311300],1.0,6180100100,PILOT OPERATED CHECK VALVE - MPA-01-4-40H01 (YUKEN),200-1520 TON  1000311300,1.0,NOS,0.0,0.5
BOM-0005,NEO PRIME 200-1520 TON (INJECTION UNIT GUIDE ROD TYPE) [1000311300],1.0,6180100200,PILOT OPERATED CHECK VALVE - MPA-03-4-20H01 (YUKEN),200-1520 TON  1000311300,1.0,NOS,0.0,0.5
BOM-0005,NEO PRIME 200-1520 TON (INJECTION UNIT GUIDE ROD TYPE) [1000311300],1.0,6240100100,"PRESSURE GAUG 0-420 BAR BACK CONNECTION (2-1/2"")",200-1520 TON  1000311300,2.0,NOS,0.0,0.5
BOM-0005,NEO PRIME 200-1520 TON (INJECTION UNIT GUIDE ROD TYPE) [1000311300],1.0,6010400400,SERVO SYSTEM - 180 LPM (JAKSH),200-1520 TON  1000311300,1.0,NOS,0.0,0.5
BOM-0005,NEO PRIME 200-1520 TON (INJECTION UNIT GUIDE ROD TYPE) [1000311300],1.0,6020100100,PANEL SERVO-90 B&R,200-1520 TON  1000311300,1.0,NOS,0.0,0.5
BOM-0005,NEO PRIME 200-1520 TON (INJECTION UNIT GUIDE ROD TYPE) [1000311300],1.0,6030100500,PANEL SERVO-200 B&R,200-1520 TON  1000311300,1.0,NOS,0.0,0.5
BOM-0005,NEO PRIME 200-1520 TON (INJECTION UNIT GUIDE ROD TYPE) [1000311300],1.0,6210100175,LINEAR LT-M-175,200-1520 TON  1000311300,1.0,NOS,0.0,0.5
BOM-0005,NEO PRIME 200-1520 TON (INJECTION UNIT GUIDE ROD TYPE) [1000311300],1.0,6210100300,LINEAR LT-M-300,200-1520 TON  1000311300,1.0,NOS,0.0,0.5
BOM-0005,NEO PRIME 200-1520 TON (INJECTION UNIT GUIDE ROD TYPE) [1000311300],1.0,6210100425,LINEAR LT-M-450,200-1520 TON  1000311300,1.0,NOS,0.0,0.5
BOM-0005,NEO PRIME 200-1520 TON (INJECTION UNIT GUIDE ROD TYPE) [1000311300],1.0,6220100100,LIMIT SWITCH SNAP ACTION - PC 603,200-1520 TON  1000311300,4.0,NOS,0.0,0.5
BOM-0005,NEO PRIME 200-1520 TON (INJECTION UNIT GUIDE ROD TYPE) [1000311300],1.0,6220200100,LIMIT SWITCH ROLLER LEVER - FTN-139Z11,200-1520 TON  1000311300,3.0,NOS,0.0,0.5
BOM-0005,NEO PRIME 200-1520 TON (INJECTION UNIT GUIDE ROD TYPE) [1000311300],1.0,7340100300,HYDRAULIC PIPE CLAMP - 30 MM,200-1520 TON  1000311300,4.0,NOS,0.0,0.5
BOM-0005,NEO PRIME 200-1520 TON (INJECTION UNIT GUIDE ROD TYPE) [1000311300],1.0,7340100200,HYDRAULIC PIPE CLAMP - 25 MM,200-1520 TON  1000311300,6.0,NOS,0.0,0.5
BOM-0005,NEO PRIME 200-1520 TON (INJECTION UNIT GUIDE ROD TYPE) [1000311300],1.0,6150100500,Ø135x150 CERAMIC HEATER WITH COVER,200-1520 TON  1000311300,8.0,NOS,0.0,0.5
BOM-0005,NEO PRIME 200-1520 TON (INJECTION UNIT GUIDE ROD TYPE) [1000311300],1.0,6150200500,Ø135x60 MICA HEATER,200-1520 TON  1000311300,1.0,NOS,0.0,0.5
BOM-0005,NEO PRIME 200-1520 TON (INJECTION UNIT GUIDE ROD TYPE) [1000311300],1.0,6150200600,Ø40x40 MICA HEATER,200-1520 TON  1000311300,1.0,NOS,0.0,0.5
BOM-0005,NEO PRIME 200-1520 TON (INJECTION UNIT GUIDE ROD TYPE) [1000311300],1.0,6150300400,Ø75x50 MICA HEATER SIDE CUT,200-1520 TON  1000311300,1.0,NOS,0.0,0.5
BOM-0005,NEO PRIME 200-1520 TON (INJECTION UNIT GUIDE ROD TYPE) [1000311300],1.0,6141100100,"THERMO COUPLE SENSOR 
(K TYPE L SHAPE ISOLATED 1 MTR)",200-1520 TON  1000311300,3.0,NOS,0.0,0.5
BOM-0005,NEO PRIME 200-1520 TON (INJECTION UNIT GUIDE ROD TYPE) [1000311300],1.0,6141100200,"THERMO COUPLE SENSOR 
(K TYPE L SHAPE ISOLATED 1.5 MTR)",200-1520 TON  1000311300,1.0,NOS,0.0,0.5
BOM-0005,NEO PRIME 200-1520 TON (INJECTION UNIT GUIDE ROD TYPE) [1000311300],1.0,6141200200,"THERMO COUPLE SENSOR
BUTTERFLY TYPE 1/4 BSP K TYPE ISOLATED 2 MTR",200-1520 TON  1000311300,1.0,NOS,0.0,0.5
BOM-0005,NEO PRIME 200-1520 TON (INJECTION UNIT GUIDE ROD TYPE) [1000311300],1.0,7330200100,MOTOR MOUNTING PAD Ø60 X M10 X 40LG,200-1520 TON  1000311300,4.0,NOS,0.0,0.5
BOM-0005,NEO PRIME 200-1520 TON (INJECTION UNIT GUIDE ROD TYPE) [1000311300],1.0,7910500100,PLASTIC CAN HDPE-3 LITER (WHITE),200-1520 TON  1000311300,1.0,NOS,0.0,0.5
BOM-0005,NEO PRIME 200-1520 TON (INJECTION UNIT GUIDE ROD TYPE) [1000311300],1.0,7910300100,ANTI VIBRATION RUBBER PAD - Ø125,200-1520 TON  1000311300,4.0,NOS,0.0,0.5
BOM-0006,(B-10138) TOGGLE TYPE LOCKING UNIT-90 TON [1000110100],1.0,2000110100,LOCKING CYLINDER ASSY - 90 TON (STOCK-295),B-10138  LOCKING UNIT-90 TON 10,1.0,NOS,0.0,0.5
BOM-0006,(B-10138) TOGGLE TYPE LOCKING UNIT-90 TON [1000110100],1.0,2000110200,EJECTOR CYLINDER ASSY - 90 TON (STOCK-85),B-10138  LOCKING UNIT-90 TON 10,1.0,NOS,0.0,0.5
BOM-0006,(B-10138) TOGGLE TYPE LOCKING UNIT-90 TON [1000110100],1.0,7000100200,FASTENER KIT LOCKING UNIT - 90 TON,B-10138  LOCKING UNIT-90 TON 10,1.0,NOS,0.0,0.5
BOM-0006,(B-10138) TOGGLE TYPE LOCKING UNIT-90 TON [1000110100],1.0,4110000100,STATIONARY PLATE TOGGLE - 90 TON,B-10138  LOCKING UNIT-90 TON 10,1.0,NOS,0.0,0.5
BOM-0006,(B-10138) TOGGLE TYPE LOCKING UNIT-90 TON [1000110100],1.0,4110000200,MOVING PLATE TOGGLE - 90 TON,B-10138  LOCKING UNIT-90 TON 10,1.0,NOS,0.0,0.5
BOM-0006,(B-10138) TOGGLE TYPE LOCKING UNIT-90 TON [1000110100],1.0,4110000300,END PLATE - 90 TON,B-10138  LOCKING UNIT-90 TON 10,1.0,NOS,0.0,0.5
BOM-0006,(B-10138) TOGGLE TYPE LOCKING UNIT-90 TON [1000110100],1.0,4110000400,EJECTOR PLATE - 90 TON,B-10138  LOCKING UNIT-90 TON 10,1.0,NOS,0.0,0.5
BOM-0006,(B-10138) TOGGLE TYPE LOCKING UNIT-90 TON [1000110100],1.0,4110000500,CROSS HEAD - 90 TON,B-10138  LOCKING UNIT-90 TON 10,1.0,NOS,0.0,0.5
BOM-0006,(B-10138) TOGGLE TYPE LOCKING UNIT-90 TON [1000110100],1.0,4110000600,CROSS HEAD LINK - 90 TON,B-10138  LOCKING UNIT-90 TON 10,2.0,NOS,0.0,0.5
BOM-0006,(B-10138) TOGGLE TYPE LOCKING UNIT-90 TON [1000110100],1.0,4110000700,BINARY LINK - 90 TON,B-10138  LOCKING UNIT-90 TON 10,2.0,NOS,0.0,0.5
BOM-0006,(B-10138) TOGGLE TYPE LOCKING UNIT-90 TON [1000110100],1.0,4110000800,TERNARY LINK - 90 TON,B-10138  LOCKING UNIT-90 TON 10,2.0,NOS,0.0,0.5
BOM-0006,(B-10138) TOGGLE TYPE LOCKING UNIT-90 TON [1000110100],1.0,4110000900,TERNARY LINK RH - 90 TON,B-10138  LOCKING UNIT-90 TON 10,1.0,NOS,0.0,0.5
BOM-0006,(B-10138) TOGGLE TYPE LOCKING UNIT-90 TON [1000110100],1.0,4110001000,TERNARY LINK LH - 90 TON,B-10138  LOCKING UNIT-90 TON 10,1.0,NOS,0.0,0.5
BOM-0006,(B-10138) TOGGLE TYPE LOCKING UNIT-90 TON [1000110100],1.0,4110001100,GEAR NUT RETAINER - 90 TON,B-10138  LOCKING UNIT-90 TON 10,4.0,NOS,0.0,0.5
BOM-0006,(B-10138) TOGGLE TYPE LOCKING UNIT-90 TON [1000110100],1.0,4110001200,DIE HEIGHT MOTOR MTG BRACKET - 90 TON,B-10138  LOCKING UNIT-90 TON 10,1.0,NOS,0.0,0.5
BOM-0006,(B-10138) TOGGLE TYPE LOCKING UNIT-90 TON [1000110100],1.0,4110001300,TIE BAR Ø65 - 90 TON TOGGLE,B-10138  LOCKING UNIT-90 TON 10,4.0,NOS,0.0,0.5
BOM-0006,(B-10138) TOGGLE TYPE LOCKING UNIT-90 TON [1000110100],1.0,4110001400,TIE BAR LOCATING PLATE - 90 TON,B-10138  LOCKING UNIT-90 TON 10,4.0,NOS,0.0,0.5
BOM-0006,(B-10138) TOGGLE TYPE LOCKING UNIT-90 TON [1000110100],1.0,4110001500,TOGGLE SMALL PIN Ø30 - 90 TON,B-10138  LOCKING UNIT-90 TON 10,4.0,NOS,0.0,0.5
BOM-0006,(B-10138) TOGGLE TYPE LOCKING UNIT-90 TON [1000110100],1.0,4110001600,TOGGLE SMALL PIN LOCKING STRIP – 90 TON,B-10138  LOCKING UNIT-90 TON 10,4.0,NOS,0.0,0.5
BOM-0006,(B-10138) TOGGLE TYPE LOCKING UNIT-90 TON [1000110100],1.0,4110001700,TOGGLE BIG PIN Ø55 - 90 TON,B-10138  LOCKING UNIT-90 TON 10,6.0,NOS,0.0,0.5
BOM-0006,(B-10138) TOGGLE TYPE LOCKING UNIT-90 TON [1000110100],1.0,4110001800,CROSS HEAD GUIDE ROD Ø45 - 90 TON,B-10138  LOCKING UNIT-90 TON 10,2.0,NOS,0.0,0.5
BOM-0006,(B-10138) TOGGLE TYPE LOCKING UNIT-90 TON [1000110100],1.0,4110001900,CROSS HEAD GUIDE ROD LOCATING PLATE - 90 TON,B-10138  LOCKING UNIT-90 TON 10,2.0,NOS,0.0,0.5
BOM-0006,(B-10138) TOGGLE TYPE LOCKING UNIT-90 TON [1000110100],1.0,4110002000,MOVING PLATE WIPER RETAINER - 90 TON,B-10138  LOCKING UNIT-90 TON 10,8.0,NOS,0.0,0.5
BOM-0006,(B-10138) TOGGLE TYPE LOCKING UNIT-90 TON [1000110100],1.0,4110002100,NOZZLE TIP LOCATING RING Ø160 - 90 TON,B-10138  LOCKING UNIT-90 TON 10,1.0,NOS,0.0,0.5
BOM-0006,(B-10138) TOGGLE TYPE LOCKING UNIT-90 TON [1000110100],1.0,4110002200,EJECTOR CYLINDER MTG PLATE - 90 TON,B-10138  LOCKING UNIT-90 TON 10,1.0,NOS,0.0,0.5
BOM-0006,(B-10138) TOGGLE TYPE LOCKING UNIT-90 TON [1000110100],1.0,4110002300,EJECTOR PLATE GUIDE ROD - 90 TON,B-10138  LOCKING UNIT-90 TON 10,4.0,NOS,0.0,0.5
BOM-0006,(B-10138) TOGGLE TYPE LOCKING UNIT-90 TON [1000110100],1.0,4110002400,MOLD HEIGHT ADJUSTMENT GEAR - 90 TON (MODULE-3 TEETH-18),B-10138  LOCKING UNIT-90 TON 10,1.0,NOS,0.0,0.5
BOM-0006,(B-10138) TOGGLE TYPE LOCKING UNIT-90 TON [1000110100],1.0,4110002500,SUN GEAR BEARING SUPPORT SHAFT,B-10138  LOCKING UNIT-90 TON 10,4.0,NOS,0.0,0.5
BOM-0006,(B-10138) TOGGLE TYPE LOCKING UNIT-90 TON [1000110100],1.0,4010100200,SUN GEAR - 90 TON (MODULE-3 TEETH-159),B-10138  LOCKING UNIT-90 TON 10,1.0,NOS,0.0,0.5
BOM-0006,(B-10138) TOGGLE TYPE LOCKING UNIT-90 TON [1000110100],1.0,4020100100,TIE BAR NUT M65 X 3 - 90 TON TOGGLE,B-10138  LOCKING UNIT-90 TON 10,4.0,NOS,0.0,0.5
BOM-0006,(B-10138) TOGGLE TYPE LOCKING UNIT-90 TON [1000110100],1.0,4010100800,GEAR NUT - 90 TON (MODULE-3 TEETH-46),B-10138  LOCKING UNIT-90 TON 10,4.0,NOS,0.0,0.5
BOM-0006,(B-10138) TOGGLE TYPE LOCKING UNIT-90 TON [1000110100],1.0,4030100100,GEAR NUT SPACER - 90 TON,B-10138  LOCKING UNIT-90 TON 10,12.0,NOS,0.0,0.5
BOM-0006,(B-10138) TOGGLE TYPE LOCKING UNIT-90 TON [1000110100],1.0,4030200100,SP WASHER Ø35 X Ø12.5 X 10 THK,B-10138  LOCKING UNIT-90 TON 10,4.0,NOS,0.0,0.5
BOM-0006,(B-10138) TOGGLE TYPE LOCKING UNIT-90 TON [1000110100],1.0,4040100100,MOVING PLATE BUSH Ø80 X Ø65 X 40LG - 90 TON,B-10138  LOCKING UNIT-90 TON 10,8.0,NOS,0.0,0.5
BOM-0006,(B-10138) TOGGLE TYPE LOCKING UNIT-90 TON [1000110100],1.0,4040100700,CROSS HEAD BUSH Ø55 X Ø45 X 30LG - 90 TON,B-10138  LOCKING UNIT-90 TON 10,4.0,NOS,0.0,0.5
BOM-0006,(B-10138) TOGGLE TYPE LOCKING UNIT-90 TON [1000110100],1.0,4040200100,TOGGLE SMALL GRAPHITE BUSH Ø40 X Ø30 X 55LG - 90 TON,B-10138  LOCKING UNIT-90 TON 10,4.0,NOS,0.0,0.5
BOM-0006,(B-10138) TOGGLE TYPE LOCKING UNIT-90 TON [1000110100],1.0,4040200700,TOGGLE BIG GRAPHITE BUSH Ø70 X Ø55 X 60LG - 90 TON,B-10138  LOCKING UNIT-90 TON 10,12.0,NOS,0.0,0.5
BOM-0006,(B-10138) TOGGLE TYPE LOCKING UNIT-90 TON [1000110100],1.0,7220100100,DU BUSH - 30 X 34 X 25 LG,B-10138  LOCKING UNIT-90 TON 10,4.0,NOS,0.0,0.5
BOM-0006,(B-10138) TOGGLE TYPE LOCKING UNIT-90 TON [1000110100],1.0,7270053065,PU WIPER SEAL - 65 X 73.6 X 5.3/7,B-10138  LOCKING UNIT-90 TON 10,8.0,NOS,0.0,0.5
BOM-0007,(B-10140) TOGGLE TYPE LOCKING UNIT-110 TON [1000110200],1.0,2000110300,LOCKING CYLINDER ASSY - 110 TON (STOCK-325),B-10140  LOCKING UNIT-110 TON 1,1.0,NOS,0.0,0.5
BOM-0007,(B-10140) TOGGLE TYPE LOCKING UNIT-110 TON [1000110200],1.0,2000110400,EJECTOR CYLINDER ASSY - 110 TON (STOCK-100),B-10140  LOCKING UNIT-110 TON 1,1.0,NOS,0.0,0.5
BOM-0007,(B-10140) TOGGLE TYPE LOCKING UNIT-110 TON [1000110200],1.0,7000100700,FASTENER KIT LOCKING UNIT - 110 TON,B-10140  LOCKING UNIT-110 TON 1,1.0,NOS,0.0,0.5
BOM-0007,(B-10140) TOGGLE TYPE LOCKING UNIT-110 TON [1000110200],1.0,4110008600,STATIONARY PLATE TOGGLE - 110 TON,B-10140  LOCKING UNIT-110 TON 1,1.0,NOS,0.0,0.5
BOM-0007,(B-10140) TOGGLE TYPE LOCKING UNIT-110 TON [1000110200],1.0,4110008700,MOVING PLATE TOGGLE - 110 TON,B-10140  LOCKING UNIT-110 TON 1,1.0,NOS,0.0,0.5
BOM-0007,(B-10140) TOGGLE TYPE LOCKING UNIT-110 TON [1000110200],1.0,4110008800,END PLATE - 110 TON,B-10140  LOCKING UNIT-110 TON 1,1.0,NOS,0.0,0.5
BOM-0007,(B-10140) TOGGLE TYPE LOCKING UNIT-110 TON [1000110200],1.0,4110000400,EJECTOR PLATE - 90 TON,B-10140  LOCKING UNIT-110 TON 1,1.0,NOS,0.0,0.5
BOM-0007,(B-10140) TOGGLE TYPE LOCKING UNIT-110 TON [1000110200],1.0,4110008900,CROSS HEAD - 110 TON,B-10140  LOCKING UNIT-110 TON 1,1.0,NOS,0.0,0.5
BOM-0007,(B-10140) TOGGLE TYPE LOCKING UNIT-110 TON [1000110200],1.0,4110009000,CROSS HEAD LINK - 110 TON,B-10140  LOCKING UNIT-110 TON 1,2.0,NOS,0.0,0.5
BOM-0007,(B-10140) TOGGLE TYPE LOCKING UNIT-110 TON [1000110200],1.0,4110009100,BINARY LINK - 110 TON,B-10140  LOCKING UNIT-110 TON 1,2.0,NOS,0.0,0.5
BOM-0007,(B-10140) TOGGLE TYPE LOCKING UNIT-110 TON [1000110200],1.0,4110009200,TERNARY LINK - 110 TON,B-10140  LOCKING UNIT-110 TON 1,2.0,NOS,0.0,0.5
BOM-0007,(B-10140) TOGGLE TYPE LOCKING UNIT-110 TON [1000110200],1.0,4110009300,TERNARY LINK RH - 110 TON,B-10140  LOCKING UNIT-110 TON 1,1.0,NOS,0.0,0.5
BOM-0007,(B-10140) TOGGLE TYPE LOCKING UNIT-110 TON [1000110200],1.0,4110009400,TERNARY LINK LH - 110 TON,B-10140  LOCKING UNIT-110 TON 1,1.0,NOS,0.0,0.5
BOM-0007,(B-10140) TOGGLE TYPE LOCKING UNIT-110 TON [1000110200],1.0,4110009500,GEAR NUT RETAINER - 110 TON,B-10140  LOCKING UNIT-110 TON 1,4.0,NOS,0.0,0.5
BOM-0007,(B-10140) TOGGLE TYPE LOCKING UNIT-110 TON [1000110200],1.0,4110001200,DIE HEIGHT MOTOR MTG BRACKET - 90 TON,B-10140  LOCKING UNIT-110 TON 1,1.0,NOS,0.0,0.5
BOM-0007,(B-10140) TOGGLE TYPE LOCKING UNIT-110 TON [1000110200],1.0,4110009600,TIE BAR Ø70 - 110 TON TOGGLE,B-10140  LOCKING UNIT-110 TON 1,4.0,NOS,0.0,0.5
BOM-0007,(B-10140) TOGGLE TYPE LOCKING UNIT-110 TON [1000110200],1.0,4110009700,TIE BAR LOCATING PLATE - 110 TON,B-10140  LOCKING UNIT-110 TON 1,4.0,NOS,0.0,0.5
BOM-0007,(B-10140) TOGGLE TYPE LOCKING UNIT-110 TON [1000110200],1.0,4110009800,TOGGLE SMALL PIN Ø35 - 110 TON,B-10140  LOCKING UNIT-110 TON 1,4.0,NOS,0.0,0.5
BOM-0007,(B-10140) TOGGLE TYPE LOCKING UNIT-110 TON [1000110200],1.0,4110009900,TOGGLE SMALL PIN LOCKING STRIP – 110 TON,B-10140  LOCKING UNIT-110 TON 1,4.0,NOS,0.0,0.5
BOM-0007,(B-10140) TOGGLE TYPE LOCKING UNIT-110 TON [1000110200],1.0,4110010000,TOGGLE BIG PIN Ø60 - 110 TON,B-10140  LOCKING UNIT-110 TON 1,6.0,NOS,0.0,0.5
BOM-0007,(B-10140) TOGGLE TYPE LOCKING UNIT-110 TON [1000110200],1.0,4110010100,CROSS HEAD GUIDE ROD Ø50 - 110 TON,B-10140  LOCKING UNIT-110 TON 1,2.0,NOS,0.0,0.5
BOM-0007,(B-10140) TOGGLE TYPE LOCKING UNIT-110 TON [1000110200],1.0,4110010200,CROSS HEAD GUIDE ROD LOCATING PLATE - 110 TON,B-10140  LOCKING UNIT-110 TON 1,2.0,NOS,0.0,0.5
BOM-0007,(B-10140) TOGGLE TYPE LOCKING UNIT-110 TON [1000110200],1.0,4110010300,MOVING PLATE WIPER RETAINER - 110 TON,B-10140  LOCKING UNIT-110 TON 1,8.0,NOS,0.0,0.5
BOM-0007,(B-10140) TOGGLE TYPE LOCKING UNIT-110 TON [1000110200],1.0,4110002100,NOZZLE TIP LOCATING RING Ø160 - 90 TON,B-10140  LOCKING UNIT-110 TON 1,1.0,NOS,0.0,0.5
BOM-0007,(B-10140) TOGGLE TYPE LOCKING UNIT-110 TON [1000110200],1.0,4110002200,EJECTOR CYLINDER MTG PLATE - 90 TON,B-10140  LOCKING UNIT-110 TON 1,1.0,NOS,0.0,0.5
BOM-0007,(B-10140) TOGGLE TYPE LOCKING UNIT-110 TON [1000110200],1.0,4110010400,EJECTOR PLATE GUIDE ROD - 110 TON,B-10140  LOCKING UNIT-110 TON 1,4.0,NOS,0.0,0.5
BOM-0007,(B-10140) TOGGLE TYPE LOCKING UNIT-110 TON [1000110200],1.0,4110002400,MOLD HEIGHT ADJUSTMENT GEAR - 90 TON (MODULE-3 TEETH-18),B-10140  LOCKING UNIT-110 TON 1,1.0,NOS,0.0,0.5
BOM-0007,(B-10140) TOGGLE TYPE LOCKING UNIT-110 TON [1000110200],1.0,4110002500,SUN GEAR BEARING SUPPORT SHAFT,B-10140  LOCKING UNIT-110 TON 1,4.0,NOS,0.0,0.5
BOM-0007,(B-10140) TOGGLE TYPE LOCKING UNIT-110 TON [1000110200],1.0,4010100300,SUN GEAR - 110 TON (MODULE-3 TEETH-178),B-10140  LOCKING UNIT-110 TON 1,1.0,NOS,0.0,0.5
BOM-0007,(B-10140) TOGGLE TYPE LOCKING UNIT-110 TON [1000110200],1.0,4020100200,TIE BAR NUT M70 X 3 - 110 TON TOGGLE,B-10140  LOCKING UNIT-110 TON 1,4.0,NOS,0.0,0.5
BOM-0007,(B-10140) TOGGLE TYPE LOCKING UNIT-110 TON [1000110200],1.0,4010100900,GEAR NUT - 110 TON (MODULE-3 TEETH-48),B-10140  LOCKING UNIT-110 TON 1,4.0,NOS,0.0,0.5
BOM-0007,(B-10140) TOGGLE TYPE LOCKING UNIT-110 TON [1000110200],1.0,4030100200,GEAR NUT SPACER - 110 TON,B-10140  LOCKING UNIT-110 TON 1,12.0,NOS,0.0,0.5
BOM-0007,(B-10140) TOGGLE TYPE LOCKING UNIT-110 TON [1000110200],1.0,4030200100,SP WASHER Ø35 X Ø12.5 X 10 THK,B-10140  LOCKING UNIT-110 TON 1,4.0,NOS,0.0,0.5
BOM-0007,(B-10140) TOGGLE TYPE LOCKING UNIT-110 TON [1000110200],1.0,4040100200,MOVING PLATE BUSH Ø85 X Ø70 X 45LG - 110 TON,B-10140  LOCKING UNIT-110 TON 1,8.0,NOS,0.0,0.5
BOM-0007,(B-10140) TOGGLE TYPE LOCKING UNIT-110 TON [1000110200],1.0,4040100800,CROSS HEAD BUSH Ø60 X Ø50 X 30LG - 110 TON,B-10140  LOCKING UNIT-110 TON 1,4.0,NOS,0.0,0.5
BOM-0007,(B-10140) TOGGLE TYPE LOCKING UNIT-110 TON [1000110200],1.0,4040200200,TOGGLE SMALL GRAPHITE BUSH Ø45 X Ø35 X 60LG - 110 TON,B-10140  LOCKING UNIT-110 TON 1,4.0,NOS,0.0,0.5
BOM-0007,(B-10140) TOGGLE TYPE LOCKING UNIT-110 TON [1000110200],1.0,4040200800,TOGGLE BIG GRAPHITE BUSH Ø75 X Ø60 X 70LG - 110 TON,B-10140  LOCKING UNIT-110 TON 1,12.0,NOS,0.0,0.5
BOM-0007,(B-10140) TOGGLE TYPE LOCKING UNIT-110 TON [1000110200],1.0,7220100100,DU BUSH - 30 X 34 X 25 LG,B-10140  LOCKING UNIT-110 TON 1,4.0,NOS,0.0,0.5
BOM-0007,(B-10140) TOGGLE TYPE LOCKING UNIT-110 TON [1000110200],1.0,7270053070,PU WIPER SEAL - 70 X 78.6 X 5.3/7,B-10140  LOCKING UNIT-110 TON 1,8.0,NOS,0.0,0.5
BOM-0008,(B-10143) TOGGLE TYPE LOCKING UNIT-140 TON [1000110300],1.0,2000110500,LOCKING CYLINDER ASSY - 140 TON (STOCK-360),B-10143  LOCKING UNIT-140 TON 1,1.0,NOS,0.0,0.5
BOM-0008,(B-10143) TOGGLE TYPE LOCKING UNIT-140 TON [1000110300],1.0,2000110600,EJECTOR CYLINDER ASSY - 140 TON (STOCK-120),B-10143  LOCKING UNIT-140 TON 1,1.0,NOS,0.0,0.5
BOM-0008,(B-10143) TOGGLE TYPE LOCKING UNIT-140 TON [1000110300],1.0,7000101200,FASTENER KIT LOCKING UNIT - 140 TON,B-10143  LOCKING UNIT-140 TON 1,1.0,NOS,0.0,0.5
BOM-0008,(B-10143) TOGGLE TYPE LOCKING UNIT-140 TON [1000110300],1.0,4110012800,STATIONARY PLATE TOGGLE - 140 TON,B-10143  LOCKING UNIT-140 TON 1,1.0,NOS,0.0,0.5
BOM-0008,(B-10143) TOGGLE TYPE LOCKING UNIT-140 TON [1000110300],1.0,4110012900,MOVING PLATE TOGGLE - 140 TON,B-10143  LOCKING UNIT-140 TON 1,1.0,NOS,0.0,0.5
BOM-0008,(B-10143) TOGGLE TYPE LOCKING UNIT-140 TON [1000110300],1.0,4110013000,END PLATE - 140 TON,B-10143  LOCKING UNIT-140 TON 1,1.0,NOS,0.0,0.5
BOM-0008,(B-10143) TOGGLE TYPE LOCKING UNIT-140 TON [1000110300],1.0,4110000400,EJECTOR PLATE - 90 TON,B-10143  LOCKING UNIT-140 TON 1,1.0,NOS,0.0,0.5
BOM-0008,(B-10143) TOGGLE TYPE LOCKING UNIT-140 TON [1000110300],1.0,4110013100,CROSS HEAD - 140 TON,B-10143  LOCKING UNIT-140 TON 1,1.0,NOS,0.0,0.5
BOM-0008,(B-10143) TOGGLE TYPE LOCKING UNIT-140 TON [1000110300],1.0,4110013200,CROSS HEAD LINK - 140 TON,B-10143  LOCKING UNIT-140 TON 1,2.0,NOS,0.0,0.5
BOM-0008,(B-10143) TOGGLE TYPE LOCKING UNIT-140 TON [1000110300],1.0,4110013300,BINARY LINK - 140 TON,B-10143  LOCKING UNIT-140 TON 1,2.0,NOS,0.0,0.5
BOM-0008,(B-10143) TOGGLE TYPE LOCKING UNIT-140 TON [1000110300],1.0,4110013400,TERNARY LINK - 140 TON,B-10143  LOCKING UNIT-140 TON 1,2.0,NOS,0.0,0.5
BOM-0008,(B-10143) TOGGLE TYPE LOCKING UNIT-140 TON [1000110300],1.0,4110013500,TERNARY LINK RH - 140 TON,B-10143  LOCKING UNIT-140 TON 1,1.0,NOS,0.0,0.5
BOM-0008,(B-10143) TOGGLE TYPE LOCKING UNIT-140 TON [1000110300],1.0,4110013600,TERNARY LINK LH - 140 TON,B-10143  LOCKING UNIT-140 TON 1,1.0,NOS,0.0,0.5
BOM-0008,(B-10143) TOGGLE TYPE LOCKING UNIT-140 TON [1000110300],1.0,4110013700,GEAR NUT RETAINER - 140 TON,B-10143  LOCKING UNIT-140 TON 1,4.0,NOS,0.0,0.5
BOM-0008,(B-10143) TOGGLE TYPE LOCKING UNIT-140 TON [1000110300],1.0,4110001200,DIE HEIGHT MOTOR MTG BRACKET - 90 TON,B-10143  LOCKING UNIT-140 TON 1,1.0,NOS,0.0,0.5
BOM-0008,(B-10143) TOGGLE TYPE LOCKING UNIT-140 TON [1000110300],1.0,4110013800,MOVING PLATE SLIDING BLOCK - 140 TON,B-10143  LOCKING UNIT-140 TON 1,2.0,NOS,0.0,0.5
BOM-0008,(B-10143) TOGGLE TYPE LOCKING UNIT-140 TON [1000110300],1.0,4110013900,TIE BAR Ø80 - 140 TON TOGGLE,B-10143  LOCKING UNIT-140 TON 1,4.0,NOS,0.0,0.5
BOM-0008,(B-10143) TOGGLE TYPE LOCKING UNIT-140 TON [1000110300],1.0,4110014000,TIE BAR LOCATING PLATE - 140 TON,B-10143  LOCKING UNIT-140 TON 1,4.0,NOS,0.0,0.5
BOM-0008,(B-10143) TOGGLE TYPE LOCKING UNIT-140 TON [1000110300],1.0,4110014100,TOGGLE SMALL PIN Ø40 - 140 TON,B-10143  LOCKING UNIT-140 TON 1,4.0,NOS,0.0,0.5
BOM-0008,(B-10143) TOGGLE TYPE LOCKING UNIT-140 TON [1000110300],1.0,4110014200,TOGGLE SMALL PIN LOCKING STRIP – 140 TON,B-10143  LOCKING UNIT-140 TON 1,4.0,NOS,0.0,0.5
BOM-0008,(B-10143) TOGGLE TYPE LOCKING UNIT-140 TON [1000110300],1.0,4110014300,TOGGLE BIG PIN Ø70 - 140 TON,B-10143  LOCKING UNIT-140 TON 1,6.0,NOS,0.0,0.5
BOM-0008,(B-10143) TOGGLE TYPE LOCKING UNIT-140 TON [1000110300],1.0,4110014400,CROSS HEAD GUIDE ROD Ø55 - 140 TON,B-10143  LOCKING UNIT-140 TON 1,2.0,NOS,0.0,0.5
BOM-0008,(B-10143) TOGGLE TYPE LOCKING UNIT-140 TON [1000110300],1.0,4110014500,CROSS HEAD GUIDE ROD LOCATING PLATE - 140 TON,B-10143  LOCKING UNIT-140 TON 1,2.0,NOS,0.0,0.5
BOM-0008,(B-10143) TOGGLE TYPE LOCKING UNIT-140 TON [1000110300],1.0,4110014600,MOVING PLATE WIPER RETAINER - 140 TON,B-10143  LOCKING UNIT-140 TON 1,8.0,NOS,0.0,0.5
BOM-0008,(B-10143) TOGGLE TYPE LOCKING UNIT-140 TON [1000110300],1.0,4110002100,NOZZLE TIP LOCATING RING Ø160 - 90 TON,B-10143  LOCKING UNIT-140 TON 1,1.0,NOS,0.0,0.5
BOM-0008,(B-10143) TOGGLE TYPE LOCKING UNIT-140 TON [1000110300],1.0,4110002200,EJECTOR CYLINDER MTG PLATE - 90 TON,B-10143  LOCKING UNIT-140 TON 1,1.0,NOS,0.0,0.5
BOM-0008,(B-10143) TOGGLE TYPE LOCKING UNIT-140 TON [1000110300],1.0,4110014700,EJECTOR PLATE GUIDE ROD - 140 TON,B-10143  LOCKING UNIT-140 TON 1,4.0,NOS,0.0,0.5
BOM-0008,(B-10143) TOGGLE TYPE LOCKING UNIT-140 TON [1000110300],1.0,4110002400,MOLD HEIGHT ADJUSTMENT GEAR - 90 TON (MODULE-3 TEETH-18),B-10143  LOCKING UNIT-140 TON 1,1.0,NOS,0.0,0.5
BOM-0008,(B-10143) TOGGLE TYPE LOCKING UNIT-140 TON [1000110300],1.0,4110002500,SUN GEAR BEARING SUPPORT SHAFT,B-10143  LOCKING UNIT-140 TON 1,4.0,NOS,0.0,0.5
BOM-0008,(B-10143) TOGGLE TYPE LOCKING UNIT-140 TON [1000110300],1.0,4010100400,SUN GEAR - 140 TON (MODULE-3 TEETH-197),B-10143  LOCKING UNIT-140 TON 1,1.0,NOS,0.0,0.5
BOM-0008,(B-10143) TOGGLE TYPE LOCKING UNIT-140 TON [1000110300],1.0,4020100300,TIE BAR NUT M80 X 3 - 140 TON TOGGLE,B-10143  LOCKING UNIT-140 TON 1,4.0,NOS,0.0,0.5
BOM-0008,(B-10143) TOGGLE TYPE LOCKING UNIT-140 TON [1000110300],1.0,4010101000,GEAR NUT - 140 TON (MODULE-3 TEETH-53),B-10143  LOCKING UNIT-140 TON 1,4.0,NOS,0.0,0.5
BOM-0008,(B-10143) TOGGLE TYPE LOCKING UNIT-140 TON [1000110300],1.0,4030100300,GEAR NUT SPACER - 140 TON,B-10143  LOCKING UNIT-140 TON 1,12.0,NOS,0.0,0.5
BOM-0008,(B-10143) TOGGLE TYPE LOCKING UNIT-140 TON [1000110300],1.0,4030200100,SP WASHER Ø35 X Ø12.5 X 10 THK,B-10143  LOCKING UNIT-140 TON 1,4.0,NOS,0.0,0.5
BOM-0008,(B-10143) TOGGLE TYPE LOCKING UNIT-140 TON [1000110300],1.0,4040100300,MOVING PLATE BUSH Ø95 X Ø80 X 50LG - 140 TON,B-10143  LOCKING UNIT-140 TON 1,8.0,NOS,0.0,0.5
BOM-0008,(B-10143) TOGGLE TYPE LOCKING UNIT-140 TON [1000110300],1.0,4040100900,CROSS HEAD BUSH Ø65 X Ø55 X 33LG - 140 TON,B-10143  LOCKING UNIT-140 TON 1,4.0,NOS,0.0,0.5
BOM-0008,(B-10143) TOGGLE TYPE LOCKING UNIT-140 TON [1000110300],1.0,4040200300,TOGGLE SMALL GRAPHITE BUSH Ø50 X Ø40 X 65LG - 140 TON,B-10143  LOCKING UNIT-140 TON 1,4.0,NOS,0.0,0.5
BOM-0008,(B-10143) TOGGLE TYPE LOCKING UNIT-140 TON [1000110300],1.0,4040200900,TOGGLE BIG GRAPHITE BUSH Ø85 X Ø70 X 75LG - 140 TON,B-10143  LOCKING UNIT-140 TON 1,12.0,NOS,0.0,0.5
BOM-0008,(B-10143) TOGGLE TYPE LOCKING UNIT-140 TON [1000110300],1.0,7220100100,DU BUSH - 30 X 34 X 25 LG,B-10143  LOCKING UNIT-140 TON 1,4.0,NOS,0.0,0.5
BOM-0008,(B-10143) TOGGLE TYPE LOCKING UNIT-140 TON [1000110300],1.0,7270053080,PU WIPER SEAL - 80 X 88.6 X 5.3/7,B-10143  LOCKING UNIT-140 TON 1,8.0,NOS,0.0,0.5
BOM-0009,(B-10140) TOGGLE TYPE LOCKING UNIT-170 TON [1000110400],1.0,2000110700,LOCKING CYLINDER ASSY - 170 TON (STOCK-395),B-10140  LOCKING UNIT-170 TON 1,1.0,NOS,0.0,0.5
BOM-0009,(B-10140) TOGGLE TYPE LOCKING UNIT-170 TON [1000110400],1.0,2000110800,EJECTOR CYLINDER ASSY - 170 TON (STOCK-130),B-10140  LOCKING UNIT-170 TON 1,1.0,NOS,0.0,0.5
BOM-0009,(B-10140) TOGGLE TYPE LOCKING UNIT-170 TON [1000110400],1.0,7000101700,FASTENER KIT LOCKING UNIT - 170 TON,B-10140  LOCKING UNIT-170 TON 1,1.0,NOS,0.0,0.5
BOM-0009,(B-10140) TOGGLE TYPE LOCKING UNIT-170 TON [1000110400],1.0,4110018300,STATIONARY PLATE TOGGLE - 170 TON,B-10140  LOCKING UNIT-170 TON 1,1.0,NOS,0.0,0.5
BOM-0009,(B-10140) TOGGLE TYPE LOCKING UNIT-170 TON [1000110400],1.0,4110018400,MOVING PLATE TOGGLE - 170 TON,B-10140  LOCKING UNIT-170 TON 1,1.0,NOS,0.0,0.5
BOM-0009,(B-10140) TOGGLE TYPE LOCKING UNIT-170 TON [1000110400],1.0,4110018500,END PLATE - 170 TON,B-10140  LOCKING UNIT-170 TON 1,1.0,NOS,0.0,0.5
BOM-0009,(B-10140) TOGGLE TYPE LOCKING UNIT-170 TON [1000110400],1.0,4110000400,EJECTOR PLATE - 90 TON,B-10140  LOCKING UNIT-170 TON 1,1.0,NOS,0.0,0.5
BOM-0009,(B-10140) TOGGLE TYPE LOCKING UNIT-170 TON [1000110400],1.0,4110018600,CROSS HEAD - 170 TON,B-10140  LOCKING UNIT-170 TON 1,1.0,NOS,0.0,0.5
BOM-0009,(B-10140) TOGGLE TYPE LOCKING UNIT-170 TON [1000110400],1.0,4110018700,CROSS HEAD LINK - 170 TON,B-10140  LOCKING UNIT-170 TON 1,2.0,NOS,0.0,0.5
BOM-0009,(B-10140) TOGGLE TYPE LOCKING UNIT-170 TON [1000110400],1.0,4110018800,BINARY LINK - 170 TON,B-10140  LOCKING UNIT-170 TON 1,2.0,NOS,0.0,0.5
BOM-0009,(B-10140) TOGGLE TYPE LOCKING UNIT-170 TON [1000110400],1.0,4110018900,TERNARY LINK - 170 TON,B-10140  LOCKING UNIT-170 TON 1,2.0,NOS,0.0,0.5
BOM-0009,(B-10140) TOGGLE TYPE LOCKING UNIT-170 TON [1000110400],1.0,4110019000,TERNARY LINK RH - 170 TON,B-10140  LOCKING UNIT-170 TON 1,1.0,NOS,0.0,0.5
BOM-0009,(B-10140) TOGGLE TYPE LOCKING UNIT-170 TON [1000110400],1.0,4110019100,TERNARY LINK LH - 170 TON,B-10140  LOCKING UNIT-170 TON 1,1.0,NOS,0.0,0.5
BOM-0009,(B-10140) TOGGLE TYPE LOCKING UNIT-170 TON [1000110400],1.0,4110019200,GEAR NUT RETAINER - 170 TON,B-10140  LOCKING UNIT-170 TON 1,4.0,NOS,0.0,0.5
BOM-0009,(B-10140) TOGGLE TYPE LOCKING UNIT-170 TON [1000110400],1.0,4110001200,DIE HEIGHT MOTOR MTG BRACKET - 90 TON,B-10140  LOCKING UNIT-170 TON 1,1.0,NOS,0.0,0.5
BOM-0009,(B-10140) TOGGLE TYPE LOCKING UNIT-170 TON [1000110400],1.0,4110013800,MOVING PLATE SLIDING BLOCK - 140 TON,B-10140  LOCKING UNIT-170 TON 1,2.0,NOS,0.0,0.5
BOM-0009,(B-10140) TOGGLE TYPE LOCKING UNIT-170 TON [1000110400],1.0,4110019300,TIE BAR Ø90 - 170 TON TOGGLE,B-10140  LOCKING UNIT-170 TON 1,4.0,NOS,0.0,0.5
BOM-0009,(B-10140) TOGGLE TYPE LOCKING UNIT-170 TON [1000110400],1.0,4110019400,TIE BAR LOCATING PLATE - 170 TON,B-10140  LOCKING UNIT-170 TON 1,4.0,NOS,0.0,0.5
BOM-0009,(B-10140) TOGGLE TYPE LOCKING UNIT-170 TON [1000110400],1.0,4110019500,TOGGLE SMALL PIN Ø45 - 170 TON,B-10140  LOCKING UNIT-170 TON 1,4.0,NOS,0.0,0.5
BOM-0009,(B-10140) TOGGLE TYPE LOCKING UNIT-170 TON [1000110400],1.0,4110019600,TOGGLE SMALL PIN LOCKING STRIP – 170 TON,B-10140  LOCKING UNIT-170 TON 1,4.0,NOS,0.0,0.5
BOM-0009,(B-10140) TOGGLE TYPE LOCKING UNIT-170 TON [1000110400],1.0,4110019700,TOGGLE BIG PIN Ø70 - 170 TON,B-10140  LOCKING UNIT-170 TON 1,6.0,NOS,0.0,0.5
BOM-0009,(B-10140) TOGGLE TYPE LOCKING UNIT-170 TON [1000110400],1.0,4110019800,CROSS HEAD GUIDE ROD Ø60 - 170 TON,B-10140  LOCKING UNIT-170 TON 1,2.0,NOS,0.0,0.5
BOM-0009,(B-10140) TOGGLE TYPE LOCKING UNIT-170 TON [1000110400],1.0,4110019900,CROSS HEAD GUIDE ROD LOCATING PLATE - 170 TON,B-10140  LOCKING UNIT-170 TON 1,2.0,NOS,0.0,0.5
BOM-0009,(B-10140) TOGGLE TYPE LOCKING UNIT-170 TON [1000110400],1.0,4110020000,MOVING PLATE WIPER RETAINER - 170 TON,B-10140  LOCKING UNIT-170 TON 1,8.0,NOS,0.0,0.5
BOM-0009,(B-10140) TOGGLE TYPE LOCKING UNIT-170 TON [1000110400],1.0,4110002100,NOZZLE TIP LOCATING RING Ø160 - 90 TON,B-10140  LOCKING UNIT-170 TON 1,1.0,NOS,0.0,0.5
BOM-0009,(B-10140) TOGGLE TYPE LOCKING UNIT-170 TON [1000110400],1.0,4110020100,EJECTOR CYLINDER MTG PLATE - 170 TON,B-10140  LOCKING UNIT-170 TON 1,1.0,NOS,0.0,0.5
BOM-0009,(B-10140) TOGGLE TYPE LOCKING UNIT-170 TON [1000110400],1.0,4110020200,EJECTOR PLATE GUIDE ROD - 170 TON,B-10140  LOCKING UNIT-170 TON 1,4.0,NOS,0.0,0.5
BOM-0009,(B-10140) TOGGLE TYPE LOCKING UNIT-170 TON [1000110400],1.0,4110002400,MOLD HEIGHT ADJUSTMENT GEAR - 90 TON (MODULE-3 TEETH-18),B-10140  LOCKING UNIT-170 TON 1,1.0,NOS,0.0,0.5
BOM-0009,(B-10140) TOGGLE TYPE LOCKING UNIT-170 TON [1000110400],1.0,4110002500,SUN GEAR BEARING SUPPORT SHAFT,B-10140  LOCKING UNIT-170 TON 1,4.0,NOS,0.0,0.5
BOM-0009,(B-10140) TOGGLE TYPE LOCKING UNIT-170 TON [1000110400],1.0,4010100500,SUN GEAR - 170 TON (MODULE-3 TEETH-215),B-10140  LOCKING UNIT-170 TON 1,1.0,NOS,0.0,0.5
BOM-0009,(B-10140) TOGGLE TYPE LOCKING UNIT-170 TON [1000110400],1.0,4020100400,TIE BAR NUT M90 X 3 - 170 TON TOGGLE,B-10140  LOCKING UNIT-170 TON 1,4.0,NOS,0.0,0.5
BOM-0009,(B-10140) TOGGLE TYPE LOCKING UNIT-170 TON [1000110400],1.0,4010101100,GEAR NUT - 170 TON (MODULE-3 TEETH-58),B-10140  LOCKING UNIT-170 TON 1,4.0,NOS,0.0,0.5
BOM-0009,(B-10140) TOGGLE TYPE LOCKING UNIT-170 TON [1000110400],1.0,4030100400,GEAR NUT SPACER - 170 TON,B-10140  LOCKING UNIT-170 TON 1,12.0,NOS,0.0,0.5
BOM-0009,(B-10140) TOGGLE TYPE LOCKING UNIT-170 TON [1000110400],1.0,4030200100,SP WASHER Ø35 X Ø12.5 X 10 THK,B-10140  LOCKING UNIT-170 TON 1,4.0,NOS,0.0,0.5
BOM-0009,(B-10140) TOGGLE TYPE LOCKING UNIT-170 TON [1000110400],1.0,4040100400,MOVING PLATE BUSH Ø105 X Ø90 X 55LG - 170 TON,B-10140  LOCKING UNIT-170 TON 1,8.0,NOS,0.0,0.5
BOM-0009,(B-10140) TOGGLE TYPE LOCKING UNIT-170 TON [1000110400],1.0,4040100900,CROSS HEAD BUSH Ø65 X Ø55 X 33LG - 140 TON,B-10140  LOCKING UNIT-170 TON 1,4.0,NOS,0.0,0.5
BOM-0009,(B-10140) TOGGLE TYPE LOCKING UNIT-170 TON [1000110400],1.0,4040200400,TOGGLE SMALL GRAPHITE BUSH Ø55 X Ø45 X 70LG - 170 TON,B-10140  LOCKING UNIT-170 TON 1,4.0,NOS,0.0,0.5
BOM-0009,(B-10140) TOGGLE TYPE LOCKING UNIT-170 TON [1000110400],1.0,4040201000,TOGGLE BIG GRAPHITE BUSH Ø90 X Ø75 X 85LG - 170 TON,B-10140  LOCKING UNIT-170 TON 1,12.0,NOS,0.0,0.5
BOM-0009,(B-10140) TOGGLE TYPE LOCKING UNIT-170 TON [1000110400],1.0,7220100100,DU BUSH - 30 X 34 X 25 LG,B-10140  LOCKING UNIT-170 TON 1,4.0,NOS,0.0,0.5
BOM-0009,(B-10140) TOGGLE TYPE LOCKING UNIT-170 TON [1000110400],1.0,7270072090,PU WIPER SEAL  - 90 X 102.2 X 7.2/12,B-10140  LOCKING UNIT-170 TON 1,8.0,NOS,0.0,0.5
BOM-0010,(B-10148) TOGGLE TYPE LOCKING UNIT-200 TON [1000110500],1.0,2000110900,LOCKING CYLINDER ASSY - 200 TON (STOCK-425),B-10148  LOCKING UNIT-200 TON 1,1.0,NOS,0.0,0.5
BOM-0010,(B-10148) TOGGLE TYPE LOCKING UNIT-200 TON [1000110500],1.0,2000111000,EJECTOR CYLINDER ASSY - 200 TON (STOCK-150),B-10148  LOCKING UNIT-200 TON 1,1.0,NOS,0.0,0.5
BOM-0010,(B-10148) TOGGLE TYPE LOCKING UNIT-200 TON [1000110500],1.0,7000102200,FASTENER KIT LOCKING UNIT - 200 TON,B-10148  LOCKING UNIT-200 TON 1,1.0,NOS,0.0,0.5
BOM-0010,(B-10148) TOGGLE TYPE LOCKING UNIT-200 TON [1000110500],1.0,4110023500,STATIONARY PLATE TOGGLE - 200 TON,B-10148  LOCKING UNIT-200 TON 1,1.0,NOS,0.0,0.5
BOM-0010,(B-10148) TOGGLE TYPE LOCKING UNIT-200 TON [1000110500],1.0,4110023600,MOVING PLATE TOGGLE - 200 TON,B-10148  LOCKING UNIT-200 TON 1,1.0,NOS,0.0,0.5
BOM-0010,(B-10148) TOGGLE TYPE LOCKING UNIT-200 TON [1000110500],1.0,4110023700,END PLATE - 200 TON,B-10148  LOCKING UNIT-200 TON 1,1.0,NOS,0.0,0.5
BOM-0010,(B-10148) TOGGLE TYPE LOCKING UNIT-200 TON [1000110500],1.0,4110000400,EJECTOR PLATE - 90 TON,B-10148  LOCKING UNIT-200 TON 1,1.0,NOS,0.0,0.5
BOM-0010,(B-10148) TOGGLE TYPE LOCKING UNIT-200 TON [1000110500],1.0,4110023800,CROSS HEAD - 200 TON,B-10148  LOCKING UNIT-200 TON 1,1.0,NOS,0.0,0.5
BOM-0010,(B-10148) TOGGLE TYPE LOCKING UNIT-200 TON [1000110500],1.0,4110023900,CROSS HEAD LINK - 200 TON,B-10148  LOCKING UNIT-200 TON 1,2.0,NOS,0.0,0.5
BOM-0010,(B-10148) TOGGLE TYPE LOCKING UNIT-200 TON [1000110500],1.0,4110024000,BINARY LINK - 200 TON,B-10148  LOCKING UNIT-200 TON 1,2.0,NOS,0.0,0.5
BOM-0010,(B-10148) TOGGLE TYPE LOCKING UNIT-200 TON [1000110500],1.0,4110024100,TERNARY LINK - 200 TON,B-10148  LOCKING UNIT-200 TON 1,2.0,NOS,0.0,0.5
BOM-0010,(B-10148) TOGGLE TYPE LOCKING UNIT-200 TON [1000110500],1.0,4110024200,TERNARY LINK RH - 200 TON,B-10148  LOCKING UNIT-200 TON 1,1.0,NOS,0.0,0.5
BOM-0010,(B-10148) TOGGLE TYPE LOCKING UNIT-200 TON [1000110500],1.0,4110024300,TERNARY LINK LH - 200 TON,B-10148  LOCKING UNIT-200 TON 1,1.0,NOS,0.0,0.5
BOM-0010,(B-10148) TOGGLE TYPE LOCKING UNIT-200 TON [1000110500],1.0,4110024400,GEAR NUT RETAINER - 200 TON,B-10148  LOCKING UNIT-200 TON 1,4.0,NOS,0.0,0.5
BOM-0010,(B-10148) TOGGLE TYPE LOCKING UNIT-200 TON [1000110500],1.0,4110001200,DIE HEIGHT MOTOR MTG BRACKET - 90 TON,B-10148  LOCKING UNIT-200 TON 1,1.0,NOS,0.0,0.5
BOM-0010,(B-10148) TOGGLE TYPE LOCKING UNIT-200 TON [1000110500],1.0,4110024500,MOVING PLATE SLIDING BLOCK - 200 TON,B-10148  LOCKING UNIT-200 TON 1,2.0,NOS,0.0,0.5
BOM-0010,(B-10148) TOGGLE TYPE LOCKING UNIT-200 TON [1000110500],1.0,4110024600,TIE BAR Ø95 - 200 TON TOGGLE,B-10148  LOCKING UNIT-200 TON 1,4.0,NOS,0.0,0.5
BOM-0010,(B-10148) TOGGLE TYPE LOCKING UNIT-200 TON [1000110500],1.0,4110024700,TIE BAR LOCATING PLATE - 200 TON,B-10148  LOCKING UNIT-200 TON 1,4.0,NOS,0.0,0.5
BOM-0010,(B-10148) TOGGLE TYPE LOCKING UNIT-200 TON [1000110500],1.0,4110024800,TOGGLE SMALL PIN Ø50 - 200 TON,B-10148  LOCKING UNIT-200 TON 1,4.0,NOS,0.0,0.5
BOM-0010,(B-10148) TOGGLE TYPE LOCKING UNIT-200 TON [1000110500],1.0,4110024900,TOGGLE SMALL PIN LOCKING STRIP - 200 TON,B-10148  LOCKING UNIT-200 TON 1,4.0,NOS,0.0,0.5
BOM-0010,(B-10148) TOGGLE TYPE LOCKING UNIT-200 TON [1000110500],1.0,4110025000,TOGGLE BIG PIN Ø80 - 200 TON,B-10148  LOCKING UNIT-200 TON 1,6.0,NOS,0.0,0.5
BOM-0010,(B-10148) TOGGLE TYPE LOCKING UNIT-200 TON [1000110500],1.0,4110025100,CROSS HEAD GUIDE ROD Ø65 - 200 TON,B-10148  LOCKING UNIT-200 TON 1,2.0,NOS,0.0,0.5
BOM-0010,(B-10148) TOGGLE TYPE LOCKING UNIT-200 TON [1000110500],1.0,4110025200,CROSS HEAD GUIDE ROD LOCATING PLATE - 200 TON,B-10148  LOCKING UNIT-200 TON 1,2.0,NOS,0.0,0.5
BOM-0010,(B-10148) TOGGLE TYPE LOCKING UNIT-200 TON [1000110500],1.0,4110025300,MOVING PLATE WIPER RETAINER - 200 TON,B-10148  LOCKING UNIT-200 TON 1,8.0,NOS,0.0,0.5
BOM-0010,(B-10148) TOGGLE TYPE LOCKING UNIT-200 TON [1000110500],1.0,4110002100,NOZZLE TIP LOCATING RING Ø160 - 90 TON,B-10148  LOCKING UNIT-200 TON 1,1.0,NOS,0.0,0.5
BOM-0010,(B-10148) TOGGLE TYPE LOCKING UNIT-200 TON [1000110500],1.0,4110020100,EJECTOR CYLINDER MTG PLATE - 170 TON,B-10148  LOCKING UNIT-200 TON 1,1.0,NOS,0.0,0.5
BOM-0010,(B-10148) TOGGLE TYPE LOCKING UNIT-200 TON [1000110500],1.0,4110025400,EJECTOR PLATE GUIDE ROD - 200 TON,B-10148  LOCKING UNIT-200 TON 1,4.0,NOS,0.0,0.5
BOM-0010,(B-10148) TOGGLE TYPE LOCKING UNIT-200 TON [1000110500],1.0,4110002400,MOLD HEIGHT ADJUSTMENT GEAR - 90 TON (MODULE-3 TEETH-18),B-10148  LOCKING UNIT-200 TON 1,1.0,NOS,0.0,0.5
BOM-0010,(B-10148) TOGGLE TYPE LOCKING UNIT-200 TON [1000110500],1.0,4110002500,SUN GEAR BEARING SUPPORT SHAFT,B-10148  LOCKING UNIT-200 TON 1,4.0,NOS,0.0,0.5
BOM-0010,(B-10148) TOGGLE TYPE LOCKING UNIT-200 TON [1000110500],1.0,4010100600,SUN GEAR - 200 TON (MODULE-3 TEETH-240),B-10148  LOCKING UNIT-200 TON 1,1.0,NOS,0.0,0.5
BOM-0010,(B-10148) TOGGLE TYPE LOCKING UNIT-200 TON [1000110500],1.0,4020100500,TIE BAR NUT M95 X 3  - 200 TON TOGGLE,B-10148  LOCKING UNIT-200 TON 1,4.0,NOS,0.0,0.5
BOM-0010,(B-10148) TOGGLE TYPE LOCKING UNIT-200 TON [1000110500],1.0,4010101200,GEAR NUT - 200 TON (MODULE-3 TEETH-60),B-10148  LOCKING UNIT-200 TON 1,4.0,NOS,0.0,0.5
BOM-0010,(B-10148) TOGGLE TYPE LOCKING UNIT-200 TON [1000110500],1.0,4030100500,GEAR NUT SPACER - 200 TON,B-10148  LOCKING UNIT-200 TON 1,12.0,NOS,0.0,0.5
BOM-0010,(B-10148) TOGGLE TYPE LOCKING UNIT-200 TON [1000110500],1.0,4030200100,SP WASHER Ø35 X Ø12.5 X 10 THK,B-10148  LOCKING UNIT-200 TON 1,4.0,NOS,0.0,0.5
BOM-0010,(B-10148) TOGGLE TYPE LOCKING UNIT-200 TON [1000110500],1.0,4040100500,MOVING PLATE BUSH Ø110 X Ø95 X 60LG - 200 TON,B-10148  LOCKING UNIT-200 TON 1,8.0,NOS,0.0,0.5
BOM-0010,(B-10148) TOGGLE TYPE LOCKING UNIT-200 TON [1000110500],1.0,4040101100,CROSS HEAD BUSH Ø75 X Ø65 X 38LG - 200 TON,B-10148  LOCKING UNIT-200 TON 1,4.0,NOS,0.0,0.5
BOM-0010,(B-10148) TOGGLE TYPE LOCKING UNIT-200 TON [1000110500],1.0,4040200500,TOGGLE SMALL GRAPHITE BUSH Ø60 X Ø50 X 75LG - 200 TON,B-10148  LOCKING UNIT-200 TON 1,4.0,NOS,0.0,0.5
BOM-0010,(B-10148) TOGGLE TYPE LOCKING UNIT-200 TON [1000110500],1.0,4040201100,TOGGLE BIG GRAPHITE BUSH Ø95 X Ø80 X 95LG - 200 TON,B-10148  LOCKING UNIT-200 TON 1,12.0,NOS,0.0,0.5
BOM-0010,(B-10148) TOGGLE TYPE LOCKING UNIT-200 TON [1000110500],1.0,7220100100,DU BUSH - 30 X 34 X 25 LG,B-10148  LOCKING UNIT-200 TON 1,4.0,NOS,0.0,0.5
BOM-0010,(B-10148) TOGGLE TYPE LOCKING UNIT-200 TON [1000110500],1.0,7270072095,PU WIPER SEAL - 95 X 107.2 X 7.2/12,B-10148  LOCKING UNIT-200 TON 1,8.0,NOS,0.0,0.5
BOM-0011,(B-10025) GUIDE ROD TYPE INJECTION UNIT-280 [1000210100],1.0,2000210100,BARREL PLATE ASSY - 280,B-10025  INJECTION UNIT-280 100,1.0,NOS,0.0,0.5
BOM-0011,(B-10025) GUIDE ROD TYPE INJECTION UNIT-280 [1000210100],1.0,2000210200,BEARING HOUSING ASSY - 280,B-10025  INJECTION UNIT-280 100,1.0,NOS,0.0,0.5
BOM-0011,(B-10025) GUIDE ROD TYPE INJECTION UNIT-280 [1000210100],1.0,2000210300,NOZZLE CYLINDER ASSY - (STOCK-350),B-10025  INJECTION UNIT-280 100,2.0,NOS,0.0,0.5
BOM-0011,(B-10025) GUIDE ROD TYPE INJECTION UNIT-280 [1000210100],1.0,7000100300,FASTENER KIT INJECTION UNIT - 280,B-10025  INJECTION UNIT-280 100,1.0,NOS,0.0,0.5
BOM-0011,(B-10025) GUIDE ROD TYPE INJECTION UNIT-280 [1000210100],1.0,4020100700,INJECTION CYLINDER ROD NUT - 280 (M40 X 2),B-10025  INJECTION UNIT-280 100,2.0,NOS,0.0,0.5
BOM-0011,(B-10025) GUIDE ROD TYPE INJECTION UNIT-280 [1000210100],1.0,4110002600,INJECTION GUIDE ROD SUPPORT - 60,B-10025  INJECTION UNIT-280 100,2.0,NOS,0.0,0.5
BOM-0011,(B-10025) GUIDE ROD TYPE INJECTION UNIT-280 [1000210100],1.0,4110002700,INJECTION GUIDE ROD Ø60 - 280,B-10025  INJECTION UNIT-280 100,2.0,NOS,0.0,0.5
BOM-0011,(B-10025) GUIDE ROD TYPE INJECTION UNIT-280 [1000210100],1.0,4110002800,INJECTION CYLINDER ROD NUT RETAINER - 280,B-10025  INJECTION UNIT-280 100,2.0,NOS,0.0,0.5
BOM-0012,(B-10026) GUIDE ROD TYPE INJECTION UNIT-420 [1000210200],1.0,2000210400,BARREL PLATE ASSY - 420,B-10026  INJECTION UNIT-420 100,1.0,NOS,0.0,0.5
BOM-0012,(B-10026) GUIDE ROD TYPE INJECTION UNIT-420 [1000210200],1.0,2000210500,BEARING HOUSING ASSY - 420,B-10026  INJECTION UNIT-420 100,1.0,NOS,0.0,0.5
BOM-0012,(B-10026) GUIDE ROD TYPE INJECTION UNIT-420 [1000210200],1.0,2000210300,NOZZLE CYLINDER ASSY - (STOCK-350),B-10026  INJECTION UNIT-420 100,2.0,NOS,0.0,0.5
BOM-0012,(B-10026) GUIDE ROD TYPE INJECTION UNIT-420 [1000210200],1.0,7000100800,FASTENER KIT INJECTION UNIT - 420,B-10026  INJECTION UNIT-420 100,1.0,NOS,0.0,0.5
BOM-0012,(B-10026) GUIDE ROD TYPE INJECTION UNIT-420 [1000210200],1.0,4020100700,INJECTION CYLINDER ROD NUT - 280 (M40 X 2),B-10026  INJECTION UNIT-420 100,2.0,NOS,0.0,0.5
BOM-0012,(B-10026) GUIDE ROD TYPE INJECTION UNIT-420 [1000210200],1.0,4110002600,INJECTION GUIDE ROD SUPPORT - 60,B-10026  INJECTION UNIT-420 100,2.0,NOS,0.0,0.5
BOM-0012,(B-10026) GUIDE ROD TYPE INJECTION UNIT-420 [1000210200],1.0,4110010500,INJECTION GUIDE ROD Ø60 - 420,B-10026  INJECTION UNIT-420 100,2.0,NOS,0.0,0.5
BOM-0012,(B-10026) GUIDE ROD TYPE INJECTION UNIT-420 [1000210200],1.0,4110002800,INJECTION CYLINDER ROD NUT RETAINER - 280,B-10026  INJECTION UNIT-420 100,2.0,NOS,0.0,0.5
BOM-0013,(B-10027) GUIDE ROD TYPE INJECTION UNIT-635 [1000210300],1.0,2000210600,BARREL PLATE ASSY - 635,B-10027  INJECTION UNIT-635 100,1.0,NOS,0.0,0.5
BOM-0013,(B-10027) GUIDE ROD TYPE INJECTION UNIT-635 [1000210300],1.0,2000210700,BEARING HOUSING ASSY - 635,B-10027  INJECTION UNIT-635 100,1.0,NOS,0.0,0.5
BOM-0013,(B-10027) GUIDE ROD TYPE INJECTION UNIT-635 [1000210300],1.0,2000210300,NOZZLE CYLINDER ASSY - (STOCK-350),B-10027  INJECTION UNIT-635 100,2.0,NOS,0.0,0.5
BOM-0013,(B-10027) GUIDE ROD TYPE INJECTION UNIT-635 [1000210300],1.0,7000101300,FASTENER KIT INJECTION UNIT - 635,B-10027  INJECTION UNIT-635 100,1.0,NOS,0.0,0.5
BOM-0013,(B-10027) GUIDE ROD TYPE INJECTION UNIT-635 [1000210300],1.0,4020100800,INJECTION CYLINDER ROD NUT - 635 (M50 X 2),B-10027  INJECTION UNIT-635 100,2.0,NOS,0.0,0.5
BOM-0013,(B-10027) GUIDE ROD TYPE INJECTION UNIT-635 [1000210300],1.0,4110002600,INJECTION GUIDE ROD SUPPORT - 60,B-10027  INJECTION UNIT-635 100,2.0,NOS,0.0,0.5
BOM-0013,(B-10027) GUIDE ROD TYPE INJECTION UNIT-635 [1000210300],1.0,4110014800,INJECTION GUIDE ROD Ø60 - 635,B-10027  INJECTION UNIT-635 100,2.0,NOS,0.0,0.5
BOM-0013,(B-10027) GUIDE ROD TYPE INJECTION UNIT-635 [1000210300],1.0,4110014900,INJECTION CYLINDER ROD NUT RETAINER - 635,B-10027  INJECTION UNIT-635 100,2.0,NOS,0.0,0.5
BOM-0014,(B-10028) GUIDE ROD TYPE INJECTION UNIT-905 [1000210400],1.0,2000210800,BARREL PLATE ASSY - 905,B-10028  INJECTION UNIT-905 100,1.0,NOS,0.0,0.5
BOM-0014,(B-10028) GUIDE ROD TYPE INJECTION UNIT-905 [1000210400],1.0,2000210900,BEARING HOUSING ASSY - 905,B-10028  INJECTION UNIT-905 100,1.0,NOS,0.0,0.5
BOM-0014,(B-10028) GUIDE ROD TYPE INJECTION UNIT-905 [1000210400],1.0,2000211000,NOZZLE CYLINDER ASSY - (STOCK-400),B-10028  INJECTION UNIT-905 100,2.0,NOS,0.0,0.5
BOM-0014,(B-10028) GUIDE ROD TYPE INJECTION UNIT-905 [1000210400],1.0,7000101800,FASTENER KIT INJECTION UNIT - 905,B-10028  INJECTION UNIT-905 100,1.0,NOS,0.0,0.5
BOM-0014,(B-10028) GUIDE ROD TYPE INJECTION UNIT-905 [1000210400],1.0,4020100900,INJECTION CYLINDER ROD NUT - 905 (M60 X 2),B-10028  INJECTION UNIT-905 100,2.0,NOS,0.0,0.5
BOM-0014,(B-10028) GUIDE ROD TYPE INJECTION UNIT-905 [1000210400],1.0,4110020300,INJECTION GUIDE ROD SUPPORT Ø70 - 905,B-10028  INJECTION UNIT-905 100,2.0,NOS,0.0,0.5
BOM-0014,(B-10028) GUIDE ROD TYPE INJECTION UNIT-905 [1000210400],1.0,4110020400,INJECTION GUIDE ROD Ø70 - 905,B-10028  INJECTION UNIT-905 100,2.0,NOS,0.0,0.5
BOM-0014,(B-10028) GUIDE ROD TYPE INJECTION UNIT-905 [1000210400],1.0,4110020500,INJECTION CYLINDER ROD NUT RETAINER - 905,B-10028  INJECTION UNIT-905 100,2.0,NOS,0.0,0.5
BOM-0015,(B-10029) GUIDE ROD TYPE INJECTION UNIT-1520 [1000210500],1.0,2000211100,BARREL PLATE ASSY - 1520,B-10029  INJECTION UNIT-1520 10,1.0,NOS,0.0,0.5
BOM-0015,(B-10029) GUIDE ROD TYPE INJECTION UNIT-1520 [1000210500],1.0,2000211200,BEARING HOUSING ASSY - 1520,B-10029  INJECTION UNIT-1520 10,1.0,NOS,0.0,0.5
BOM-0015,(B-10029) GUIDE ROD TYPE INJECTION UNIT-1520 [1000210500],1.0,2000211000,NOZZLE CYLINDER ASSY - (STOCK-400),B-10029  INJECTION UNIT-1520 10,2.0,NOS,0.0,0.5
BOM-0015,(B-10029) GUIDE ROD TYPE INJECTION UNIT-1520 [1000210500],1.0,7000102300,FASTENER KIT INJECTION UNIT - 1520,B-10029  INJECTION UNIT-1520 10,1.0,NOS,0.0,0.5
BOM-0015,(B-10029) GUIDE ROD TYPE INJECTION UNIT-1520 [1000210500],1.0,4020100100,TIE BAR NUT M65 X 3 - 90 TON TOGGLE,B-10029  INJECTION UNIT-1520 10,2.0,NOS,0.0,0.5
BOM-0015,(B-10029) GUIDE ROD TYPE INJECTION UNIT-1520 [1000210500],1.0,4110020300,INJECTION GUIDE ROD SUPPORT Ø70 - 905,B-10029  INJECTION UNIT-1520 10,2.0,NOS,0.0,0.5
BOM-0015,(B-10029) GUIDE ROD TYPE INJECTION UNIT-1520 [1000210500],1.0,4110025500,INJECTION GUIDE ROD Ø70 - 1520,B-10029  INJECTION UNIT-1520 10,2.0,NOS,0.0,0.5
BOM-0015,(B-10029) GUIDE ROD TYPE INJECTION UNIT-1520 [1000210500],1.0,4110025600,INJECTION CYLINDER ROD NUT RETAINER - 1520,B-10029  INJECTION UNIT-1520 10,2.0,NOS,0.0,0.5
BOM-0016,(B-10031) GUIDE ROD TYPE INJECTION UNIT - 2350 [1000210600],1.0,2000211300,BARREL PLATE ASSY - 2350,B-10031  INJECTION UNIT - 2350,1.0,NOS,0.0,0.5
BOM-0016,(B-10031) GUIDE ROD TYPE INJECTION UNIT - 2350 [1000210600],1.0,2000211400,BEARING HOUSING ASSY - 2350,B-10031  INJECTION UNIT - 2350,1.0,NOS,0.0,0.5
BOM-0016,(B-10031) GUIDE ROD TYPE INJECTION UNIT - 2350 [1000210600],1.0,2000211500,NOZZLE CYLINDER ASSY - (STOCK-500),B-10031  INJECTION UNIT - 2350,2.0,NOS,0.0,0.5
BOM-0016,(B-10031) GUIDE ROD TYPE INJECTION UNIT - 2350 [1000210600],1.0,7000102600,FASTENER KIT INJECTION UNIT - 2350,B-10031  INJECTION UNIT - 2350,1.0,NOS,0.0,0.5
BOM-0016,(B-10031) GUIDE ROD TYPE INJECTION UNIT - 2350 [1000210600],1.0,4020100200,TIE BAR NUT M70 X 3 - 110 TON TOGGLE,B-10031  INJECTION UNIT - 2350,2.0,NOS,0.0,0.5
BOM-0016,(B-10031) GUIDE ROD TYPE INJECTION UNIT - 2350 [1000210600],1.0,4110020300,INJECTION GUIDE ROD SUPPORT Ø70 - 905,B-10031  INJECTION UNIT - 2350,2.0,NOS,0.0,0.5
BOM-0016,(B-10031) GUIDE ROD TYPE INJECTION UNIT - 2350 [1000210600],1.0,4110028500,INJECTION GUIDE ROD Ø70 - 2350,B-10031  INJECTION UNIT - 2350,2.0,NOS,0.0,0.5
BOM-0016,(B-10031) GUIDE ROD TYPE INJECTION UNIT - 2350 [1000210600],1.0,4110028600,INJECTION CYLINDER ROD NUT RETAINER - 2350,B-10031  INJECTION UNIT - 2350,2.0,NOS,0.0,0.5
BOM-0017,(B-10077) BARREL PLATE ASSY - 280 (STOCK-150) [2000210100],1.0,7000100400,FASTENER KIT BARREL PLATE ASSY - 280,B-10077 BARREL PLATE ASSY - 280,1.0,NOS,0.0,0.5
BOM-0017,(B-10077) BARREL PLATE ASSY - 280 (STOCK-150) [2000210100],1.0,4110002900,BARREL PLATE - 280 (STOCK-150),B-10077 BARREL PLATE ASSY - 280,1.0,NOS,0.0,0.5
BOM-0017,(B-10077) BARREL PLATE ASSY - 280 (STOCK-150) [2000210100],1.0,4110003000,INJECTION CYLINDER FRONT CAP - 280,B-10077 BARREL PLATE ASSY - 280,2.0,NOS,0.0,0.5
BOM-0017,(B-10077) BARREL PLATE ASSY - 280 (STOCK-150) [2000210100],1.0,4110003100,INJECTION CYLINDER END CAP - 280,B-10077 BARREL PLATE ASSY - 280,2.0,NOS,0.0,0.5
BOM-0017,(B-10077) BARREL PLATE ASSY - 280 (STOCK-150) [2000210100],1.0,4110003200,INJECTION CYLINDER ROD - 280,B-10077 BARREL PLATE ASSY - 280,2.0,NOS,0.0,0.5
BOM-0017,(B-10077) BARREL PLATE ASSY - 280 (STOCK-150) [2000210100],1.0,4110003300,INJECTION PISTON Ø100 - 280,B-10077 BARREL PLATE ASSY - 280,2.0,NOS,0.0,0.5
BOM-0017,(B-10077) BARREL PLATE ASSY - 280 (STOCK-150) [2000210100],1.0,4110003400,HYDRAULIC ROD BUSH - Ø50,B-10077 BARREL PLATE ASSY - 280,2.0,NOS,0.0,0.5
BOM-0017,(B-10077) BARREL PLATE ASSY - 280 (STOCK-150) [2000210100],1.0,7220100200,DU BUSH - 60 X 65 X 60 LG,B-10077 BARREL PLATE ASSY - 280,4.0,NOS,0.0,0.5
BOM-0017,(B-10077) BARREL PLATE ASSY - 280 (STOCK-150) [2000210100],1.0,7230063100,GLIDE RING - 100 X 84.5 X 6.3,B-10077 BARREL PLATE ASSY - 280,2.0,NOS,0.0,0.5
BOM-0017,(B-10077) BARREL PLATE ASSY - 280 (STOCK-150) [2000210100],1.0,7240097095,GUIDE RING - 95 X 100 X 9.7,B-10077 BARREL PLATE ASSY - 280,4.0,NOS,0.0,0.5
BOM-0017,(B-10077) BARREL PLATE ASSY - 280 (STOCK-150) [2000210100],1.0,7240097050,GUIDE RING - 50 X 55 X 9.7,B-10077 BARREL PLATE ASSY - 280,4.0,NOS,0.0,0.5
BOM-0017,(B-10077) BARREL PLATE ASSY - 280 (STOCK-150) [2000210100],1.0,7250042050,STEP SEAL - 50 X 61 X 4.2,B-10077 BARREL PLATE ASSY - 280,2.0,NOS,0.0,0.5
BOM-0017,(B-10077) BARREL PLATE ASSY - 280 (STOCK-150) [2000210100],1.0,7260073050,ROD SEAL - 50 X 60 X 7.3,B-10077 BARREL PLATE ASSY - 280,2.0,NOS,0.0,0.5
BOM-0017,(B-10077) BARREL PLATE ASSY - 280 (STOCK-150) [2000210100],1.0,7270053050,PU WIPER SEAL 50 X58.6 X 5.3/7,B-10077 BARREL PLATE ASSY - 280,2.0,NOS,0.0,0.5
BOM-0017,(B-10077) BARREL PLATE ASSY - 280 (STOCK-150) [2000210100],1.0,7290003040,O RING - 40 X 3 (O RING- 45.69X2.62),B-10077 BARREL PLATE ASSY - 280,2.0,NOS,0.0,0.5
BOM-0017,(B-10077) BARREL PLATE ASSY - 280 (STOCK-150) [2000210100],1.0,7290005090,O RING - 90 X 5 (O RING-91.67X3.53),B-10077 BARREL PLATE ASSY - 280,4.0,NOS,0.0,0.5
BOM-0018,(B-10078) BARREL PLATE ASSY - 420 (STOCK-175) [2000210400],1.0,7000100900,FASTENER KIT BARREL PLATE ASSY - 420,B-10078 BARREL PLATE ASSY - 420,1.0,NOS,0.0,0.5
BOM-0018,(B-10078) BARREL PLATE ASSY - 420 (STOCK-175) [2000210400],1.0,4110010600,BARREL PLATE - 420 (STOCK-175),B-10078 BARREL PLATE ASSY - 420,1.0,NOS,0.0,0.5
BOM-0018,(B-10078) BARREL PLATE ASSY - 420 (STOCK-175) [2000210400],1.0,4110010700,INJECTION CYLINDER FRONT CAP - 420,B-10078 BARREL PLATE ASSY - 420,2.0,NOS,0.0,0.5
BOM-0018,(B-10078) BARREL PLATE ASSY - 420 (STOCK-175) [2000210400],1.0,4110010800,INJECTION CYLINDER END CAP - 420,B-10078 BARREL PLATE ASSY - 420,2.0,NOS,0.0,0.5
BOM-0018,(B-10078) BARREL PLATE ASSY - 420 (STOCK-175) [2000210400],1.0,4110010900,INJECTION CYLINDER ROD - 420,B-10078 BARREL PLATE ASSY - 420,2.0,NOS,0.0,0.5
BOM-0018,(B-10078) BARREL PLATE ASSY - 420 (STOCK-175) [2000210400],1.0,4110011000,INJECTION PISTON Ø110 - 420,B-10078 BARREL PLATE ASSY - 420,2.0,NOS,0.0,0.5
BOM-0018,(B-10078) BARREL PLATE ASSY - 420 (STOCK-175) [2000210400],1.0,4110003400,HYDRAULIC ROD BUSH - Ø50,B-10078 BARREL PLATE ASSY - 420,2.0,NOS,0.0,0.5
BOM-0018,(B-10078) BARREL PLATE ASSY - 420 (STOCK-175) [2000210400],1.0,7220100200,DU BUSH - 60 X 65 X 60 LG,B-10078 BARREL PLATE ASSY - 420,4.0,NOS,0.0,0.5
BOM-0018,(B-10078) BARREL PLATE ASSY - 420 (STOCK-175) [2000210400],1.0,7230063110,GLIDE RING - 110 X 94.5 X 6.3,B-10078 BARREL PLATE ASSY - 420,2.0,NOS,0.0,0.5
BOM-0018,(B-10078) BARREL PLATE ASSY - 420 (STOCK-175) [2000210400],1.0,7240097105,GUIDE RING - 105 X 110 X 9.7,B-10078 BARREL PLATE ASSY - 420,4.0,NOS,0.0,0.5
BOM-0018,(B-10078) BARREL PLATE ASSY - 420 (STOCK-175) [2000210400],1.0,7240097050,GUIDE RING - 50 X 55 X 9.7,B-10078 BARREL PLATE ASSY - 420,4.0,NOS,0.0,0.5
BOM-0018,(B-10078) BARREL PLATE ASSY - 420 (STOCK-175) [2000210400],1.0,7250042050,STEP SEAL - 50 X 61 X 4.2,B-10078 BARREL PLATE ASSY - 420,2.0,NOS,0.0,0.5
BOM-0018,(B-10078) BARREL PLATE ASSY - 420 (STOCK-175) [2000210400],1.0,7260073050,ROD SEAL - 50 X 60 X 7.3,B-10078 BARREL PLATE ASSY - 420,2.0,NOS,0.0,0.5
BOM-0018,(B-10078) BARREL PLATE ASSY - 420 (STOCK-175) [2000210400],1.0,7270053050,PU WIPER SEAL 50 X58.6 X 5.3/7,B-10078 BARREL PLATE ASSY - 420,2.0,NOS,0.0,0.5
BOM-0018,(B-10078) BARREL PLATE ASSY - 420 (STOCK-175) [2000210400],1.0,7290003040,O RING - 40 X 3 (O RING- 45.69X2.62),B-10078 BARREL PLATE ASSY - 420,2.0,NOS,0.0,0.5
BOM-0018,(B-10078) BARREL PLATE ASSY - 420 (STOCK-175) [2000210400],1.0,7290005100,O RING - 100 X 5 (O RING-100.97X5.33),B-10078 BARREL PLATE ASSY - 420,4.0,NOS,0.0,0.5
BOM-0019,(B-10079) BARREL PLATE ASSY - 635 (STOCK-210) [2000210600],1.0,7000101400,FASTENER KIT BARREL PLATE ASSY - 635,B-10079 BARREL PLATE ASSY - 635,1.0,NOS,0.0,0.5
BOM-0019,(B-10079) BARREL PLATE ASSY - 635 (STOCK-210) [2000210600],1.0,4110015000,BARREL PLATE - 635 (STOCK-210),B-10079 BARREL PLATE ASSY - 635,1.0,NOS,0.0,0.5
BOM-0019,(B-10079) BARREL PLATE ASSY - 635 (STOCK-210) [2000210600],1.0,4110015100,INJECTION CYLINDER FRONT CAP - 635,B-10079 BARREL PLATE ASSY - 635,2.0,NOS,0.0,0.5
BOM-0019,(B-10079) BARREL PLATE ASSY - 635 (STOCK-210) [2000210600],1.0,4110015200,INJECTION CYLINDER END CAP - 635,B-10079 BARREL PLATE ASSY - 635,2.0,NOS,0.0,0.5
BOM-0019,(B-10079) BARREL PLATE ASSY - 635 (STOCK-210) [2000210600],1.0,4110015300,INJECTION CYLINDER ROD - 635,B-10079 BARREL PLATE ASSY - 635,2.0,NOS,0.0,0.5
BOM-0019,(B-10079) BARREL PLATE ASSY - 635 (STOCK-210) [2000210600],1.0,4110015400,INJECTION PISTON Ø125 - 635,B-10079 BARREL PLATE ASSY - 635,2.0,NOS,0.0,0.5
BOM-0019,(B-10079) BARREL PLATE ASSY - 635 (STOCK-210) [2000210600],1.0,4110015500,HYDRAULIC ROD BUSH - Ø60,B-10079 BARREL PLATE ASSY - 635,2.0,NOS,0.0,0.5
BOM-0019,(B-10079) BARREL PLATE ASSY - 635 (STOCK-210) [2000210600],1.0,7220100200,DU BUSH - 60 X 65 X 60 LG,B-10079 BARREL PLATE ASSY - 635,4.0,NOS,0.0,0.5
BOM-0019,(B-10079) BARREL PLATE ASSY - 635 (STOCK-210) [2000210600],1.0,7230063125,GLIDE RING - 125 X 109.5 X 6.3,B-10079 BARREL PLATE ASSY - 635,2.0,NOS,0.0,0.5
BOM-0019,(B-10079) BARREL PLATE ASSY - 635 (STOCK-210) [2000210600],1.0,7240097120,GUIDE RING - 120X125X9.7,B-10079 BARREL PLATE ASSY - 635,4.0,NOS,0.0,0.5
BOM-0019,(B-10079) BARREL PLATE ASSY - 635 (STOCK-210) [2000210600],1.0,7240015060,GUIDE RING - 60 X6 5 X 15,B-10079 BARREL PLATE ASSY - 635,4.0,NOS,0.0,0.5
BOM-0019,(B-10079) BARREL PLATE ASSY - 635 (STOCK-210) [2000210600],1.0,7240097060,GUIDE RING - 60 X 65 X 9.7,B-10079 BARREL PLATE ASSY - 635,2.0,NOS,0.0,0.5
BOM-0019,(B-10079) BARREL PLATE ASSY - 635 (STOCK-210) [2000210600],1.0,7260010060,ROD SEAL - 60 X 70 X 10,B-10079 BARREL PLATE ASSY - 635,2.0,NOS,0.0,0.5
BOM-0019,(B-10079) BARREL PLATE ASSY - 635 (STOCK-210) [2000210600],1.0,7270053060,PU WIPER SEAL - 60 X 68.6 X 5.3/7,B-10079 BARREL PLATE ASSY - 635,2.0,NOS,0.0,0.5
BOM-0019,(B-10079) BARREL PLATE ASSY - 635 (STOCK-210) [2000210600],1.0,7290004050,O RING - 50 X 4 (O RING- 53.57X3.53),B-10079 BARREL PLATE ASSY - 635,2.0,NOS,0.0,0.5
BOM-0019,(B-10079) BARREL PLATE ASSY - 635 (STOCK-210) [2000210600],1.0,7290005115,O RING - 115 X 5 (O RING- 113.84X5.33),B-10079 BARREL PLATE ASSY - 635,4.0,NOS,0.0,0.5
BOM-0020,(B-10080) BARREL PLATE ASSY - 905 (STOCK-245) [2000210800],1.0,7000101900,FASTENER KIT BARREL PLATE ASSY - 905,B-10080 BARREL PLATE ASSY - 905,1.0,NOS,0.0,0.5
BOM-0020,(B-10080) BARREL PLATE ASSY - 905 (STOCK-245) [2000210800],1.0,4110020600,BARREL PLATE - 905 (STOCK-245),B-10080 BARREL PLATE ASSY - 905,1.0,NOS,0.0,0.5
BOM-0020,(B-10080) BARREL PLATE ASSY - 905 (STOCK-245) [2000210800],1.0,4110020700,INJECTION CYLINDER FRONT CAP - 905,B-10080 BARREL PLATE ASSY - 905,2.0,NOS,0.0,0.5
BOM-0020,(B-10080) BARREL PLATE ASSY - 905 (STOCK-245) [2000210800],1.0,4110020800,INJECTION CYLINDER END CAP - 905,B-10080 BARREL PLATE ASSY - 905,2.0,NOS,0.0,0.5
BOM-0020,(B-10080) BARREL PLATE ASSY - 905 (STOCK-245) [2000210800],1.0,4110020900,INJECTION CYLINDER ROD - 905,B-10080 BARREL PLATE ASSY - 905,2.0,NOS,0.0,0.5
BOM-0020,(B-10080) BARREL PLATE ASSY - 905 (STOCK-245) [2000210800],1.0,4110021000,INJECTION PISTON Ø140 - 905,B-10080 BARREL PLATE ASSY - 905,2.0,NOS,0.0,0.5
BOM-0020,(B-10080) BARREL PLATE ASSY - 905 (STOCK-245) [2000210800],1.0,4110021100,HYDRAULIC ROD BUSH - Ø70,B-10080 BARREL PLATE ASSY - 905,2.0,NOS,0.0,0.5
BOM-0020,(B-10080) BARREL PLATE ASSY - 905 (STOCK-245) [2000210800],1.0,7220100300,DU BUSH - 70 X 75 X 70 LG,B-10080 BARREL PLATE ASSY - 905,4.0,NOS,0.0,0.5
BOM-0020,(B-10080) BARREL PLATE ASSY - 905 (STOCK-245) [2000210800],1.0,7230063140,GLIDE RING - 140 X 124.5 X 6.3,B-10080 BARREL PLATE ASSY - 905,2.0,NOS,0.0,0.5
BOM-0020,(B-10080) BARREL PLATE ASSY - 905 (STOCK-245) [2000210800],1.0,7240097135,GUIDE RING - 135 X 140 X 9.7,B-10080 BARREL PLATE ASSY - 905,4.0,NOS,0.0,0.5
BOM-0020,(B-10080) BARREL PLATE ASSY - 905 (STOCK-245) [2000210800],1.0,7240015070,GUIDE RING - 70 X 75 X 15,B-10080 BARREL PLATE ASSY - 905,4.0,NOS,0.0,0.5
BOM-0020,(B-10080) BARREL PLATE ASSY - 905 (STOCK-245) [2000210800],1.0,7240097070,GUIDE RING - 70 X 75 X 9.7,B-10080 BARREL PLATE ASSY - 905,2.0,NOS,0.0,0.5
BOM-0020,(B-10080) BARREL PLATE ASSY - 905 (STOCK-245) [2000210800],1.0,7260114070,ROD SEAL - 70 X 85 X 11.4,B-10080 BARREL PLATE ASSY - 905,2.0,NOS,0.0,0.5
BOM-0020,(B-10080) BARREL PLATE ASSY - 905 (STOCK-245) [2000210800],1.0,7270053070,PU WIPER SEAL - 70 X 78.6 X 5.3/7,B-10080 BARREL PLATE ASSY - 905,2.0,NOS,0.0,0.5
BOM-0020,(B-10080) BARREL PLATE ASSY - 905 (STOCK-245) [2000210800],1.0,7290004060,O RING - 60 X 4 (63.09X3.53),B-10080 BARREL PLATE ASSY - 905,2.0,NOS,0.0,0.5
BOM-0020,(B-10080) BARREL PLATE ASSY - 905 (STOCK-245) [2000210800],1.0,7290005130,O RING - 130 X 5 (O RING- 129.54X5.33),B-10080 BARREL PLATE ASSY - 905,4.0,NOS,0.0,0.5
BOM-0021,(B-10081) BARREL PLATE ASSY - 1520 (STOCK-280) [2000211100],1.0,7000102400,FASTENER KIT BARREL PLATE ASSY - 1520,B-10081 BARREL PLATE ASSY - 152,1.0,NOS,0.0,0.5
BOM-0021,(B-10081) BARREL PLATE ASSY - 1520 (STOCK-280) [2000211100],1.0,4110025700,BARREL PLATE - 1520 (STOCK-280),B-10081 BARREL PLATE ASSY - 152,1.0,NOS,0.0,0.5
BOM-0021,(B-10081) BARREL PLATE ASSY - 1520 (STOCK-280) [2000211100],1.0,4110025800,INJECTION CYLINDER FRONT CAP - 1520,B-10081 BARREL PLATE ASSY - 152,2.0,NOS,0.0,0.5
BOM-0021,(B-10081) BARREL PLATE ASSY - 1520 (STOCK-280) [2000211100],1.0,4110025900,INJECTION CYLINDER END CAP - 1520,B-10081 BARREL PLATE ASSY - 152,2.0,NOS,0.0,0.5
BOM-0021,(B-10081) BARREL PLATE ASSY - 1520 (STOCK-280) [2000211100],1.0,4110026000,INJECTION CYLINDER ROD - 1520,B-10081 BARREL PLATE ASSY - 152,2.0,NOS,0.0,0.5
BOM-0021,(B-10081) BARREL PLATE ASSY - 1520 (STOCK-280) [2000211100],1.0,4110026100,INJECTION PISTON Ø165 - 1520,B-10081 BARREL PLATE ASSY - 152,2.0,NOS,0.0,0.5
BOM-0021,(B-10081) BARREL PLATE ASSY - 1520 (STOCK-280) [2000211100],1.0,4110026200,HYDRAULIC ROD BUSH - Ø75,B-10081 BARREL PLATE ASSY - 152,2.0,NOS,0.0,0.5
BOM-0021,(B-10081) BARREL PLATE ASSY - 1520 (STOCK-280) [2000211100],1.0,7220100300,DU BUSH - 70 X 75 X 70 LG,B-10081 BARREL PLATE ASSY - 152,4.0,NOS,0.0,0.5
BOM-0021,(B-10081) BARREL PLATE ASSY - 1520 (STOCK-280) [2000211100],1.0,7230081165,GLIDE RING - 165 X 144 X 8.1,B-10081 BARREL PLATE ASSY - 152,2.0,NOS,0.0,0.5
BOM-0021,(B-10081) BARREL PLATE ASSY - 1520 (STOCK-280) [2000211100],1.0,7240015160,GUIDE RING - 160 X 165 X 15,B-10081 BARREL PLATE ASSY - 152,4.0,NOS,0.0,0.5
BOM-0021,(B-10081) BARREL PLATE ASSY - 1520 (STOCK-280) [2000211100],1.0,7240015075,GUIDE RING - 75 X 80 X 15,B-10081 BARREL PLATE ASSY - 152,4.0,NOS,0.0,0.5
BOM-0021,(B-10081) BARREL PLATE ASSY - 1520 (STOCK-280) [2000211100],1.0,7240097075,GUIDE RING - 75 X 80 X 9.7,B-10081 BARREL PLATE ASSY - 152,2.0,NOS,0.0,0.5
BOM-0021,(B-10081) BARREL PLATE ASSY - 1520 (STOCK-280) [2000211100],1.0,7260012075,ROD SEAL - 75 X 85 X 12,B-10081 BARREL PLATE ASSY - 152,2.0,NOS,0.0,0.5
BOM-0021,(B-10081) BARREL PLATE ASSY - 1520 (STOCK-280) [2000211100],1.0,7270053075,PU WIPER SEAL - 75 X 83.2 X 5.3/7,B-10081 BARREL PLATE ASSY - 152,2.0,NOS,0.0,0.5
BOM-0021,(B-10081) BARREL PLATE ASSY - 1520 (STOCK-280) [2000211100],1.0,7290004065,O RING - 65 X 4 (O RING- 69.44X3.53),B-10081 BARREL PLATE ASSY - 152,2.0,NOS,0.0,0.5
BOM-0021,(B-10081) BARREL PLATE ASSY - 1520 (STOCK-280) [2000211100],1.0,7290006150,O RING - 150 X 6 (O RING-151.77 X5.33),B-10081 BARREL PLATE ASSY - 152,4.0,NOS,0.0,0.5
BOM-0022,(B-10082) BARREL PLATE ASSY - 2350 (STOCK-315) [2000211300],1.0,7000102700,FASTENER KIT BARREL PLATE ASSY - 2350,B-10082 BARREL PLATE ASSY - 235,1.0,NOS,0.0,0.5
BOM-0022,(B-10082) BARREL PLATE ASSY - 2350 (STOCK-315) [2000211300],1.0,4110028700,BARREL PLATE - 2350 (STOCK-315),B-10082 BARREL PLATE ASSY - 235,1.0,NOS,0.0,0.5
BOM-0022,(B-10082) BARREL PLATE ASSY - 2350 (STOCK-315) [2000211300],1.0,4110028800,INJECTION CYLINDER FRONT CAP - 2350,B-10082 BARREL PLATE ASSY - 235,2.0,NOS,0.0,0.5
BOM-0022,(B-10082) BARREL PLATE ASSY - 2350 (STOCK-315) [2000211300],1.0,4110028900,INJECTION CYLINDER END CAP - 2350,B-10082 BARREL PLATE ASSY - 235,2.0,NOS,0.0,0.5
BOM-0022,(B-10082) BARREL PLATE ASSY - 2350 (STOCK-315) [2000211300],1.0,4110029000,INJECTION CYLINDER ROD - 2350,B-10082 BARREL PLATE ASSY - 235,2.0,NOS,0.0,0.5
BOM-0022,(B-10082) BARREL PLATE ASSY - 2350 (STOCK-315) [2000211300],1.0,4110029100,INJECTION PISTON Ø190 - 2350,B-10082 BARREL PLATE ASSY - 235,2.0,NOS,0.0,0.5
BOM-0022,(B-10082) BARREL PLATE ASSY - 2350 (STOCK-315) [2000211300],1.0,4110029200,HYDRAULIC ROD BUSH - Ø80,B-10082 BARREL PLATE ASSY - 235,2.0,NOS,0.0,0.5
BOM-0022,(B-10082) BARREL PLATE ASSY - 2350 (STOCK-315) [2000211300],1.0,7220100300,DU BUSH - 70 X 75 X 70 LG,B-10082 BARREL PLATE ASSY - 235,4.0,NOS,0.0,0.5
BOM-0022,(B-10082) BARREL PLATE ASSY - 2350 (STOCK-315) [2000211300],1.0,7230081190,GLIDE RING - 190 X 169 X 8.1,B-10082 BARREL PLATE ASSY - 235,2.0,NOS,0.0,0.5
BOM-0022,(B-10082) BARREL PLATE ASSY - 2350 (STOCK-315) [2000211300],1.0,7240015185,GUIDE RING - 185 X 190 X 15,B-10082 BARREL PLATE ASSY - 235,4.0,NOS,0.0,0.5
BOM-0022,(B-10082) BARREL PLATE ASSY - 2350 (STOCK-315) [2000211300],1.0,7240015080,GUIDE RING - 80 X 85 X 15,B-10082 BARREL PLATE ASSY - 235,4.0,NOS,0.0,0.5
BOM-0022,(B-10082) BARREL PLATE ASSY - 2350 (STOCK-315) [2000211300],1.0,7240097080,GUIDE RING - 80 X 85 X 9.7,B-10082 BARREL PLATE ASSY - 235,2.0,NOS,0.0,0.5
BOM-0022,(B-10082) BARREL PLATE ASSY - 2350 (STOCK-315) [2000211300],1.0,7260114080,ROD SEAL - 80 X 95 X 11.4,B-10082 BARREL PLATE ASSY - 235,2.0,NOS,0.0,0.5
BOM-0022,(B-10082) BARREL PLATE ASSY - 2350 (STOCK-315) [2000211300],1.0,7270053080,PU WIPER SEAL - 80 X 88.6 X 5.3/7,B-10082 BARREL PLATE ASSY - 235,2.0,NOS,0.0,0.5
BOM-0022,(B-10082) BARREL PLATE ASSY - 2350 (STOCK-315) [2000211300],1.0,7290004070,O RING - 70 X 4 (O RING- 72.62X3.53),B-10082 BARREL PLATE ASSY - 235,2.0,NOS,0.0,0.5
BOM-0022,(B-10082) BARREL PLATE ASSY - 2350 (STOCK-315) [2000211300],1.0,7290006175,O RING - 175 X 6 (O RING-177.17 X5.33),B-10082 BARREL PLATE ASSY - 235,4.0,NOS,0.0,0.5
BOM-0023,(B-10083) BEARING HOUSING ASSY - 280 [2000210200],1.0,7000100500,FASTENER KIT BEARING HOUSING ASSY - 280,B-10083 BEARING HOUSING ASSY -,1.0,NOS,0.0,0.5
BOM-0023,(B-10083) BEARING HOUSING ASSY - 280 [2000210200],1.0,4110003500,BEARING HOUSING - 280,B-10083 BEARING HOUSING ASSY -,1.0,NOS,0.0,0.5
BOM-0023,(B-10083) BEARING HOUSING ASSY - 280 [2000210200],1.0,4110003600,SCREW DRIVE SHAFT - 280,B-10083 BEARING HOUSING ASSY -,1.0,NOS,0.0,0.5
BOM-0023,(B-10083) BEARING HOUSING ASSY - 280 [2000210200],1.0,4110003700,DRIVE SHAFT OIL SEAL FLANGE - 280,B-10083 BEARING HOUSING ASSY -,1.0,NOS,0.0,0.5
BOM-0023,(B-10083) BEARING HOUSING ASSY - 280 [2000210200],1.0,4020101000,DRIVE SHAFT NUT - 280 (M70 X 3),B-10083 BEARING HOUSING ASSY -,1.0,NOS,0.0,0.5
BOM-0023,(B-10083) BEARING HOUSING ASSY - 280 [2000210200],1.0,4020101100,DRIVE SHAFT CHECK NUT - 280 (M70 X 3),B-10083 BEARING HOUSING ASSY -,1.0,NOS,0.0,0.5
BOM-0023,(B-10083) BEARING HOUSING ASSY - 280 [2000210200],1.0,7220100200,DU BUSH - 60 X 65 X 60 LG,B-10083 BEARING HOUSING ASSY -,4.0,NOS,0.0,0.5
BOM-0023,(B-10083) BEARING HOUSING ASSY - 280 [2000210200],1.0,7280095115,RADIAL OIL SEAL - 95 X 115 X 12,B-10083 BEARING HOUSING ASSY -,1.0,NOS,0.0,0.5
BOM-0023,(B-10083) BEARING HOUSING ASSY - 280 [2000210200],1.0,7200100100,TAPER ROLLER BEARING-32014,B-10083 BEARING HOUSING ASSY -,1.0,NOS,0.0,0.5
BOM-0023,(B-10083) BEARING HOUSING ASSY - 280 [2000210200],1.0,7200100200,TAPER ROLLER BEARING-32216,B-10083 BEARING HOUSING ASSY -,1.0,NOS,0.0,0.5
BOM-0023,(B-10083) BEARING HOUSING ASSY - 280 [2000210200],1.0,6110100300,TORQUE PISTON MOTOR TMDG 2-200 S18,B-10083 BEARING HOUSING ASSY -,1.0,NOS,0.0,0.5
BOM-0024,(B-10083) BEARING HOUSING ASSY - 420 [2000210500],1.0,7000101000,FASTENER KIT BEARING HOUSING ASSY - 420,B-10083 BEARING HOUSING ASS_1,1.0,NOS,0.0,0.5
BOM-0024,(B-10083) BEARING HOUSING ASSY - 420 [2000210500],1.0,4110003500,BEARING HOUSING - 280,B-10083 BEARING HOUSING ASS_1,1.0,NOS,0.0,0.5
BOM-0024,(B-10083) BEARING HOUSING ASSY - 420 [2000210500],1.0,4110003600,SCREW DRIVE SHAFT - 280,B-10083 BEARING HOUSING ASS_1,1.0,NOS,0.0,0.5
BOM-0024,(B-10083) BEARING HOUSING ASSY - 420 [2000210500],1.0,4110003700,DRIVE SHAFT OIL SEAL FLANGE - 280,B-10083 BEARING HOUSING ASS_1,1.0,NOS,0.0,0.5
BOM-0024,(B-10083) BEARING HOUSING ASSY - 420 [2000210500],1.0,4020101000,DRIVE SHAFT NUT - 280 (M70 X 3),B-10083 BEARING HOUSING ASS_1,1.0,NOS,0.0,0.5
BOM-0024,(B-10083) BEARING HOUSING ASSY - 420 [2000210500],1.0,4020101100,DRIVE SHAFT CHECK NUT - 280 (M70 X 3),B-10083 BEARING HOUSING ASS_1,1.0,NOS,0.0,0.5
BOM-0024,(B-10083) BEARING HOUSING ASSY - 420 [2000210500],1.0,7220100200,DU BUSH - 60 X 65 X 60 LG,B-10083 BEARING HOUSING ASS_1,4.0,NOS,0.0,0.5
BOM-0024,(B-10083) BEARING HOUSING ASSY - 420 [2000210500],1.0,7280095115,RADIAL OIL SEAL - 95 X 115 X 12,B-10083 BEARING HOUSING ASS_1,1.0,NOS,0.0,0.5
BOM-0024,(B-10083) BEARING HOUSING ASSY - 420 [2000210500],1.0,7200100100,TAPER ROLLER BEARING-32014,B-10083 BEARING HOUSING ASS_1,1.0,NOS,0.0,0.5
BOM-0024,(B-10083) BEARING HOUSING ASSY - 420 [2000210500],1.0,7200100200,TAPER ROLLER BEARING-32216,B-10083 BEARING HOUSING ASS_1,1.0,NOS,0.0,0.5
BOM-0024,(B-10083) BEARING HOUSING ASSY - 420 [2000210500],1.0,6110100400,TORQUE PISTON MOTOR TMDG 3-300 S18,B-10083 BEARING HOUSING ASS_1,1.0,NOS,0.0,0.5
BOM-0025,(B-10084) BEARING HOUSING ASSY - 635 [2000210700],1.0,7000101500,FASTENER KIT BEARING HOUSING ASSY - 635,B-10084 BEARING HOUSING ASSY -,1.0,NOS,0.0,0.5
BOM-0025,(B-10084) BEARING HOUSING ASSY - 635 [2000210700],1.0,4110015600,BEARING HOUSING - 635,B-10084 BEARING HOUSING ASSY -,1.0,NOS,0.0,0.5
BOM-0025,(B-10084) BEARING HOUSING ASSY - 635 [2000210700],1.0,4110015700,SCREW DRIVE SHAFT - 635,B-10084 BEARING HOUSING ASSY -,1.0,NOS,0.0,0.5
BOM-0025,(B-10084) BEARING HOUSING ASSY - 635 [2000210700],1.0,4110015800,DRIVE SHAFT OIL SEAL FLANGE - 635,B-10084 BEARING HOUSING ASSY -,1.0,NOS,0.0,0.5
BOM-0025,(B-10084) BEARING HOUSING ASSY - 635 [2000210700],1.0,4020101200,DRIVE SHAFT NUT - 635 (M80 X 3),B-10084 BEARING HOUSING ASSY -,1.0,NOS,0.0,0.5
BOM-0025,(B-10084) BEARING HOUSING ASSY - 635 [2000210700],1.0,4020101300,DRIVE SHAFT CHECK NUT - 635 (M80 X 3),B-10084 BEARING HOUSING ASSY -,1.0,NOS,0.0,0.5
BOM-0025,(B-10084) BEARING HOUSING ASSY - 635 [2000210700],1.0,7220100200,DU BUSH - 60 X 65 X 60 LG,B-10084 BEARING HOUSING ASSY -,4.0,NOS,0.0,0.5
BOM-0025,(B-10084) BEARING HOUSING ASSY - 635 [2000210700],1.0,7280105125,RADIAL OIL SEAL - 105 X 125 X 12,B-10084 BEARING HOUSING ASSY -,1.0,NOS,0.0,0.5
BOM-0025,(B-10084) BEARING HOUSING ASSY - 635 [2000210700],1.0,7200100300,TAPER ROLLER BEARING-32218,B-10084 BEARING HOUSING ASSY -,1.0,NOS,0.0,0.5
BOM-0025,(B-10084) BEARING HOUSING ASSY - 635 [2000210700],1.0,7200100200,TAPER ROLLER BEARING-32216,B-10084 BEARING HOUSING ASSY -,1.0,NOS,0.0,0.5
BOM-0025,(B-10084) BEARING HOUSING ASSY - 635 [2000210700],1.0,6110100500,TORQUE PISTON MOTOR TMDG 3-400 S18,B-10084 BEARING HOUSING ASSY -,1.0,NOS,0.0,0.5
BOM-0026,(B-10085) BEARING HOUSING ASSY - 905 [2000210900],1.0,7000102000,FASTENER KIT BEARING HOUSING ASSY - 905,B-10085 BEARING HOUSING ASSY -,1.0,NOS,0.0,0.5
BOM-0026,(B-10085) BEARING HOUSING ASSY - 905 [2000210900],1.0,4110021200,BEARING HOUSING - 905,B-10085 BEARING HOUSING ASSY -,1.0,NOS,0.0,0.5
BOM-0026,(B-10085) BEARING HOUSING ASSY - 905 [2000210900],1.0,4110021300,SCREW DRIVE SHAFT - 905,B-10085 BEARING HOUSING ASSY -,1.0,NOS,0.0,0.5
BOM-0026,(B-10085) BEARING HOUSING ASSY - 905 [2000210900],1.0,4110021400,DRIVE SHAFT OIL SEAL FLANGE - 905,B-10085 BEARING HOUSING ASSY -,1.0,NOS,0.0,0.5
BOM-0026,(B-10085) BEARING HOUSING ASSY - 905 [2000210900],1.0,4020101200,DRIVE SHAFT NUT - 635 (M80 X 3),B-10085 BEARING HOUSING ASSY -,1.0,NOS,0.0,0.5
BOM-0026,(B-10085) BEARING HOUSING ASSY - 905 [2000210900],1.0,4020101300,DRIVE SHAFT CHECK NUT - 635 (M80 X 3),B-10085 BEARING HOUSING ASSY -,1.0,NOS,0.0,0.5
BOM-0026,(B-10085) BEARING HOUSING ASSY - 905 [2000210900],1.0,7220100300,DU BUSH - 70 X 75 X 70 LG,B-10085 BEARING HOUSING ASSY -,4.0,NOS,0.0,0.5
BOM-0026,(B-10085) BEARING HOUSING ASSY - 905 [2000210900],1.0,7280110130,RADIAL OIL SEAL - 110 X 130 X 12,B-10085 BEARING HOUSING ASSY -,1.0,NOS,0.0,0.5
BOM-0026,(B-10085) BEARING HOUSING ASSY - 905 [2000210900],1.0,7200100400,TAPER ROLLER BEARING-32219,B-10085 BEARING HOUSING ASSY -,1.0,NOS,0.0,0.5
BOM-0026,(B-10085) BEARING HOUSING ASSY - 905 [2000210900],1.0,7200100200,TAPER ROLLER BEARING-32216,B-10085 BEARING HOUSING ASSY -,1.0,NOS,0.0,0.5
BOM-0026,(B-10085) BEARING HOUSING ASSY - 905 [2000210900],1.0,6110100600,TORQUE PISTON MOTOR TMDG 6-500 S28,B-10085 BEARING HOUSING ASSY -,1.0,NOS,0.0,0.5
BOM-0027,(B-10086) BEARING HOUSING ASSY - 1520 [2000211200],1.0,7000102500,FASTENER KIT BEARING HOUSING ASSY - 1520,B-10086 BEARING HOUSING ASSY -,1.0,NOS,0.0,0.5
BOM-0027,(B-10086) BEARING HOUSING ASSY - 1520 [2000211200],1.0,4110026300,BEARING HOUSING - 1520,B-10086 BEARING HOUSING ASSY -,1.0,NOS,0.0,0.5
BOM-0027,(B-10086) BEARING HOUSING ASSY - 1520 [2000211200],1.0,4110026400,SCREW DRIVE SHAFT - 1520,B-10086 BEARING HOUSING ASSY -,1.0,NOS,0.0,0.5
BOM-0027,(B-10086) BEARING HOUSING ASSY - 1520 [2000211200],1.0,4110026500,DRIVE SHAFT OIL SEAL FLANGE - 1520,B-10086 BEARING HOUSING ASSY -,1.0,NOS,0.0,0.5
BOM-0027,(B-10086) BEARING HOUSING ASSY - 1520 [2000211200],1.0,4020101400,DRIVE SHAFT NUT - 1520 (M90 X 4),B-10086 BEARING HOUSING ASSY -,1.0,NOS,0.0,0.5
BOM-0027,(B-10086) BEARING HOUSING ASSY - 1520 [2000211200],1.0,4020101500,DRIVE SHAFT CHECK NUT - 1520 (M90 X 4),B-10086 BEARING HOUSING ASSY -,1.0,NOS,0.0,0.5
BOM-0027,(B-10086) BEARING HOUSING ASSY - 1520 [2000211200],1.0,7220100300,DU BUSH - 70 X 75 X 70 LG,B-10086 BEARING HOUSING ASSY -,4.0,NOS,0.0,0.5
BOM-0027,(B-10086) BEARING HOUSING ASSY - 1520 [2000211200],1.0,7280115140,RADIAL OIL SEAL - 115 X 140 X 12,B-10086 BEARING HOUSING ASSY -,1.0,NOS,0.0,0.5
BOM-0027,(B-10086) BEARING HOUSING ASSY - 1520 [2000211200],1.0,7200100500,TAPER ROLLER BEARING-32220,B-10086 BEARING HOUSING ASSY -,1.0,NOS,0.0,0.5
BOM-0027,(B-10086) BEARING HOUSING ASSY - 1520 [2000211200],1.0,7200100300,TAPER ROLLER BEARING-32218,B-10086 BEARING HOUSING ASSY -,1.0,NOS,0.0,0.5
BOM-0027,(B-10086) BEARING HOUSING ASSY - 1520 [2000211200],1.0,6110100700,TORQUE PISTON MOTOR TMDG 8-800B,B-10086 BEARING HOUSING ASSY -,1.0,NOS,0.0,0.5
BOM-0028,(B-10087) BEARING HOUSING ASSY - 2350 [2000211400],1.0,7000102800,FASTENER KIT BEARING HOUSING ASSY - 2350,B-10087 BEARING HOUSING ASSY -,1.0,NOS,0.0,0.5
BOM-0028,(B-10087) BEARING HOUSING ASSY - 2350 [2000211400],1.0,4110029300,BEARING HOUSING - 2350,B-10087 BEARING HOUSING ASSY -,1.0,NOS,0.0,0.5
BOM-0028,(B-10087) BEARING HOUSING ASSY - 2350 [2000211400],1.0,4110029400,SCREW DRIVE SHAFT - 2350,B-10087 BEARING HOUSING ASSY -,1.0,NOS,0.0,0.5
BOM-0028,(B-10087) BEARING HOUSING ASSY - 2350 [2000211400],1.0,4110029500,DRIVE SHAFT OIL SEAL FLANGE - 2350,B-10087 BEARING HOUSING ASSY -,1.0,NOS,0.0,0.5
BOM-0028,(B-10087) BEARING HOUSING ASSY - 2350 [2000211400],1.0,4020101600,DRIVE SHAFT NUT - 2350 (M110 X 4),B-10087 BEARING HOUSING ASSY -,1.0,NOS,0.0,0.5
BOM-0028,(B-10087) BEARING HOUSING ASSY - 2350 [2000211400],1.0,4020101700,DRIVE SHAFT CHECK NUT - 2350 (M110 X 4),B-10087 BEARING HOUSING ASSY -,1.0,NOS,0.0,0.5
BOM-0028,(B-10087) BEARING HOUSING ASSY - 2350 [2000211400],1.0,7220100300,DU BUSH - 70 X 75 X 70 LG,B-10087 BEARING HOUSING ASSY -,4.0,NOS,0.0,0.5
BOM-0028,(B-10087) BEARING HOUSING ASSY - 2350 [2000211400],1.0,7280145175,RADIAL OIL SEAL - 145 X 175 X 12,B-10087 BEARING HOUSING ASSY -,1.0,NOS,0.0,0.5
BOM-0028,(B-10087) BEARING HOUSING ASSY - 2350 [2000211400],1.0,7200100600,TAPER ROLLER BEARING-32222,B-10087 BEARING HOUSING ASSY -,1.0,NOS,0.0,0.5
BOM-0028,(B-10087) BEARING HOUSING ASSY - 2350 [2000211400],1.0,7200100700,TAPER ROLLER BEARING-32226,B-10087 BEARING HOUSING ASSY -,1.0,NOS,0.0,0.5
BOM-0029,(B-10001) SCREW BARREL ASSY - 30-280 [2000300100],1.0,4110003800,BARREL Ø30 - 280,B-10001 SCREW ASSY 30-280 20003,1.0,NOS,0.0,0.5
BOM-0029,(B-10001) SCREW BARREL ASSY - 30-280 [2000300100],1.0,4110003900,SCREW Ø30 - 280,B-10001 SCREW ASSY 30-280 20003,1.0,NOS,0.0,0.5
BOM-0029,(B-10001) SCREW BARREL ASSY - 30-280 [2000300100],1.0,4110004300,BARREL ADAPT Ø30 - 280,B-10001 SCREW ASSY 30-280 20003,1.0,NOS,0.0,0.5
BOM-0029,(B-10001) SCREW BARREL ASSY - 30-280 [2000300100],1.0,4110004000,SCREW TIP - 30,B-10001 SCREW ASSY 30-280 20003,1.0,NOS,0.0,0.5
BOM-0029,(B-10001) SCREW BARREL ASSY - 30-280 [2000300100],1.0,4110004100,SLIDER - 30,B-10001 SCREW ASSY 30-280 20003,1.0,NOS,0.0,0.5
BOM-0029,(B-10001) SCREW BARREL ASSY - 30-280 [2000300100],1.0,4110004200,SLIDER SEAT - 30,B-10001 SCREW ASSY 30-280 20003,1.0,NOS,0.0,0.5
BOM-0029,(B-10001) SCREW BARREL ASSY - 30-280 [2000300100],1.0,4110004400,NOZZLE TIP LONG - M30 X 2P X 115LG,B-10001 SCREW ASSY 30-280 20003,1.0,NOS,0.0,0.5
BOM-0029,(B-10001) SCREW BARREL ASSY - 30-280 [2000300100],1.0,4020101800,BARREL NUT M70 X 3P - 280,B-10001 SCREW ASSY 30-280 20003,1.0,NOS,0.0,0.5
BOM-0029,(B-10001) SCREW BARREL ASSY - 30-280 [2000300100],1.0,4020101900,BARREL CHECKNUT M70 X 3P - 280,B-10001 SCREW ASSY 30-280 20003,1.0,NOS,0.0,0.5
BOM-0029,(B-10001) SCREW BARREL ASSY - 30-280 [2000300100],1.0,4110004500,SPLIT COLLAR - 30,B-10001 SCREW ASSY 30-280 20003,1.0,NOS,0.0,0.5
BOM-0029,(B-10001) SCREW BARREL ASSY - 30-280 [2000300100],1.0,4110004600,FEED SCREW COUPLING - 30,B-10001 SCREW ASSY 30-280 20003,1.0,NOS,0.0,0.5
BOM-0029,(B-10001) SCREW BARREL ASSY - 30-280 [2000300100],1.0,4110004700,SCREW KEY - 280,B-10001 SCREW ASSY 30-280 20003,1.0,NOS,0.0,0.5
BOM-0029,(B-10001) SCREW BARREL ASSY - 30-280 [2000300100],1.0,3131000100,HYD MOTOR PROX SENSOR MTG - 280,B-10001 SCREW ASSY 30-280 20003,1.0,NOS,0.0,0.5
BOM-0029,(B-10001) SCREW BARREL ASSY - 30-280 [2000300100],1.0,4110004800,BARREL LOCK PIN,B-10001 SCREW ASSY 30-280 20003,1.0,NOS,0.0,0.5
BOM-0030,(B-10004) SCREW BARREL ASSY - 35-420 [2000301000],1.0,4110011100,BARREL Ø35 - 420,B-10004 SCREW ASSY 35-420 20003,1.0,NOS,0.0,0.5
BOM-0030,(B-10004) SCREW BARREL ASSY - 35-420 [2000301000],1.0,4110011200,SCREW Ø35 - 420,B-10004 SCREW ASSY 35-420 20003,1.0,NOS,0.0,0.5
BOM-0030,(B-10004) SCREW BARREL ASSY - 35-420 [2000301000],1.0,4110011300,BARREL ADAPT Ø35 - 420,B-10004 SCREW ASSY 35-420 20003,1.0,NOS,0.0,0.5
BOM-0030,(B-10004) SCREW BARREL ASSY - 35-420 [2000301000],1.0,4110005200,SCREW TIP - 35,B-10004 SCREW ASSY 35-420 20003,1.0,NOS,0.0,0.5
BOM-0030,(B-10004) SCREW BARREL ASSY - 35-420 [2000301000],1.0,4110005300,SLIDER - 35,B-10004 SCREW ASSY 35-420 20003,1.0,NOS,0.0,0.5
BOM-0030,(B-10004) SCREW BARREL ASSY - 35-420 [2000301000],1.0,4110005400,SLIDER SEAT - 35,B-10004 SCREW ASSY 35-420 20003,1.0,NOS,0.0,0.5
BOM-0030,(B-10004) SCREW BARREL ASSY - 35-420 [2000301000],1.0,4110004400,NOZZLE TIP LONG - M30 X 2P X 115LG,B-10004 SCREW ASSY 35-420 20003,1.0,NOS,0.0,0.5
BOM-0030,(B-10004) SCREW BARREL ASSY - 35-420 [2000301000],1.0,4020102000,BARREL NUT M80 X 3P - 420,B-10004 SCREW ASSY 35-420 20003,1.0,NOS,0.0,0.5
BOM-0030,(B-10004) SCREW BARREL ASSY - 35-420 [2000301000],1.0,4020102100,BARREL CHECKNUT M80 X 3P - 420,B-10004 SCREW ASSY 35-420 20003,1.0,NOS,0.0,0.5
BOM-0030,(B-10004) SCREW BARREL ASSY - 35-420 [2000301000],1.0,4110006100,SPLIT COLLAR - 35,B-10004 SCREW ASSY 35-420 20003,1.0,NOS,0.0,0.5
BOM-0030,(B-10004) SCREW BARREL ASSY - 35-420 [2000301000],1.0,4110006200,FEED SCREW COUPLING - 35,B-10004 SCREW ASSY 35-420 20003,1.0,NOS,0.0,0.5
BOM-0030,(B-10004) SCREW BARREL ASSY - 35-420 [2000301000],1.0,4110004700,SCREW KEY - 280,B-10004 SCREW ASSY 35-420 20003,1.0,NOS,0.0,0.5
BOM-0030,(B-10004) SCREW BARREL ASSY - 35-420 [2000301000],1.0,3131000100,HYD MOTOR PROX SENSOR MTG - 280,B-10004 SCREW ASSY 35-420 20003,1.0,NOS,0.0,0.5
BOM-0030,(B-10004) SCREW BARREL ASSY - 35-420 [2000301000],1.0,4110004800,BARREL LOCK PIN,B-10004 SCREW ASSY 35-420 20003,1.0,NOS,0.0,0.5
BOM-0031,(B-10007) SCREW BARREL ASSY - 40-635 [2000301700],1.0,4110015900,BARREL Ø40 - 635,B-10007 SCREW ASSY 40-635 20003,1.0,NOS,0.0,0.5
BOM-0031,(B-10007) SCREW BARREL ASSY - 40-635 [2000301700],1.0,4110016000,SCREW Ø40 - 635,B-10007 SCREW ASSY 40-635 20003,1.0,NOS,0.0,0.5
BOM-0031,(B-10007) SCREW BARREL ASSY - 40-635 [2000301700],1.0,4110016100,BARREL ADAPT Ø40 - 635,B-10007 SCREW ASSY 40-635 20003,1.0,NOS,0.0,0.5
BOM-0031,(B-10007) SCREW BARREL ASSY - 40-635 [2000301700],1.0,4110005800,SCREW TIP - 40,B-10007 SCREW ASSY 40-635 20003,1.0,NOS,0.0,0.5
BOM-0031,(B-10007) SCREW BARREL ASSY - 40-635 [2000301700],1.0,4110005900,SLIDER - 40,B-10007 SCREW ASSY 40-635 20003,1.0,NOS,0.0,0.5
BOM-0031,(B-10007) SCREW BARREL ASSY - 40-635 [2000301700],1.0,4110006000,SLIDER SEAT - 40,B-10007 SCREW ASSY 40-635 20003,1.0,NOS,0.0,0.5
BOM-0031,(B-10007) SCREW BARREL ASSY - 40-635 [2000301700],1.0,4110004400,NOZZLE TIP LONG - M30 X 2P X 115LG,B-10007 SCREW ASSY 40-635 20003,1.0,NOS,0.0,0.5
BOM-0031,(B-10007) SCREW BARREL ASSY - 40-635 [2000301700],1.0,4020102200,BARREL NUT M85 X 3P - 635,B-10007 SCREW ASSY 40-635 20003,1.0,NOS,0.0,0.5
BOM-0031,(B-10007) SCREW BARREL ASSY - 40-635 [2000301700],1.0,4020102300,BARREL CHECKNUT M85 X 3P - 635,B-10007 SCREW ASSY 40-635 20003,1.0,NOS,0.0,0.5
BOM-0031,(B-10007) SCREW BARREL ASSY - 40-635 [2000301700],1.0,4110016200,SPLIT COLLAR - 40,B-10007 SCREW ASSY 40-635 20003,1.0,NOS,0.0,0.5
BOM-0031,(B-10007) SCREW BARREL ASSY - 40-635 [2000301700],1.0,4110016300,FEED SCREW COUPLING - 40,B-10007 SCREW ASSY 40-635 20003,1.0,NOS,0.0,0.5
BOM-0031,(B-10007) SCREW BARREL ASSY - 40-635 [2000301700],1.0,4110016400,SCREW KEY - 635,B-10007 SCREW ASSY 40-635 20003,1.0,NOS,0.0,0.5
BOM-0031,(B-10007) SCREW BARREL ASSY - 40-635 [2000301700],1.0,3131000200,HYD MOTOR PROX SENSOR MTG - 635,B-10007 SCREW ASSY 40-635 20003,1.0,NOS,0.0,0.5
BOM-0031,(B-10007) SCREW BARREL ASSY - 40-635 [2000301700],1.0,4110004800,BARREL LOCK PIN,B-10007 SCREW ASSY 40-635 20003,1.0,NOS,0.0,0.5
BOM-0032,(B-10010) SCREW BARREL ASSY - 45-905 [2000302400],1.0,4110021500,BARREL Ø45 - 905,B-10010 SCREW ASSY 45-905 20003,1.0,NOS,0.0,0.5
BOM-0032,(B-10010) SCREW BARREL ASSY - 45-905 [2000302400],1.0,4110021600,SCREW Ø45 - 905,B-10010 SCREW ASSY 45-905 20003,1.0,NOS,0.0,0.5
BOM-0032,(B-10010) SCREW BARREL ASSY - 45-905 [2000302400],1.0,4110021700,BARREL ADAPT Ø45 - 905,B-10010 SCREW ASSY 45-905 20003,1.0,NOS,0.0,0.5
BOM-0032,(B-10010) SCREW BARREL ASSY - 45-905 [2000302400],1.0,4110012000,SCREW TIP - 45,B-10010 SCREW ASSY 45-905 20003,1.0,NOS,0.0,0.5
BOM-0032,(B-10010) SCREW BARREL ASSY - 45-905 [2000302400],1.0,4110012100,SLIDER - 45,B-10010 SCREW ASSY 45-905 20003,1.0,NOS,0.0,0.5
BOM-0032,(B-10010) SCREW BARREL ASSY - 45-905 [2000302400],1.0,4110012200,SLIDER SEAT - 45,B-10010 SCREW ASSY 45-905 20003,1.0,NOS,0.0,0.5
BOM-0032,(B-10010) SCREW BARREL ASSY - 45-905 [2000302400],1.0,4110021800,NOZZLE TIP LONG - M45 X 3P X 153LG,B-10010 SCREW ASSY 45-905 20003,1.0,NOS,0.0,0.5
BOM-0032,(B-10010) SCREW BARREL ASSY - 45-905 [2000302400],1.0,4020102400,BARREL NUT M95 X4P - 905,B-10010 SCREW ASSY 45-905 20003,1.0,NOS,0.0,0.5
BOM-0032,(B-10010) SCREW BARREL ASSY - 45-905 [2000302400],1.0,4020102500,BARREL CHECKNUT M95 X 4P - 905,B-10010 SCREW ASSY 45-905 20003,1.0,NOS,0.0,0.5
BOM-0032,(B-10010) SCREW BARREL ASSY - 45-905 [2000302400],1.0,4110021900,SPLIT COLLAR - 45,B-10010 SCREW ASSY 45-905 20003,1.0,NOS,0.0,0.5
BOM-0032,(B-10010) SCREW BARREL ASSY - 45-905 [2000302400],1.0,4110022000,FEED SCREW COUPLING - 45,B-10010 SCREW ASSY 45-905 20003,1.0,NOS,0.0,0.5
BOM-0032,(B-10010) SCREW BARREL ASSY - 45-905 [2000302400],1.0,4110022100,SCREW KEY - 905,B-10010 SCREW ASSY 45-905 20003,1.0,NOS,0.0,0.5
BOM-0032,(B-10010) SCREW BARREL ASSY - 45-905 [2000302400],1.0,3131000300,HYD MOTOR PROX SENSOR MTG - 905,B-10010 SCREW ASSY 45-905 20003,1.0,NOS,0.0,0.5
BOM-0032,(B-10010) SCREW BARREL ASSY - 45-905 [2000302400],1.0,4110004800,BARREL LOCK PIN,B-10010 SCREW ASSY 45-905 20003,1.0,NOS,0.0,0.5
BOM-0033,(B-10013) SCREW BARREL ASSY - 50-1520 [2000303300],1.0,4110026600,BARREL Ø50 - 1520,B-10013 SCREW ASSY 50-1520 2000,1.0,NOS,0.0,0.5
BOM-0033,(B-10013) SCREW BARREL ASSY - 50-1520 [2000303300],1.0,4110026700,SCREW Ø50 - 1520,B-10013 SCREW ASSY 50-1520 2000,1.0,NOS,0.0,0.5
BOM-0033,(B-10013) SCREW BARREL ASSY - 50-1520 [2000303300],1.0,4110026800,BARREL ADAPT Ø50 - 1520,B-10013 SCREW ASSY 50-1520 2000,1.0,NOS,0.0,0.5
BOM-0033,(B-10013) SCREW BARREL ASSY - 50-1520 [2000303300],1.0,4110017100,SCREW TIP - 50,B-10013 SCREW ASSY 50-1520 2000,1.0,NOS,0.0,0.5
BOM-0033,(B-10013) SCREW BARREL ASSY - 50-1520 [2000303300],1.0,4110017200,SLIDER - 50,B-10013 SCREW ASSY 50-1520 2000,1.0,NOS,0.0,0.5
BOM-0033,(B-10013) SCREW BARREL ASSY - 50-1520 [2000303300],1.0,4110017300,SLIDER SEAT - 50,B-10013 SCREW ASSY 50-1520 2000,1.0,NOS,0.0,0.5
BOM-0033,(B-10013) SCREW BARREL ASSY - 50-1520 [2000303300],1.0,4110021800,NOZZLE TIP LONG - M45 X 3P X 153LG,B-10013 SCREW ASSY 50-1520 2000,1.0,NOS,0.0,0.5
BOM-0033,(B-10013) SCREW BARREL ASSY - 50-1520 [2000303300],1.0,4020102600,BARREL NUT M105 X 4P - 1520,B-10013 SCREW ASSY 50-1520 2000,1.0,NOS,0.0,0.5
BOM-0033,(B-10013) SCREW BARREL ASSY - 50-1520 [2000303300],1.0,4020102700,BARREL CHECKNUT M105 X 4P - 1520,B-10013 SCREW ASSY 50-1520 2000,1.0,NOS,0.0,0.5
BOM-0033,(B-10013) SCREW BARREL ASSY - 50-1520 [2000303300],1.0,4110026900,SPLIT COLLAR - 50,B-10013 SCREW ASSY 50-1520 2000,1.0,NOS,0.0,0.5
BOM-0033,(B-10013) SCREW BARREL ASSY - 50-1520 [2000303300],1.0,4110027000,FEED SCREW COUPLING - 50,B-10013 SCREW ASSY 50-1520 2000,1.0,NOS,0.0,0.5
BOM-0033,(B-10013) SCREW BARREL ASSY - 50-1520 [2000303300],1.0,4110027100,SCREW KEY - 1520,B-10013 SCREW ASSY 50-1520 2000,1.0,NOS,0.0,0.5
BOM-0033,(B-10013) SCREW BARREL ASSY - 50-1520 [2000303300],1.0,3131000400,HYD MOTOR PROX SENSOR MTG - 1520,B-10013 SCREW ASSY 50-1520 2000,1.0,NOS,0.0,0.5
BOM-0033,(B-10013) SCREW BARREL ASSY - 50-1520 [2000303300],1.0,4110004800,BARREL LOCK PIN,B-10013 SCREW ASSY 50-1520 2000,1.0,NOS,0.0,0.5
BOM-0034,(B-10017) SCREW BARREL ASSY - 60-2350 [2000304000],1.0,4110029600,BARREL Ø60 - 2350,B-10017 SCREW ASSY 60-2350 2000,1.0,NOS,0.0,0.5
BOM-0034,(B-10017) SCREW BARREL ASSY - 60-2350 [2000304000],1.0,4110029700,SCREW Ø60 - 2350,B-10017 SCREW ASSY 60-2350 2000,1.0,NOS,0.0,0.5
BOM-0034,(B-10017) SCREW BARREL ASSY - 60-2350 [2000304000],1.0,4110029800,BARREL ADAPT Ø60 - 2350,B-10017 SCREW ASSY 60-2350 2000,1.0,NOS,0.0,0.5
BOM-0034,(B-10017) SCREW BARREL ASSY - 60-2350 [2000304000],1.0,4110022800,SCREW TIP - 60,B-10017 SCREW ASSY 60-2350 2000,1.0,NOS,0.0,0.5
BOM-0034,(B-10017) SCREW BARREL ASSY - 60-2350 [2000304000],1.0,4110022900,SLIDER - 60,B-10017 SCREW ASSY 60-2350 2000,1.0,NOS,0.0,0.5
BOM-0034,(B-10017) SCREW BARREL ASSY - 60-2350 [2000304000],1.0,4110023000,SLIDER SEAT - 60,B-10017 SCREW ASSY 60-2350 2000,1.0,NOS,0.0,0.5
BOM-0034,(B-10017) SCREW BARREL ASSY - 60-2350 [2000304000],1.0,4110021800,NOZZLE TIP LONG - M45 X 3P X 153LG,B-10017 SCREW ASSY 60-2350 2000,1.0,NOS,0.0,0.5
BOM-0034,(B-10017) SCREW BARREL ASSY - 60-2350 [2000304000],1.0,4020102800,BARREL NUT M120 X 4P - 2350,B-10017 SCREW ASSY 60-2350 2000,1.0,NOS,0.0,0.5
BOM-0034,(B-10017) SCREW BARREL ASSY - 60-2350 [2000304000],1.0,4020102900,BARREL CHECKNUT M120 X 4P - 2350,B-10017 SCREW ASSY 60-2350 2000,1.0,NOS,0.0,0.5
BOM-0034,(B-10017) SCREW BARREL ASSY - 60-2350 [2000304000],1.0,4110029900,SPLIT COLLAR - 60,B-10017 SCREW ASSY 60-2350 2000,1.0,NOS,0.0,0.5
BOM-0034,(B-10017) SCREW BARREL ASSY - 60-2350 [2000304000],1.0,4110030000,FEED SCREW COUPLING - 60,B-10017 SCREW ASSY 60-2350 2000,1.0,NOS,0.0,0.5
BOM-0034,(B-10017) SCREW BARREL ASSY - 60-2350 [2000304000],1.0,4110030100,SCREW KEY - 2350,B-10017 SCREW ASSY 60-2350 2000,1.0,NOS,0.0,0.5
BOM-0034,(B-10017) SCREW BARREL ASSY - 60-2350 [2000304000],1.0,3131000500,HYD MOTOR PROX SENSOR MTG - 2350,B-10017 SCREW ASSY 60-2350 2000,1.0,NOS,0.0,0.5
BOM-0034,(B-10017) SCREW BARREL ASSY - 60-2350 [2000304000],1.0,4110004800,BARREL LOCK PIN,B-10017 SCREW ASSY 60-2350 2000,1.0,NOS,0.0,0.5
BOM-0035,(B-10002) SCREW BARREL ASSY - 35-280 [2000300200],1.0,4110004900,BARREL Ø35 - 280,B-10002 SCREW ASSY 35-280 20003,1.0,NOS,0.0,0.5
BOM-0035,(B-10002) SCREW BARREL ASSY - 35-280 [2000300200],1.0,4110005000,SCREW Ø35 - 280,B-10002 SCREW ASSY 35-280 20003,1.0,NOS,0.0,0.5
BOM-0035,(B-10002) SCREW BARREL ASSY - 35-280 [2000300200],1.0,4110005100,BARREL ADAPT Ø35 - 280,B-10002 SCREW ASSY 35-280 20003,1.0,NOS,0.0,0.5
BOM-0035,(B-10002) SCREW BARREL ASSY - 35-280 [2000300200],1.0,4110005200,SCREW TIP - 35,B-10002 SCREW ASSY 35-280 20003,1.0,NOS,0.0,0.5
BOM-0035,(B-10002) SCREW BARREL ASSY - 35-280 [2000300200],1.0,4110005300,SLIDER - 35,B-10002 SCREW ASSY 35-280 20003,1.0,NOS,0.0,0.5
BOM-0035,(B-10002) SCREW BARREL ASSY - 35-280 [2000300200],1.0,4110005400,SLIDER SEAT - 35,B-10002 SCREW ASSY 35-280 20003,1.0,NOS,0.0,0.5
BOM-0035,(B-10002) SCREW BARREL ASSY - 35-280 [2000300200],1.0,4110004400,NOZZLE TIP LONG - M30 X 2P X 115LG,B-10002 SCREW ASSY 35-280 20003,1.0,NOS,0.0,0.5
BOM-0035,(B-10002) SCREW BARREL ASSY - 35-280 [2000300200],1.0,4020101800,BARREL NUT M70 X 3P - 280,B-10002 SCREW ASSY 35-280 20003,1.0,NOS,0.0,0.5
BOM-0035,(B-10002) SCREW BARREL ASSY - 35-280 [2000300200],1.0,4020101900,BARREL CHECKNUT M70 X 3P - 280,B-10002 SCREW ASSY 35-280 20003,1.0,NOS,0.0,0.5
BOM-0035,(B-10002) SCREW BARREL ASSY - 35-280 [2000300200],1.0,4110004500,SPLIT COLLAR - 30,B-10002 SCREW ASSY 35-280 20003,1.0,NOS,0.0,0.5
BOM-0035,(B-10002) SCREW BARREL ASSY - 35-280 [2000300200],1.0,4110004600,FEED SCREW COUPLING - 30,B-10002 SCREW ASSY 35-280 20003,1.0,NOS,0.0,0.5
BOM-0035,(B-10002) SCREW BARREL ASSY - 35-280 [2000300200],1.0,4110004700,SCREW KEY - 280,B-10002 SCREW ASSY 35-280 20003,1.0,NOS,0.0,0.5
BOM-0035,(B-10002) SCREW BARREL ASSY - 35-280 [2000300200],1.0,3131000100,HYD MOTOR PROX SENSOR MTG - 280,B-10002 SCREW ASSY 35-280 20003,1.0,NOS,0.0,0.5
BOM-0035,(B-10002) SCREW BARREL ASSY - 35-280 [2000300200],1.0,4110004800,BARREL LOCK PIN,B-10002 SCREW ASSY 35-280 20003,1.0,NOS,0.0,0.5
BOM-0036,(B-10005) SCREW BARREL ASSY - 40-420 [2000301100],1.0,4110011400,BARREL Ø40 - 420,B-10005 SCREW ASSY 40-420 20003,1.0,NOS,0.0,0.5
BOM-0036,(B-10005) SCREW BARREL ASSY - 40-420 [2000301100],1.0,4110011500,SCREW Ø40 - 420,B-10005 SCREW ASSY 40-420 20003,1.0,NOS,0.0,0.5
BOM-0036,(B-10005) SCREW BARREL ASSY - 40-420 [2000301100],1.0,4110011600,BARREL ADAPT Ø40 - 420,B-10005 SCREW ASSY 40-420 20003,1.0,NOS,0.0,0.5
BOM-0036,(B-10005) SCREW BARREL ASSY - 40-420 [2000301100],1.0,4110005800,SCREW TIP - 40,B-10005 SCREW ASSY 40-420 20003,1.0,NOS,0.0,0.5
BOM-0036,(B-10005) SCREW BARREL ASSY - 40-420 [2000301100],1.0,4110005900,SLIDER - 40,B-10005 SCREW ASSY 40-420 20003,1.0,NOS,0.0,0.5
BOM-0036,(B-10005) SCREW BARREL ASSY - 40-420 [2000301100],1.0,4110006000,SLIDER SEAT - 40,B-10005 SCREW ASSY 40-420 20003,1.0,NOS,0.0,0.5
BOM-0036,(B-10005) SCREW BARREL ASSY - 40-420 [2000301100],1.0,4110004400,NOZZLE TIP LONG - M30 X 2P X 115LG,B-10005 SCREW ASSY 40-420 20003,1.0,NOS,0.0,0.5
BOM-0036,(B-10005) SCREW BARREL ASSY - 40-420 [2000301100],1.0,4020102000,BARREL NUT M80 X 3P - 420,B-10005 SCREW ASSY 40-420 20003,1.0,NOS,0.0,0.5
BOM-0036,(B-10005) SCREW BARREL ASSY - 40-420 [2000301100],1.0,4020102100,BARREL CHECKNUT M80 X 3P - 420,B-10005 SCREW ASSY 40-420 20003,1.0,NOS,0.0,0.5
BOM-0036,(B-10005) SCREW BARREL ASSY - 40-420 [2000301100],1.0,4110006100,SPLIT COLLAR - 35,B-10005 SCREW ASSY 40-420 20003,1.0,NOS,0.0,0.5
BOM-0036,(B-10005) SCREW BARREL ASSY - 40-420 [2000301100],1.0,4110006200,FEED SCREW COUPLING - 35,B-10005 SCREW ASSY 40-420 20003,1.0,NOS,0.0,0.5
BOM-0036,(B-10005) SCREW BARREL ASSY - 40-420 [2000301100],1.0,4110004700,SCREW KEY - 280,B-10005 SCREW ASSY 40-420 20003,1.0,NOS,0.0,0.5
BOM-0036,(B-10005) SCREW BARREL ASSY - 40-420 [2000301100],1.0,3131000100,HYD MOTOR PROX SENSOR MTG - 280,B-10005 SCREW ASSY 40-420 20003,1.0,NOS,0.0,0.5
BOM-0036,(B-10005) SCREW BARREL ASSY - 40-420 [2000301100],1.0,4110004800,BARREL LOCK PIN,B-10005 SCREW ASSY 40-420 20003,1.0,NOS,0.0,0.5
BOM-0037,(B-10008) SCREW BARREL ASSY - 45-635 [2000301800],1.0,4110016500,BARREL Ø45 - 635,B-10008 SCREW ASSY 45-635 20003,1.0,NOS,0.0,0.5
BOM-0037,(B-10008) SCREW BARREL ASSY - 45-635 [2000301800],1.0,4110016600,SCREW Ø45 - 635,B-10008 SCREW ASSY 45-635 20003,1.0,NOS,0.0,0.5
BOM-0037,(B-10008) SCREW BARREL ASSY - 45-635 [2000301800],1.0,4110016700,BARREL ADAPT Ø45 - 635,B-10008 SCREW ASSY 45-635 20003,1.0,NOS,0.0,0.5
BOM-0037,(B-10008) SCREW BARREL ASSY - 45-635 [2000301800],1.0,4110012000,SCREW TIP - 45,B-10008 SCREW ASSY 45-635 20003,1.0,NOS,0.0,0.5
BOM-0037,(B-10008) SCREW BARREL ASSY - 45-635 [2000301800],1.0,4110012100,SLIDER - 45,B-10008 SCREW ASSY 45-635 20003,1.0,NOS,0.0,0.5
BOM-0037,(B-10008) SCREW BARREL ASSY - 45-635 [2000301800],1.0,4110012200,SLIDER SEAT - 45,B-10008 SCREW ASSY 45-635 20003,1.0,NOS,0.0,0.5
BOM-0037,(B-10008) SCREW BARREL ASSY - 45-635 [2000301800],1.0,4110004400,NOZZLE TIP LONG - M30 X 2P X 115LG,B-10008 SCREW ASSY 45-635 20003,1.0,NOS,0.0,0.5
BOM-0037,(B-10008) SCREW BARREL ASSY - 45-635 [2000301800],1.0,4020102200,BARREL NUT M85 X 3P - 635,B-10008 SCREW ASSY 45-635 20003,1.0,NOS,0.0,0.5
BOM-0037,(B-10008) SCREW BARREL ASSY - 45-635 [2000301800],1.0,4020102300,BARREL CHECKNUT M85 X 3P - 635,B-10008 SCREW ASSY 45-635 20003,1.0,NOS,0.0,0.5
BOM-0037,(B-10008) SCREW BARREL ASSY - 45-635 [2000301800],1.0,4110016200,SPLIT COLLAR - 40,B-10008 SCREW ASSY 45-635 20003,1.0,NOS,0.0,0.5
BOM-0037,(B-10008) SCREW BARREL ASSY - 45-635 [2000301800],1.0,4110016300,FEED SCREW COUPLING - 40,B-10008 SCREW ASSY 45-635 20003,1.0,NOS,0.0,0.5
BOM-0037,(B-10008) SCREW BARREL ASSY - 45-635 [2000301800],1.0,4110016400,SCREW KEY - 635,B-10008 SCREW ASSY 45-635 20003,1.0,NOS,0.0,0.5
BOM-0037,(B-10008) SCREW BARREL ASSY - 45-635 [2000301800],1.0,3131000200,HYD MOTOR PROX SENSOR MTG - 635,B-10008 SCREW ASSY 45-635 20003,1.0,NOS,0.0,0.5
BOM-0037,(B-10008) SCREW BARREL ASSY - 45-635 [2000301800],1.0,4110004800,BARREL LOCK PIN,B-10008 SCREW ASSY 45-635 20003,1.0,NOS,0.0,0.5
BOM-0038,(B-10011) SCREW BARREL ASSY - 50-905 [2000302500],1.0,4110022200,BARREL Ø50 - 905,B-10011 SCREW ASSY 50-905 20003,1.0,NOS,0.0,0.5
BOM-0038,(B-10011) SCREW BARREL ASSY - 50-905 [2000302500],1.0,4110022300,SCREW Ø50 - 905,B-10011 SCREW ASSY 50-905 20003,1.0,NOS,0.0,0.5
BOM-0038,(B-10011) SCREW BARREL ASSY - 50-905 [2000302500],1.0,4110022400,BARREL ADAPT Ø50 - 905,B-10011 SCREW ASSY 50-905 20003,1.0,NOS,0.0,0.5
BOM-0038,(B-10011) SCREW BARREL ASSY - 50-905 [2000302500],1.0,4110017100,SCREW TIP - 50,B-10011 SCREW ASSY 50-905 20003,1.0,NOS,0.0,0.5
BOM-0038,(B-10011) SCREW BARREL ASSY - 50-905 [2000302500],1.0,4110017200,SLIDER - 50,B-10011 SCREW ASSY 50-905 20003,1.0,NOS,0.0,0.5
BOM-0038,(B-10011) SCREW BARREL ASSY - 50-905 [2000302500],1.0,4110017300,SLIDER SEAT - 50,B-10011 SCREW ASSY 50-905 20003,1.0,NOS,0.0,0.5
BOM-0038,(B-10011) SCREW BARREL ASSY - 50-905 [2000302500],1.0,4110021800,NOZZLE TIP LONG - M45 X 3P X 153LG,B-10011 SCREW ASSY 50-905 20003,1.0,NOS,0.0,0.5
BOM-0038,(B-10011) SCREW BARREL ASSY - 50-905 [2000302500],1.0,4020102400,BARREL NUT M95 X4P - 905,B-10011 SCREW ASSY 50-905 20003,1.0,NOS,0.0,0.5
BOM-0038,(B-10011) SCREW BARREL ASSY - 50-905 [2000302500],1.0,4020102500,BARREL CHECKNUT M95 X 4P - 905,B-10011 SCREW ASSY 50-905 20003,1.0,NOS,0.0,0.5
BOM-0038,(B-10011) SCREW BARREL ASSY - 50-905 [2000302500],1.0,4110021900,SPLIT COLLAR - 45,B-10011 SCREW ASSY 50-905 20003,1.0,NOS,0.0,0.5
BOM-0038,(B-10011) SCREW BARREL ASSY - 50-905 [2000302500],1.0,4110022000,FEED SCREW COUPLING - 45,B-10011 SCREW ASSY 50-905 20003,1.0,NOS,0.0,0.5
BOM-0038,(B-10011) SCREW BARREL ASSY - 50-905 [2000302500],1.0,4110022100,SCREW KEY - 905,B-10011 SCREW ASSY 50-905 20003,1.0,NOS,0.0,0.5
BOM-0038,(B-10011) SCREW BARREL ASSY - 50-905 [2000302500],1.0,3131000300,HYD MOTOR PROX SENSOR MTG - 905,B-10011 SCREW ASSY 50-905 20003,1.0,NOS,0.0,0.5
BOM-0038,(B-10011) SCREW BARREL ASSY - 50-905 [2000302500],1.0,4110004800,BARREL LOCK PIN,B-10011 SCREW ASSY 50-905 20003,1.0,NOS,0.0,0.5
BOM-0039,(B-10015) SCREW BARREL ASSY - 60-1520 [2000303400],1.0,4110027200,BARREL Ø60 - 1520,B-10015 SCREW ASSY 60-1520 2000,1.0,NOS,0.0,0.5
BOM-0039,(B-10015) SCREW BARREL ASSY - 60-1520 [2000303400],1.0,4110027300,SCREW Ø60 - 1520,B-10015 SCREW ASSY 60-1520 2000,1.0,NOS,0.0,0.5
BOM-0039,(B-10015) SCREW BARREL ASSY - 60-1520 [2000303400],1.0,4110027400,BARREL ADAPT Ø60 - 1520,B-10015 SCREW ASSY 60-1520 2000,1.0,NOS,0.0,0.5
BOM-0039,(B-10015) SCREW BARREL ASSY - 60-1520 [2000303400],1.0,4110022800,SCREW TIP - 60,B-10015 SCREW ASSY 60-1520 2000,1.0,NOS,0.0,0.5
BOM-0039,(B-10015) SCREW BARREL ASSY - 60-1520 [2000303400],1.0,4110022900,SLIDER - 60,B-10015 SCREW ASSY 60-1520 2000,1.0,NOS,0.0,0.5
BOM-0039,(B-10015) SCREW BARREL ASSY - 60-1520 [2000303400],1.0,4110023000,SLIDER SEAT - 60,B-10015 SCREW ASSY 60-1520 2000,1.0,NOS,0.0,0.5
BOM-0039,(B-10015) SCREW BARREL ASSY - 60-1520 [2000303400],1.0,4110021800,NOZZLE TIP LONG - M45 X 3P X 153LG,B-10015 SCREW ASSY 60-1520 2000,1.0,NOS,0.0,0.5
BOM-0039,(B-10015) SCREW BARREL ASSY - 60-1520 [2000303400],1.0,4020102600,BARREL NUT M105 X 4P - 1520,B-10015 SCREW ASSY 60-1520 2000,1.0,NOS,0.0,0.5
BOM-0039,(B-10015) SCREW BARREL ASSY - 60-1520 [2000303400],1.0,4020102700,BARREL CHECKNUT M105 X 4P - 1520,B-10015 SCREW ASSY 60-1520 2000,1.0,NOS,0.0,0.5
BOM-0039,(B-10015) SCREW BARREL ASSY - 60-1520 [2000303400],1.0,4110026900,SPLIT COLLAR - 50,B-10015 SCREW ASSY 60-1520 2000,1.0,NOS,0.0,0.5
BOM-0039,(B-10015) SCREW BARREL ASSY - 60-1520 [2000303400],1.0,4110027000,FEED SCREW COUPLING - 50,B-10015 SCREW ASSY 60-1520 2000,1.0,NOS,0.0,0.5
BOM-0039,(B-10015) SCREW BARREL ASSY - 60-1520 [2000303400],1.0,4110027100,SCREW KEY - 1520,B-10015 SCREW ASSY 60-1520 2000,1.0,NOS,0.0,0.5
BOM-0039,(B-10015) SCREW BARREL ASSY - 60-1520 [2000303400],1.0,3131000400,HYD MOTOR PROX SENSOR MTG - 1520,B-10015 SCREW ASSY 60-1520 2000,1.0,NOS,0.0,0.5
BOM-0039,(B-10015) SCREW BARREL ASSY - 60-1520 [2000303400],1.0,4110004800,BARREL LOCK PIN,B-10015 SCREW ASSY 60-1520 2000,1.0,NOS,0.0,0.5
BOM-0040,(B-10018) SCREW BARREL ASSY - 70-2350 [2000304100],1.0,4110030200,BARREL Ø70 - 2350,B-10018 SCREW ASSY 70-2350 2000,1.0,NOS,0.0,0.5
BOM-0040,(B-10018) SCREW BARREL ASSY - 70-2350 [2000304100],1.0,4110030300,SCREW Ø70 - 2350,B-10018 SCREW ASSY 70-2350 2000,1.0,NOS,0.0,0.5
BOM-0040,(B-10018) SCREW BARREL ASSY - 70-2350 [2000304100],1.0,4110030400,BARREL ADAPT Ø70 - 2350,B-10018 SCREW ASSY 70-2350 2000,1.0,NOS,0.0,0.5
BOM-0040,(B-10018) SCREW BARREL ASSY - 70-2350 [2000304100],1.0,4110027800,SCREW TIP - 70,B-10018 SCREW ASSY 70-2350 2000,1.0,NOS,0.0,0.5
BOM-0040,(B-10018) SCREW BARREL ASSY - 70-2350 [2000304100],1.0,4110027900,SLIDER - 70,B-10018 SCREW ASSY 70-2350 2000,1.0,NOS,0.0,0.5
BOM-0040,(B-10018) SCREW BARREL ASSY - 70-2350 [2000304100],1.0,4110028000,SLIDER SEAT - 70,B-10018 SCREW ASSY 70-2350 2000,1.0,NOS,0.0,0.5
BOM-0040,(B-10018) SCREW BARREL ASSY - 70-2350 [2000304100],1.0,4110021800,NOZZLE TIP LONG - M45 X 3P X 153LG,B-10018 SCREW ASSY 70-2350 2000,1.0,NOS,0.0,0.5
BOM-0040,(B-10018) SCREW BARREL ASSY - 70-2350 [2000304100],1.0,4020102800,BARREL NUT M120 X 4P - 2350,B-10018 SCREW ASSY 70-2350 2000,1.0,NOS,0.0,0.5
BOM-0040,(B-10018) SCREW BARREL ASSY - 70-2350 [2000304100],1.0,4020102900,BARREL CHECKNUT M120 X 4P - 2350,B-10018 SCREW ASSY 70-2350 2000,1.0,NOS,0.0,0.5
BOM-0040,(B-10018) SCREW BARREL ASSY - 70-2350 [2000304100],1.0,4110029900,SPLIT COLLAR - 60,B-10018 SCREW ASSY 70-2350 2000,1.0,NOS,0.0,0.5
BOM-0040,(B-10018) SCREW BARREL ASSY - 70-2350 [2000304100],1.0,4110030000,FEED SCREW COUPLING - 60,B-10018 SCREW ASSY 70-2350 2000,1.0,NOS,0.0,0.5
BOM-0040,(B-10018) SCREW BARREL ASSY - 70-2350 [2000304100],1.0,4110030100,SCREW KEY - 2350,B-10018 SCREW ASSY 70-2350 2000,1.0,NOS,0.0,0.5
BOM-0040,(B-10018) SCREW BARREL ASSY - 70-2350 [2000304100],1.0,3131000500,HYD MOTOR PROX SENSOR MTG - 2350,B-10018 SCREW ASSY 70-2350 2000,1.0,NOS,0.0,0.5
BOM-0040,(B-10018) SCREW BARREL ASSY - 70-2350 [2000304100],1.0,4110004800,BARREL LOCK PIN,B-10018 SCREW ASSY 70-2350 2000,1.0,NOS,0.0,0.5
BOM-0041,(B-10003) SCREW BARREL ASSY - 40-280 [2000300300],1.0,4110005500,BARREL Ø40 - 280,B-10003 SCREW ASSY 40-280 20003,1.0,NOS,0.0,0.5
BOM-0041,(B-10003) SCREW BARREL ASSY - 40-280 [2000300300],1.0,4110005600,SCREW Ø40 - 280,B-10003 SCREW ASSY 40-280 20003,1.0,NOS,0.0,0.5
BOM-0041,(B-10003) SCREW BARREL ASSY - 40-280 [2000300300],1.0,4110005700,BARREL ADAPT Ø40 - 280,B-10003 SCREW ASSY 40-280 20003,1.0,NOS,0.0,0.5
BOM-0041,(B-10003) SCREW BARREL ASSY - 40-280 [2000300300],1.0,4110005800,SCREW TIP - 40,B-10003 SCREW ASSY 40-280 20003,1.0,NOS,0.0,0.5
BOM-0041,(B-10003) SCREW BARREL ASSY - 40-280 [2000300300],1.0,4110005900,SLIDER - 40,B-10003 SCREW ASSY 40-280 20003,1.0,NOS,0.0,0.5
BOM-0041,(B-10003) SCREW BARREL ASSY - 40-280 [2000300300],1.0,4110006000,SLIDER SEAT - 40,B-10003 SCREW ASSY 40-280 20003,1.0,NOS,0.0,0.5
BOM-0041,(B-10003) SCREW BARREL ASSY - 40-280 [2000300300],1.0,4110004400,NOZZLE TIP LONG - M30 X 2P X 115LG,B-10003 SCREW ASSY 40-280 20003,1.0,NOS,0.0,0.5
BOM-0041,(B-10003) SCREW BARREL ASSY - 40-280 [2000300300],1.0,4020101800,BARREL NUT M70 X 3P - 280,B-10003 SCREW ASSY 40-280 20003,1.0,NOS,0.0,0.5
BOM-0041,(B-10003) SCREW BARREL ASSY - 40-280 [2000300300],1.0,4020101900,BARREL CHECKNUT M70 X 3P - 280,B-10003 SCREW ASSY 40-280 20003,1.0,NOS,0.0,0.5
BOM-0041,(B-10003) SCREW BARREL ASSY - 40-280 [2000300300],1.0,4110006100,SPLIT COLLAR - 35,B-10003 SCREW ASSY 40-280 20003,1.0,NOS,0.0,0.5
BOM-0041,(B-10003) SCREW BARREL ASSY - 40-280 [2000300300],1.0,4110006200,FEED SCREW COUPLING - 35,B-10003 SCREW ASSY 40-280 20003,1.0,NOS,0.0,0.5
BOM-0041,(B-10003) SCREW BARREL ASSY - 40-280 [2000300300],1.0,4110004700,SCREW KEY - 280,B-10003 SCREW ASSY 40-280 20003,1.0,NOS,0.0,0.5
BOM-0041,(B-10003) SCREW BARREL ASSY - 40-280 [2000300300],1.0,3131000100,HYD MOTOR PROX SENSOR MTG - 280,B-10003 SCREW ASSY 40-280 20003,1.0,NOS,0.0,0.5
BOM-0041,(B-10003) SCREW BARREL ASSY - 40-280 [2000300300],1.0,4110004800,BARREL LOCK PIN,B-10003 SCREW ASSY 40-280 20003,1.0,NOS,0.0,0.5
BOM-0042,(B-10006) SCREW BARREL ASSY - 45-420 [2000301200],1.0,4110011700,BARREL Ø45 - 420,B-10006 SCREW ASSY 45-420 20003,1.0,NOS,0.0,0.5
BOM-0042,(B-10006) SCREW BARREL ASSY - 45-420 [2000301200],1.0,4110011800,SCREW Ø45 - 420,B-10006 SCREW ASSY 45-420 20003,1.0,NOS,0.0,0.5
BOM-0042,(B-10006) SCREW BARREL ASSY - 45-420 [2000301200],1.0,4110011900,BARREL ADAPT Ø45 - 420,B-10006 SCREW ASSY 45-420 20003,1.0,NOS,0.0,0.5
BOM-0042,(B-10006) SCREW BARREL ASSY - 45-420 [2000301200],1.0,4110012000,SCREW TIP - 45,B-10006 SCREW ASSY 45-420 20003,1.0,NOS,0.0,0.5
BOM-0042,(B-10006) SCREW BARREL ASSY - 45-420 [2000301200],1.0,4110012100,SLIDER - 45,B-10006 SCREW ASSY 45-420 20003,1.0,NOS,0.0,0.5
BOM-0042,(B-10006) SCREW BARREL ASSY - 45-420 [2000301200],1.0,4110012200,SLIDER SEAT - 45,B-10006 SCREW ASSY 45-420 20003,1.0,NOS,0.0,0.5
BOM-0042,(B-10006) SCREW BARREL ASSY - 45-420 [2000301200],1.0,4110004400,NOZZLE TIP LONG - M30 X 2P X 115LG,B-10006 SCREW ASSY 45-420 20003,1.0,NOS,0.0,0.5
BOM-0042,(B-10006) SCREW BARREL ASSY - 45-420 [2000301200],1.0,4020102000,BARREL NUT M80 X 3P - 420,B-10006 SCREW ASSY 45-420 20003,1.0,NOS,0.0,0.5
BOM-0042,(B-10006) SCREW BARREL ASSY - 45-420 [2000301200],1.0,4020102100,BARREL CHECKNUT M80 X 3P - 420,B-10006 SCREW ASSY 45-420 20003,1.0,NOS,0.0,0.5
BOM-0042,(B-10006) SCREW BARREL ASSY - 45-420 [2000301200],1.0,4110006100,SPLIT COLLAR - 35,B-10006 SCREW ASSY 45-420 20003,1.0,NOS,0.0,0.5
BOM-0042,(B-10006) SCREW BARREL ASSY - 45-420 [2000301200],1.0,4110006200,FEED SCREW COUPLING - 35,B-10006 SCREW ASSY 45-420 20003,1.0,NOS,0.0,0.5
BOM-0042,(B-10006) SCREW BARREL ASSY - 45-420 [2000301200],1.0,4110004700,SCREW KEY - 280,B-10006 SCREW ASSY 45-420 20003,1.0,NOS,0.0,0.5
BOM-0042,(B-10006) SCREW BARREL ASSY - 45-420 [2000301200],1.0,3131000100,HYD MOTOR PROX SENSOR MTG - 280,B-10006 SCREW ASSY 45-420 20003,1.0,NOS,0.0,0.5
BOM-0042,(B-10006) SCREW BARREL ASSY - 45-420 [2000301200],1.0,4110004800,BARREL LOCK PIN,B-10006 SCREW ASSY 45-420 20003,1.0,NOS,0.0,0.5
BOM-0043,(B-10009) SCREW BARREL ASSY - 50-635 [2000301900],1.0,4110016800,BARREL Ø50 - 635,B-10009 SCREW ASSY 50-635 20003,1.0,NOS,0.0,0.5
BOM-0043,(B-10009) SCREW BARREL ASSY - 50-635 [2000301900],1.0,4110016900,SCREW Ø50 - 635,B-10009 SCREW ASSY 50-635 20003,1.0,NOS,0.0,0.5
BOM-0043,(B-10009) SCREW BARREL ASSY - 50-635 [2000301900],1.0,4110017000,BARREL ADAPT Ø50 - 635,B-10009 SCREW ASSY 50-635 20003,1.0,NOS,0.0,0.5
BOM-0043,(B-10009) SCREW BARREL ASSY - 50-635 [2000301900],1.0,4110017100,SCREW TIP - 50,B-10009 SCREW ASSY 50-635 20003,1.0,NOS,0.0,0.5
BOM-0043,(B-10009) SCREW BARREL ASSY - 50-635 [2000301900],1.0,4110017200,SLIDER - 50,B-10009 SCREW ASSY 50-635 20003,1.0,NOS,0.0,0.5
BOM-0043,(B-10009) SCREW BARREL ASSY - 50-635 [2000301900],1.0,4110017300,SLIDER SEAT - 50,B-10009 SCREW ASSY 50-635 20003,1.0,NOS,0.0,0.5
BOM-0043,(B-10009) SCREW BARREL ASSY - 50-635 [2000301900],1.0,4110004400,NOZZLE TIP LONG - M30 X 2P X 115LG,B-10009 SCREW ASSY 50-635 20003,1.0,NOS,0.0,0.5
BOM-0043,(B-10009) SCREW BARREL ASSY - 50-635 [2000301900],1.0,4020102200,BARREL NUT M85 X 3P - 635,B-10009 SCREW ASSY 50-635 20003,1.0,NOS,0.0,0.5
BOM-0043,(B-10009) SCREW BARREL ASSY - 50-635 [2000301900],1.0,4020102300,BARREL CHECKNUT M85 X 3P - 635,B-10009 SCREW ASSY 50-635 20003,1.0,NOS,0.0,0.5
BOM-0043,(B-10009) SCREW BARREL ASSY - 50-635 [2000301900],1.0,4110016200,SPLIT COLLAR - 40,B-10009 SCREW ASSY 50-635 20003,1.0,NOS,0.0,0.5
BOM-0043,(B-10009) SCREW BARREL ASSY - 50-635 [2000301900],1.0,4110016300,FEED SCREW COUPLING - 40,B-10009 SCREW ASSY 50-635 20003,1.0,NOS,0.0,0.5
BOM-0043,(B-10009) SCREW BARREL ASSY - 50-635 [2000301900],1.0,4110016400,SCREW KEY - 635,B-10009 SCREW ASSY 50-635 20003,1.0,NOS,0.0,0.5
BOM-0043,(B-10009) SCREW BARREL ASSY - 50-635 [2000301900],1.0,3131000200,HYD MOTOR PROX SENSOR MTG - 635,B-10009 SCREW ASSY 50-635 20003,1.0,NOS,0.0,0.5
BOM-0043,(B-10009) SCREW BARREL ASSY - 50-635 [2000301900],1.0,4110004800,BARREL LOCK PIN,B-10009 SCREW ASSY 50-635 20003,1.0,NOS,0.0,0.5
BOM-0044,(B-10012) SCREW BARREL ASSY - 60-905 [2000302600],1.0,4110022500,BARREL Ø60 - 905,B-10012 SCREW ASSY 60-905 20003,1.0,NOS,0.0,0.5
BOM-0044,(B-10012) SCREW BARREL ASSY - 60-905 [2000302600],1.0,4110022600,SCREW Ø60 - 905,B-10012 SCREW ASSY 60-905 20003,1.0,NOS,0.0,0.5
BOM-0044,(B-10012) SCREW BARREL ASSY - 60-905 [2000302600],1.0,4110022700,BARREL ADAPT Ø60 - 905,B-10012 SCREW ASSY 60-905 20003,1.0,NOS,0.0,0.5
BOM-0044,(B-10012) SCREW BARREL ASSY - 60-905 [2000302600],1.0,4110022800,SCREW TIP - 60,B-10012 SCREW ASSY 60-905 20003,1.0,NOS,0.0,0.5
BOM-0044,(B-10012) SCREW BARREL ASSY - 60-905 [2000302600],1.0,4110022900,SLIDER - 60,B-10012 SCREW ASSY 60-905 20003,1.0,NOS,0.0,0.5
BOM-0044,(B-10012) SCREW BARREL ASSY - 60-905 [2000302600],1.0,4110023000,SLIDER SEAT - 60,B-10012 SCREW ASSY 60-905 20003,1.0,NOS,0.0,0.5
BOM-0044,(B-10012) SCREW BARREL ASSY - 60-905 [2000302600],1.0,4110021800,NOZZLE TIP LONG - M45 X 3P X 153LG,B-10012 SCREW ASSY 60-905 20003,1.0,NOS,0.0,0.5
BOM-0044,(B-10012) SCREW BARREL ASSY - 60-905 [2000302600],1.0,4020102400,BARREL NUT M95 X4P - 905,B-10012 SCREW ASSY 60-905 20003,1.0,NOS,0.0,0.5
BOM-0044,(B-10012) SCREW BARREL ASSY - 60-905 [2000302600],1.0,4020102500,BARREL CHECKNUT M95 X 4P - 905,B-10012 SCREW ASSY 60-905 20003,1.0,NOS,0.0,0.5
BOM-0044,(B-10012) SCREW BARREL ASSY - 60-905 [2000302600],1.0,4110021900,SPLIT COLLAR - 45,B-10012 SCREW ASSY 60-905 20003,1.0,NOS,0.0,0.5
BOM-0044,(B-10012) SCREW BARREL ASSY - 60-905 [2000302600],1.0,4110022000,FEED SCREW COUPLING - 45,B-10012 SCREW ASSY 60-905 20003,1.0,NOS,0.0,0.5
BOM-0044,(B-10012) SCREW BARREL ASSY - 60-905 [2000302600],1.0,4110022100,SCREW KEY - 905,B-10012 SCREW ASSY 60-905 20003,1.0,NOS,0.0,0.5
BOM-0044,(B-10012) SCREW BARREL ASSY - 60-905 [2000302600],1.0,3131000300,HYD MOTOR PROX SENSOR MTG - 905,B-10012 SCREW ASSY 60-905 20003,1.0,NOS,0.0,0.5
BOM-0044,(B-10012) SCREW BARREL ASSY - 60-905 [2000302600],1.0,4110004800,BARREL LOCK PIN,B-10012 SCREW ASSY 60-905 20003,1.0,NOS,0.0,0.5
BOM-0045,(B-10016) SCREW BARREL ASSY - 70-1520 [2000303500],1.0,4110027500,BARREL Ø70 - 1520,B-10016 SCREW ASSY 70-1520 2000,1.0,NOS,0.0,0.5
BOM-0045,(B-10016) SCREW BARREL ASSY - 70-1520 [2000303500],1.0,4110027600,SCREW Ø70 - 1520,B-10016 SCREW ASSY 70-1520 2000,1.0,NOS,0.0,0.5
BOM-0045,(B-10016) SCREW BARREL ASSY - 70-1520 [2000303500],1.0,4110027700,BARREL ADAPT Ø70 - 1520,B-10016 SCREW ASSY 70-1520 2000,1.0,NOS,0.0,0.5
BOM-0045,(B-10016) SCREW BARREL ASSY - 70-1520 [2000303500],1.0,4110027800,SCREW TIP - 70,B-10016 SCREW ASSY 70-1520 2000,1.0,NOS,0.0,0.5
BOM-0045,(B-10016) SCREW BARREL ASSY - 70-1520 [2000303500],1.0,4110027900,SLIDER - 70,B-10016 SCREW ASSY 70-1520 2000,1.0,NOS,0.0,0.5
BOM-0045,(B-10016) SCREW BARREL ASSY - 70-1520 [2000303500],1.0,4110028000,SLIDER SEAT - 70,B-10016 SCREW ASSY 70-1520 2000,1.0,NOS,0.0,0.5
BOM-0045,(B-10016) SCREW BARREL ASSY - 70-1520 [2000303500],1.0,4110021800,NOZZLE TIP LONG - M45 X 3P X 153LG,B-10016 SCREW ASSY 70-1520 2000,1.0,NOS,0.0,0.5
BOM-0045,(B-10016) SCREW BARREL ASSY - 70-1520 [2000303500],1.0,4020102600,BARREL NUT M105 X 4P - 1520,B-10016 SCREW ASSY 70-1520 2000,1.0,NOS,0.0,0.5
BOM-0045,(B-10016) SCREW BARREL ASSY - 70-1520 [2000303500],1.0,4020102700,BARREL CHECKNUT M105 X 4P - 1520,B-10016 SCREW ASSY 70-1520 2000,1.0,NOS,0.0,0.5
BOM-0045,(B-10016) SCREW BARREL ASSY - 70-1520 [2000303500],1.0,4110026900,SPLIT COLLAR - 50,B-10016 SCREW ASSY 70-1520 2000,1.0,NOS,0.0,0.5
BOM-0045,(B-10016) SCREW BARREL ASSY - 70-1520 [2000303500],1.0,4110027000,FEED SCREW COUPLING - 50,B-10016 SCREW ASSY 70-1520 2000,1.0,NOS,0.0,0.5
BOM-0045,(B-10016) SCREW BARREL ASSY - 70-1520 [2000303500],1.0,4110027100,SCREW KEY - 1520,B-10016 SCREW ASSY 70-1520 2000,1.0,NOS,0.0,0.5
BOM-0045,(B-10016) SCREW BARREL ASSY - 70-1520 [2000303500],1.0,3131000400,HYD MOTOR PROX SENSOR MTG - 1520,B-10016 SCREW ASSY 70-1520 2000,1.0,NOS,0.0,0.5
BOM-0045,(B-10016) SCREW BARREL ASSY - 70-1520 [2000303500],1.0,4110004800,BARREL LOCK PIN,B-10016 SCREW ASSY 70-1520 2000,1.0,NOS,0.0,0.5
BOM-0046,(B-10019) SCREW BARREL ASSY - 80-2350 [2000304200],1.0,4110030500,BARREL Ø80 - 2350,B-10019 SCREW ASSY 80-2350 2000,1.0,NOS,0.0,0.5
BOM-0046,(B-10019) SCREW BARREL ASSY - 80-2350 [2000304200],1.0,4110030600,SCREW Ø80 - 2350,B-10019 SCREW ASSY 80-2350 2000,1.0,NOS,0.0,0.5
BOM-0046,(B-10019) SCREW BARREL ASSY - 80-2350 [2000304200],1.0,4110030700,BARREL ADAPT Ø80 - 2350,B-10019 SCREW ASSY 80-2350 2000,1.0,NOS,0.0,0.5
BOM-0046,(B-10019) SCREW BARREL ASSY - 80-2350 [2000304200],1.0,4110030800,SCREW TIP - 80,B-10019 SCREW ASSY 80-2350 2000,1.0,NOS,0.0,0.5
BOM-0046,(B-10019) SCREW BARREL ASSY - 80-2350 [2000304200],1.0,4110030900,SLIDER - 80,B-10019 SCREW ASSY 80-2350 2000,1.0,NOS,0.0,0.5
BOM-0046,(B-10019) SCREW BARREL ASSY - 80-2350 [2000304200],1.0,4110031000,SLIDER SEAT - 80,B-10019 SCREW ASSY 80-2350 2000,1.0,NOS,0.0,0.5
BOM-0046,(B-10019) SCREW BARREL ASSY - 80-2350 [2000304200],1.0,4110021800,NOZZLE TIP LONG - M45 X 3P X 153LG,B-10019 SCREW ASSY 80-2350 2000,1.0,NOS,0.0,0.5
BOM-0046,(B-10019) SCREW BARREL ASSY - 80-2350 [2000304200],1.0,4020102800,BARREL NUT M120 X 4P - 2350,B-10019 SCREW ASSY 80-2350 2000,1.0,NOS,0.0,0.5
BOM-0046,(B-10019) SCREW BARREL ASSY - 80-2350 [2000304200],1.0,4020102900,BARREL CHECKNUT M120 X 4P - 2350,B-10019 SCREW ASSY 80-2350 2000,1.0,NOS,0.0,0.5
BOM-0046,(B-10019) SCREW BARREL ASSY - 80-2350 [2000304200],1.0,4110029900,SPLIT COLLAR - 60,B-10019 SCREW ASSY 80-2350 2000,1.0,NOS,0.0,0.5
BOM-0046,(B-10019) SCREW BARREL ASSY - 80-2350 [2000304200],1.0,4110030000,FEED SCREW COUPLING - 60,B-10019 SCREW ASSY 80-2350 2000,1.0,NOS,0.0,0.5
BOM-0046,(B-10019) SCREW BARREL ASSY - 80-2350 [2000304200],1.0,4110030100,SCREW KEY - 2350,B-10019 SCREW ASSY 80-2350 2000,1.0,NOS,0.0,0.5
BOM-0046,(B-10019) SCREW BARREL ASSY - 80-2350 [2000304200],1.0,3131000500,HYD MOTOR PROX SENSOR MTG - 2350,B-10019 SCREW ASSY 80-2350 2000,1.0,NOS,0.0,0.5
BOM-0046,(B-10019) SCREW BARREL ASSY - 80-2350 [2000304200],1.0,4110004800,BARREL LOCK PIN,B-10019 SCREW ASSY 80-2350 2000,1.0,NOS,0.0,0.5
